row_id,weight_orig,mental_health_not_good,grade
1,180.0,1.0,
2,233.0,3.0,
3,165.0,2.0,
4,105.0,3.0,
5,125.0,3.0,
6,160.0,,
7,165.0,3.0,
8,162.0,2.0,
9,135.0,3.0,
10,117.0,1.0,
11,140.0,1.0,
12,159.0,1.0,
13,145.0,1.0,
14,300.0,1.0,
15,163.0,1.0,
16,215.0,4.0,
17,270.0,1.0,
18,150.0,3.0,
19,110.0,3.0,
20,115.0,3.0,
21,,3.0,
22,290.0,3.0,
23,210.0,2.0,
24,183.0,1.0,
25,132.0,2.0,
26,150.0,4.0,
27,104.0,5.0,
28,165.0,1.0,
29,185.0,3.0,
30,165.0,3.0,
31,140.0,2.0,
32,155.0,2.0,
33,175.0,1.0,
34,140.0,4.0,
35,138.0,5.0,
36,154.0,2.0,
37,117.0,3.0,
38,245.0,1.0,
39,270.0,2.0,
40,155.0,1.0,
41,126.0,2.0,
42,125.0,1.0,
43,98.0,4.0,
44,162.0,3.0,
45,175.0,5.0,
46,185.0,2.0,
47,121.0,5.0,
48,156.0,4.0,
49,110.0,4.0,
50,125.0,4.0,
51,118.0,1.0,
52,160.0,3.0,
53,220.0,1.0,
54,170.0,2.0,
55,178.0,2.0,
56,190.0,2.0,
57,130.0,2.0,
58,270.0,2.0,
59,135.0,1.0,
60,210.0,5.0,
61,145.0,2.0,
62,245.0,2.0,
63,155.0,1.0,
64,145.0,3.0,
65,90.0,1.0,
66,120.0,2.0,
67,135.0,3.0,
68,190.0,2.0,
69,250.0,5.0,
70,100.0,2.0,
71,135.0,1.0,
72,150.0,3.0,
73,185.0,1.0,
74,175.0,4.0,
75,120.0,3.0,
76,200.0,,
77,125.0,3.0,
78,200.0,1.0,
79,130.0,1.0,
80,164.0,4.0,
81,103.0,2.0,
82,129.0,3.0,
83,160.0,2.0,
84,98.0,4.0,
85,180.0,5.0,
86,198.0,4.0,
87,236.0,4.0,
88,105.0,1.0,
89,155.0,3.0,
90,136.0,3.0,
91,250.0,3.0,
92,165.0,1.0,
93,138.0,2.0,
94,158.0,2.0,
95,120.0,1.0,
96,149.0,2.0,
97,,4.0,
98,120.0,1.0,
99,140.0,3.0,
100,185.0,4.0,
101,155.0,,
102,160.0,1.0,
103,147.0,4.0,
104,160.0,1.0,
105,172.0,1.0,
106,165.0,4.0,
107,112.0,5.0,
108,240.0,2.0,
109,125.0,3.0,
110,175.0,2.0,
111,160.0,3.0,
112,175.0,4.0,
113,130.0,3.0,
114,117.0,3.0,
115,146.0,4.0,
116,137.0,5.0,
117,185.0,5.0,
118,198.0,2.0,
119,215.0,3.0,
120,120.0,3.0,
121,160.0,4.0,
122,121.0,2.0,
123,140.0,3.0,
124,170.0,3.0,
125,138.0,5.0,
126,150.0,5.0,
127,185.0,3.0,
128,196.0,5.0,
129,174.0,5.0,
130,110.0,1.0,
131,121.0,3.0,
132,200.0,1.0,
133,215.0,1.0,
134,157.0,5.0,
135,146.0,2.0,
136,143.0,1.0,
137,150.0,2.0,
138,150.0,4.0,
139,155.0,1.0,
140,170.0,4.0,
141,107.0,4.0,
142,150.0,1.0,
143,185.0,3.0,
144,220.0,3.0,
145,,1.0,
146,230.0,2.0,
147,150.0,1.0,
148,150.0,1.0,
149,125.0,4.0,
150,133.0,1.0,
151,150.0,2.0,
152,120.0,3.0,
153,214.0,1.0,
154,150.0,,
155,125.0,1.0,
156,245.0,1.0,
157,220.0,2.0,
158,90.0,4.0,
159,135.0,2.0,
160,216.0,2.0,
161,73.0,5.0,
162,166.0,1.0,
163,143.0,3.0,
164,190.0,2.0,
165,134.0,3.0,
166,182.0,3.0,
167,156.0,3.0,
168,290.0,4.0,
169,156.0,1.0,
170,280.0,4.0,
171,238.0,,
172,140.0,5.0,
173,264.0,4.0,
174,161.0,2.0,
175,,2.0,
176,166.0,1.0,
177,176.0,2.0,
178,230.0,4.0,
179,152.0,3.0,
180,146.0,3.0,
181,195.0,1.0,
182,,1.0,
183,118.0,2.0,
184,245.0,3.0,
185,140.0,1.0,
186,196.0,2.0,
187,199.0,1.0,
188,170.0,4.0,
189,125.0,4.0,
190,111.0,1.0,
191,130.0,5.0,
192,120.0,5.0,
193,104.0,4.0,
194,142.0,3.0,
195,205.0,1.0,
196,116.0,1.0,
197,135.0,1.0,
198,380.0,3.0,
199,123.0,2.0,
200,156.0,4.0,
201,115.0,1.0,
202,168.0,4.0,
203,150.0,1.0,
204,115.0,4.0,
205,215.0,2.0,
206,175.0,4.0,
207,186.0,3.0,
208,170.0,3.0,
209,112.0,3.0,
210,61.0,,
211,150.0,4.0,
212,245.0,1.0,
213,225.0,4.0,
214,132.0,2.0,
215,151.0,2.0,
216,190.0,,
217,,,
218,130.0,3.0,
219,125.0,4.0,
220,190.0,5.0,
221,191.0,3.0,
222,130.0,3.0,
223,260.0,3.0,
224,163.0,3.0,
225,170.0,3.0,
226,205.0,4.0,
227,155.0,1.0,
228,227.0,2.0,
229,135.0,2.0,
230,50.0,,
231,140.0,3.0,
232,150.0,3.0,
233,150.0,1.0,
234,158.0,4.0,
235,195.0,1.0,
236,130.0,3.0,
237,192.0,1.0,
238,218.0,5.0,
239,125.0,2.0,
240,182.0,3.0,
241,131.0,5.0,
242,161.0,1.0,
243,130.0,5.0,
244,245.0,2.0,
245,236.0,4.0,
246,160.0,1.0,
247,130.0,1.0,
248,120.0,1.0,
249,135.0,2.0,
250,190.0,1.0,
251,252.0,3.0,
252,135.0,4.0,
253,157.0,1.0,
254,159.0,5.0,
255,121.0,4.0,
256,140.0,,
257,140.0,5.0,
258,110.0,1.0,
259,204.0,1.0,
260,115.0,4.0,
261,188.0,3.0,
262,128.0,1.0,
263,135.0,2.0,
264,150.0,4.0,
265,150.0,1.0,
266,107.0,1.0,
267,137.0,3.0,
268,119.0,3.0,
269,189.0,3.0,
270,135.0,1.0,
271,135.0,3.0,
272,153.0,3.0,
273,125.0,3.0,
274,120.0,1.0,
275,122.0,,
276,134.0,2.0,
277,325.0,2.0,
278,130.0,2.0,
279,125.0,2.0,
280,,3.0,
281,,2.0,
282,120.0,5.0,
283,200.0,1.0,
284,,2.0,
285,196.0,3.0,
286,135.0,4.0,
287,120.0,4.0,
288,110.0,3.0,
289,112.0,3.0,
290,,,
291,130.0,1.0,
292,145.0,2.0,
293,235.0,4.0,
294,135.0,2.0,
295,180.0,1.0,
296,,3.0,
297,,,
298,180.0,3.0,
299,159.0,,
300,178.0,3.0,
301,140.0,1.0,
302,115.0,3.0,
303,180.0,4.0,
304,,,
305,150.0,2.0,
306,130.0,4.0,
307,114.0,4.0,
308,290.0,2.0,
309,148.0,3.0,
310,186.0,,
311,197.0,,
312,123.0,2.0,
313,160.0,4.0,
314,,4.0,
315,139.0,1.0,
316,165.0,1.0,
317,195.0,3.0,
318,130.0,3.0,
319,135.0,5.0,
320,135.0,5.0,
321,160.0,1.0,
322,140.0,5.0,
323,145.0,1.0,
324,230.0,3.0,
325,121.0,2.0,
326,147.0,1.0,
327,120.0,4.0,
328,179.0,2.0,
329,160.0,,
330,275.0,3.0,
331,145.0,1.0,
332,131.0,1.0,
333,131.0,1.0,
334,155.0,4.0,
335,,,
336,,3.0,
337,119.0,1.0,
338,180.0,4.0,
339,115.0,4.0,
340,138.0,1.0,
341,192.0,3.0,
342,250.0,3.0,
343,112.0,3.0,
344,102.0,3.0,
345,181.0,2.0,
346,135.0,3.0,
347,90.0,2.0,
348,216.0,3.0,
349,,,
350,,4.0,
351,175.0,3.0,
352,205.0,,
353,150.0,3.0,
354,146.0,1.0,
355,190.0,3.0,
356,185.0,3.0,
357,117.0,4.0,
358,100.0,3.0,
359,109.0,2.0,
360,110.0,2.0,
361,,4.0,
362,110.0,2.0,
363,150.0,1.0,
364,139.0,,
365,,3.0,
366,,,
367,120.0,5.0,
368,138.0,2.0,
369,149.0,2.0,
370,137.0,2.0,
371,196.0,1.0,
372,239.0,2.0,
373,125.0,5.0,
374,115.0,4.0,
375,120.0,3.0,
376,175.0,5.0,
377,150.0,4.0,
378,135.0,1.0,
379,240.0,2.0,
380,57.0,2.0,
381,208.0,,
382,129.0,2.0,
383,148.0,1.0,
384,182.0,3.0,
385,223.0,2.0,
386,137.0,,
387,159.0,1.0,
388,150.0,5.0,
389,110.0,4.0,
390,110.0,1.0,
391,93.0,4.0,
392,130.0,2.0,
393,213.0,2.0,
394,175.0,2.0,
395,135.0,3.0,
396,98.0,5.0,
397,120.0,4.0,
398,250.0,4.0,
399,130.0,4.0,
400,120.0,2.0,
401,125.0,1.0,
402,116.0,3.0,
403,165.0,2.0,
404,185.0,4.0,
405,168.0,2.0,
406,104.0,4.0,
407,125.0,2.0,
408,175.0,4.0,
409,110.0,2.0,
410,134.0,4.0,
411,185.0,3.0,
412,184.0,3.0,
413,115.0,4.0,
414,105.0,4.0,
415,124.0,4.0,
416,100.0,4.0,
417,110.0,3.0,
418,125.0,3.0,
419,116.0,4.0,
420,144.0,1.0,
421,150.0,5.0,
422,127.0,3.0,
423,127.0,1.0,
424,125.0,4.0,
425,108.0,3.0,
426,160.0,2.0,
427,125.0,2.0,
428,155.0,2.0,
429,140.0,1.0,
430,180.0,3.0,
431,107.0,4.0,
432,150.0,3.0,
433,160.0,2.0,
434,,2.0,
435,172.0,2.0,
436,128.0,3.0,
437,170.0,1.0,
438,165.0,3.0,
439,245.0,2.0,
440,128.0,3.0,
441,113.0,5.0,
442,190.0,1.0,
443,136.0,1.0,
444,135.0,3.0,
445,192.0,4.0,
446,160.0,1.0,
447,130.0,4.0,
448,152.0,2.0,
449,120.0,2.0,
450,155.0,3.0,
451,155.0,3.0,
452,150.0,3.0,
453,183.0,1.0,
454,146.0,3.0,
455,143.0,2.0,
456,260.0,3.0,
457,120.0,2.0,
458,135.0,2.0,
459,145.0,2.0,
460,115.0,4.0,
461,133.0,2.0,
462,180.0,3.0,
463,,3.0,
464,185.0,3.0,
465,144.0,3.0,
466,325.0,2.0,
467,130.0,1.0,
468,170.0,4.0,
469,130.0,2.0,
470,120.0,2.0,
471,112.0,3.0,
472,125.0,3.0,
473,153.0,3.0,
474,220.0,1.0,
475,165.0,3.0,
476,160.0,2.0,
477,130.0,2.0,
478,150.0,2.0,
479,165.0,3.0,
480,175.0,5.0,
481,170.0,3.0,
482,135.0,2.0,
483,230.0,4.0,
484,152.0,,
485,135.0,3.0,
486,,4.0,
487,215.0,3.0,
488,152.0,1.0,
489,148.0,2.0,
490,125.0,2.0,
491,175.0,1.0,
492,152.0,,
493,156.0,4.0,
494,125.0,3.0,
495,,3.0,
496,130.0,3.0,
497,90.0,2.0,
498,124.0,3.0,
499,109.0,2.0,
500,160.0,2.0,
501,189.0,1.0,
502,200.0,1.0,
503,193.0,1.0,
504,170.0,1.0,
505,190.0,1.0,
506,230.0,5.0,
507,216.0,1.0,
508,135.0,1.0,
509,185.0,1.0,
510,155.0,1.0,
511,170.0,3.0,
512,197.0,1.0,
513,250.0,1.0,
514,140.0,4.0,
515,127.0,2.0,
516,115.0,2.0,
517,110.0,3.0,
518,115.0,2.0,
519,103.0,4.0,
520,180.0,1.0,
521,150.0,4.0,
522,143.0,2.0,
523,,1.0,
524,300.0,5.0,
525,145.0,2.0,
526,180.0,3.0,
527,173.0,,
528,138.0,3.0,
529,106.0,3.0,
530,105.0,2.0,
531,175.0,,
532,150.0,1.0,
533,135.0,2.0,
534,150.0,1.0,
535,190.0,1.0,
536,213.0,3.0,
537,220.0,1.0,
538,115.0,,
539,265.0,3.0,
540,200.0,,
541,,3.0,
542,180.0,4.0,
543,140.0,4.0,
544,120.0,1.0,
545,145.0,3.0,
546,150.0,4.0,
547,280.0,3.0,
548,,1.0,
549,135.0,3.0,
550,120.0,2.0,
551,123.0,,
552,95.0,3.0,
553,129.0,,
554,157.0,3.0,
555,,,
556,100.0,1.0,
557,125.0,3.0,
558,120.0,3.0,
559,135.0,,
560,140.0,5.0,
561,,,
562,140.0,1.0,
563,98.0,3.0,
564,130.0,,
565,260.0,2.0,
566,115.0,2.0,
567,140.0,1.0,
568,220.0,3.0,
569,135.0,5.0,
570,165.0,1.0,
571,230.0,3.0,
572,115.0,,
573,150.0,2.0,
574,160.0,4.0,
575,149.0,2.0,
576,120.0,5.0,
577,110.0,1.0,
578,220.0,2.0,
579,220.0,1.0,
580,215.0,3.0,
581,118.0,2.0,
582,160.0,4.0,
583,140.0,3.0,
584,150.0,4.0,
585,135.0,3.0,
586,145.0,4.0,
587,,2.0,
588,165.0,,
589,148.0,2.0,
590,134.0,3.0,
591,121.0,3.0,
592,130.0,2.0,
593,155.0,2.0,
594,140.0,2.0,
595,135.0,5.0,
596,160.0,2.0,
597,124.0,,
598,150.0,3.0,
599,,,
600,130.0,4.0,
601,185.0,4.0,
602,142.0,3.0,
603,135.0,,
604,,2.0,
605,115.0,4.0,
606,105.0,5.0,
607,138.0,,
608,120.0,5.0,
609,227.0,4.0,
610,214.0,1.0,
611,150.0,1.0,
612,,,
613,126.0,3.0,
614,210.0,4.0,
615,165.0,1.0,
616,,3.0,
617,115.0,,
618,132.0,3.0,
619,118.0,3.0,
620,300.0,1.0,
621,140.0,3.0,
622,,3.0,
623,107.0,4.0,
624,125.0,4.0,
625,125.0,1.0,
626,140.0,1.0,
627,135.0,2.0,
628,205.0,,
629,185.0,2.0,
630,,4.0,
631,182.0,2.0,
632,112.0,,
633,208.0,4.0,
634,232.0,1.0,
635,,5.0,
636,170.0,2.0,
637,195.0,3.0,
638,125.0,,
639,,3.0,
640,,,
641,98.0,4.0,
642,170.0,2.0,
643,160.0,4.0,
644,140.0,3.0,
645,200.0,1.0,
646,175.0,4.0,
647,230.0,1.0,
648,200.0,3.0,
649,200.0,4.0,
650,168.0,,
651,141.0,4.0,
652,152.0,,
653,94.0,4.0,
654,102.0,3.0,
655,115.0,3.0,
656,145.0,1.0,
657,130.0,3.0,
658,175.0,4.0,
659,280.0,1.0,
660,207.0,5.0,
661,185.0,,
662,98.0,3.0,
663,157.0,5.0,
664,155.0,,
665,108.0,1.0,
666,,5.0,
667,115.0,3.0,
668,120.0,2.0,
669,115.0,4.0,
670,160.0,3.0,
671,145.0,3.0,
672,160.0,1.0,
673,145.0,3.0,
674,128.0,5.0,
675,190.0,,
676,142.0,,
677,155.0,3.0,
678,135.0,,
679,,3.0,
680,155.0,4.0,
681,140.0,5.0,
682,145.0,2.0,
683,115.0,2.0,
684,160.0,3.0,
685,160.0,1.0,
686,138.0,3.0,
687,145.0,4.0,
688,190.0,3.0,
689,155.0,4.0,
690,130.0,1.0,
691,134.0,1.0,
692,160.0,1.0,
693,175.0,3.0,
694,128.0,2.0,
695,111.0,5.0,
696,160.0,3.0,
697,150.0,3.0,
698,,3.0,
699,115.0,1.0,
700,110.0,2.0,
701,117.0,3.0,
702,104.0,4.0,
703,123.0,4.0,
704,215.0,4.0,
705,107.0,2.0,
706,200.0,5.0,
707,123.0,3.0,
708,130.0,1.0,
709,146.0,1.0,
710,180.0,4.0,
711,114.0,3.0,
712,178.0,2.0,
713,158.0,3.0,
714,184.0,2.0,
715,120.0,3.0,
716,145.0,1.0,
717,140.0,4.0,
718,165.0,2.0,
719,120.0,1.0,
720,180.0,4.0,
721,129.0,,
722,147.0,4.0,
723,115.0,2.0,
724,280.0,2.0,
725,110.0,2.0,
726,95.0,4.0,
727,145.0,1.0,
728,115.0,,
729,280.0,4.0,
730,130.0,4.0,
731,130.0,1.0,
732,260.0,1.0,
733,145.0,4.0,
734,140.0,4.0,
735,145.0,2.0,
736,152.0,4.0,
737,200.0,2.0,
738,250.0,2.0,
739,140.0,1.0,
740,,1.0,
741,176.0,4.0,
742,130.0,2.0,
743,174.0,2.0,
744,200.0,,
745,200.0,5.0,
746,113.0,3.0,
747,105.0,1.0,
748,180.0,4.0,
749,131.0,3.0,
750,109.0,4.0,
751,125.0,1.0,
752,145.0,3.0,
753,120.0,4.0,
754,160.0,2.0,
755,130.0,1.0,
756,,4.0,
757,,1.0,
758,155.0,5.0,
759,150.0,2.0,
760,,3.0,
761,165.0,4.0,
762,140.0,3.0,
763,235.0,2.0,
764,200.0,1.0,
765,127.0,2.0,
766,160.0,2.0,
767,183.0,3.0,
768,199.0,1.0,
769,186.0,5.0,
770,117.0,2.0,
771,115.0,3.0,
772,201.0,2.0,
773,140.0,3.0,
774,172.0,2.0,
775,220.0,1.0,
776,110.0,3.0,
777,95.0,,
778,163.0,1.0,
779,106.0,3.0,
780,161.0,5.0,
781,160.0,1.0,
782,121.0,5.0,
783,200.0,1.0,
784,165.0,4.0,
785,135.0,4.0,
786,140.0,3.0,
787,200.0,5.0,
788,115.0,,
789,200.0,2.0,
790,101.0,2.0,
791,114.0,3.0,
792,105.0,3.0,
793,180.0,3.0,
794,160.0,2.0,
795,120.0,4.0,
796,120.0,2.0,
797,170.0,2.0,
798,225.0,4.0,
799,144.0,3.0,
800,135.0,3.0,
801,,4.0,
802,130.0,2.0,
803,125.0,4.0,
804,122.0,1.0,
805,155.0,3.0,
806,399.0,3.0,
807,215.0,1.0,
808,136.0,2.0,
809,185.0,,
810,,3.0,
811,230.0,2.0,
812,170.0,1.0,
813,140.0,3.0,
814,,,
815,123.0,3.0,
816,120.0,3.0,
817,225.0,3.0,
818,,4.0,
819,150.0,3.0,
820,170.0,3.0,
821,130.0,2.0,
822,137.0,4.0,
823,156.0,4.0,
824,180.0,2.0,
825,160.0,4.0,
826,,2.0,
827,205.0,1.0,
828,215.0,2.0,
829,150.0,3.0,
830,185.0,5.0,
831,109.0,5.0,
832,195.0,2.0,
833,170.0,2.0,
834,167.0,2.0,
835,140.0,4.0,
836,165.0,3.0,
837,190.0,3.0,
838,215.0,3.0,
839,188.0,5.0,
840,255.0,2.0,
841,140.0,5.0,
842,130.0,3.0,
843,107.0,3.0,
844,145.0,2.0,
845,138.0,3.0,
846,135.0,2.0,
847,154.0,2.0,
848,195.0,4.0,
849,140.0,3.0,
850,,5.0,
851,150.0,3.0,
852,145.0,,
853,128.0,1.0,
854,125.0,3.0,
855,110.0,,
856,180.0,3.0,
857,165.0,,
858,110.0,1.0,
859,143.0,3.0,
860,175.0,,
861,130.0,3.0,
862,155.0,3.0,
863,95.0,,
864,106.0,,
865,145.0,,
866,135.0,5.0,
867,180.0,3.0,
868,125.0,3.0,
869,120.0,3.0,
870,185.0,1.0,
871,150.0,,
872,140.0,3.0,
873,235.0,,
874,158.0,3.0,
875,130.0,,
876,140.0,,
877,163.0,1.0,
878,117.0,3.0,
879,130.0,5.0,
880,180.0,3.0,
881,130.0,3.0,
882,158.0,1.0,
883,140.0,3.0,
884,130.0,,
885,,,
886,90.0,3.0,
887,132.0,5.0,
888,180.0,3.0,
889,120.0,,
890,110.0,3.0,
891,107.0,5.0,
892,140.0,1.0,
893,134.0,,
894,150.0,,
895,153.0,,
896,155.0,,
897,132.0,,
898,107.0,3.0,
899,145.0,3.0,
900,115.0,3.0,
901,190.0,,
902,180.0,,
903,132.0,3.0,
904,122.0,,
905,399.0,5.0,
906,120.0,3.0,
907,190.0,,
908,399.0,3.0,
909,136.0,,
910,,3.0,
911,118.0,5.0,
912,230.0,3.0,
913,115.0,,
914,125.0,,
915,,,
916,200.0,3.0,
917,130.0,3.0,
918,93.0,,
919,180.0,,
920,130.0,3.0,
921,155.0,,
922,115.0,3.0,
923,130.0,3.0,
924,120.0,,
925,130.0,3.0,
926,350.0,,
927,106.0,1.0,
928,120.0,3.0,
929,270.0,3.0,
930,105.0,3.0,
931,175.0,5.0,
932,156.0,3.0,
933,115.0,5.0,
934,125.0,5.0,
935,,,
936,114.0,,
937,210.0,3.0,
938,150.0,,
939,115.0,5.0,
940,240.0,,
941,,,
942,250.0,3.0,
943,116.0,5.0,
944,170.0,3.0,
945,150.0,3.0,
946,195.0,,
947,140.0,,
948,130.0,1.0,
949,155.0,3.0,
950,120.0,,
951,125.0,1.0,
952,115.0,,
953,,,
954,170.0,,
955,115.0,3.0,
956,200.0,3.0,
957,138.0,3.0,
958,104.0,3.0,
959,119.0,,
960,163.0,3.0,
961,134.0,1.0,
962,126.0,1.0,
963,140.0,,
964,128.0,,
965,200.0,3.0,
966,210.0,3.0,
967,,1.0,
968,105.0,3.0,
969,126.0,,
970,125.0,,
971,105.0,3.0,
972,153.0,3.0,
973,158.0,,
974,106.0,,
975,140.0,,
976,110.0,1.0,
977,150.0,,
978,145.0,,
979,150.0,,
980,180.0,1.0,
981,148.0,,
982,150.0,,
983,178.0,1.0,
984,220.0,1.0,
985,151.0,3.0,
986,156.0,,
987,150.0,3.0,
988,130.0,,
989,190.0,,
990,135.0,1.0,
991,129.0,1.0,
992,128.0,3.0,
993,250.0,,
994,108.0,5.0,
995,105.0,3.0,
996,130.0,,
997,128.0,,
998,89.0,1.0,
999,155.0,,
1000,130.0,4.0,
1001,205.0,2.0,
1002,147.0,5.0,
1003,138.0,4.0,
1004,245.0,5.0,
1005,127.0,4.0,
1006,136.0,1.0,
1007,229.0,1.0,
1008,118.0,3.0,
1009,205.0,5.0,
1010,185.0,4.0,
1011,115.0,5.0,
1012,145.0,2.0,
1013,125.0,4.0,
1014,144.0,1.0,
1015,126.0,3.0,
1016,140.0,4.0,
1017,170.0,3.0,
1018,117.0,4.0,
1019,200.0,3.0,
1020,125.0,3.0,
1021,110.0,3.0,
1022,150.0,2.0,
1023,150.0,2.0,
1024,,1.0,
1025,120.0,3.0,
1026,175.0,3.0,
1027,107.0,3.0,
1028,165.0,5.0,
1029,,2.0,
1030,139.0,3.0,
1031,110.0,2.0,
1032,,5.0,
1033,150.0,3.0,
1034,200.0,2.0,
1035,180.0,,
1036,134.0,2.0,
1037,125.0,4.0,
1038,163.0,2.0,
1039,155.0,2.0,
1040,,2.0,
1041,155.0,3.0,
1042,115.0,2.0,
1043,120.0,2.0,
1044,150.0,3.0,
1045,97.0,4.0,
1046,170.0,3.0,
1047,165.0,3.0,
1048,129.0,3.0,
1049,130.0,5.0,
1050,145.0,3.0,
1051,172.0,1.0,
1052,199.0,3.0,
1053,256.0,4.0,
1054,168.0,2.0,
1055,120.0,2.0,
1056,211.0,1.0,
1057,130.0,3.0,
1058,119.0,4.0,
1059,105.0,2.0,
1060,130.0,3.0,
1061,150.0,3.0,
1062,106.0,2.0,
1063,110.0,5.0,
1064,135.0,1.0,
1065,,3.0,
1066,115.0,1.0,
1067,,4.0,
1068,120.0,3.0,
1069,160.0,1.0,
1070,150.0,,
1071,175.0,1.0,
1072,134.0,2.0,
1073,,3.0,
1074,209.0,4.0,
1075,170.0,3.0,
1076,198.0,1.0,
1077,220.0,2.0,
1078,,3.0,
1079,240.0,4.0,
1080,140.0,3.0,
1081,150.0,1.0,
1082,113.0,1.0,
1083,135.0,1.0,
1084,125.0,5.0,
1085,,3.0,
1086,140.0,5.0,
1087,,5.0,
1088,86.0,2.0,
1089,,4.0,
1090,134.0,1.0,
1091,136.0,1.0,
1092,,5.0,
1093,140.0,4.0,
1094,110.0,1.0,
1095,150.0,4.0,
1096,95.0,2.0,
1097,155.0,3.0,
1098,175.0,2.0,
1099,,1.0,
1100,140.0,2.0,
1101,185.0,4.0,
1102,120.0,1.0,
1103,122.0,1.0,
1104,125.0,5.0,
1105,180.0,2.0,
1106,106.0,3.0,
1107,143.0,3.0,
1108,225.0,1.0,
1109,312.0,3.0,
1110,120.0,4.0,
1111,154.0,4.0,
1112,150.0,5.0,
1113,160.0,1.0,
1114,,2.0,
1115,123.0,2.0,
1116,178.0,4.0,
1117,130.0,3.0,
1118,169.0,1.0,
1119,230.0,2.0,
1120,126.0,1.0,
1121,146.0,5.0,
1122,158.0,3.0,
1123,188.0,4.0,
1124,171.0,1.0,
1125,,3.0,
1126,250.0,,
1127,115.0,1.0,
1128,135.0,4.0,
1129,150.0,4.0,
1130,175.0,,
1131,208.0,,
1132,,1.0,
1133,225.0,3.0,
1134,240.0,2.0,
1135,130.0,1.0,
1136,180.0,3.0,
1137,300.0,5.0,
1138,104.0,1.0,
1139,115.0,2.0,
1140,186.0,2.0,
1141,110.0,2.0,
1142,145.0,1.0,
1143,200.0,1.0,
1144,102.0,5.0,
1145,175.0,3.0,
1146,140.0,,
1147,130.0,3.0,
1148,185.0,3.0,
1149,100.0,1.0,
1150,123.0,4.0,
1151,99.0,2.0,
1152,120.0,2.0,
1153,170.0,1.0,
1154,157.0,3.0,
1155,110.0,1.0,
1156,185.0,5.0,
1157,165.0,2.0,
1158,183.0,3.0,
1159,120.0,2.0,
1160,130.0,1.0,
1161,130.0,4.0,
1162,145.0,4.0,
1163,180.0,3.0,
1164,123.0,3.0,
1165,150.0,,
1166,100.0,1.0,
1167,245.0,5.0,
1168,200.0,1.0,
1169,131.0,3.0,
1170,115.0,2.0,
1171,169.0,2.0,
1172,,1.0,
1173,,,
1174,140.0,4.0,
1175,222.0,,
1176,138.0,3.0,
1177,155.0,1.0,
1178,125.0,1.0,
1179,200.0,1.0,
1180,100.0,2.0,
1181,130.0,,
1182,95.0,3.0,
1183,180.0,3.0,
1184,135.0,2.0,
1185,172.0,3.0,
1186,140.0,1.0,
1187,187.0,3.0,
1188,125.0,3.0,
1189,125.0,2.0,
1190,270.0,1.0,
1191,125.0,3.0,
1192,187.0,3.0,
1193,120.0,4.0,
1194,140.0,4.0,
1195,,5.0,
1196,145.0,1.0,
1197,200.0,5.0,
1198,,3.0,
1199,140.0,4.0,
1200,160.0,4.0,
1201,153.0,1.0,
1202,120.0,1.0,
1203,,2.0,
1204,145.0,3.0,
1205,158.0,2.0,
1206,229.0,5.0,
1207,122.0,4.0,
1208,170.0,4.0,
1209,230.0,3.0,
1210,,5.0,
1211,105.0,1.0,
1212,192.0,3.0,
1213,110.0,4.0,
1214,,3.0,
1215,,2.0,
1216,218.0,1.0,
1217,135.0,4.0,
1218,135.0,3.0,
1219,160.0,1.0,
1220,155.0,1.0,
1221,130.0,5.0,
1222,200.0,4.0,
1223,130.0,3.0,
1224,,,
1225,115.0,4.0,
1226,120.0,3.0,
1227,175.0,1.0,
1228,150.0,1.0,
1229,,1.0,
1230,160.0,,
1231,168.0,,
1232,250.0,3.0,
1233,108.0,4.0,
1234,102.0,3.0,
1235,130.0,3.0,
1236,125.0,3.0,
1237,160.0,1.0,
1238,160.0,3.0,
1239,120.0,2.0,
1240,175.0,4.0,
1241,180.0,1.0,
1242,210.0,4.0,
1243,115.0,3.0,
1244,132.0,3.0,
1245,162.0,3.0,
1246,212.0,3.0,
1247,,3.0,
1248,,3.0,
1249,120.0,5.0,
1250,,4.0,
1251,187.0,1.0,
1252,137.0,4.0,
1253,110.0,4.0,
1254,180.0,2.0,
1255,150.0,3.0,
1256,125.0,1.0,
1257,,3.0,
1258,,1.0,
1259,165.0,2.0,
1260,102.0,,
1261,98.0,,
1262,129.0,2.0,
1263,82.0,3.0,
1264,,1.0,
1265,158.0,1.0,
1266,124.0,3.0,
1267,300.0,4.0,
1268,167.0,1.0,
1269,130.0,1.0,
1270,240.0,2.0,
1271,300.0,3.0,
1272,,3.0,
1273,160.0,,
1274,135.0,4.0,
1275,138.0,3.0,
1276,125.0,3.0,
1277,150.0,3.0,
1278,,3.0,
1279,98.0,3.0,
1280,130.0,4.0,
1281,180.0,2.0,
1282,177.0,4.0,
1283,115.0,1.0,
1284,160.0,1.0,
1285,160.0,3.0,
1286,225.0,1.0,
1287,145.0,4.0,
1288,195.0,2.0,
1289,114.0,2.0,
1290,160.0,2.0,
1291,110.0,4.0,
1292,100.0,3.0,
1293,149.0,4.0,
1294,,,
1295,135.0,,
1296,150.0,3.0,
1297,110.0,,
1298,116.0,,
1299,150.0,3.0,
1300,,3.0,
1301,,,
1302,148.0,,
1303,130.0,,
1304,,1.0,
1305,,5.0,
1306,160.0,1.0,
1307,135.0,2.0,
1308,143.0,3.0,
1309,135.0,3.0,
1310,147.0,,
1311,120.0,3.0,
1312,105.0,3.0,
1313,160.0,4.0,
1314,135.0,2.0,
1315,125.0,4.0,
1316,138.0,4.0,
1317,129.0,2.0,
1318,123.0,4.0,
1319,121.0,5.0,
1320,210.0,4.0,
1321,113.0,2.0,
1322,140.0,3.0,
1323,144.0,3.0,
1324,113.0,3.0,
1325,98.0,3.0,
1326,235.0,2.0,
1327,130.0,2.0,
1328,205.0,4.0,
1329,125.0,3.0,
1330,138.0,1.0,
1331,189.0,5.0,
1332,100.0,2.0,
1333,210.0,2.0,
1334,108.0,4.0,
1335,130.0,3.0,
1336,107.0,2.0,
1337,135.0,2.0,
1338,175.0,3.0,
1339,180.0,3.0,
1340,280.0,5.0,
1341,,2.0,
1342,115.0,3.0,
1343,130.0,5.0,
1344,120.0,2.0,
1345,140.0,3.0,
1346,240.0,3.0,
1347,153.0,3.0,
1348,235.0,5.0,
1349,120.0,3.0,
1350,125.0,3.0,
1351,110.0,1.0,
1352,,2.0,
1353,105.0,4.0,
1354,167.0,3.0,
1355,160.0,2.0,
1356,140.0,3.0,
1357,175.0,4.0,
1358,135.0,2.0,
1359,140.0,4.0,
1360,120.0,3.0,
1361,144.0,4.0,
1362,140.0,2.0,
1363,95.0,4.0,
1364,160.0,3.0,
1365,198.0,3.0,
1366,179.0,5.0,
1367,180.0,1.0,
1368,172.0,4.0,
1369,193.0,2.0,
1370,,2.0,
1371,,3.0,
1372,109.0,3.0,
1373,148.0,1.0,
1374,145.0,2.0,
1375,160.0,2.0,
1376,140.0,2.0,
1377,,4.0,
1378,130.0,2.0,
1379,155.0,,
1380,85.0,2.0,
1381,140.0,5.0,
1382,225.0,3.0,
1383,180.0,2.0,
1384,146.0,2.0,
1385,135.0,3.0,
1386,120.0,3.0,
1387,165.0,4.0,
1388,110.0,3.0,
1389,214.0,2.0,
1390,165.0,3.0,
1391,,2.0,
1392,156.0,3.0,
1393,110.0,3.0,
1394,165.0,4.0,
1395,240.0,1.0,
1396,165.0,5.0,
1397,128.0,5.0,
1398,115.0,2.0,
1399,115.0,3.0,
1400,145.0,3.0,
1401,147.0,2.0,
1402,135.0,2.0,
1403,146.0,2.0,
1404,130.0,3.0,
1405,,4.0,
1406,140.0,5.0,
1407,120.0,3.0,
1408,90.0,1.0,
1409,135.0,2.0,
1410,,,
1411,115.0,4.0,
1412,146.0,3.0,
1413,110.0,4.0,
1414,165.0,1.0,
1415,135.0,4.0,
1416,130.0,2.0,
1417,140.0,3.0,
1418,142.0,2.0,
1419,160.0,2.0,
1420,116.0,3.0,
1421,90.0,3.0,
1422,118.0,1.0,
1423,142.0,3.0,
1424,142.0,2.0,
1425,,2.0,
1426,140.0,4.0,
1427,150.0,3.0,
1428,160.0,1.0,
1429,110.0,3.0,
1430,225.0,1.0,
1431,115.0,4.0,
1432,215.0,4.0,
1433,169.0,3.0,
1434,155.0,2.0,
1435,115.0,2.0,
1436,115.0,3.0,
1437,170.0,4.0,
1438,90.0,,
1439,155.0,2.0,
1440,,4.0,
1441,89.0,2.0,
1442,141.0,1.0,
1443,150.0,2.0,
1444,140.0,2.0,
1445,114.0,4.0,
1446,120.0,5.0,
1447,110.0,2.0,
1448,135.0,2.0,
1449,115.0,5.0,
1450,101.0,4.0,
1451,110.0,3.0,
1452,121.0,4.0,
1453,108.0,5.0,
1454,115.0,3.0,
1455,158.0,4.0,
1456,,3.0,
1457,125.0,4.0,
1458,114.0,4.0,
1459,128.0,4.0,
1460,115.0,2.0,
1461,208.0,1.0,
1462,160.0,3.0,
1463,165.0,3.0,
1464,120.0,4.0,
1465,95.0,4.0,
1466,155.0,4.0,
1467,110.0,1.0,
1468,149.0,3.0,
1469,,4.0,
1470,110.0,5.0,
1471,160.0,4.0,
1472,120.0,3.0,
1473,149.0,4.0,
1474,105.0,4.0,
1475,165.0,2.0,
1476,145.0,3.0,
1477,100.0,3.0,
1478,120.0,3.0,
1479,210.0,3.0,
1480,209.0,2.0,
1481,121.0,1.0,
1482,140.0,3.0,
1483,138.0,3.0,
1484,117.0,2.0,
1485,105.0,2.0,
1486,134.0,3.0,
1487,240.0,1.0,
1488,185.0,1.0,
1489,158.0,3.0,
1490,,,
1491,,,
1492,,,
1493,,3.0,
1494,,,
1495,,,
1496,,3.0,
1497,,,
1498,,3.0,
1499,,3.0,
1500,,3.0,
1501,,,
1502,,,
1503,101.0,2.0,
1504,171.0,1.0,
1505,115.0,3.0,
1506,200.0,3.0,
1507,240.0,1.0,
1508,80.0,3.0,
1509,113.0,3.0,
1510,148.0,1.0,
1511,115.0,5.0,
1512,136.0,3.0,
1513,115.0,3.0,
1514,126.0,3.0,
1515,125.0,4.0,
1516,123.0,,
1517,130.0,3.0,
1518,125.0,1.0,
1519,,1.0,
1520,136.0,2.0,
1521,138.0,4.0,
1522,,4.0,
1523,175.0,3.0,
1524,155.0,2.0,
1525,122.0,3.0,
1526,135.0,2.0,
1527,190.0,2.0,
1528,195.0,2.0,
1529,115.0,3.0,
1530,102.0,4.0,
1531,120.0,2.0,
1532,,3.0,
1533,101.0,3.0,
1534,170.0,5.0,
1535,208.0,4.0,
1536,142.0,2.0,
1537,130.0,2.0,
1538,292.0,3.0,
1539,128.0,,
1540,125.0,1.0,
1541,140.0,4.0,
1542,130.0,3.0,
1543,166.0,2.0,
1544,118.0,2.0,
1545,102.0,1.0,
1546,92.0,3.0,
1547,170.0,5.0,
1548,184.0,4.0,
1549,95.0,5.0,
1550,97.0,3.0,
1551,,2.0,
1552,189.0,4.0,
1553,160.0,1.0,
1554,,4.0,
1555,90.0,3.0,
1556,185.0,5.0,
1557,170.0,1.0,
1558,200.0,5.0,
1559,137.0,2.0,
1560,100.0,3.0,
1561,130.0,2.0,
1562,150.0,3.0,
1563,127.0,4.0,
1564,95.0,3.0,
1565,,4.0,
1566,,2.0,
1567,145.0,4.0,
1568,105.0,2.0,
1569,130.0,2.0,
1570,143.0,3.0,
1571,91.0,4.0,
1572,97.0,5.0,
1573,115.0,,
1574,135.0,1.0,
1575,146.0,,
1576,141.0,1.0,
1577,115.0,3.0,
1578,142.0,4.0,
1579,143.0,3.0,
1580,200.0,2.0,
1581,135.0,3.0,
1582,128.0,5.0,
1583,115.0,1.0,
1584,95.0,1.0,
1585,123.0,3.0,
1586,140.0,3.0,
1587,100.0,2.0,
1588,135.0,2.0,
1589,,2.0,
1590,158.0,1.0,
1591,160.0,3.0,
1592,98.0,3.0,
1593,155.0,3.0,
1594,120.0,3.0,
1595,180.0,1.0,
1596,150.0,3.0,
1597,110.0,3.0,
1598,123.0,3.0,
1599,95.0,4.0,
1600,150.0,3.0,
1601,115.0,1.0,
1602,130.0,1.0,
1603,98.0,3.0,
1604,177.0,2.0,
1605,175.0,2.0,
1606,120.0,3.0,
1607,150.0,3.0,
1608,125.0,3.0,
1609,165.0,3.0,
1610,115.0,3.0,
1611,123.0,2.0,
1612,110.0,4.0,
1613,165.0,2.0,
1614,175.0,3.0,
1615,,4.0,
1616,150.0,3.0,
1617,140.0,,
1618,225.0,3.0,
1619,105.0,4.0,
1620,105.0,3.0,
1621,,1.0,
1622,220.0,2.0,
1623,165.0,3.0,
1624,140.0,1.0,
1625,129.0,2.0,
1626,145.0,1.0,
1627,100.0,4.0,
1628,121.0,3.0,
1629,,3.0,
1630,135.0,2.0,
1631,100.0,4.0,
1632,120.0,2.0,
1633,108.0,1.0,
1634,146.0,2.0,
1635,104.0,2.0,
1636,120.0,3.0,
1637,135.0,2.0,
1638,135.0,3.0,
1639,185.0,4.0,
1640,180.0,3.0,
1641,85.0,1.0,
1642,105.0,3.0,
1643,128.0,3.0,
1644,,4.0,
1645,118.0,3.0,
1646,140.0,2.0,
1647,115.0,2.0,
1648,129.0,4.0,
1649,125.0,3.0,
1650,175.0,5.0,
1651,149.0,3.0,
1652,148.0,3.0,
1653,135.0,2.0,
1654,118.0,3.0,
1655,150.0,3.0,
1656,132.0,3.0,
1657,140.0,3.0,
1658,105.0,3.0,
1659,112.0,1.0,
1660,135.0,3.0,
1661,,,
1662,140.0,,
1663,110.0,2.0,
1664,116.0,4.0,
1665,140.0,3.0,
1666,125.0,5.0,
1667,114.0,2.0,
1668,,4.0,
1669,95.0,3.0,
1670,155.0,1.0,
1671,220.0,5.0,
1672,135.0,2.0,
1673,180.0,1.0,
1674,140.0,5.0,
1675,130.0,3.0,
1676,132.0,2.0,
1677,160.0,4.0,
1678,140.0,3.0,
1679,170.0,3.0,
1680,96.0,,
1681,190.0,5.0,
1682,134.0,,
1683,95.0,4.0,
1684,168.0,3.0,
1685,126.0,3.0,
1686,180.0,,
1687,,3.0,
1688,125.0,3.0,
1689,125.0,4.0,
1690,125.0,,
1691,154.0,5.0,
1692,171.0,3.0,
1693,113.0,2.0,
1694,130.0,3.0,
1695,165.0,2.0,
1696,153.0,2.0,
1697,180.0,4.0,
1698,,3.0,
1699,,3.0,
1700,107.0,4.0,
1701,118.0,2.0,
1702,200.0,5.0,
1703,102.0,3.0,
1704,150.0,4.0,
1705,111.0,3.0,
1706,,,
1707,160.0,3.0,
1708,120.0,1.0,
1709,185.0,4.0,
1710,129.0,3.0,
1711,91.0,4.0,
1712,,,
1713,270.0,5.0,
1714,115.0,3.0,
1715,135.0,4.0,
1716,185.0,3.0,
1717,115.0,3.0,
1718,190.0,3.0,
1719,,1.0,
1720,160.0,2.0,
1721,,3.0,
1722,109.0,3.0,
1723,125.0,4.0,
1724,,,
1725,211.0,2.0,
1726,120.0,4.0,
1727,145.0,3.0,
1728,138.0,1.0,
1729,,3.0,
1730,200.0,3.0,
1731,,4.0,
1732,167.0,,
1733,129.0,3.0,
1734,110.0,3.0,
1735,116.0,2.0,
1736,126.0,4.0,
1737,,1.0,
1738,195.0,1.0,
1739,129.0,3.0,
1740,150.0,2.0,
1741,,3.0,
1742,125.0,4.0,
1743,120.0,3.0,
1744,,3.0,
1745,126.0,3.0,
1746,105.0,2.0,
1747,135.0,3.0,
1748,120.0,3.0,
1749,160.0,2.0,
1750,,1.0,
1751,,3.0,
1752,107.0,3.0,
1753,125.0,4.0,
1754,127.0,1.0,
1755,98.0,2.0,
1756,,2.0,
1757,,2.0,
1758,,2.0,
1759,150.0,4.0,
1760,120.0,2.0,
1761,105.0,3.0,
1762,123.0,3.0,
1763,113.0,4.0,
1764,120.0,4.0,
1765,,5.0,
1766,150.0,1.0,
1767,124.0,3.0,
1768,152.0,4.0,
1769,120.0,3.0,
1770,140.0,3.0,
1771,109.0,4.0,
1772,260.0,4.0,
1773,104.0,4.0,
1774,120.0,4.0,
1775,165.0,3.0,
1776,155.0,1.0,
1777,133.0,4.0,
1778,163.0,2.0,
1779,140.0,5.0,
1780,160.0,4.0,
1781,200.0,3.0,
1782,245.0,1.0,
1783,115.0,3.0,
1784,80.0,2.0,
1785,150.0,1.0,
1786,198.0,4.0,
1787,300.0,3.0,
1788,97.0,4.0,
1789,130.0,4.0,
1790,140.0,2.0,
1791,135.0,3.0,
1792,110.0,3.0,
1793,110.0,5.0,
1794,120.0,3.0,
1795,110.0,3.0,
1796,190.0,3.0,
1797,157.0,2.0,
1798,215.0,,
1799,150.0,3.0,
1800,135.0,2.0,
1801,130.0,3.0,
1802,140.0,1.0,
1803,75.0,4.0,
1804,225.0,5.0,
1805,138.0,3.0,
1806,120.0,2.0,
1807,170.0,5.0,
1808,130.0,3.0,
1809,130.0,3.0,
1810,110.0,4.0,
1811,155.0,5.0,
1812,120.0,2.0,
1813,175.0,2.0,
1814,140.0,1.0,
1815,130.0,3.0,
1816,240.0,3.0,
1817,165.0,5.0,
1818,200.0,2.0,
1819,110.0,3.0,
1820,132.0,2.0,
1821,185.0,2.0,
1822,115.0,4.0,
1823,202.0,1.0,
1824,,3.0,
1825,245.0,1.0,
1826,190.0,3.0,
1827,140.0,4.0,
1828,112.0,3.0,
1829,135.0,2.0,
1830,110.0,1.0,
1831,120.0,3.0,
1832,150.0,1.0,
1833,130.0,4.0,
1834,110.0,2.0,
1835,159.0,2.0,
1836,110.0,3.0,
1837,150.0,2.0,
1838,160.0,3.0,
1839,128.0,4.0,
1840,110.0,4.0,
1841,98.0,2.0,
1842,98.0,2.0,
1843,195.0,4.0,
1844,160.0,3.0,
1845,126.0,4.0,
1846,120.0,1.0,
1847,83.0,1.0,
1848,200.0,3.0,
1849,,3.0,
1850,126.0,2.0,
1851,195.0,4.0,
1852,160.0,3.0,
1853,156.0,2.0,
1854,156.0,2.0,
1855,150.0,3.0,
1856,175.0,2.0,
1857,106.0,5.0,
1858,150.0,1.0,
1859,200.0,3.0,
1860,185.0,3.0,
1861,105.0,4.0,
1862,107.0,1.0,
1863,119.0,4.0,
1864,170.0,2.0,
1865,114.0,4.0,
1866,130.0,1.0,
1867,105.0,2.0,
1868,117.0,2.0,
1869,165.0,4.0,
1870,148.0,4.0,
1871,133.0,4.0,
1872,,3.0,
1873,117.0,2.0,
1874,135.0,4.0,
1875,125.0,4.0,
1876,137.0,3.0,
1877,180.0,4.0,
1878,153.0,2.0,
1879,155.0,2.0,
1880,105.0,3.0,
1881,135.0,2.0,
1882,122.0,5.0,
1883,125.0,2.0,
1884,110.0,4.0,
1885,117.0,3.0,
1886,157.0,2.0,
1887,155.0,3.0,
1888,,4.0,
1889,124.0,4.0,
1890,139.0,4.0,
1891,117.0,4.0,
1892,160.0,1.0,
1893,,,
1894,180.0,1.0,
1895,125.0,4.0,
1896,188.0,3.0,
1897,130.0,4.0,
1898,,2.0,
1899,,5.0,
1900,115.0,4.0,
1901,145.0,,
1902,128.0,3.0,
1903,150.0,4.0,
1904,135.0,4.0,
1905,150.0,5.0,
1906,190.0,,
1907,200.0,4.0,
1908,115.0,3.0,
1909,111.0,4.0,
1910,150.0,1.0,
1911,126.0,5.0,
1912,120.0,4.0,
1913,145.0,3.0,
1914,165.0,3.0,
1915,130.0,4.0,
1916,111.0,1.0,
1917,207.0,4.0,
1918,205.0,2.0,
1919,,1.0,
1920,145.0,4.0,
1921,140.0,5.0,
1922,220.0,4.0,
1923,,5.0,
1924,115.0,4.0,
1925,312.0,4.0,
1926,100.0,4.0,
1927,114.0,4.0,
1928,137.0,2.0,
1929,,,
1930,,5.0,
1931,95.0,4.0,
1932,141.0,5.0,
1933,125.0,1.0,
1934,124.0,4.0,
1935,230.0,1.0,
1936,150.0,4.0,
1937,120.0,4.0,
1938,103.0,3.0,
1939,134.0,,
1940,110.0,3.0,
1941,150.0,4.0,
1942,120.0,4.0,
1943,180.0,3.0,
1944,130.0,2.0,
1945,220.0,2.0,
1946,110.0,2.0,
1947,,3.0,
1948,183.0,3.0,
1949,224.0,4.0,
1950,254.0,2.0,
1951,103.0,5.0,
1952,,4.0,
1953,170.0,5.0,
1954,143.0,4.0,
1955,167.0,4.0,
1956,315.0,5.0,
1957,97.0,1.0,
1958,180.0,2.0,
1959,,4.0,
1960,120.0,3.0,
1961,,3.0,
1962,115.0,2.0,
1963,132.0,3.0,
1964,,2.0,
1965,135.0,3.0,
1966,110.0,4.0,
1967,195.0,1.0,
1968,131.0,4.0,
1969,130.0,3.0,
1970,160.0,2.0,
1971,140.0,4.0,
1972,115.0,5.0,
1973,,2.0,
1974,128.0,3.0,
1975,175.0,4.0,
1976,105.0,3.0,
1977,,3.0,
1978,124.0,1.0,
1979,190.0,4.0,
1980,154.0,5.0,
1981,190.0,5.0,
1982,105.0,2.0,
1983,170.0,1.0,
1984,,,
1985,113.0,3.0,
1986,140.0,4.0,
1987,135.0,2.0,
1988,140.0,4.0,
1989,130.0,2.0,
1990,130.0,4.0,
1991,,2.0,
1992,175.0,2.0,
1993,145.0,2.0,
1994,220.0,3.0,
1995,105.0,4.0,
1996,190.0,3.0,
1997,98.0,2.0,
1998,130.0,3.0,
1999,133.0,3.0,
2000,136.0,4.0,
2001,220.0,2.0,
2002,118.0,3.0,
2003,120.0,3.0,
2004,,3.0,
2005,112.0,1.0,
2006,160.0,2.0,
2007,,5.0,
2008,118.0,2.0,
2009,200.0,2.0,
2010,270.0,3.0,
2011,200.0,3.0,
2012,160.0,1.0,
2013,136.0,3.0,
2014,115.0,3.0,
2015,126.0,1.0,
2016,128.0,4.0,
2017,156.0,1.0,
2018,96.0,3.0,
2019,109.0,1.0,
2020,100.0,3.0,
2021,162.0,4.0,
2022,165.0,2.0,
2023,106.0,3.0,
2024,150.0,3.0,
2025,145.0,2.0,
2026,95.0,4.0,
2027,120.0,5.0,
2028,126.0,3.0,
2029,170.0,3.0,
2030,100.0,2.0,
2031,128.0,3.0,
2032,105.0,4.0,
2033,135.0,4.0,
2034,207.0,2.0,
2035,88.0,5.0,
2036,115.0,3.0,
2037,240.0,2.0,
2038,200.0,3.0,
2039,100.0,1.0,
2040,108.0,2.0,
2041,125.0,3.0,
2042,138.0,3.0,
2043,100.0,1.0,
2044,185.0,3.0,
2045,,4.0,
2046,130.0,,
2047,156.0,2.0,
2048,,2.0,
2049,278.0,1.0,
2050,200.0,4.0,
2051,126.0,4.0,
2052,,,
2053,145.0,2.0,
2054,190.0,4.0,
2055,138.0,5.0,
2056,185.0,4.0,
2057,130.0,2.0,
2058,130.0,2.0,
2059,140.0,2.0,
2060,130.0,4.0,
2061,350.0,,
2062,140.0,4.0,
2063,140.0,3.0,
2064,105.0,5.0,
2065,150.0,3.0,
2066,103.0,3.0,
2067,,3.0,
2068,120.0,2.0,
2069,130.0,3.0,
2070,,1.0,
2071,176.0,4.0,
2072,127.0,1.0,
2073,,,
2074,140.0,3.0,
2075,140.0,3.0,
2076,133.0,3.0,
2077,100.0,3.0,
2078,120.0,3.0,
2079,166.0,4.0,
2080,110.0,5.0,
2081,77.0,3.0,
2082,120.0,4.0,
2083,200.0,2.0,
2084,104.0,2.0,
2085,117.0,2.0,
2086,160.0,,
2087,111.0,3.0,
2088,80.0,1.0,
2089,300.0,1.0,
2090,185.0,2.0,
2091,220.0,3.0,
2092,136.0,5.0,
2093,96.0,3.0,
2094,175.0,4.0,
2095,152.0,5.0,
2096,90.0,5.0,
2097,125.0,1.0,
2098,114.0,5.0,
2099,125.0,3.0,
2100,120.0,,
2101,175.0,4.0,
2102,160.0,2.0,
2103,120.0,3.0,
2104,160.0,5.0,
2105,126.0,5.0,
2106,,2.0,
2107,,,
2108,155.0,2.0,
2109,125.0,1.0,
2110,145.0,,
2111,150.0,5.0,
2112,160.0,2.0,
2113,155.0,4.0,
2114,160.0,1.0,
2115,,,
2116,118.0,,
2117,,1.0,
2118,115.0,4.0,
2119,140.0,3.0,
2120,158.0,5.0,
2121,140.0,1.0,
2122,120.0,3.0,
2123,50.0,2.0,
2124,115.0,1.0,
2125,120.0,4.0,
2126,110.0,3.0,
2127,148.0,1.0,
2128,147.0,5.0,
2129,110.0,3.0,
2130,160.0,5.0,
2131,95.0,4.0,
2132,,4.0,
2133,155.0,1.0,
2134,,5.0,
2135,115.0,1.0,
2136,120.0,3.0,
2137,230.0,1.0,
2138,100.0,3.0,
2139,135.0,3.0,
2140,165.0,1.0,
2141,102.0,2.0,
2142,210.0,,
2143,369.0,5.0,
2144,140.0,5.0,
2145,,1.0,
2146,,,
2147,125.0,3.0,
2148,122.0,4.0,
2149,119.0,5.0,
2150,135.0,2.0,
2151,149.0,3.0,
2152,145.0,1.0,
2153,155.0,1.0,
2154,220.0,3.0,
2155,135.0,,
2156,150.0,4.0,
2157,116.0,3.0,
2158,105.0,3.0,
2159,125.0,3.0,
2160,150.0,2.0,
2161,105.0,4.0,
2162,112.0,1.0,
2163,140.0,2.0,
2164,103.0,4.0,
2165,135.0,2.0,
2166,100.0,3.0,
2167,95.0,5.0,
2168,196.0,3.0,
2169,,2.0,
2170,167.0,2.0,
2171,,,
2172,127.0,1.0,
2173,100.0,,
2174,120.0,1.0,
2175,125.0,3.0,
2176,112.0,4.0,
2177,142.0,2.0,
2178,130.0,3.0,
2179,,2.0,
2180,160.0,1.0,
2181,116.0,3.0,
2182,135.0,3.0,
2183,,3.0,
2184,182.0,1.0,
2185,110.0,5.0,
2186,174.0,2.0,
2187,145.0,3.0,
2188,190.0,4.0,
2189,130.0,4.0,
2190,125.0,3.0,
2191,140.0,3.0,
2192,135.0,3.0,
2193,145.0,1.0,
2194,180.0,3.0,
2195,130.0,2.0,
2196,140.0,3.0,
2197,132.0,1.0,
2198,150.0,2.0,
2199,172.0,3.0,
2200,230.0,3.0,
2201,155.0,4.0,
2202,158.0,2.0,
2203,115.0,2.0,
2204,145.0,2.0,
2205,125.0,4.0,
2206,140.0,1.0,
2207,120.0,2.0,
2208,160.0,3.0,
2209,195.0,3.0,
2210,125.0,3.0,
2211,180.0,3.0,
2212,183.0,3.0,
2213,163.0,2.0,
2214,145.0,5.0,
2215,399.0,3.0,
2216,,3.0,
2217,116.0,4.0,
2218,165.0,5.0,
2219,120.0,1.0,
2220,,5.0,
2221,,1.0,
2222,157.0,1.0,
2223,120.0,3.0,
2224,112.0,3.0,
2225,107.0,4.0,
2226,165.0,3.0,
2227,100.0,5.0,
2228,125.0,1.0,
2229,300.0,,
2230,134.0,3.0,
2231,150.0,2.0,
2232,,2.0,
2233,120.0,4.0,
2234,105.0,4.0,
2235,,4.0,
2236,120.0,1.0,
2237,123.0,4.0,
2238,399.0,1.0,
2239,145.0,2.0,
2240,,3.0,
2241,100.0,3.0,
2242,135.0,4.0,
2243,145.0,2.0,
2244,190.0,1.0,
2245,165.0,2.0,
2246,100.0,2.0,
2247,145.0,2.0,
2248,160.0,4.0,
2249,100.0,2.0,
2250,145.0,3.0,
2251,224.0,3.0,
2252,94.0,4.0,
2253,125.0,3.0,
2254,130.0,3.0,
2255,274.0,4.0,
2256,120.0,1.0,
2257,135.0,1.0,
2258,230.0,4.0,
2259,121.0,4.0,
2260,204.0,4.0,
2261,100.0,4.0,
2262,170.0,2.0,
2263,175.0,3.0,
2264,,3.0,
2265,160.0,3.0,
2266,112.0,3.0,
2267,185.0,4.0,
2268,118.0,2.0,
2269,110.0,4.0,
2270,130.0,1.0,
2271,117.0,3.0,
2272,125.0,4.0,
2273,155.0,3.0,
2274,134.0,4.0,
2275,165.0,1.0,
2276,120.0,1.0,
2277,179.0,5.0,
2278,128.0,4.0,
2279,125.0,4.0,
2280,171.0,2.0,
2281,155.0,1.0,
2282,115.0,4.0,
2283,200.0,3.0,
2284,158.0,3.0,
2285,123.0,4.0,
2286,106.0,3.0,
2287,127.0,4.0,
2288,121.0,3.0,
2289,118.0,5.0,
2290,165.0,4.0,
2291,210.0,3.0,
2292,168.0,3.0,
2293,142.0,2.0,
2294,145.0,4.0,
2295,111.0,3.0,
2296,145.0,4.0,
2297,108.0,3.0,
2298,170.0,2.0,
2299,150.0,3.0,
2300,245.0,2.0,
2301,100.0,3.0,
2302,195.0,3.0,
2303,165.0,3.0,
2304,109.0,4.0,
2305,94.0,4.0,
2306,133.0,3.0,
2307,122.0,4.0,
2308,130.0,4.0,
2309,175.0,4.0,
2310,120.0,2.0,
2311,170.0,5.0,
2312,142.0,1.0,
2313,115.0,1.0,
2314,180.0,2.0,
2315,108.0,2.0,
2316,125.0,4.0,
2317,135.0,5.0,
2318,103.0,4.0,
2319,106.0,1.0,
2320,180.0,5.0,
2321,107.0,3.0,
2322,,3.0,
2323,135.0,4.0,
2324,160.0,1.0,
2325,120.0,3.0,
2326,162.0,3.0,
2327,160.0,3.0,
2328,145.0,4.0,
2329,185.0,4.0,
2330,150.0,3.0,
2331,130.0,5.0,
2332,125.0,3.0,
2333,100.0,2.0,
2334,130.0,1.0,
2335,120.0,4.0,
2336,135.0,3.0,
2337,150.0,3.0,
2338,,2.0,
2339,135.0,3.0,
2340,200.0,2.0,
2341,180.0,3.0,
2342,150.0,3.0,
2343,130.0,2.0,
2344,130.0,4.0,
2345,210.0,2.0,
2346,118.0,4.0,
2347,145.0,1.0,
2348,125.0,,
2349,136.0,5.0,
2350,122.0,3.0,
2351,115.0,4.0,
2352,121.0,4.0,
2353,139.0,1.0,
2354,100.0,3.0,
2355,120.0,4.0,
2356,109.0,3.0,
2357,150.0,1.0,
2358,132.0,4.0,
2359,125.0,4.0,
2360,,3.0,
2361,220.0,3.0,
2362,127.0,2.0,
2363,102.0,4.0,
2364,113.0,4.0,
2365,115.0,1.0,
2366,117.0,2.0,
2367,156.0,4.0,
2368,128.0,4.0,
2369,134.0,3.0,
2370,250.0,1.0,
2371,,3.0,
2372,,4.0,
2373,130.0,3.0,
2374,102.0,4.0,
2375,115.0,3.0,
2376,,3.0,
2377,140.0,3.0,
2378,100.0,5.0,
2379,200.0,2.0,
2380,125.0,3.0,
2381,110.0,4.0,
2382,145.0,2.0,
2383,140.0,3.0,
2384,215.0,,
2385,,,
2386,90.0,3.0,
2387,118.0,4.0,
2388,158.0,3.0,
2389,183.0,2.0,
2390,120.0,1.0,
2391,148.0,2.0,
2392,120.0,5.0,
2393,94.0,2.0,
2394,130.0,4.0,
2395,105.0,3.0,
2396,120.0,3.0,
2397,101.0,4.0,
2398,185.0,5.0,
2399,152.0,3.0,
2400,150.0,4.0,
2401,100.0,4.0,
2402,142.0,4.0,
2403,102.0,3.0,
2404,120.0,2.0,
2405,98.0,4.0,
2406,160.0,3.0,
2407,145.0,2.0,
2408,125.0,2.0,
2409,120.0,3.0,
2410,120.0,4.0,
2411,148.0,4.0,
2412,155.0,1.0,
2413,125.0,4.0,
2414,107.0,3.0,
2415,245.0,5.0,
2416,120.0,4.0,
2417,167.0,2.0,
2418,150.0,3.0,
2419,129.0,3.0,
2420,,2.0,
2421,180.0,3.0,
2422,125.0,1.0,
2423,125.0,2.0,
2424,168.0,3.0,
2425,130.0,4.0,
2426,150.0,2.0,
2427,172.0,2.0,
2428,190.0,2.0,
2429,170.0,1.0,
2430,137.0,1.0,
2431,115.0,3.0,
2432,240.0,4.0,
2433,190.0,3.0,
2434,240.0,2.0,
2435,250.0,1.0,
2436,266.0,5.0,
2437,145.0,2.0,
2438,87.0,3.0,
2439,100.0,5.0,
2440,,4.0,
2441,180.0,4.0,
2442,125.0,3.0,
2443,205.0,5.0,
2444,180.0,,
2445,150.0,3.0,
2446,330.0,2.0,
2447,128.0,3.0,
2448,201.0,3.0,
2449,136.0,3.0,
2450,118.0,3.0,
2451,125.0,3.0,
2452,125.0,4.0,
2453,,1.0,
2454,150.0,3.0,
2455,135.0,3.0,
2456,115.0,4.0,
2457,135.0,3.0,
2458,100.0,2.0,
2459,130.0,5.0,
2460,170.0,2.0,
2461,163.0,4.0,
2462,120.0,3.0,
2463,142.0,2.0,
2464,110.0,3.0,
2465,200.0,4.0,
2466,138.0,4.0,
2467,120.0,4.0,
2468,168.0,3.0,
2469,173.0,2.0,
2470,160.0,2.0,
2471,159.0,3.0,
2472,150.0,2.0,
2473,145.0,4.0,
2474,130.0,3.0,
2475,,2.0,
2476,145.0,2.0,
2477,200.0,3.0,
2478,130.0,3.0,
2479,185.0,4.0,
2480,166.0,4.0,
2481,155.0,3.0,
2482,314.0,4.0,
2483,149.0,3.0,
2484,142.0,3.0,
2485,160.0,4.0,
2486,150.0,,
2487,185.0,1.0,
2488,130.0,4.0,
2489,175.0,2.0,
2490,135.0,2.0,
2491,118.0,2.0,
2492,127.0,2.0,
2493,107.0,3.0,
2494,130.0,3.0,
2495,100.0,2.0,
2496,124.0,1.0,
2497,96.0,3.0,
2498,120.0,2.0,
2499,70.0,2.0,
2500,145.0,1.0,
2501,220.0,4.0,
2502,125.0,4.0,
2503,160.0,4.0,
2504,136.0,2.0,
2505,,4.0,
2506,126.0,2.0,
2507,160.0,3.0,
2508,,1.0,
2509,120.0,5.0,
2510,95.0,3.0,
2511,120.0,3.0,
2512,97.0,2.0,
2513,110.0,1.0,
2514,170.0,4.0,
2515,135.0,2.0,
2516,102.0,3.0,
2517,171.0,4.0,
2518,,3.0,
2519,115.0,1.0,
2520,124.0,2.0,
2521,120.0,3.0,
2522,122.0,3.0,
2523,,3.0,
2524,150.0,2.0,
2525,168.0,1.0,
2526,205.0,2.0,
2527,135.0,5.0,
2528,,1.0,
2529,131.0,1.0,
2530,130.0,1.0,
2531,156.0,2.0,
2532,230.0,3.0,
2533,250.0,2.0,
2534,110.0,1.0,
2535,150.0,2.0,
2536,95.0,3.0,
2537,250.0,5.0,
2538,165.0,4.0,
2539,185.0,,
2540,145.0,1.0,
2541,135.0,1.0,
2542,,,
2543,165.0,,
2544,122.0,4.0,
2545,130.0,5.0,
2546,125.0,3.0,
2547,165.0,2.0,
2548,145.0,4.0,
2549,160.0,3.0,
2550,125.0,5.0,
2551,225.0,3.0,
2552,229.0,3.0,
2553,165.0,4.0,
2554,140.0,4.0,
2555,130.0,3.0,
2556,120.0,,
2557,171.0,1.0,
2558,150.0,3.0,
2559,98.0,4.0,
2560,138.0,2.0,
2561,180.0,3.0,
2562,215.0,1.0,
2563,119.0,3.0,
2564,207.0,3.0,
2565,,4.0,
2566,140.0,1.0,
2567,135.0,,
2568,240.0,2.0,
2569,114.0,3.0,
2570,163.0,4.0,
2571,152.0,2.0,
2572,150.0,4.0,
2573,174.0,2.0,
2574,207.0,4.0,
2575,152.0,2.0,
2576,94.0,4.0,
2577,200.0,1.0,
2578,110.0,4.0,
2579,120.0,2.0,
2580,110.0,4.0,
2581,165.0,2.0,
2582,,,
2583,108.0,3.0,
2584,142.0,3.0,
2585,130.0,3.0,
2586,125.0,2.0,
2587,155.0,5.0,
2588,130.0,3.0,
2589,150.0,1.0,
2590,165.0,2.0,
2591,152.0,1.0,
2592,120.0,3.0,
2593,,5.0,
2594,166.0,3.0,
2595,110.0,5.0,
2596,310.0,2.0,
2597,120.0,3.0,
2598,160.0,3.0,
2599,190.0,,
2600,118.0,,
2601,145.0,2.0,
2602,190.0,2.0,
2603,130.0,3.0,
2604,160.0,2.0,
2605,178.0,4.0,
2606,155.0,,
2607,170.0,3.0,
2608,185.0,1.0,
2609,173.0,3.0,
2610,180.0,2.0,
2611,,4.0,
2612,180.0,2.0,
2613,140.0,2.0,
2614,255.0,4.0,
2615,175.0,,
2616,160.0,1.0,
2617,130.0,,
2618,145.0,1.0,
2619,115.0,3.0,
2620,130.0,3.0,
2621,106.0,2.0,
2622,130.0,1.0,
2623,165.0,1.0,
2624,105.0,4.0,
2625,,4.0,
2626,115.0,,
2627,145.0,3.0,
2628,120.0,3.0,
2629,151.0,3.0,
2630,189.0,3.0,
2631,180.0,1.0,
2632,150.0,5.0,
2633,223.0,2.0,
2634,,,
2635,230.0,4.0,
2636,,3.0,
2637,74.0,3.0,
2638,128.0,3.0,
2639,140.0,4.0,
2640,190.0,1.0,
2641,,1.0,
2642,145.0,2.0,
2643,120.0,1.0,
2644,137.0,3.0,
2645,180.0,3.0,
2646,90.0,5.0,
2647,170.0,3.0,
2648,220.0,1.0,
2649,190.0,4.0,
2650,140.0,2.0,
2651,210.0,1.0,
2652,214.0,3.0,
2653,160.0,2.0,
2654,130.0,3.0,
2655,155.0,4.0,
2656,145.0,4.0,
2657,190.0,5.0,
2658,91.0,3.0,
2659,200.0,3.0,
2660,185.0,4.0,
2661,,2.0,
2662,165.0,4.0,
2663,,2.0,
2664,100.0,3.0,
2665,185.0,1.0,
2666,160.0,3.0,
2667,132.0,3.0,
2668,180.0,3.0,
2669,,5.0,
2670,134.0,4.0,
2671,108.0,3.0,
2672,180.0,1.0,
2673,195.0,1.0,
2674,190.0,3.0,
2675,287.0,3.0,
2676,250.0,1.0,
2677,170.0,1.0,
2678,119.0,1.0,
2679,235.0,1.0,
2680,96.0,4.0,
2681,126.0,3.0,
2682,155.0,2.0,
2683,,4.0,
2684,175.0,2.0,
2685,230.0,3.0,
2686,187.0,3.0,
2687,230.0,2.0,
2688,113.0,3.0,
2689,240.0,2.0,
2690,150.0,2.0,
2691,171.0,1.0,
2692,144.0,4.0,
2693,200.0,3.0,
2694,148.0,2.0,
2695,120.0,1.0,
2696,111.0,4.0,
2697,150.0,1.0,
2698,285.0,5.0,
2699,112.0,5.0,
2700,125.0,2.0,
2701,140.0,2.0,
2702,145.0,3.0,
2703,,3.0,
2704,135.0,3.0,
2705,150.0,3.0,
2706,115.0,2.0,
2707,180.0,1.0,
2708,126.0,4.0,
2709,145.0,2.0,
2710,125.0,2.0,
2711,,3.0,
2712,185.0,2.0,
2713,120.0,1.0,
2714,163.0,5.0,
2715,205.0,1.0,
2716,150.0,4.0,
2717,,1.0,
2718,,2.0,
2719,205.0,3.0,
2720,150.0,4.0,
2721,,,
2722,100.0,3.0,
2723,331.0,3.0,
2724,120.0,3.0,
2725,196.0,2.0,
2726,110.0,5.0,
2727,128.0,2.0,
2728,100.0,1.0,
2729,106.0,4.0,
2730,179.0,4.0,
2731,265.0,3.0,
2732,152.0,5.0,
2733,172.0,4.0,
2734,230.0,4.0,
2735,150.0,3.0,
2736,130.0,4.0,
2737,,1.0,
2738,130.0,2.0,
2739,161.0,1.0,
2740,130.0,4.0,
2741,115.0,4.0,
2742,220.0,1.0,
2743,197.0,2.0,
2744,137.0,3.0,
2745,,1.0,
2746,175.0,1.0,
2747,104.0,4.0,
2748,120.0,4.0,
2749,140.0,4.0,
2750,119.0,2.0,
2751,,4.0,
2752,125.0,1.0,
2753,180.0,1.0,
2754,137.0,3.0,
2755,158.0,1.0,
2756,120.0,1.0,
2757,125.0,5.0,
2758,182.0,5.0,
2759,158.0,4.0,
2760,160.0,4.0,
2761,120.0,1.0,
2762,140.0,1.0,
2763,285.0,5.0,
2764,130.0,3.0,
2765,128.0,2.0,
2766,90.0,2.0,
2767,109.0,3.0,
2768,120.0,2.0,
2769,200.0,2.0,
2770,182.0,4.0,
2771,108.0,2.0,
2772,110.0,3.0,
2773,160.0,1.0,
2774,112.0,3.0,
2775,350.0,5.0,
2776,136.0,5.0,
2777,135.0,2.0,
2778,135.0,3.0,
2779,140.0,3.0,
2780,159.0,1.0,
2781,180.0,3.0,
2782,120.0,2.0,
2783,198.0,,
2784,185.0,2.0,
2785,100.0,5.0,
2786,,2.0,
2787,145.0,2.0,
2788,132.0,1.0,
2789,130.0,5.0,
2790,175.0,1.0,
2791,130.0,5.0,
2792,150.0,4.0,
2793,160.0,4.0,
2794,308.0,1.0,
2795,,4.0,
2796,191.0,1.0,
2797,136.0,2.0,
2798,115.0,3.0,
2799,125.0,2.0,
2800,,,
2801,165.0,4.0,
2802,125.0,3.0,
2803,79.0,2.0,
2804,110.0,3.0,
2805,115.0,2.0,
2806,138.0,1.0,
2807,185.0,4.0,
2808,190.0,2.0,
2809,200.0,2.0,
2810,141.0,3.0,
2811,220.0,2.0,
2812,125.0,2.0,
2813,140.0,1.0,
2814,120.0,4.0,
2815,,3.0,
2816,240.0,2.0,
2817,114.0,2.0,
2818,150.0,3.0,
2819,251.0,,
2820,135.0,3.0,
2821,156.0,2.0,
2822,150.0,5.0,
2823,120.0,5.0,
2824,121.0,4.0,
2825,186.0,3.0,
2826,316.0,3.0,
2827,163.0,3.0,
2828,225.0,3.0,
2829,150.0,2.0,
2830,125.0,3.0,
2831,,3.0,
2832,150.0,1.0,
2833,205.0,1.0,
2834,200.0,1.0,
2835,110.0,3.0,
2836,170.0,3.0,
2837,118.0,,
2838,,4.0,
2839,,3.0,
2840,145.0,3.0,
2841,230.0,2.0,
2842,160.0,3.0,
2843,120.0,4.0,
2844,157.0,5.0,
2845,135.0,3.0,
2846,120.0,1.0,
2847,223.0,3.0,
2848,120.0,4.0,
2849,200.0,1.0,
2850,200.0,5.0,
2851,135.0,5.0,
2852,217.0,1.0,
2853,145.0,3.0,
2854,170.0,3.0,
2855,170.0,5.0,
2856,260.0,3.0,
2857,200.0,3.0,
2858,175.0,1.0,
2859,130.0,5.0,
2860,145.0,2.0,
2861,,1.0,
2862,90.0,,
2863,,,
2864,150.0,4.0,
2865,120.0,3.0,
2866,145.0,3.0,
2867,138.0,5.0,
2868,118.0,1.0,
2869,140.0,1.0,
2870,120.0,5.0,
2871,162.0,3.0,
2872,220.0,3.0,
2873,,1.0,
2874,145.0,3.0,
2875,200.0,3.0,
2876,190.0,4.0,
2877,130.0,2.0,
2878,170.0,3.0,
2879,230.0,3.0,
2880,145.0,5.0,
2881,145.0,3.0,
2882,160.0,4.0,
2883,132.0,3.0,
2884,132.0,3.0,
2885,110.0,2.0,
2886,115.0,2.0,
2887,,1.0,
2888,135.0,4.0,
2889,185.0,5.0,
2890,115.0,2.0,
2891,130.0,4.0,
2892,142.0,3.0,
2893,114.0,3.0,
2894,100.0,4.0,
2895,160.0,,
2896,135.0,4.0,
2897,195.0,2.0,
2898,200.0,3.0,
2899,170.0,,
2900,160.0,1.0,
2901,130.0,3.0,
2902,285.0,2.0,
2903,134.0,2.0,
2904,145.0,2.0,
2905,82.0,5.0,
2906,125.0,2.0,
2907,131.0,2.0,
2908,150.0,5.0,
2909,93.0,3.0,
2910,170.0,3.0,
2911,160.0,3.0,
2912,150.0,1.0,
2913,250.0,5.0,
2914,76.0,2.0,
2915,171.0,4.0,
2916,170.0,4.0,
2917,210.0,3.0,
2918,150.0,4.0,
2919,140.0,3.0,
2920,190.0,3.0,
2921,275.0,3.0,
2922,105.0,2.0,
2923,191.0,4.0,
2924,88.0,3.0,
2925,105.0,3.0,
2926,255.0,3.0,
2927,217.0,1.0,
2928,140.0,3.0,
2929,114.0,4.0,
2930,140.0,3.0,
2931,183.0,2.0,
2932,123.0,1.0,
2933,120.0,3.0,
2934,152.0,1.0,
2935,144.0,1.0,
2936,132.0,3.0,
2937,258.0,3.0,
2938,140.0,2.0,
2939,177.0,3.0,
2940,156.0,3.0,
2941,217.0,4.0,
2942,142.0,1.0,
2943,230.0,3.0,
2944,116.0,3.0,
2945,169.0,1.0,
2946,125.0,3.0,
2947,140.0,1.0,
2948,173.0,3.0,
2949,,3.0,
2950,100.0,2.0,
2951,140.0,2.0,
2952,120.0,4.0,
2953,120.0,2.0,
2954,117.0,3.0,
2955,109.0,3.0,
2956,,5.0,
2957,107.0,1.0,
2958,,3.0,
2959,160.0,3.0,
2960,110.0,3.0,
2961,117.0,3.0,
2962,199.0,3.0,
2963,125.0,3.0,
2964,158.0,3.0,
2965,,2.0,
2966,175.0,3.0,
2967,104.0,3.0,
2968,114.0,2.0,
2969,291.0,1.0,
2970,150.0,3.0,
2971,120.0,3.0,
2972,130.0,1.0,
2973,150.0,2.0,
2974,138.0,3.0,
2975,170.0,3.0,
2976,158.0,4.0,
2977,165.0,4.0,
2978,150.0,5.0,
2979,140.0,3.0,
2980,236.0,3.0,
2981,115.0,3.0,
2982,108.0,4.0,
2983,125.0,5.0,
2984,95.0,1.0,
2985,119.0,4.0,
2986,125.0,2.0,
2987,108.0,3.0,
2988,201.0,1.0,
2989,235.0,3.0,
2990,85.0,1.0,
2991,117.0,4.0,
2992,154.0,4.0,
2993,120.0,5.0,
2994,160.0,5.0,
2995,220.0,3.0,
2996,200.0,1.0,
2997,130.0,1.0,
2998,160.0,,
2999,156.0,4.0,
3000,140.0,2.0,
3001,220.0,2.0,
3002,127.0,3.0,
3003,168.0,3.0,
3004,240.0,,
3005,119.0,4.0,
3006,120.0,4.0,
3007,180.0,3.0,
3008,139.0,5.0,
3009,150.0,2.0,
3010,99.0,4.0,
3011,110.0,3.0,
3012,132.0,4.0,
3013,125.0,1.0,
3014,182.0,3.0,
3015,205.0,2.0,
3016,230.0,5.0,
3017,140.0,5.0,
3018,199.0,3.0,
3019,90.0,2.0,
3020,150.0,4.0,
3021,165.0,1.0,
3022,145.0,1.0,
3023,89.0,3.0,
3024,260.0,1.0,
3025,110.0,4.0,
3026,220.0,3.0,
3027,120.0,1.0,
3028,150.0,4.0,
3029,200.0,4.0,
3030,,3.0,
3031,180.0,3.0,
3032,145.0,3.0,
3033,240.0,5.0,
3034,230.0,5.0,
3035,260.0,4.0,
3036,120.0,1.0,
3037,150.0,3.0,
3038,142.0,4.0,
3039,140.0,2.0,
3040,174.0,,
3041,172.0,3.0,
3042,155.0,1.0,
3043,127.0,3.0,
3044,165.0,3.0,
3045,108.0,3.0,
3046,190.0,5.0,
3047,164.0,4.0,
3048,146.0,5.0,
3049,115.0,3.0,
3050,98.0,4.0,
3051,110.0,3.0,
3052,175.0,1.0,
3053,133.0,3.0,
3054,110.0,1.0,
3055,110.0,1.0,
3056,210.0,1.0,
3057,194.0,5.0,
3058,122.0,3.0,
3059,126.0,,
3060,130.0,1.0,
3061,110.0,1.0,
3062,168.0,1.0,
3063,136.0,3.0,
3064,124.0,4.0,
3065,75.0,3.0,
3066,200.0,4.0,
3067,110.0,4.0,
3068,125.0,2.0,
3069,90.0,1.0,
3070,165.0,3.0,
3071,156.0,2.0,
3072,105.0,4.0,
3073,105.0,1.0,
3074,135.0,4.0,
3075,90.0,2.0,
3076,155.0,,
3077,130.0,4.0,
3078,150.0,,
3079,115.0,3.0,
3080,158.0,3.0,
3081,257.0,3.0,
3082,186.0,3.0,
3083,170.0,1.0,
3084,145.0,4.0,
3085,125.0,,
3086,,4.0,
3087,120.0,1.0,
3088,145.0,2.0,
3089,123.0,3.0,
3090,120.0,4.0,
3091,150.0,2.0,
3092,150.0,4.0,
3093,203.0,3.0,
3094,120.0,3.0,
3095,145.0,4.0,
3096,209.0,1.0,
3097,185.0,5.0,
3098,149.0,3.0,
3099,255.0,4.0,
3100,143.0,5.0,
3101,190.0,1.0,
3102,160.0,1.0,
3103,136.0,4.0,
3104,160.0,1.0,
3105,210.0,1.0,
3106,96.0,4.0,
3107,250.0,2.0,
3108,200.0,3.0,
3109,149.0,2.0,
3110,140.0,2.0,
3111,123.0,2.0,
3112,115.0,4.0,
3113,140.0,1.0,
3114,105.0,3.0,
3115,210.0,2.0,
3116,110.0,2.0,
3117,108.0,4.0,
3118,170.0,2.0,
3119,,4.0,
3120,130.0,5.0,
3121,135.0,1.0,
3122,170.0,3.0,
3123,120.0,4.0,
3124,123.0,1.0,
3125,195.0,2.0,
3126,152.0,1.0,
3127,220.0,2.0,
3128,165.0,3.0,
3129,235.0,2.0,
3130,172.0,3.0,
3131,115.0,2.0,
3132,154.0,3.0,
3133,120.0,3.0,
3134,240.0,3.0,
3135,110.0,3.0,
3136,,3.0,
3137,120.0,3.0,
3138,169.0,4.0,
3139,150.0,2.0,
3140,165.0,2.0,
3141,120.0,3.0,
3142,179.0,1.0,
3143,132.0,,
3144,135.0,4.0,
3145,168.0,5.0,
3146,154.0,1.0,
3147,130.0,1.0,
3148,165.0,1.0,
3149,120.0,1.0,
3150,174.0,3.0,
3151,108.0,5.0,
3152,132.0,1.0,
3153,129.0,3.0,
3154,204.0,1.0,
3155,127.0,4.0,
3156,115.0,2.0,
3157,115.0,5.0,
3158,150.0,3.0,
3159,116.0,3.0,
3160,130.0,4.0,
3161,150.0,4.0,
3162,,5.0,
3163,105.0,3.0,
3164,103.0,5.0,
3165,200.0,1.0,
3166,110.0,3.0,
3167,130.0,,
3168,,1.0,
3169,130.0,4.0,
3170,200.0,,
3171,125.0,3.0,
3172,,4.0,
3173,205.0,1.0,
3174,,3.0,
3175,200.0,2.0,
3176,125.0,3.0,
3177,120.0,3.0,
3178,105.0,3.0,
3179,115.0,2.0,
3180,183.0,3.0,
3181,117.0,3.0,
3182,105.0,4.0,
3183,145.0,1.0,
3184,55.0,1.0,
3185,180.0,5.0,
3186,150.0,4.0,
3187,97.0,5.0,
3188,130.0,3.0,
3189,125.0,3.0,
3190,176.0,5.0,
3191,106.0,3.0,
3192,195.0,3.0,
3193,162.0,1.0,
3194,97.0,3.0,
3195,176.0,1.0,
3196,183.0,4.0,
3197,136.0,5.0,
3198,130.0,3.0,
3199,116.0,4.0,
3200,106.0,3.0,
3201,171.0,4.0,
3202,144.0,5.0,
3203,178.0,1.0,
3204,125.0,2.0,
3205,222.0,1.0,
3206,,5.0,
3207,140.0,3.0,
3208,150.0,3.0,
3209,117.0,5.0,
3210,,5.0,
3211,230.0,2.0,
3212,105.0,2.0,
3213,260.0,4.0,
3214,155.0,3.0,
3215,134.0,3.0,
3216,180.0,4.0,
3217,125.0,2.0,
3218,128.0,4.0,
3219,125.0,5.0,
3220,100.0,1.0,
3221,115.0,3.0,
3222,130.0,3.0,
3223,176.0,,
3224,117.0,4.0,
3225,130.0,4.0,
3226,100.0,2.0,
3227,177.0,3.0,
3228,190.0,1.0,
3229,125.0,1.0,
3230,150.0,2.0,
3231,165.0,1.0,
3232,245.0,1.0,
3233,140.0,2.0,
3234,165.0,5.0,
3235,170.0,,
3236,155.0,4.0,
3237,101.0,3.0,
3238,141.0,3.0,
3239,220.0,3.0,
3240,150.0,3.0,
3241,130.0,3.0,
3242,135.0,1.0,
3243,146.0,4.0,
3244,120.0,3.0,
3245,115.0,4.0,
3246,137.0,3.0,
3247,155.0,3.0,
3248,108.0,5.0,
3249,155.0,1.0,
3250,158.0,3.0,
3251,130.0,,
3252,165.0,1.0,
3253,260.0,1.0,
3254,160.0,2.0,
3255,150.0,3.0,
3256,129.0,3.0,
3257,120.0,2.0,
3258,105.0,3.0,
3259,132.0,1.0,
3260,135.0,5.0,
3261,185.0,,
3262,162.0,3.0,
3263,178.0,4.0,
3264,145.0,3.0,
3265,125.0,1.0,
3266,135.0,4.0,
3267,185.0,1.0,
3268,132.0,4.0,
3269,120.0,1.0,
3270,165.0,3.0,
3271,135.0,3.0,
3272,129.0,4.0,
3273,90.0,5.0,
3274,149.0,3.0,
3275,110.0,5.0,
3276,115.0,4.0,
3277,200.0,4.0,
3278,105.0,2.0,
3279,90.0,4.0,
3280,184.0,2.0,
3281,165.0,,
3282,165.0,1.0,
3283,309.0,5.0,
3284,115.0,2.0,
3285,105.0,5.0,
3286,135.0,1.0,
3287,165.0,1.0,
3288,204.0,3.0,
3289,195.0,2.0,
3290,150.0,2.0,
3291,160.0,2.0,
3292,115.0,2.0,
3293,103.0,5.0,
3294,135.0,2.0,
3295,104.0,3.0,
3296,133.0,1.0,
3297,96.0,4.0,
3298,118.0,2.0,
3299,128.0,3.0,
3300,90.0,1.0,
3301,180.0,5.0,
3302,168.0,4.0,
3303,145.0,5.0,
3304,127.0,4.0,
3305,115.0,1.0,
3306,140.0,1.0,
3307,140.0,3.0,
3308,145.0,1.0,
3309,152.0,3.0,
3310,135.0,2.0,
3311,130.0,,
3312,106.0,3.0,
3313,160.0,3.0,
3314,112.0,2.0,
3315,157.0,2.0,
3316,95.0,2.0,
3317,380.0,5.0,
3318,96.0,5.0,
3319,234.0,3.0,
3320,108.0,3.0,
3321,141.0,,
3322,130.0,1.0,
3323,194.0,4.0,
3324,145.0,1.0,
3325,185.0,2.0,
3326,,1.0,
3327,95.0,4.0,
3328,145.0,4.0,
3329,,4.0,
3330,96.0,2.0,
3331,,4.0,
3332,195.0,1.0,
3333,180.0,2.0,
3334,,3.0,
3335,120.0,5.0,
3336,115.0,3.0,
3337,125.0,2.0,
3338,148.0,4.0,
3339,135.0,2.0,
3340,160.0,2.0,
3341,115.0,3.0,
3342,107.0,5.0,
3343,,3.0,
3344,160.0,1.0,
3345,170.0,1.0,
3346,170.0,1.0,
3347,164.0,4.0,
3348,170.0,4.0,
3349,150.0,2.0,
3350,115.0,3.0,
3351,140.0,5.0,
3352,211.0,4.0,
3353,130.0,4.0,
3354,220.0,4.0,
3355,152.0,2.0,
3356,137.0,3.0,
3357,165.0,3.0,
3358,,2.0,
3359,96.0,3.0,
3360,125.0,4.0,
3361,157.0,5.0,
3362,145.0,3.0,
3363,292.0,3.0,
3364,83.0,3.0,
3365,125.0,4.0,
3366,145.0,1.0,
3367,133.0,3.0,
3368,170.0,2.0,
3369,146.0,2.0,
3370,200.0,1.0,
3371,130.0,3.0,
3372,150.0,4.0,
3373,170.0,1.0,
3374,130.0,4.0,
3375,175.0,4.0,
3376,,4.0,
3377,350.0,5.0,
3378,245.0,1.0,
3379,170.0,3.0,
3380,190.0,1.0,
3381,121.0,4.0,
3382,120.0,1.0,
3383,125.0,3.0,
3384,185.0,2.0,
3385,143.0,2.0,
3386,225.0,4.0,
3387,130.0,3.0,
3388,120.0,5.0,
3389,150.0,3.0,
3390,105.0,5.0,
3391,120.0,3.0,
3392,125.0,4.0,
3393,210.0,4.0,
3394,135.0,3.0,
3395,290.0,2.0,
3396,125.0,3.0,
3397,125.0,2.0,
3398,150.0,5.0,
3399,196.0,1.0,
3400,145.0,2.0,
3401,200.0,3.0,
3402,145.0,4.0,
3403,143.0,4.0,
3404,200.0,3.0,
3405,110.0,2.0,
3406,105.0,3.0,
3407,145.0,4.0,
3408,180.0,2.0,
3409,135.0,3.0,
3410,230.0,5.0,
3411,121.0,2.0,
3412,184.0,1.0,
3413,116.0,5.0,
3414,220.0,4.0,
3415,140.0,3.0,
3416,135.0,4.0,
3417,125.0,5.0,
3418,145.0,2.0,
3419,,,
3420,117.0,3.0,
3421,111.0,3.0,
3422,,1.0,
3423,160.0,3.0,
3424,150.0,1.0,
3425,125.0,1.0,
3426,124.0,1.0,
3427,145.0,3.0,
3428,130.0,3.0,
3429,107.0,1.0,
3430,140.0,3.0,
3431,120.0,5.0,
3432,145.0,,
3433,172.0,3.0,
3434,167.0,5.0,
3435,115.0,3.0,
3436,200.0,2.0,
3437,160.0,2.0,
3438,160.0,3.0,
3439,175.0,2.0,
3440,125.0,5.0,
3441,130.0,1.0,
3442,137.0,5.0,
3443,145.0,2.0,
3444,145.0,2.0,
3445,,1.0,
3446,206.0,2.0,
3447,155.0,1.0,
3448,154.0,3.0,
3449,250.0,3.0,
3450,155.0,2.0,
3451,110.0,3.0,
3452,155.0,4.0,
3453,150.0,4.0,
3454,112.0,1.0,
3455,230.0,3.0,
3456,178.0,1.0,
3457,138.0,1.0,
3458,110.0,3.0,
3459,109.0,2.0,
3460,,4.0,
3461,130.0,3.0,
3462,150.0,2.0,
3463,118.0,4.0,
3464,180.0,5.0,
3465,151.0,2.0,
3466,142.0,1.0,
3467,146.0,1.0,
3468,150.0,3.0,
3469,165.0,1.0,
3470,225.0,1.0,
3471,152.0,3.0,
3472,132.0,3.0,
3473,150.0,2.0,
3474,125.0,4.0,
3475,160.0,1.0,
3476,110.0,5.0,
3477,150.0,4.0,
3478,270.0,1.0,
3479,168.0,1.0,
3480,157.0,1.0,
3481,174.0,1.0,
3482,108.0,,
3483,175.0,3.0,
3484,110.0,4.0,
3485,120.0,3.0,
3486,201.0,4.0,
3487,112.0,3.0,
3488,155.0,4.0,
3489,125.0,1.0,
3490,130.0,5.0,
3491,142.0,1.0,
3492,135.0,2.0,
3493,215.0,3.0,
3494,135.0,5.0,
3495,148.0,4.0,
3496,120.0,4.0,
3497,146.0,3.0,
3498,135.0,1.0,
3499,150.0,5.0,
3500,190.0,4.0,
3501,215.0,1.0,
3502,170.0,4.0,
3503,190.0,1.0,
3504,,3.0,
3505,118.0,3.0,
3506,160.0,4.0,
3507,96.0,2.0,
3508,110.0,3.0,
3509,125.0,4.0,
3510,152.0,1.0,
3511,177.0,5.0,
3512,140.0,1.0,
3513,169.0,2.0,
3514,165.0,4.0,
3515,145.0,1.0,
3516,155.0,2.0,
3517,170.0,2.0,
3518,225.0,1.0,
3519,130.0,4.0,
3520,183.0,4.0,
3521,153.0,1.0,
3522,220.0,3.0,
3523,148.0,1.0,
3524,155.0,5.0,
3525,141.0,4.0,
3526,150.0,2.0,
3527,115.0,5.0,
3528,125.0,4.0,
3529,148.0,1.0,
3530,150.0,5.0,
3531,137.0,2.0,
3532,175.0,2.0,
3533,90.0,3.0,
3534,130.0,3.0,
3535,135.0,2.0,
3536,148.0,5.0,
3537,90.0,1.0,
3538,238.0,1.0,
3539,140.0,2.0,
3540,125.0,3.0,
3541,150.0,2.0,
3542,98.0,2.0,
3543,,4.0,
3544,105.0,4.0,
3545,245.0,2.0,
3546,150.0,4.0,
3547,160.0,1.0,
3548,135.0,2.0,
3549,162.0,3.0,
3550,135.0,1.0,
3551,220.0,2.0,
3552,140.0,2.0,
3553,140.0,3.0,
3554,214.0,2.0,
3555,,2.0,
3556,115.0,2.0,
3557,125.0,3.0,
3558,113.0,3.0,
3559,100.0,2.0,
3560,,1.0,
3561,110.0,1.0,
3562,125.0,4.0,
3563,160.0,1.0,
3564,160.0,1.0,
3565,110.0,3.0,
3566,130.0,4.0,
3567,,1.0,
3568,,4.0,
3569,178.0,2.0,
3570,105.0,2.0,
3571,140.0,4.0,
3572,156.0,4.0,
3573,114.0,4.0,
3574,108.0,3.0,
3575,147.0,2.0,
3576,,3.0,
3577,140.0,3.0,
3578,120.0,4.0,
3579,116.0,2.0,
3580,,2.0,
3581,,1.0,
3582,208.0,5.0,
3583,110.0,4.0,
3584,145.0,1.0,
3585,120.0,4.0,
3586,220.0,2.0,
3587,160.0,1.0,
3588,220.0,5.0,
3589,129.0,2.0,
3590,215.0,1.0,
3591,150.0,3.0,
3592,125.0,4.0,
3593,122.0,4.0,
3594,140.0,4.0,
3595,115.0,3.0,
3596,210.0,1.0,
3597,130.0,4.0,
3598,125.0,4.0,
3599,165.0,3.0,
3600,224.0,3.0,
3601,230.0,3.0,
3602,195.0,2.0,
3603,150.0,5.0,
3604,170.0,1.0,
3605,125.0,4.0,
3606,125.0,1.0,
3607,134.0,2.0,
3608,185.0,2.0,
3609,117.0,3.0,
3610,140.0,4.0,
3611,140.0,1.0,
3612,140.0,1.0,
3613,120.0,5.0,
3614,105.0,3.0,
3615,270.0,2.0,
3616,154.0,5.0,
3617,230.0,2.0,
3618,173.0,2.0,
3619,145.0,3.0,
3620,140.0,4.0,
3621,165.0,2.0,
3622,155.0,3.0,
3623,250.0,3.0,
3624,165.0,2.0,
3625,160.0,2.0,
3626,120.0,2.0,
3627,195.0,3.0,
3628,175.0,4.0,
3629,140.0,3.0,
3630,150.0,3.0,
3631,105.0,4.0,
3632,105.0,3.0,
3633,115.0,3.0,
3634,156.0,4.0,
3635,157.0,2.0,
3636,140.0,2.0,
3637,170.0,3.0,
3638,206.0,3.0,
3639,130.0,4.0,
3640,117.0,2.0,
3641,110.0,3.0,
3642,200.0,3.0,
3643,150.0,2.0,
3644,178.0,1.0,
3645,125.0,3.0,
3646,146.0,3.0,
3647,115.0,3.0,
3648,120.0,1.0,
3649,160.0,3.0,
3650,210.0,5.0,
3651,150.0,1.0,
3652,120.0,3.0,
3653,115.0,3.0,
3654,165.0,3.0,
3655,145.0,1.0,
3656,169.0,3.0,
3657,145.0,2.0,
3658,160.0,3.0,
3659,213.0,5.0,
3660,138.0,2.0,
3661,144.0,2.0,
3662,170.0,4.0,
3663,175.0,5.0,
3664,110.0,1.0,
3665,110.0,4.0,
3666,170.0,3.0,
3667,117.0,3.0,
3668,135.0,3.0,
3669,145.0,3.0,
3670,215.0,2.0,
3671,150.0,3.0,
3672,125.0,5.0,
3673,130.0,3.0,
3674,108.0,4.0,
3675,130.0,1.0,
3676,150.0,4.0,
3677,180.0,2.0,
3678,135.0,1.0,
3679,165.0,3.0,
3680,120.0,5.0,
3681,,3.0,
3682,130.0,2.0,
3683,145.0,3.0,
3684,130.0,3.0,
3685,155.0,3.0,
3686,260.0,3.0,
3687,175.0,,
3688,150.0,5.0,
3689,165.0,4.0,
3690,154.0,2.0,
3691,185.0,3.0,
3692,122.0,2.0,
3693,120.0,1.0,
3694,138.0,2.0,
3695,137.0,1.0,
3696,135.0,3.0,
3697,145.0,5.0,
3698,130.0,4.0,
3699,129.0,2.0,
3700,120.0,2.0,
3701,145.0,1.0,
3702,127.0,4.0,
3703,125.0,3.0,
3704,137.0,1.0,
3705,140.0,2.0,
3706,155.0,3.0,
3707,163.0,2.0,
3708,255.0,1.0,
3709,180.0,3.0,
3710,214.0,3.0,
3711,125.0,3.0,
3712,210.0,4.0,
3713,160.0,3.0,
3714,175.0,2.0,
3715,160.0,2.0,
3716,115.0,,
3717,120.0,4.0,
3718,160.0,3.0,
3719,130.0,3.0,
3720,150.0,4.0,
3721,103.0,4.0,
3722,155.0,2.0,
3723,,1.0,
3724,,3.0,
3725,109.0,4.0,
3726,160.0,3.0,
3727,114.0,3.0,
3728,140.0,3.0,
3729,110.0,5.0,
3730,195.0,2.0,
3731,,3.0,
3732,,,
3733,136.0,3.0,
3734,140.0,2.0,
3735,170.0,3.0,
3736,170.0,2.0,
3737,,2.0,
3738,145.0,5.0,
3739,180.0,1.0,
3740,160.0,1.0,
3741,140.0,1.0,
3742,180.0,2.0,
3743,125.0,1.0,
3744,135.0,3.0,
3745,,4.0,
3746,130.0,2.0,
3747,165.0,5.0,
3748,120.0,,
3749,100.0,1.0,
3750,155.0,3.0,
3751,158.0,1.0,
3752,160.0,4.0,
3753,160.0,2.0,
3754,137.0,3.0,
3755,141.0,2.0,
3756,150.0,2.0,
3757,115.0,1.0,
3758,109.0,4.0,
3759,142.0,1.0,
3760,184.0,3.0,
3761,220.0,2.0,
3762,190.0,3.0,
3763,160.0,2.0,
3764,170.0,3.0,
3765,286.0,2.0,
3766,220.0,2.0,
3767,115.0,1.0,
3768,,4.0,
3769,165.0,4.0,
3770,130.0,3.0,
3771,190.0,5.0,
3772,278.0,4.0,
3773,145.0,3.0,
3774,,4.0,
3775,150.0,2.0,
3776,230.0,5.0,
3777,180.0,5.0,
3778,199.0,4.0,
3779,130.0,4.0,
3780,140.0,4.0,
3781,130.0,3.0,
3782,119.0,2.0,
3783,125.0,5.0,
3784,265.0,1.0,
3785,177.0,4.0,
3786,194.0,4.0,
3787,135.0,5.0,
3788,118.0,4.0,
3789,190.0,5.0,
3790,160.0,1.0,
3791,215.0,1.0,
3792,174.0,2.0,
3793,155.0,3.0,
3794,120.0,3.0,
3795,116.0,5.0,
3796,136.0,3.0,
3797,161.0,1.0,
3798,180.0,1.0,
3799,125.0,2.0,
3800,120.0,1.0,
3801,146.0,4.0,
3802,165.0,1.0,
3803,215.0,2.0,
3804,115.0,4.0,
3805,220.0,3.0,
3806,145.0,2.0,
3807,199.0,2.0,
3808,160.0,3.0,
3809,128.0,4.0,
3810,210.0,3.0,
3811,276.0,5.0,
3812,160.0,3.0,
3813,120.0,4.0,
3814,165.0,3.0,
3815,135.0,1.0,
3816,124.0,4.0,
3817,135.0,3.0,
3818,180.0,3.0,
3819,130.0,5.0,
3820,115.0,2.0,
3821,205.0,4.0,
3822,120.0,4.0,
3823,167.0,3.0,
3824,264.0,4.0,
3825,130.0,4.0,
3826,200.0,4.0,
3827,300.0,4.0,
3828,110.0,4.0,
3829,158.0,3.0,
3830,160.0,4.0,
3831,151.0,4.0,
3832,165.0,5.0,
3833,139.0,3.0,
3834,80.0,2.0,
3835,155.0,2.0,
3836,135.0,3.0,
3837,150.0,3.0,
3838,142.0,5.0,
3839,105.0,4.0,
3840,125.0,4.0,
3841,148.0,3.0,
3842,112.0,1.0,
3843,120.0,4.0,
3844,157.0,,
3845,180.0,4.0,
3846,155.0,3.0,
3847,180.0,4.0,
3848,200.0,4.0,
3849,160.0,4.0,
3850,103.0,2.0,
3851,130.0,4.0,
3852,145.0,5.0,
3853,145.0,3.0,
3854,115.0,4.0,
3855,131.0,4.0,
3856,135.0,2.0,
3857,104.0,1.0,
3858,150.0,,
3859,130.0,5.0,
3860,203.0,4.0,
3861,195.0,4.0,
3862,160.0,2.0,
3863,200.0,2.0,
3864,148.0,,
3865,115.0,2.0,
3866,87.0,5.0,
3867,,4.0,
3868,145.0,3.0,
3869,153.0,2.0,
3870,150.0,1.0,
3871,135.0,4.0,
3872,115.0,3.0,
3873,180.0,3.0,
3874,,5.0,
3875,101.0,3.0,
3876,160.0,3.0,
3877,205.0,4.0,
3878,158.0,1.0,
3879,125.0,1.0,
3880,168.0,1.0,
3881,154.0,2.0,
3882,100.0,5.0,
3883,162.0,2.0,
3884,,4.0,
3885,120.0,2.0,
3886,102.0,4.0,
3887,180.0,4.0,
3888,150.0,1.0,
3889,215.0,2.0,
3890,151.0,2.0,
3891,170.0,1.0,
3892,110.0,2.0,
3893,130.0,,
3894,145.0,4.0,
3895,110.0,2.0,
3896,120.0,4.0,
3897,190.0,3.0,
3898,124.0,3.0,
3899,265.0,1.0,
3900,140.0,4.0,
3901,190.0,3.0,
3902,,3.0,
3903,109.0,3.0,
3904,170.0,3.0,
3905,155.0,1.0,
3906,130.0,1.0,
3907,110.0,4.0,
3908,130.0,3.0,
3909,135.0,4.0,
3910,,3.0,
3911,160.0,1.0,
3912,190.0,3.0,
3913,140.0,5.0,
3914,195.0,1.0,
3915,140.0,2.0,
3916,175.0,2.0,
3917,170.0,1.0,
3918,125.0,4.0,
3919,110.0,4.0,
3920,170.0,3.0,
3921,200.0,4.0,
3922,280.0,,
3923,133.0,3.0,
3924,130.0,4.0,
3925,130.0,4.0,
3926,,3.0,
3927,120.0,2.0,
3928,140.0,4.0,
3929,205.0,2.0,
3930,180.0,2.0,
3931,135.0,1.0,
3932,108.0,4.0,
3933,135.0,4.0,
3934,175.0,3.0,
3935,110.0,3.0,
3936,180.0,1.0,
3937,109.0,4.0,
3938,102.0,4.0,
3939,142.0,4.0,
3940,215.0,3.0,
3941,155.0,4.0,
3942,140.0,3.0,
3943,,5.0,
3944,98.0,4.0,
3945,196.0,4.0,
3946,230.0,2.0,
3947,165.0,3.0,
3948,128.0,2.0,
3949,195.0,1.0,
3950,150.0,4.0,
3951,185.0,5.0,
3952,127.0,4.0,
3953,110.0,2.0,
3954,265.0,5.0,
3955,145.0,2.0,
3956,104.0,5.0,
3957,113.0,5.0,
3958,135.0,3.0,
3959,172.0,2.0,
3960,130.0,3.0,
3961,98.0,5.0,
3962,129.0,2.0,
3963,109.0,2.0,
3964,115.0,5.0,
3965,136.0,5.0,
3966,136.0,3.0,
3967,220.0,4.0,
3968,155.0,2.0,
3969,180.0,4.0,
3970,170.0,3.0,
3971,175.0,3.0,
3972,170.0,3.0,
3973,,5.0,
3974,125.0,4.0,
3975,100.0,3.0,
3976,110.0,2.0,
3977,248.0,2.0,
3978,168.0,2.0,
3979,149.0,2.0,
3980,52.0,1.0,
3981,165.0,4.0,
3982,176.0,2.0,
3983,138.0,4.0,
3984,210.0,2.0,
3985,154.0,3.0,
3986,160.0,1.0,
3987,157.0,2.0,
3988,126.0,3.0,
3989,145.0,3.0,
3990,125.0,1.0,
3991,160.0,1.0,
3992,155.0,2.0,
3993,164.0,3.0,
3994,180.0,2.0,
3995,197.0,3.0,
3996,160.0,,
3997,130.0,3.0,
3998,130.0,3.0,
3999,,3.0,
4000,150.0,5.0,
4001,130.0,3.0,
4002,115.0,2.0,
4003,110.0,1.0,
4004,185.0,4.0,
4005,160.0,3.0,
4006,165.0,1.0,
4007,120.0,3.0,
4008,200.0,4.0,
4009,190.0,4.0,
4010,122.0,1.0,
4011,140.0,2.0,
4012,142.0,2.0,
4013,130.0,1.0,
4014,123.0,2.0,
4015,170.0,2.0,
4016,165.0,,
4017,205.0,4.0,
4018,170.0,3.0,
4019,225.0,5.0,
4020,190.0,2.0,
4021,113.0,3.0,
4022,235.0,2.0,
4023,145.0,1.0,
4024,170.0,1.0,
4025,185.0,3.0,
4026,100.0,3.0,
4027,204.0,2.0,
4028,165.0,,
4029,,2.0,
4030,95.0,3.0,
4031,132.0,3.0,
4032,,,
4033,,1.0,
4034,125.0,,
4035,125.0,3.0,
4036,,1.0,
4037,195.0,2.0,
4038,215.0,2.0,
4039,190.0,2.0,
4040,135.0,3.0,
4041,148.0,3.0,
4042,155.0,3.0,
4043,145.0,3.0,
4044,125.0,,
4045,180.0,4.0,
4046,135.0,3.0,
4047,145.0,4.0,
4048,175.0,3.0,
4049,215.0,1.0,
4050,225.0,3.0,
4051,164.0,3.0,
4052,187.0,2.0,
4053,158.0,2.0,
4054,180.0,4.0,
4055,120.0,1.0,
4056,170.0,4.0,
4057,150.0,1.0,
4058,225.0,,
4059,145.0,3.0,
4060,190.0,1.0,
4061,151.0,2.0,
4062,195.0,4.0,
4063,140.0,2.0,
4064,145.0,2.0,
4065,145.0,3.0,
4066,220.0,2.0,
4067,110.0,1.0,
4068,130.0,2.0,
4069,158.0,1.0,
4070,170.0,2.0,
4071,120.0,4.0,
4072,180.0,2.0,
4073,195.0,1.0,
4074,220.0,2.0,
4075,167.0,1.0,
4076,195.0,2.0,
4077,,1.0,
4078,135.0,3.0,
4079,260.0,,
4080,178.0,1.0,
4081,225.0,5.0,
4082,150.0,2.0,
4083,160.0,3.0,
4084,183.0,3.0,
4085,186.0,3.0,
4086,213.0,3.0,
4087,135.0,1.0,
4088,145.0,1.0,
4089,130.0,1.0,
4090,160.0,2.0,
4091,130.0,3.0,
4092,175.0,1.0,
4093,145.0,4.0,
4094,161.0,1.0,
4095,177.0,2.0,
4096,155.0,1.0,
4097,140.0,1.0,
4098,167.0,3.0,
4099,132.0,1.0,
4100,130.0,1.0,
4101,135.0,1.0,
4102,170.0,2.0,
4103,185.0,1.0,
4104,125.0,1.0,
4105,160.0,2.0,
4106,163.0,4.0,
4107,133.0,3.0,
4108,172.0,3.0,
4109,192.0,2.0,
4110,140.0,3.0,
4111,208.0,3.0,
4112,248.0,3.0,
4113,120.0,1.0,
4114,180.0,2.0,
4115,144.0,3.0,
4116,135.0,1.0,
4117,170.0,3.0,
4118,195.0,3.0,
4119,175.0,1.0,
4120,160.0,4.0,
4121,160.0,,
4122,180.0,4.0,
4123,325.0,3.0,
4124,195.0,4.0,
4125,145.0,3.0,
4126,160.0,1.0,
4127,130.0,5.0,
4128,192.0,2.0,
4129,150.0,2.0,
4130,190.0,3.0,
4131,250.0,2.0,
4132,125.0,4.0,
4133,159.0,4.0,
4134,115.0,2.0,
4135,175.0,4.0,
4136,230.0,4.0,
4137,205.0,3.0,
4138,109.0,4.0,
4139,136.0,3.0,
4140,130.0,1.0,
4141,122.0,4.0,
4142,105.0,2.0,
4143,220.0,3.0,
4144,130.0,4.0,
4145,180.0,2.0,
4146,158.0,3.0,
4147,120.0,3.0,
4148,180.0,4.0,
4149,115.0,3.0,
4150,125.0,4.0,
4151,,1.0,
4152,115.0,4.0,
4153,190.0,2.0,
4154,165.0,1.0,
4155,130.0,5.0,
4156,214.0,2.0,
4157,119.0,3.0,
4158,135.0,3.0,
4159,119.0,3.0,
4160,165.0,4.0,
4161,140.0,2.0,
4162,210.0,3.0,
4163,130.0,1.0,
4164,96.0,3.0,
4165,155.0,2.0,
4166,133.0,3.0,
4167,97.0,4.0,
4168,115.0,4.0,
4169,150.0,1.0,
4170,185.0,4.0,
4171,200.0,1.0,
4172,152.0,2.0,
4173,162.0,3.0,
4174,128.0,1.0,
4175,210.0,3.0,
4176,260.0,2.0,
4177,153.0,4.0,
4178,170.0,2.0,
4179,90.0,,
4180,157.0,3.0,
4181,145.0,3.0,
4182,110.0,2.0,
4183,135.0,2.0,
4184,95.0,4.0,
4185,140.0,1.0,
4186,182.0,2.0,
4187,190.0,4.0,
4188,155.0,4.0,
4189,110.0,1.0,
4190,138.0,3.0,
4191,180.0,4.0,
4192,137.0,1.0,
4193,108.0,1.0,
4194,126.0,4.0,
4195,168.0,2.0,
4196,280.0,,
4197,140.0,2.0,
4198,135.0,2.0,
4199,230.0,2.0,
4200,104.0,5.0,
4201,325.0,3.0,
4202,98.0,3.0,
4203,92.0,5.0,
4204,140.0,2.0,
4205,,3.0,
4206,182.0,4.0,
4207,99.0,5.0,
4208,238.0,1.0,
4209,221.0,2.0,
4210,126.0,2.0,
4211,140.0,5.0,
4212,,,
4213,120.0,4.0,
4214,160.0,3.0,
4215,180.0,1.0,
4216,130.0,3.0,
4217,143.0,3.0,
4218,115.0,3.0,
4219,150.0,1.0,
4220,115.0,1.0,
4221,167.0,2.0,
4222,215.0,1.0,
4223,120.0,2.0,
4224,168.0,2.0,
4225,235.0,4.0,
4226,245.0,5.0,
4227,175.0,2.0,
4228,110.0,3.0,
4229,150.0,2.0,
4230,201.0,5.0,
4231,128.0,2.0,
4232,185.0,2.0,
4233,140.0,3.0,
4234,180.0,3.0,
4235,120.0,3.0,
4236,155.0,3.0,
4237,170.0,,
4238,175.0,2.0,
4239,145.0,3.0,
4240,155.0,1.0,
4241,135.0,2.0,
4242,130.0,3.0,
4243,110.0,3.0,
4244,125.0,4.0,
4245,150.0,2.0,
4246,135.0,5.0,
4247,112.0,2.0,
4248,145.0,3.0,
4249,145.0,1.0,
4250,160.0,3.0,
4251,167.0,4.0,
4252,240.0,4.0,
4253,170.0,3.0,
4254,,3.0,
4255,140.0,4.0,
4256,109.0,3.0,
4257,115.0,3.0,
4258,114.0,4.0,
4259,150.0,3.0,
4260,108.0,4.0,
4261,121.0,3.0,
4262,205.0,1.0,
4263,135.0,1.0,
4264,139.0,4.0,
4265,167.0,3.0,
4266,150.0,5.0,
4267,119.0,3.0,
4268,130.0,,
4269,101.0,3.0,
4270,156.0,3.0,
4271,109.0,4.0,
4272,175.0,1.0,
4273,130.0,2.0,
4274,121.0,2.0,
4275,165.0,1.0,
4276,145.0,3.0,
4277,110.0,3.0,
4278,185.0,4.0,
4279,130.0,1.0,
4280,175.0,4.0,
4281,180.0,3.0,
4282,130.0,2.0,
4283,135.0,2.0,
4284,120.0,3.0,
4285,250.0,1.0,
4286,110.0,2.0,
4287,155.0,4.0,
4288,140.0,2.0,
4289,185.0,3.0,
4290,115.0,4.0,
4291,140.0,2.0,
4292,130.0,2.0,
4293,125.0,2.0,
4294,153.0,1.0,
4295,180.0,4.0,
4296,185.0,2.0,
4297,135.0,1.0,
4298,135.0,1.0,
4299,130.0,4.0,
4300,,4.0,
4301,143.0,4.0,
4302,150.0,2.0,
4303,149.0,3.0,
4304,128.0,2.0,
4305,175.0,1.0,
4306,150.0,2.0,
4307,165.0,4.0,
4308,120.0,3.0,
4309,138.0,3.0,
4310,101.0,2.0,
4311,123.0,3.0,
4312,180.0,3.0,
4313,125.0,3.0,
4314,120.0,4.0,
4315,120.0,3.0,
4316,120.0,2.0,
4317,90.0,3.0,
4318,124.0,4.0,
4319,240.0,2.0,
4320,157.0,1.0,
4321,250.0,4.0,
4322,130.0,,
4323,150.0,5.0,
4324,126.0,4.0,
4325,143.0,1.0,
4326,,4.0,
4327,175.0,1.0,
4328,150.0,4.0,
4329,180.0,5.0,
4330,250.0,,
4331,185.0,4.0,
4332,205.0,3.0,
4333,160.0,3.0,
4334,165.0,2.0,
4335,120.0,3.0,
4336,145.0,4.0,
4337,183.0,2.0,
4338,175.0,1.0,
4339,210.0,4.0,
4340,210.0,4.0,
4341,135.0,5.0,
4342,135.0,3.0,
4343,290.0,4.0,
4344,99.0,5.0,
4345,102.0,,
4346,115.0,4.0,
4347,93.0,3.0,
4348,160.0,3.0,
4349,135.0,4.0,
4350,110.0,5.0,
4351,125.0,1.0,
4352,140.0,3.0,
4353,118.0,,
4354,145.0,3.0,
4355,127.0,1.0,
4356,228.0,,
4357,155.0,4.0,
4358,132.0,2.0,
4359,135.0,2.0,
4360,150.0,,
4361,170.0,2.0,
4362,155.0,2.0,
4363,,3.0,
4364,145.0,4.0,
4365,128.0,,
4366,130.0,3.0,
4367,122.0,3.0,
4368,125.0,4.0,
4369,250.0,2.0,
4370,170.0,5.0,
4371,100.0,3.0,
4372,119.0,3.0,
4373,240.0,3.0,
4374,110.0,4.0,
4375,120.0,,
4376,120.0,3.0,
4377,121.0,3.0,
4378,90.0,2.0,
4379,100.0,4.0,
4380,125.0,2.0,
4381,230.0,2.0,
4382,114.0,2.0,
4383,171.0,,
4384,,3.0,
4385,225.0,3.0,
4386,160.0,3.0,
4387,107.0,1.0,
4388,105.0,2.0,
4389,225.0,3.0,
4390,150.0,1.0,
4391,136.0,,
4392,152.0,1.0,
4393,173.0,4.0,
4394,130.0,4.0,
4395,125.0,1.0,
4396,,,
4397,109.0,5.0,
4398,152.0,2.0,
4399,,3.0,
4400,130.0,5.0,
4401,185.0,1.0,
4402,157.0,1.0,
4403,95.0,,
4404,245.0,3.0,
4405,118.0,4.0,
4406,119.0,,
4407,153.0,4.0,
4408,145.0,3.0,
4409,110.0,2.0,
4410,175.0,4.0,
4411,240.0,,
4412,148.0,4.0,
4413,157.0,3.0,
4414,198.0,4.0,
4415,200.0,3.0,
4416,120.0,5.0,
4417,155.0,3.0,
4418,140.0,4.0,
4419,169.0,,
4420,128.0,2.0,
4421,210.0,4.0,
4422,282.0,,
4423,135.0,1.0,
4424,275.0,3.0,
4425,180.0,,
4426,98.0,4.0,
4427,108.0,2.0,
4428,140.0,3.0,
4429,210.0,2.0,
4430,140.0,4.0,
4431,130.0,,
4432,230.0,4.0,
4433,120.0,3.0,
4434,185.0,1.0,
4435,190.0,4.0,
4436,165.0,5.0,
4437,155.0,,
4438,310.0,3.0,
4439,158.0,3.0,
4440,135.0,2.0,
4441,,5.0,
4442,135.0,,
4443,399.0,2.0,
4444,190.0,1.0,
4445,203.0,3.0,
4446,146.0,4.0,
4447,108.0,3.0,
4448,151.0,3.0,
4449,129.0,3.0,
4450,165.0,2.0,
4451,175.0,,
4452,165.0,2.0,
4453,128.0,1.0,
4454,,2.0,
4455,100.0,4.0,
4456,128.0,,
4457,157.0,1.0,
4458,163.0,2.0,
4459,103.0,1.0,
4460,108.0,4.0,
4461,130.0,3.0,
4462,91.0,4.0,
4463,123.0,,
4464,147.0,1.0,
4465,300.0,,
4466,135.0,4.0,
4467,132.0,1.0,
4468,112.0,4.0,
4469,208.0,2.0,
4470,135.0,,
4471,145.0,1.0,
4472,121.0,4.0,
4473,124.0,4.0,
4474,88.0,4.0,
4475,130.0,3.0,
4476,145.0,1.0,
4477,150.0,4.0,
4478,139.0,3.0,
4479,66.0,,
4480,118.0,1.0,
4481,150.0,4.0,
4482,123.0,1.0,
4483,151.0,3.0,
4484,160.0,2.0,
4485,,1.0,
4486,128.0,,
4487,125.0,4.0,
4488,190.0,,
4489,113.0,4.0,
4490,130.0,4.0,
4491,182.0,3.0,
4492,225.0,4.0,
4493,160.0,,
4494,200.0,3.0,
4495,95.0,3.0,
4496,235.0,1.0,
4497,399.0,,
4498,123.0,5.0,
4499,132.0,3.0,
4500,230.0,,
4501,120.0,5.0,
4502,125.0,2.0,
4503,160.0,2.0,
4504,190.0,3.0,
4505,170.0,2.0,
4506,135.0,3.0,
4507,136.0,1.0,
4508,148.0,5.0,
4509,140.0,4.0,
4510,125.0,3.0,
4511,135.0,3.0,
4512,198.0,4.0,
4513,160.0,1.0,
4514,150.0,,
4515,150.0,5.0,
4516,112.0,5.0,
4517,158.0,4.0,
4518,175.0,3.0,
4519,182.0,3.0,
4520,160.0,,
4521,243.0,1.0,
4522,140.0,2.0,
4523,148.0,1.0,
4524,95.0,4.0,
4525,,4.0,
4526,175.0,2.0,
4527,150.0,,
4528,125.0,1.0,
4529,100.0,3.0,
4530,150.0,4.0,
4531,140.0,3.0,
4532,120.0,3.0,
4533,135.0,3.0,
4534,120.0,1.0,
4535,190.0,3.0,
4536,120.0,4.0,
4537,,4.0,
4538,140.0,2.0,
4539,120.0,2.0,
4540,270.0,3.0,
4541,170.0,2.0,
4542,145.0,3.0,
4543,150.0,1.0,
4544,140.0,1.0,
4545,201.0,2.0,
4546,145.0,2.0,
4547,136.0,,
4548,190.0,3.0,
4549,,2.0,
4550,130.0,4.0,
4551,85.0,2.0,
4552,159.0,1.0,
4553,140.0,,
4554,,4.0,
4555,170.0,1.0,
4556,135.0,3.0,
4557,210.0,3.0,
4558,,5.0,
4559,140.0,2.0,
4560,110.0,4.0,
4561,220.0,2.0,
4562,125.0,2.0,
4563,145.0,5.0,
4564,210.0,3.0,
4565,210.0,5.0,
4566,,1.0,
4567,185.0,5.0,
4568,100.0,1.0,
4569,115.0,3.0,
4570,140.0,3.0,
4571,106.0,2.0,
4572,135.0,4.0,
4573,215.0,4.0,
4574,126.0,4.0,
4575,150.0,1.0,
4576,,4.0,
4577,110.0,3.0,
4578,180.0,3.0,
4579,126.0,2.0,
4580,140.0,1.0,
4581,105.0,4.0,
4582,120.0,4.0,
4583,150.0,1.0,
4584,113.0,3.0,
4585,165.0,1.0,
4586,109.0,4.0,
4587,120.0,3.0,
4588,164.0,3.0,
4589,130.0,1.0,
4590,,4.0,
4591,160.0,,
4592,200.0,2.0,
4593,90.0,,
4594,,2.0,
4595,130.0,2.0,
4596,127.0,4.0,
4597,180.0,1.0,
4598,130.0,2.0,
4599,160.0,4.0,
4600,175.0,5.0,
4601,120.0,1.0,
4602,170.0,,
4603,177.0,3.0,
4604,140.0,,
4605,217.0,5.0,
4606,115.0,2.0,
4607,120.0,1.0,
4608,135.0,,
4609,155.0,1.0,
4610,160.0,1.0,
4611,200.0,4.0,
4612,120.0,,
4613,130.0,,
4614,93.0,4.0,
4615,116.0,5.0,
4616,136.0,1.0,
4617,130.0,4.0,
4618,138.0,,
4619,143.0,1.0,
4620,103.0,1.0,
4621,129.0,3.0,
4622,128.0,3.0,
4623,,3.0,
4624,160.0,2.0,
4625,120.0,3.0,
4626,140.0,1.0,
4627,100.0,3.0,
4628,145.0,3.0,
4629,103.0,5.0,
4630,190.0,3.0,
4631,155.0,3.0,
4632,155.0,3.0,
4633,170.0,5.0,
4634,155.0,2.0,
4635,97.0,1.0,
4636,125.0,1.0,
4637,120.0,3.0,
4638,145.0,1.0,
4639,185.0,4.0,
4640,132.0,3.0,
4641,,3.0,
4642,100.0,1.0,
4643,105.0,1.0,
4644,135.0,4.0,
4645,135.0,4.0,
4646,170.0,1.0,
4647,130.0,1.0,
4648,115.0,5.0,
4649,140.0,3.0,
4650,130.0,3.0,
4651,145.0,4.0,
4652,125.0,3.0,
4653,161.0,2.0,
4654,112.0,1.0,
4655,132.0,4.0,
4656,110.0,3.0,
4657,178.0,4.0,
4658,209.0,2.0,
4659,155.0,3.0,
4660,160.0,1.0,
4661,125.0,3.0,
4662,134.0,3.0,
4663,145.0,1.0,
4664,125.0,1.0,
4665,135.0,2.0,
4666,150.0,2.0,
4667,130.0,2.0,
4668,,1.0,
4669,127.0,4.0,
4670,150.0,1.0,
4671,120.0,3.0,
4672,155.0,3.0,
4673,125.0,4.0,
4674,108.0,2.0,
4675,142.0,1.0,
4676,158.0,3.0,
4677,125.0,3.0,
4678,135.0,4.0,
4679,138.0,3.0,
4680,136.0,3.0,
4681,135.0,4.0,
4682,105.0,3.0,
4683,142.0,3.0,
4684,128.0,3.0,
4685,125.0,3.0,
4686,170.0,2.0,
4687,110.0,2.0,
4688,130.0,1.0,
4689,127.0,2.0,
4690,145.0,4.0,
4691,120.0,3.0,
4692,130.0,2.0,
4693,129.0,4.0,
4694,140.0,4.0,
4695,138.0,3.0,
4696,125.0,2.0,
4697,138.0,2.0,
4698,130.0,3.0,
4699,131.0,3.0,
4700,190.0,5.0,
4701,130.0,3.0,
4702,200.0,3.0,
4703,105.0,3.0,
4704,135.0,5.0,
4705,160.0,3.0,
4706,157.0,3.0,
4707,189.0,5.0,
4708,205.0,1.0,
4709,180.0,3.0,
4710,145.0,4.0,
4711,147.0,1.0,
4712,150.0,4.0,
4713,107.0,3.0,
4714,115.0,5.0,
4715,240.0,3.0,
4716,170.0,3.0,
4717,165.0,1.0,
4718,163.0,5.0,
4719,121.0,4.0,
4720,135.0,2.0,
4721,270.0,1.0,
4722,113.0,2.0,
4723,190.0,1.0,
4724,,3.0,
4725,107.0,4.0,
4726,320.0,4.0,
4727,243.0,3.0,
4728,135.0,1.0,
4729,140.0,4.0,
4730,200.0,2.0,
4731,250.0,3.0,
4732,,4.0,
4733,,5.0,
4734,224.0,3.0,
4735,305.0,2.0,
4736,123.0,1.0,
4737,115.0,1.0,
4738,190.0,2.0,
4739,108.0,3.0,
4740,108.0,2.0,
4741,145.0,1.0,
4742,135.0,2.0,
4743,160.0,1.0,
4744,230.0,2.0,
4745,83.0,1.0,
4746,125.0,3.0,
4747,101.0,3.0,
4748,140.0,2.0,
4749,112.0,4.0,
4750,242.0,2.0,
4751,205.0,2.0,
4752,171.0,4.0,
4753,170.0,3.0,
4754,190.0,1.0,
4755,125.0,3.0,
4756,120.0,3.0,
4757,250.0,4.0,
4758,160.0,4.0,
4759,275.0,3.0,
4760,105.0,4.0,
4761,155.0,1.0,
4762,,4.0,
4763,150.0,4.0,
4764,175.0,2.0,
4765,165.0,3.0,
4766,160.0,2.0,
4767,,3.0,
4768,93.0,3.0,
4769,110.0,3.0,
4770,315.0,1.0,
4771,180.0,2.0,
4772,116.0,4.0,
4773,135.0,5.0,
4774,135.0,4.0,
4775,143.0,1.0,
4776,230.0,4.0,
4777,210.0,4.0,
4778,190.0,2.0,
4779,97.0,4.0,
4780,120.0,2.0,
4781,185.0,3.0,
4782,180.0,1.0,
4783,250.0,4.0,
4784,169.0,5.0,
4785,210.0,3.0,
4786,267.0,4.0,
4787,,4.0,
4788,185.0,3.0,
4789,110.0,3.0,
4790,121.0,3.0,
4791,195.0,1.0,
4792,145.0,1.0,
4793,132.0,4.0,
4794,160.0,4.0,
4795,115.0,4.0,
4796,107.0,2.0,
4797,141.0,2.0,
4798,171.0,5.0,
4799,,3.0,
4800,,,
4801,145.0,5.0,
4802,176.0,5.0,
4803,101.0,4.0,
4804,213.0,3.0,
4805,144.0,3.0,
4806,184.0,4.0,
4807,163.0,4.0,
4808,130.0,2.0,
4809,165.0,2.0,
4810,135.0,3.0,
4811,180.0,4.0,
4812,106.0,4.0,
4813,130.0,1.0,
4814,130.0,2.0,
4815,200.0,5.0,
4816,150.0,3.0,
4817,127.0,2.0,
4818,176.0,3.0,
4819,120.0,4.0,
4820,225.0,2.0,
4821,235.0,4.0,
4822,109.0,4.0,
4823,150.0,1.0,
4824,170.0,3.0,
4825,173.0,3.0,
4826,163.0,2.0,
4827,,2.0,
4828,150.0,3.0,
4829,216.0,2.0,
4830,163.0,1.0,
4831,140.0,3.0,
4832,180.0,2.0,
4833,215.0,4.0,
4834,176.0,1.0,
4835,125.0,2.0,
4836,136.0,4.0,
4837,165.0,2.0,
4838,119.0,1.0,
4839,182.0,2.0,
4840,155.0,2.0,
4841,399.0,5.0,
4842,128.0,1.0,
4843,168.0,2.0,
4844,165.0,1.0,
4845,,4.0,
4846,150.0,1.0,
4847,130.0,3.0,
4848,119.0,3.0,
4849,170.0,2.0,
4850,125.0,,
4851,160.0,2.0,
4852,140.0,4.0,
4853,163.0,2.0,
4854,101.0,1.0,
4855,208.0,4.0,
4856,,4.0,
4857,97.0,5.0,
4858,99.0,2.0,
4859,135.0,3.0,
4860,,1.0,
4861,135.0,3.0,
4862,123.0,4.0,
4863,160.0,5.0,
4864,155.0,1.0,
4865,194.0,,
4866,130.0,4.0,
4867,145.0,2.0,
4868,275.0,3.0,
4869,116.0,3.0,
4870,105.0,2.0,
4871,135.0,,
4872,150.0,2.0,
4873,150.0,4.0,
4874,206.0,2.0,
4875,155.0,4.0,
4876,143.0,3.0,
4877,120.0,4.0,
4878,140.0,2.0,
4879,110.0,3.0,
4880,145.0,3.0,
4881,175.0,4.0,
4882,185.0,3.0,
4883,195.0,2.0,
4884,140.0,2.0,
4885,122.0,2.0,
4886,152.0,2.0,
4887,210.0,4.0,
4888,150.0,2.0,
4889,125.0,3.0,
4890,142.0,4.0,
4891,149.0,1.0,
4892,130.0,3.0,
4893,105.0,3.0,
4894,130.0,3.0,
4895,110.0,2.0,
4896,160.0,3.0,
4897,102.0,3.0,
4898,140.0,2.0,
4899,123.0,3.0,
4900,140.0,1.0,
4901,190.0,5.0,
4902,125.0,4.0,
4903,150.0,4.0,
4904,145.0,5.0,
4905,160.0,2.0,
4906,145.0,3.0,
4907,105.0,3.0,
4908,235.0,1.0,
4909,150.0,5.0,
4910,137.0,2.0,
4911,265.0,2.0,
4912,130.0,1.0,
4913,180.0,4.0,
4914,170.0,1.0,
4915,138.0,4.0,
4916,220.0,2.0,
4917,139.0,1.0,
4918,125.0,2.0,
4919,127.0,4.0,
4920,110.0,3.0,
4921,121.0,3.0,
4922,140.0,4.0,
4923,160.0,1.0,
4924,175.0,5.0,
4925,153.0,3.0,
4926,161.0,3.0,
4927,154.0,3.0,
4928,210.0,2.0,
4929,100.0,4.0,
4930,140.0,4.0,
4931,135.0,4.0,
4932,110.0,5.0,
4933,120.0,4.0,
4934,175.0,4.0,
4935,114.0,3.0,
4936,150.0,4.0,
4937,182.0,1.0,
4938,160.0,3.0,
4939,150.0,2.0,
4940,148.0,2.0,
4941,130.0,2.0,
4942,145.0,4.0,
4943,132.0,2.0,
4944,140.0,4.0,
4945,140.0,4.0,
4946,116.0,5.0,
4947,160.0,3.0,
4948,120.0,4.0,
4949,120.0,3.0,
4950,160.0,4.0,
4951,132.0,3.0,
4952,120.0,4.0,
4953,193.0,4.0,
4954,140.0,4.0,
4955,150.0,3.0,
4956,130.0,4.0,
4957,260.0,4.0,
4958,140.0,4.0,
4959,135.0,3.0,
4960,170.0,3.0,
4961,164.0,5.0,
4962,170.0,4.0,
4963,110.0,4.0,
4964,135.0,4.0,
4965,125.0,4.0,
4966,140.0,3.0,
4967,115.0,3.0,
4968,195.0,4.0,
4969,125.0,3.0,
4970,120.0,4.0,
4971,160.0,4.0,
4972,190.0,3.0,
4973,115.0,3.0,
4974,155.0,3.0,
4975,145.0,3.0,
4976,128.0,5.0,
4977,240.0,2.0,
4978,185.0,3.0,
4979,150.0,2.0,
4980,180.0,1.0,
4981,152.0,4.0,
4982,180.0,3.0,
4983,,2.0,
4984,131.0,1.0,
4985,125.0,2.0,
4986,300.0,1.0,
4987,165.0,3.0,
4988,173.0,3.0,
4989,240.0,3.0,
4990,220.0,4.0,
4991,150.0,2.0,
4992,198.0,3.0,
4993,118.0,2.0,
4994,115.0,5.0,
4995,187.0,2.0,
4996,154.0,5.0,
4997,140.0,3.0,
4998,230.0,3.0,
4999,110.0,5.0,
5000,183.0,2.0,
5001,317.0,1.0,
5002,154.0,1.0,
5003,173.0,3.0,
5004,153.0,1.0,
5005,124.0,1.0,
5006,224.0,3.0,
5007,125.0,2.0,
5008,182.0,2.0,
5009,,3.0,
5010,148.0,3.0,
5011,,3.0,
5012,150.0,3.0,
5013,210.0,3.0,
5014,168.0,4.0,
5015,223.0,3.0,
5016,136.0,4.0,
5017,125.0,2.0,
5018,280.0,1.0,
5019,98.0,3.0,
5020,350.0,2.0,
5021,119.0,2.0,
5022,110.0,3.0,
5023,195.0,3.0,
5024,185.0,1.0,
5025,150.0,1.0,
5026,173.0,1.0,
5027,110.0,4.0,
5028,210.0,3.0,
5029,185.0,1.0,
5030,,5.0,
5031,160.0,3.0,
5032,102.0,,
5033,140.0,4.0,
5034,157.0,1.0,
5035,,,
5036,287.0,4.0,
5037,144.0,2.0,
5038,185.0,1.0,
5039,230.0,2.0,
5040,,,
5041,161.0,5.0,
5042,119.0,5.0,
5043,175.0,1.0,
5044,125.0,1.0,
5045,122.0,2.0,
5046,150.0,4.0,
5047,186.0,1.0,
5048,178.0,3.0,
5049,98.0,3.0,
5050,115.0,3.0,
5051,164.0,2.0,
5052,180.0,1.0,
5053,255.0,2.0,
5054,228.0,1.0,
5055,180.0,4.0,
5056,105.0,4.0,
5057,168.0,5.0,
5058,130.0,4.0,
5059,160.0,3.0,
5060,,4.0,
5061,217.0,3.0,
5062,205.0,4.0,
5063,195.0,1.0,
5064,200.0,1.0,
5065,218.0,3.0,
5066,220.0,4.0,
5067,140.0,1.0,
5068,150.0,5.0,
5069,174.0,1.0,
5070,165.0,3.0,
5071,95.0,3.0,
5072,142.0,5.0,
5073,225.0,3.0,
5074,150.0,4.0,
5075,140.0,1.0,
5076,141.0,2.0,
5077,142.0,2.0,
5078,200.0,1.0,
5079,160.0,2.0,
5080,123.0,3.0,
5081,155.0,2.0,
5082,140.0,4.0,
5083,155.0,2.0,
5084,182.0,3.0,
5085,267.0,2.0,
5086,120.0,1.0,
5087,165.0,2.0,
5088,165.0,2.0,
5089,142.0,1.0,
5090,160.0,3.0,
5091,135.0,1.0,
5092,158.0,2.0,
5093,153.0,2.0,
5094,150.0,3.0,
5095,147.0,3.0,2.0
5096,145.0,1.0,
5097,220.0,3.0,
5098,182.0,,
5099,125.0,,
5100,220.0,2.0,
5101,225.0,3.0,
5102,112.0,4.0,
5103,230.0,3.0,
5104,162.0,,
5105,140.0,4.0,
5106,110.0,3.0,
5107,200.0,4.0,
5108,220.0,,
5109,158.0,2.0,
5110,160.0,1.0,
5111,135.0,3.0,
5112,140.0,2.0,
5113,155.0,3.0,
5114,120.0,3.0,
5115,130.0,3.0,
5116,,5.0,
5117,,3.0,
5118,110.0,3.0,
5119,198.0,5.0,
5120,110.0,4.0,
5121,100.0,4.0,
5122,144.0,3.0,
5123,169.0,1.0,
5124,113.0,4.0,
5125,142.0,3.0,
5126,178.0,4.0,
5127,160.0,2.0,
5128,160.0,3.0,
5129,145.0,3.0,
5130,180.0,4.0,
5131,95.0,1.0,
5132,135.0,4.0,
5133,175.0,1.0,
5134,146.0,4.0,
5135,174.0,2.0,
5136,132.0,4.0,
5137,160.0,1.0,
5138,170.0,3.0,
5139,130.0,2.0,
5140,,3.0,
5141,122.0,5.0,
5142,111.0,5.0,
5143,120.0,4.0,
5144,130.0,4.0,
5145,170.0,2.0,
5146,160.0,3.0,
5147,,3.0,
5148,200.0,2.0,
5149,145.0,3.0,
5150,114.0,3.0,
5151,130.0,4.0,
5152,180.0,3.0,
5153,130.0,1.0,
5154,140.0,2.0,
5155,135.0,4.0,
5156,,4.0,
5157,160.0,3.0,
5158,135.0,2.0,
5159,192.0,1.0,
5160,100.0,3.0,
5161,120.0,3.0,
5162,200.0,3.0,
5163,60.0,2.0,
5164,212.0,4.0,
5165,240.0,4.0,
5166,117.0,4.0,
5167,132.0,4.0,
5168,115.0,2.0,
5169,175.0,1.0,
5170,120.0,3.0,
5171,162.0,1.0,
5172,,1.0,
5173,110.0,4.0,
5174,140.0,1.0,
5175,135.0,2.0,
5176,120.0,4.0,
5177,120.0,3.0,
5178,128.0,2.0,
5179,108.0,4.0,
5180,150.0,3.0,
5181,115.0,3.0,
5182,172.0,2.0,
5183,130.0,4.0,
5184,165.0,2.0,
5185,135.0,3.0,
5186,128.0,1.0,
5187,,4.0,
5188,180.0,3.0,
5189,130.0,3.0,
5190,130.0,4.0,
5191,135.0,4.0,
5192,115.0,3.0,
5193,155.0,4.0,
5194,157.0,4.0,
5195,105.0,5.0,
5196,110.0,3.0,
5197,148.0,2.0,
5198,190.0,4.0,
5199,101.0,5.0,
5200,180.0,,
5201,134.0,2.0,
5202,220.0,3.0,
5203,125.0,3.0,
5204,135.0,3.0,
5205,300.0,5.0,
5206,140.0,1.0,
5207,175.0,4.0,
5208,185.0,1.0,
5209,120.0,4.0,
5210,100.0,4.0,
5211,141.0,4.0,
5212,210.0,3.0,
5213,236.0,2.0,
5214,150.0,3.0,
5215,135.0,3.0,
5216,120.0,5.0,
5217,170.0,4.0,
5218,136.0,2.0,
5219,115.0,4.0,
5220,145.0,3.0,
5221,138.0,3.0,
5222,120.0,1.0,
5223,108.0,2.0,
5224,160.0,2.0,
5225,157.0,3.0,
5226,140.0,3.0,
5227,145.0,1.0,
5228,113.0,1.0,
5229,132.0,5.0,
5230,200.0,4.0,
5231,280.0,3.0,
5232,140.0,1.0,
5233,150.0,2.0,
5234,216.0,4.0,
5235,245.0,2.0,
5236,155.0,3.0,
5237,150.0,2.0,
5238,130.0,2.0,
5239,98.0,3.0,
5240,135.0,4.0,
5241,96.0,1.0,
5242,120.0,2.0,
5243,142.0,3.0,
5244,140.0,5.0,
5245,180.0,5.0,
5246,300.0,4.0,
5247,160.0,5.0,
5248,174.0,2.0,
5249,,4.0,
5250,185.0,2.0,
5251,240.0,2.0,
5252,200.0,4.0,
5253,140.0,2.0,
5254,,3.0,
5255,169.0,3.0,
5256,130.0,2.0,
5257,195.0,1.0,
5258,149.0,1.0,
5259,190.0,1.0,
5260,128.0,3.0,
5261,115.0,1.0,
5262,110.0,2.0,
5263,150.0,5.0,
5264,206.0,2.0,
5265,125.0,4.0,
5266,200.0,3.0,
5267,175.0,2.0,
5268,143.0,2.0,
5269,113.0,3.0,
5270,165.0,1.0,
5271,128.0,3.0,
5272,108.0,3.0,
5273,140.0,,
5274,140.0,1.0,
5275,127.0,4.0,
5276,,3.0,
5277,235.0,2.0,
5278,100.0,2.0,
5279,105.0,4.0,
5280,130.0,2.0,
5281,114.0,2.0,
5282,,2.0,
5283,140.0,5.0,
5284,136.0,2.0,
5285,220.0,2.0,
5286,145.0,3.0,
5287,240.0,3.0,
5288,125.0,3.0,
5289,,3.0,
5290,120.0,4.0,
5291,130.0,1.0,
5292,138.0,1.0,
5293,145.0,3.0,
5294,140.0,3.0,
5295,240.0,1.0,
5296,200.0,4.0,
5297,112.0,2.0,
5298,107.0,4.0,
5299,108.0,3.0,
5300,112.0,5.0,
5301,110.0,2.0,
5302,130.0,4.0,
5303,150.0,4.0,
5304,175.0,4.0,
5305,125.0,2.0,
5306,126.0,3.0,
5307,155.0,4.0,
5308,175.0,2.0,
5309,165.0,4.0,
5310,175.0,1.0,
5311,230.0,3.0,
5312,130.0,4.0,
5313,150.0,3.0,
5314,150.0,3.0,
5315,149.0,2.0,
5316,154.0,2.0,
5317,203.0,1.0,
5318,97.0,4.0,
5319,130.0,4.0,
5320,135.0,4.0,
5321,150.0,4.0,
5322,180.0,3.0,
5323,150.0,3.0,
5324,231.0,,
5325,140.0,4.0,
5326,132.0,2.0,
5327,180.0,5.0,
5328,150.0,5.0,
5329,140.0,4.0,
5330,216.0,2.0,
5331,133.0,4.0,
5332,136.0,3.0,
5333,125.0,4.0,
5334,115.0,2.0,
5335,172.0,2.0,
5336,157.0,2.0,
5337,,4.0,
5338,115.0,2.0,
5339,189.0,4.0,
5340,110.0,,
5341,110.0,2.0,
5342,135.0,3.0,
5343,118.0,,
5344,190.0,2.0,
5345,140.0,3.0,
5346,91.0,5.0,
5347,155.0,3.0,
5348,98.0,4.0,
5349,145.0,2.0,
5350,96.0,5.0,
5351,125.0,2.0,
5352,114.0,2.0,
5353,122.0,3.0,
5354,215.0,4.0,
5355,220.0,4.0,
5356,152.0,5.0,
5357,225.0,3.0,
5358,145.0,3.0,
5359,150.0,3.0,
5360,140.0,3.0,
5361,160.0,2.0,
5362,,4.0,
5363,123.0,4.0,
5364,180.0,5.0,
5365,115.0,4.0,
5366,125.0,4.0,
5367,106.0,5.0,
5368,149.0,1.0,
5369,270.0,3.0,
5370,136.0,4.0,
5371,,,
5372,155.0,2.0,
5373,160.0,3.0,
5374,215.0,2.0,
5375,175.0,3.0,
5376,178.0,5.0,
5377,126.0,3.0,
5378,170.0,2.0,
5379,167.0,1.0,
5380,180.0,2.0,
5381,165.0,3.0,
5382,200.0,3.0,
5383,185.0,4.0,
5384,136.0,,
5385,140.0,5.0,
5386,154.0,4.0,
5387,126.0,4.0,
5388,190.0,3.0,
5389,,,
5390,135.0,3.0,
5391,141.0,4.0,
5392,200.0,3.0,
5393,133.0,4.0,
5394,132.0,4.0,
5395,150.0,4.0,
5396,165.0,3.0,
5397,120.0,1.0,
5398,140.0,2.0,
5399,175.0,3.0,
5400,165.0,5.0,
5401,190.0,5.0,
5402,225.0,5.0,
5403,120.0,4.0,
5404,205.0,2.0,
5405,178.0,2.0,
5406,172.0,2.0,
5407,152.0,4.0,
5408,220.0,1.0,
5409,140.0,2.0,
5410,172.0,1.0,
5411,173.0,3.0,
5412,156.0,3.0,
5413,,2.0,
5414,126.0,2.0,
5415,155.0,4.0,
5416,142.0,4.0,
5417,206.0,4.0,
5418,125.0,3.0,
5419,240.0,3.0,
5420,124.0,4.0,
5421,115.0,2.0,
5422,115.0,2.0,
5423,235.0,1.0,
5424,168.0,4.0,
5425,280.0,1.0,
5426,120.0,2.0,
5427,160.0,3.0,
5428,129.0,3.0,
5429,135.0,2.0,
5430,165.0,3.0,
5431,110.0,4.0,
5432,118.0,4.0,
5433,220.0,3.0,
5434,,4.0,
5435,151.0,5.0,
5436,165.0,1.0,
5437,123.0,4.0,
5438,200.0,3.0,
5439,168.0,3.0,
5440,210.0,1.0,
5441,160.0,1.0,
5442,,2.0,
5443,135.0,2.0,
5444,165.0,2.0,
5445,140.0,3.0,
5446,200.0,2.0,
5447,166.0,5.0,
5448,135.0,4.0,
5449,105.0,5.0,
5450,162.0,,
5451,,1.0,
5452,130.0,3.0,
5453,130.0,1.0,
5454,190.0,4.0,
5455,205.0,1.0,
5456,160.0,3.0,
5457,270.0,2.0,
5458,126.0,3.0,
5459,210.0,3.0,
5460,100.0,2.0,
5461,150.0,4.0,
5462,156.0,2.0,
5463,150.0,5.0,
5464,113.0,3.0,
5465,218.0,2.0,
5466,167.0,4.0,
5467,190.0,4.0,
5468,133.0,4.0,
5469,135.0,3.0,
5470,110.0,4.0,
5471,135.0,5.0,
5472,125.0,2.0,
5473,155.0,4.0,
5474,125.0,4.0,
5475,,4.0,
5476,190.0,1.0,
5477,160.0,4.0,
5478,114.0,2.0,
5479,,5.0,
5480,127.0,4.0,
5481,135.0,3.0,
5482,146.0,5.0,
5483,175.0,1.0,
5484,105.0,,
5485,198.0,4.0,
5486,185.0,2.0,
5487,130.0,4.0,
5488,142.0,5.0,
5489,167.0,5.0,
5490,145.0,1.0,
5491,215.0,3.0,
5492,256.0,4.0,
5493,100.0,5.0,
5494,150.0,1.0,
5495,144.0,2.0,
5496,130.0,4.0,
5497,135.0,3.0,
5498,210.0,3.0,
5499,165.0,4.0,
5500,230.0,4.0,
5501,200.0,4.0,
5502,180.0,3.0,
5503,116.0,3.0,
5504,125.0,4.0,
5505,215.0,2.0,
5506,120.0,5.0,
5507,266.0,2.0,
5508,130.0,4.0,
5509,170.0,2.0,
5510,135.0,4.0,
5511,110.0,4.0,
5512,290.0,,
5513,155.0,3.0,
5514,150.0,2.0,
5515,196.0,3.0,
5516,150.0,1.0,
5517,135.0,4.0,
5518,,3.0,
5519,145.0,4.0,
5520,340.0,5.0,
5521,182.0,3.0,
5522,150.0,3.0,
5523,169.0,1.0,
5524,185.0,4.0,
5525,230.0,2.0,
5526,150.0,1.0,
5527,98.0,4.0,
5528,165.0,4.0,
5529,145.0,3.0,
5530,260.0,3.0,
5531,135.0,2.0,
5532,107.0,5.0,
5533,120.0,2.0,
5534,140.0,3.0,
5535,118.0,2.0,
5536,150.0,3.0,
5537,220.0,2.0,
5538,128.0,2.0,
5539,150.0,3.0,
5540,165.0,1.0,
5541,160.0,2.0,
5542,225.0,1.0,
5543,145.0,2.0,
5544,120.0,4.0,
5545,160.0,3.0,
5546,126.0,3.0,
5547,135.0,1.0,
5548,124.0,,
5549,222.0,4.0,
5550,281.0,2.0,
5551,150.0,5.0,
5552,150.0,2.0,
5553,180.0,2.0,
5554,140.0,3.0,
5555,100.0,3.0,
5556,122.0,2.0,
5557,98.0,3.0,
5558,131.0,4.0,
5559,140.0,3.0,
5560,175.0,3.0,
5561,115.0,5.0,
5562,135.0,2.0,
5563,115.0,3.0,
5564,140.0,2.0,
5565,130.0,1.0,
5566,155.0,2.0,
5567,125.0,2.0,
5568,155.0,2.0,
5569,149.0,3.0,
5570,215.0,4.0,
5571,170.0,5.0,
5572,125.0,3.0,
5573,170.0,4.0,
5574,145.0,4.0,
5575,,,
5576,157.0,,
5577,142.0,5.0,
5578,180.0,3.0,
5579,110.0,4.0,
5580,175.0,1.0,
5581,120.0,3.0,
5582,164.0,,
5583,135.0,2.0,
5584,135.0,1.0,
5585,196.0,2.0,
5586,180.0,4.0,
5587,153.0,3.0,
5588,143.0,3.0,
5589,160.0,3.0,
5590,190.0,4.0,
5591,130.0,4.0,
5592,145.0,3.0,
5593,196.0,3.0,
5594,150.0,3.0,
5595,122.0,3.0,
5596,140.0,4.0,
5597,145.0,4.0,
5598,220.0,4.0,
5599,118.0,4.0,
5600,132.0,3.0,
5601,158.0,4.0,
5602,119.0,3.0,
5603,101.0,1.0,
5604,130.0,3.0,
5605,121.0,2.0,
5606,135.0,3.0,
5607,125.0,3.0,
5608,132.0,1.0,
5609,106.0,3.0,
5610,168.0,2.0,
5611,196.0,4.0,
5612,135.0,4.0,
5613,137.0,4.0,
5614,147.0,5.0,
5615,225.0,2.0,
5616,114.0,3.0,
5617,132.0,,
5618,120.0,3.0,
5619,117.0,4.0,
5620,160.0,5.0,
5621,195.0,3.0,
5622,120.0,3.0,
5623,138.0,4.0,
5624,195.0,1.0,
5625,140.0,3.0,
5626,235.0,2.0,
5627,125.0,2.0,
5628,,1.0,
5629,105.0,4.0,
5630,140.0,4.0,
5631,145.0,3.0,
5632,140.0,3.0,
5633,145.0,3.0,
5634,120.0,4.0,
5635,104.0,2.0,
5636,170.0,2.0,
5637,120.0,3.0,
5638,144.0,1.0,
5639,140.0,1.0,
5640,190.0,3.0,
5641,97.0,3.0,
5642,165.0,1.0,
5643,165.0,3.0,
5644,144.0,2.0,
5645,125.0,4.0,
5646,110.0,3.0,
5647,137.0,4.0,
5648,175.0,1.0,
5649,115.0,4.0,
5650,130.0,3.0,
5651,242.0,4.0,
5652,120.0,4.0,
5653,178.0,3.0,
5654,201.0,4.0,
5655,175.0,5.0,
5656,160.0,3.0,
5657,145.0,2.0,
5658,178.0,3.0,
5659,150.0,3.0,
5660,117.0,3.0,
5661,170.0,3.0,
5662,170.0,4.0,
5663,90.0,4.0,
5664,190.0,5.0,
5665,174.0,4.0,
5666,145.0,3.0,
5667,,3.0,
5668,150.0,3.0,
5669,112.0,3.0,
5670,108.0,4.0,
5671,147.0,4.0,
5672,135.0,3.0,
5673,170.0,1.0,
5674,130.0,4.0,
5675,145.0,3.0,
5676,135.0,4.0,
5677,,2.0,
5678,180.0,1.0,
5679,125.0,3.0,
5680,130.0,5.0,
5681,160.0,2.0,
5682,,2.0,
5683,150.0,4.0,
5684,140.0,2.0,
5685,145.0,2.0,
5686,165.0,2.0,
5687,120.0,3.0,
5688,134.0,3.0,
5689,195.0,2.0,
5690,105.0,3.0,
5691,97.0,4.0,
5692,153.0,4.0,
5693,145.0,3.0,
5694,120.0,4.0,
5695,195.0,3.0,
5696,130.0,3.0,
5697,,,
5698,190.0,3.0,
5699,115.0,2.0,
5700,160.0,3.0,
5701,110.0,2.0,
5702,150.0,3.0,
5703,105.0,4.0,
5704,195.0,1.0,
5705,125.0,2.0,
5706,115.0,5.0,
5707,190.0,4.0,
5708,135.0,3.0,
5709,125.0,4.0,
5710,164.0,2.0,
5711,,4.0,
5712,125.0,4.0,
5713,165.0,3.0,
5714,135.0,3.0,
5715,157.0,2.0,
5716,150.0,3.0,
5717,128.0,2.0,
5718,120.0,4.0,
5719,95.0,5.0,
5720,200.0,2.0,
5721,155.0,2.0,
5722,180.0,2.0,
5723,148.0,3.0,
5724,110.0,5.0,
5725,180.0,3.0,
5726,192.0,3.0,
5727,148.0,3.0,
5728,180.0,3.0,
5729,175.0,3.0,
5730,148.0,2.0,
5731,136.0,2.0,
5732,,3.0,
5733,125.0,4.0,
5734,125.0,3.0,
5735,183.0,5.0,
5736,145.0,3.0,
5737,145.0,2.0,
5738,115.0,3.0,
5739,170.0,1.0,
5740,140.0,4.0,
5741,165.0,2.0,
5742,168.0,1.0,
5743,115.0,3.0,
5744,128.0,3.0,
5745,150.0,3.0,
5746,175.0,2.0,
5747,138.0,3.0,
5748,150.0,3.0,
5749,115.0,2.0,
5750,125.0,4.0,
5751,121.0,4.0,
5752,126.0,3.0,
5753,210.0,3.0,
5754,160.0,3.0,
5755,240.0,4.0,
5756,175.0,2.0,
5757,160.0,4.0,
5758,114.0,5.0,
5759,130.0,1.0,
5760,107.0,3.0,
5761,120.0,2.0,
5762,123.0,2.0,
5763,160.0,1.0,
5764,111.0,2.0,
5765,117.0,3.0,
5766,230.0,2.0,
5767,215.0,2.0,
5768,145.0,1.0,
5769,78.0,5.0,
5770,130.0,3.0,
5771,234.0,2.0,
5772,115.0,1.0,
5773,190.0,2.0,
5774,180.0,2.0,
5775,115.0,,
5776,139.0,3.0,
5777,120.0,4.0,
5778,190.0,3.0,
5779,170.0,3.0,
5780,150.0,2.0,
5781,140.0,2.0,
5782,106.0,3.0,
5783,,3.0,
5784,155.0,2.0,
5785,112.0,3.0,
5786,225.0,3.0,
5787,113.0,,
5788,120.0,3.0,
5789,190.0,3.0,
5790,200.0,1.0,
5791,180.0,,
5792,109.0,4.0,
5793,107.0,3.0,
5794,180.0,3.0,
5795,137.0,2.0,
5796,,4.0,
5797,118.0,3.0,
5798,115.0,2.0,
5799,150.0,5.0,
5800,,1.0,
5801,118.0,4.0,
5802,155.0,4.0,
5803,130.0,1.0,
5804,180.0,2.0,
5805,120.0,2.0,
5806,115.0,5.0,
5807,200.0,2.0,
5808,140.0,3.0,
5809,,4.0,
5810,250.0,5.0,
5811,143.0,1.0,
5812,134.0,4.0,
5813,103.0,4.0,
5814,245.0,3.0,
5815,135.0,4.0,
5816,134.0,2.0,
5817,145.0,3.0,
5818,200.0,2.0,
5819,210.0,5.0,
5820,140.0,3.0,
5821,235.0,5.0,
5822,135.0,5.0,
5823,230.0,3.0,
5824,160.0,3.0,
5825,180.0,4.0,
5826,145.0,3.0,
5827,60.0,1.0,
5828,125.0,4.0,
5829,128.0,,
5830,130.0,1.0,
5831,224.0,3.0,
5832,70.0,1.0,
5833,185.0,2.0,
5834,150.0,1.0,
5835,163.0,5.0,
5836,104.0,4.0,
5837,125.0,3.0,
5838,110.0,5.0,
5839,114.0,4.0,
5840,148.0,1.0,
5841,107.0,5.0,
5842,115.0,1.0,
5843,170.0,1.0,
5844,109.0,3.0,
5845,165.0,3.0,
5846,145.0,1.0,
5847,130.0,3.0,
5848,,1.0,
5849,141.0,4.0,
5850,193.0,5.0,
5851,185.0,3.0,
5852,180.0,3.0,
5853,100.0,3.0,
5854,130.0,2.0,
5855,120.0,3.0,
5856,130.0,3.0,
5857,180.0,1.0,
5858,165.0,2.0,
5859,111.0,4.0,
5860,130.0,2.0,
5861,175.0,1.0,
5862,165.0,1.0,
5863,145.0,4.0,
5864,210.0,1.0,
5865,198.0,1.0,
5866,155.0,2.0,
5867,95.0,3.0,
5868,129.0,1.0,
5869,120.0,3.0,
5870,190.0,5.0,
5871,168.0,1.0,
5872,146.0,3.0,
5873,115.0,2.0,
5874,66.0,,
5875,130.0,4.0,
5876,125.0,2.0,
5877,129.0,4.0,
5878,160.0,4.0,
5879,185.0,2.0,
5880,,2.0,
5881,219.0,4.0,
5882,196.0,1.0,
5883,120.0,3.0,
5884,255.0,2.0,
5885,125.0,2.0,
5886,152.0,2.0,
5887,118.0,1.0,
5888,149.0,3.0,
5889,118.0,5.0,
5890,217.0,3.0,
5891,113.0,2.0,
5892,190.0,3.0,
5893,143.0,4.0,
5894,131.0,2.0,
5895,152.0,4.0,
5896,135.0,2.0,
5897,112.0,4.0,
5898,115.0,1.0,
5899,100.0,1.0,
5900,150.0,5.0,
5901,148.0,4.0,
5902,108.0,4.0,
5903,126.0,3.0,
5904,240.0,1.0,
5905,110.0,2.0,
5906,128.0,1.0,
5907,180.0,2.0,
5908,112.0,4.0,
5909,,4.0,
5910,198.0,3.0,
5911,135.0,2.0,
5912,155.0,3.0,
5913,165.0,4.0,
5914,125.0,4.0,
5915,290.0,3.0,
5916,107.0,3.0,
5917,110.0,5.0,
5918,121.0,3.0,
5919,158.0,2.0,
5920,120.0,1.0,
5921,175.0,3.0,
5922,155.0,3.0,
5923,200.0,2.0,
5924,145.0,4.0,
5925,175.0,3.0,
5926,150.0,1.0,
5927,160.0,3.0,
5928,269.0,4.0,
5929,135.0,3.0,
5930,140.0,2.0,
5931,150.0,4.0,
5932,151.0,3.0,
5933,115.0,4.0,
5934,178.0,3.0,
5935,145.0,4.0,
5936,180.0,4.0,
5937,180.0,3.0,
5938,175.0,4.0,
5939,140.0,2.0,
5940,110.0,1.0,
5941,,5.0,
5942,,3.0,
5943,99.0,4.0,
5944,125.0,1.0,
5945,128.0,1.0,
5946,140.0,2.0,
5947,115.0,1.0,
5948,200.0,2.0,
5949,120.0,4.0,
5950,111.0,5.0,
5951,160.0,3.0,
5952,112.0,4.0,
5953,160.0,3.0,
5954,167.0,4.0,
5955,,4.0,
5956,180.0,3.0,
5957,140.0,4.0,
5958,110.0,1.0,
5959,125.0,3.0,
5960,100.0,3.0,
5961,96.0,4.0,
5962,160.0,3.0,
5963,140.0,2.0,
5964,160.0,4.0,
5965,195.0,4.0,
5966,135.0,2.0,
5967,158.0,4.0,
5968,100.0,3.0,
5969,260.0,4.0,
5970,120.0,1.0,
5971,130.0,,
5972,107.0,4.0,
5973,124.0,3.0,
5974,130.0,2.0,
5975,220.0,2.0,
5976,182.0,4.0,
5977,115.0,1.0,
5978,155.0,3.0,
5979,102.0,,
5980,107.0,4.0,
5981,140.0,,
5982,135.0,4.0,
5983,137.0,4.0,
5984,,5.0,
5985,120.0,,
5986,203.0,3.0,
5987,120.0,2.0,
5988,225.0,3.0,
5989,140.0,2.0,
5990,,3.0,
5991,116.0,2.0,
5992,100.0,2.0,
5993,120.0,3.0,
5994,125.0,1.0,
5995,143.0,4.0,
5996,178.0,2.0,
5997,138.0,4.0,
5998,127.0,5.0,
5999,250.0,3.0,
6000,120.0,3.0,
6001,135.0,4.0,
6002,115.0,3.0,
6003,130.0,2.0,
6004,138.0,2.0,
6005,114.0,4.0,
6006,127.0,5.0,
6007,110.0,5.0,
6008,125.0,5.0,
6009,125.0,1.0,
6010,195.0,1.0,
6011,175.0,3.0,
6012,200.0,1.0,
6013,160.0,3.0,
6014,170.0,1.0,
6015,155.0,1.0,
6016,132.0,2.0,
6017,186.0,4.0,
6018,120.0,2.0,
6019,165.0,4.0,
6020,276.0,1.0,
6021,133.0,4.0,
6022,180.0,3.0,
6023,115.0,5.0,
6024,95.0,3.0,
6025,290.0,3.0,
6026,107.0,3.0,
6027,200.0,2.0,
6028,156.0,1.0,
6029,111.0,3.0,
6030,120.0,1.0,
6031,245.0,2.0,
6032,156.0,3.0,
6033,160.0,3.0,
6034,150.0,3.0,
6035,135.0,4.0,
6036,140.0,3.0,
6037,217.0,1.0,
6038,167.0,3.0,
6039,125.0,3.0,
6040,119.0,5.0,
6041,110.0,3.0,
6042,150.0,,
6043,100.0,4.0,
6044,120.0,3.0,
6045,160.0,3.0,
6046,120.0,1.0,
6047,,3.0,
6048,136.0,3.0,
6049,105.0,2.0,
6050,140.0,2.0,
6051,127.0,3.0,
6052,153.0,4.0,
6053,135.0,3.0,
6054,127.0,4.0,
6055,122.0,3.0,
6056,190.0,4.0,
6057,138.0,1.0,
6058,230.0,4.0,
6059,155.0,5.0,
6060,110.0,3.0,
6061,200.0,4.0,
6062,110.0,4.0,
6063,150.0,2.0,
6064,131.0,4.0,
6065,,3.0,
6066,145.0,3.0,
6067,130.0,3.0,
6068,160.0,5.0,
6069,,5.0,
6070,99.0,3.0,
6071,120.0,2.0,
6072,147.0,3.0,
6073,110.0,4.0,
6074,117.0,,
6075,120.0,2.0,
6076,119.0,2.0,
6077,105.0,1.0,
6078,110.0,1.0,
6079,115.0,3.0,
6080,103.0,,
6081,110.0,2.0,
6082,106.0,2.0,
6083,190.0,3.0,
6084,127.0,4.0,
6085,126.0,3.0,
6086,,1.0,
6087,132.0,3.0,
6088,145.0,2.0,
6089,126.0,4.0,
6090,135.0,2.0,
6091,160.0,3.0,
6092,125.0,1.0,
6093,180.0,2.0,
6094,120.0,4.0,
6095,270.0,2.0,
6096,115.0,2.0,
6097,160.0,1.0,
6098,110.0,2.0,
6099,100.0,3.0,
6100,105.0,4.0,
6101,173.0,1.0,
6102,148.0,3.0,
6103,120.0,1.0,
6104,142.0,3.0,
6105,168.0,2.0,
6106,214.0,3.0,
6107,115.0,4.0,
6108,130.0,2.0,
6109,143.0,4.0,
6110,140.0,4.0,
6111,115.0,3.0,
6112,100.0,4.0,
6113,125.0,3.0,
6114,135.0,3.0,
6115,130.0,4.0,
6116,197.0,2.0,
6117,155.0,1.0,
6118,172.0,1.0,
6119,297.0,2.0,
6120,,5.0,
6121,,1.0,
6122,,,
6123,234.0,4.0,
6124,105.0,2.0,
6125,170.0,1.0,
6126,,2.0,
6127,106.0,4.0,
6128,184.0,2.0,
6129,153.0,3.0,
6130,97.0,5.0,
6131,145.0,5.0,
6132,171.0,4.0,
6133,170.0,3.0,
6134,140.0,4.0,
6135,185.0,3.0,
6136,196.0,4.0,
6137,170.0,4.0,
6138,125.0,3.0,
6139,130.0,1.0,
6140,165.0,4.0,
6141,150.0,1.0,
6142,145.0,4.0,
6143,310.0,2.0,
6144,120.0,3.0,
6145,138.0,1.0,
6146,190.0,3.0,
6147,255.0,3.0,
6148,167.0,5.0,
6149,110.0,5.0,
6150,140.0,3.0,
6151,155.0,1.0,
6152,369.0,3.0,
6153,140.0,5.0,
6154,185.0,2.0,
6155,170.0,2.0,
6156,90.0,1.0,
6157,235.0,3.0,
6158,120.0,1.0,
6159,,4.0,
6160,178.0,3.0,
6161,130.0,5.0,
6162,137.0,5.0,
6163,180.0,3.0,
6164,210.0,5.0,
6165,220.0,3.0,
6166,121.0,3.0,
6167,142.0,3.0,
6168,147.0,2.0,
6169,179.0,2.0,
6170,125.0,2.0,
6171,132.0,3.0,
6172,135.0,4.0,
6173,130.0,3.0,
6174,147.0,3.0,
6175,195.0,5.0,
6176,145.0,5.0,
6177,150.0,3.0,
6178,,5.0,
6179,,4.0,
6180,115.0,,
6181,260.0,3.0,
6182,145.0,1.0,
6183,130.0,2.0,
6184,135.0,4.0,
6185,390.0,5.0,
6186,145.0,4.0,
6187,120.0,4.0,
6188,220.0,5.0,
6189,202.0,3.0,
6190,70.0,3.0,
6191,130.0,3.0,
6192,270.0,4.0,
6193,249.0,2.0,
6194,155.0,3.0,
6195,130.0,4.0,
6196,140.0,5.0,
6197,170.0,3.0,
6198,,1.0,
6199,145.0,3.0,
6200,121.0,3.0,
6201,200.0,2.0,
6202,128.0,2.0,
6203,,3.0,
6204,117.0,1.0,
6205,245.0,1.0,
6206,120.0,4.0,
6207,120.0,3.0,
6208,225.0,2.0,
6209,195.0,1.0,
6210,175.0,5.0,
6211,220.0,3.0,
6212,215.0,1.0,
6213,205.0,3.0,
6214,187.0,4.0,
6215,147.0,2.0,
6216,260.0,3.0,
6217,130.0,1.0,
6218,120.0,4.0,
6219,165.0,2.0,
6220,118.0,2.0,
6221,132.0,3.0,
6222,129.0,3.0,
6223,148.0,2.0,
6224,117.0,3.0,
6225,140.0,1.0,
6226,120.0,4.0,
6227,181.0,2.0,
6228,180.0,,
6229,100.0,4.0,
6230,130.0,4.0,
6231,155.0,2.0,
6232,150.0,2.0,
6233,105.0,4.0,
6234,97.0,2.0,
6235,,4.0,
6236,230.0,4.0,
6237,243.0,3.0,
6238,160.0,1.0,
6239,260.0,2.0,
6240,185.0,1.0,
6241,285.0,3.0,
6242,150.0,2.0,
6243,399.0,5.0,
6244,230.0,3.0,
6245,160.0,2.0,
6246,140.0,2.0,
6247,128.0,3.0,
6248,242.0,3.0,
6249,127.0,4.0,
6250,176.0,3.0,
6251,120.0,1.0,
6252,149.0,3.0,
6253,163.0,4.0,
6254,110.0,3.0,
6255,118.0,2.0,
6256,,3.0,
6257,,,
6258,185.0,,
6259,180.0,1.0,
6260,150.0,3.0,
6261,,2.0,
6262,120.0,,
6263,102.0,3.0,
6264,,,
6265,125.0,2.0,
6266,160.0,,
6267,120.0,1.0,
6268,50.0,,
6269,135.0,3.0,
6270,,,
6271,170.0,,
6272,125.0,2.0,
6273,175.0,1.0,
6274,128.0,,
6275,110.0,,
6276,110.0,,
6277,189.0,3.0,
6278,182.0,,
6279,,,
6280,145.0,,
6281,130.0,1.0,
6282,145.0,,
6283,121.0,3.0,
6284,130.0,,
6285,130.0,4.0,
6286,103.0,,
6287,200.0,4.0,
6288,113.0,,
6289,140.0,1.0,
6290,157.0,2.0,
6291,126.0,,
6292,,,
6293,123.0,,
6294,150.0,,
6295,175.0,,
6296,130.0,,
6297,120.0,,
6298,129.0,1.0,
6299,213.0,2.0,
6300,155.0,2.0,
6301,170.0,,
6302,,3.0,
6303,154.0,2.0,
6304,166.0,,
6305,195.0,3.0,
6306,,,
6307,140.0,3.0,
6308,180.0,,
6309,160.0,,
6310,210.0,3.0,
6311,,,
6312,108.0,,
6313,130.0,,
6314,131.0,3.0,
6315,145.0,1.0,
6316,125.0,4.0,
6317,175.0,1.0,
6318,130.0,2.0,
6319,140.0,2.0,
6320,197.0,1.0,
6321,170.0,2.0,
6322,155.0,,
6323,190.0,5.0,
6324,132.0,3.0,
6325,138.0,4.0,
6326,160.0,,
6327,142.0,,
6328,121.0,,
6329,120.0,4.0,
6330,120.0,4.0,
6331,203.0,,
6332,143.0,,
6333,168.0,3.0,
6334,130.0,,
6335,175.0,,
6336,125.0,,
6337,106.0,4.0,
6338,180.0,,
6339,180.0,4.0,
6340,185.0,,
6341,230.0,2.0,
6342,284.0,,
6343,135.0,4.0,
6344,160.0,,
6345,100.0,3.0,
6346,142.0,,
6347,120.0,,
6348,180.0,1.0,
6349,125.0,,
6350,160.0,,
6351,185.0,4.0,
6352,195.0,,
6353,132.0,5.0,
6354,132.0,,
6355,145.0,1.0,
6356,,,
6357,128.0,,
6358,155.0,,
6359,180.0,,
6360,215.0,,
6361,110.0,3.0,
6362,162.0,3.0,
6363,165.0,2.0,
6364,140.0,4.0,
6365,130.0,3.0,
6366,250.0,1.0,
6367,140.0,3.0,
6368,160.0,4.0,
6369,135.0,4.0,
6370,120.0,2.0,
6371,120.0,3.0,
6372,,4.0,
6373,170.0,4.0,
6374,165.0,4.0,
6375,127.0,3.0,
6376,218.0,2.0,
6377,,3.0,
6378,255.0,3.0,
6379,315.0,,
6380,170.0,1.0,
6381,,5.0,
6382,98.0,4.0,
6383,140.0,4.0,
6384,124.0,5.0,
6385,159.0,4.0,
6386,133.0,4.0,
6387,157.0,5.0,
6388,230.0,5.0,
6389,130.0,3.0,
6390,220.0,4.0,
6391,115.0,3.0,
6392,306.0,5.0,
6393,115.0,4.0,
6394,,1.0,
6395,135.0,3.0,
6396,125.0,3.0,
6397,170.0,3.0,
6398,134.0,3.0,
6399,168.0,3.0,
6400,143.0,4.0,
6401,140.0,1.0,
6402,144.0,4.0,
6403,135.0,2.0,
6404,130.0,3.0,
6405,165.0,2.0,
6406,130.0,3.0,
6407,130.0,5.0,
6408,106.0,3.0,
6409,135.0,4.0,
6410,,5.0,
6411,130.0,4.0,
6412,165.0,,
6413,175.0,3.0,
6414,165.0,1.0,
6415,98.0,5.0,
6416,138.0,2.0,
6417,168.0,1.0,
6418,230.0,1.0,
6419,149.0,3.0,
6420,138.0,5.0,
6421,,1.0,
6422,150.0,4.0,
6423,130.0,4.0,
6424,180.0,3.0,
6425,135.0,4.0,
6426,160.0,3.0,
6427,341.0,4.0,
6428,220.0,3.0,
6429,222.0,3.0,
6430,126.0,4.0,
6431,205.0,3.0,
6432,180.0,2.0,
6433,100.0,,
6434,210.0,5.0,
6435,145.0,4.0,
6436,125.0,,
6437,190.0,4.0,
6438,140.0,5.0,
6439,230.0,4.0,
6440,180.0,5.0,
6441,216.0,3.0,
6442,224.0,1.0,
6443,200.0,4.0,
6444,141.0,4.0,
6445,140.0,5.0,
6446,85.0,2.0,
6447,170.0,3.0,
6448,153.0,2.0,
6449,143.0,2.0,
6450,190.0,2.0,
6451,180.0,4.0,
6452,157.0,4.0,
6453,135.0,1.0,
6454,165.0,3.0,
6455,200.0,2.0,
6456,110.0,2.0,
6457,135.0,4.0,
6458,123.0,2.0,
6459,123.0,4.0,
6460,160.0,4.0,
6461,216.0,3.0,
6462,110.0,3.0,
6463,120.0,4.0,
6464,150.0,4.0,
6465,210.0,2.0,
6466,140.0,5.0,
6467,161.0,2.0,
6468,160.0,3.0,
6469,169.0,4.0,
6470,145.0,2.0,
6471,140.0,4.0,
6472,129.0,3.0,
6473,105.0,3.0,
6474,112.0,2.0,
6475,152.0,2.0,
6476,,2.0,
6477,117.0,2.0,
6478,94.0,,
6479,140.0,3.0,
6480,156.0,4.0,
6481,283.0,3.0,
6482,180.0,4.0,
6483,190.0,5.0,
6484,130.0,4.0,
6485,190.0,,
6486,179.0,1.0,
6487,130.0,3.0,
6488,104.0,4.0,
6489,128.0,4.0,
6490,125.0,3.0,
6491,145.0,3.0,
6492,100.0,3.0,
6493,215.0,2.0,
6494,190.0,3.0,
6495,109.0,5.0,
6496,118.0,,
6497,,3.0,
6498,160.0,1.0,
6499,215.0,4.0,
6500,123.0,4.0,
6501,185.0,1.0,
6502,130.0,3.0,
6503,175.0,1.0,
6504,265.0,,
6505,160.0,,
6506,132.0,3.0,
6507,125.0,5.0,
6508,164.0,1.0,
6509,134.0,2.0,
6510,130.0,3.0,
6511,140.0,2.0,
6512,,3.0,
6513,150.0,1.0,
6514,102.0,3.0,
6515,190.0,2.0,
6516,100.0,2.0,
6517,150.0,4.0,
6518,170.0,2.0,
6519,125.0,5.0,
6520,121.0,2.0,
6521,168.0,2.0,
6522,280.0,3.0,
6523,,4.0,
6524,222.0,5.0,
6525,190.0,1.0,
6526,192.0,1.0,
6527,149.0,5.0,
6528,205.0,1.0,
6529,220.0,1.0,
6530,205.0,2.0,
6531,139.0,1.0,
6532,120.0,3.0,
6533,120.0,2.0,
6534,129.0,1.0,
6535,,,
6536,150.0,1.0,
6537,154.0,2.0,
6538,130.0,5.0,
6539,196.0,1.0,
6540,219.0,3.0,
6541,190.0,1.0,
6542,177.0,3.0,
6543,231.0,,
6544,115.0,4.0,
6545,110.0,4.0,
6546,135.0,2.0,
6547,226.0,3.0,
6548,200.0,5.0,
6549,120.0,3.0,
6550,114.0,2.0,
6551,196.0,3.0,
6552,190.0,2.0,
6553,248.0,2.0,
6554,220.0,2.0,
6555,156.0,4.0,
6556,133.0,2.0,
6557,150.0,1.0,
6558,125.0,3.0,
6559,187.0,2.0,
6560,110.0,3.0,
6561,130.0,3.0,
6562,130.0,,
6563,130.0,5.0,
6564,230.0,4.0,
6565,127.0,4.0,
6566,182.0,,
6567,225.0,1.0,
6568,140.0,4.0,
6569,153.0,2.0,
6570,356.0,2.0,
6571,201.0,4.0,
6572,132.0,3.0,
6573,200.0,2.0,
6574,150.0,1.0,
6575,153.0,4.0,
6576,226.0,4.0,
6577,95.0,2.0,
6578,115.0,3.0,
6579,133.0,4.0,
6580,,2.0,
6581,120.0,1.0,
6582,130.0,1.0,
6583,121.0,3.0,
6584,120.0,2.0,
6585,130.0,4.0,
6586,210.0,2.0,
6587,113.0,4.0,
6588,178.0,1.0,
6589,126.0,1.0,
6590,130.0,1.0,
6591,165.0,4.0,
6592,110.0,3.0,
6593,133.0,4.0,
6594,125.0,3.0,
6595,110.0,2.0,
6596,138.0,1.0,
6597,,4.0,
6598,275.0,2.0,
6599,235.0,,
6600,101.0,,
6601,160.0,,
6602,150.0,2.0,
6603,112.0,,
6604,138.0,3.0,
6605,169.0,1.0,
6606,,4.0,
6607,140.0,5.0,
6608,180.0,2.0,
6609,110.0,5.0,
6610,135.0,5.0,
6611,176.0,4.0,
6612,,,
6613,193.0,1.0,
6614,256.0,5.0,
6615,114.0,,
6616,109.0,1.0,
6617,110.0,3.0,
6618,,1.0,
6619,120.0,5.0,
6620,121.0,,
6621,,4.0,
6622,214.0,3.0,
6623,180.0,2.0,
6624,120.0,,
6625,138.0,4.0,
6626,152.0,3.0,
6627,109.0,3.0,
6628,133.0,3.0,
6629,160.0,5.0,
6630,152.0,,
6631,150.0,3.0,
6632,101.0,3.0,
6633,206.0,3.0,
6634,126.0,1.0,
6635,135.0,2.0,
6636,150.0,1.0,
6637,155.0,2.0,
6638,170.0,1.0,
6639,,4.0,
6640,130.0,2.0,
6641,181.0,4.0,
6642,201.0,1.0,
6643,132.0,5.0,
6644,168.0,,
6645,185.0,1.0,
6646,135.0,4.0,
6647,125.0,,
6648,135.0,1.0,
6649,245.0,1.0,
6650,215.0,1.0,
6651,140.0,4.0,
6652,225.0,2.0,
6653,200.0,3.0,
6654,160.0,1.0,
6655,115.0,2.0,
6656,100.0,5.0,
6657,130.0,1.0,
6658,,1.0,
6659,140.0,,
6660,118.0,4.0,
6661,150.0,,
6662,135.0,3.0,
6663,,1.0,
6664,120.0,2.0,
6665,178.0,1.0,
6666,150.0,5.0,
6667,,1.0,
6668,200.0,,
6669,114.0,3.0,
6670,125.0,,
6671,158.0,2.0,
6672,108.0,4.0,
6673,135.0,4.0,
6674,120.0,1.0,
6675,150.0,3.0,
6676,115.0,3.0,
6677,169.0,5.0,
6678,150.0,1.0,
6679,160.0,3.0,
6680,190.0,4.0,
6681,236.0,3.0,
6682,128.0,5.0,
6683,137.0,3.0,
6684,,4.0,
6685,,3.0,
6686,129.0,1.0,
6687,112.0,3.0,
6688,186.0,1.0,
6689,120.0,,
6690,180.0,3.0,
6691,,3.0,
6692,182.0,1.0,
6693,130.0,3.0,
6694,165.0,2.0,
6695,190.0,1.0,
6696,181.0,3.0,
6697,122.0,3.0,
6698,345.0,3.0,
6699,128.0,5.0,
6700,215.0,,
6701,237.0,2.0,
6702,150.0,3.0,
6703,120.0,4.0,
6704,119.0,5.0,
6705,187.0,2.0,
6706,118.0,4.0,
6707,207.0,4.0,
6708,133.0,3.0,
6709,145.0,3.0,
6710,120.0,,
6711,99.0,5.0,
6712,140.0,4.0,
6713,124.0,4.0,
6714,91.0,2.0,
6715,215.0,3.0,
6716,154.0,3.0,
6717,116.0,3.0,
6718,141.0,2.0,
6719,90.0,3.0,
6720,250.0,2.0,
6721,,3.0,
6722,160.0,3.0,
6723,185.0,2.0,
6724,147.0,4.0,
6725,160.0,,
6726,160.0,5.0,
6727,157.0,3.0,
6728,180.0,1.0,
6729,86.0,4.0,
6730,192.0,,
6731,250.0,3.0,
6732,135.0,3.0,
6733,130.0,,
6734,280.0,3.0,
6735,140.0,3.0,
6736,205.0,1.0,
6737,245.0,1.0,
6738,160.0,4.0,
6739,125.0,3.0,
6740,157.0,2.0,
6741,250.0,2.0,
6742,120.0,4.0,
6743,178.0,,
6744,399.0,5.0,
6745,165.0,2.0,
6746,120.0,4.0,
6747,205.0,4.0,
6748,250.0,,
6749,150.0,4.0,
6750,135.0,1.0,
6751,,,
6752,145.0,1.0,
6753,179.0,2.0,
6754,209.0,,
6755,,5.0,
6756,162.0,4.0,
6757,140.0,2.0,
6758,231.0,4.0,
6759,126.0,,
6760,128.0,,
6761,180.0,,
6762,208.0,4.0,
6763,130.0,1.0,
6764,160.0,3.0,
6765,230.0,1.0,
6766,54.0,,
6767,130.0,2.0,
6768,267.0,3.0,
6769,195.0,,
6770,160.0,3.0,
6771,185.0,,
6772,210.0,,
6773,180.0,3.0,
6774,124.0,,
6775,256.0,,
6776,130.0,3.0,
6777,130.0,3.0,
6778,,,
6779,165.0,,
6780,152.0,2.0,
6781,,1.0,
6782,195.0,3.0,
6783,110.0,,
6784,250.0,5.0,
6785,55.0,1.0,
6786,210.0,1.0,
6787,130.0,2.0,
6788,214.0,1.0,
6789,150.0,1.0,
6790,,1.0,
6791,150.0,2.0,
6792,112.0,1.0,
6793,175.0,2.0,
6794,,3.0,
6795,,,2.0
6796,135.0,1.0,
6797,180.0,2.0,
6798,,5.0,
6799,110.0,4.0,
6800,135.0,1.0,
6801,,3.0,
6802,115.0,3.0,
6803,132.0,,
6804,123.0,3.0,
6805,207.0,1.0,
6806,,1.0,
6807,,5.0,
6808,118.0,4.0,
6809,125.0,,
6810,170.0,4.0,
6811,120.0,3.0,
6812,210.0,2.0,
6813,100.0,3.0,
6814,120.0,1.0,
6815,210.0,4.0,
6816,250.0,3.0,
6817,,1.0,
6818,,,
6819,,3.0,
6820,147.0,5.0,
6821,,3.0,
6822,130.0,3.0,
6823,150.0,3.0,
6824,185.0,,
6825,154.0,2.0,
6826,220.0,2.0,
6827,120.0,,
6828,155.0,,
6829,,1.0,
6830,250.0,,
6831,170.0,3.0,
6832,130.0,1.0,
6833,195.0,3.0,
6834,110.0,4.0,
6835,195.0,1.0,
6836,160.0,1.0,
6837,120.0,5.0,
6838,170.0,2.0,
6839,135.0,2.0,
6840,180.0,3.0,
6841,217.0,3.0,
6842,87.0,4.0,
6843,,2.0,
6844,150.0,3.0,
6845,142.0,,
6846,200.0,1.0,
6847,190.0,1.0,
6848,158.0,4.0,
6849,210.0,1.0,
6850,110.0,1.0,
6851,130.0,3.0,
6852,,1.0,
6853,,1.0,
6854,112.0,2.0,
6855,145.0,3.0,
6856,179.0,3.0,
6857,120.0,3.0,
6858,180.0,4.0,
6859,260.0,4.0,
6860,115.0,4.0,
6861,195.0,2.0,
6862,153.0,3.0,
6863,118.0,3.0,
6864,119.0,2.0,
6865,,4.0,
6866,200.0,5.0,
6867,,1.0,
6868,,4.0,
6869,130.0,2.0,
6870,123.0,,
6871,102.0,1.0,
6872,118.0,3.0,
6873,188.0,5.0,
6874,120.0,1.0,
6875,125.0,1.0,
6876,246.0,2.0,
6877,196.0,1.0,
6878,187.0,3.0,
6879,185.0,3.0,
6880,140.0,3.0,
6881,140.0,3.0,
6882,210.0,3.0,
6883,115.0,5.0,
6884,235.0,4.0,
6885,118.0,3.0,
6886,,4.0,
6887,146.0,2.0,
6888,195.0,1.0,
6889,150.0,1.0,
6890,,3.0,
6891,195.0,5.0,
6892,135.0,1.0,
6893,145.0,3.0,
6894,,4.0,
6895,195.0,1.0,
6896,190.0,5.0,
6897,,3.0,
6898,205.0,4.0,
6899,152.0,,
6900,148.0,5.0,
6901,112.0,1.0,
6902,110.0,5.0,
6903,100.0,3.0,
6904,141.0,2.0,
6905,120.0,3.0,
6906,120.0,1.0,
6907,85.0,3.0,
6908,135.0,4.0,
6909,116.0,4.0,
6910,180.0,5.0,
6911,136.0,4.0,
6912,153.0,4.0,
6913,350.0,3.0,
6914,117.0,2.0,
6915,110.0,3.0,
6916,135.0,2.0,
6917,113.0,3.0,
6918,125.0,1.0,
6919,210.0,4.0,
6920,155.0,4.0,
6921,,4.0,
6922,200.0,3.0,
6923,125.0,4.0,
6924,155.0,2.0,
6925,101.0,1.0,
6926,220.0,2.0,
6927,105.0,4.0,
6928,150.0,1.0,
6929,155.0,4.0,
6930,111.0,2.0,
6931,135.0,1.0,
6932,160.0,2.0,
6933,118.0,4.0,
6934,280.0,4.0,
6935,125.0,3.0,
6936,245.0,4.0,
6937,195.0,3.0,
6938,230.0,1.0,
6939,95.0,1.0,
6940,110.0,4.0,
6941,118.0,2.0,
6942,220.0,3.0,
6943,167.0,1.0,
6944,176.0,3.0,
6945,165.0,1.0,
6946,127.0,2.0,
6947,129.0,,
6948,157.0,1.0,
6949,142.0,4.0,
6950,112.0,5.0,
6951,120.0,1.0,
6952,110.0,4.0,
6953,250.0,2.0,
6954,113.0,5.0,
6955,134.0,4.0,
6956,100.0,4.0,
6957,138.0,2.0,
6958,130.0,4.0,
6959,300.0,1.0,
6960,106.0,3.0,
6961,95.0,1.0,
6962,126.0,4.0,
6963,160.0,2.0,
6964,93.0,5.0,
6965,124.0,1.0,
6966,230.0,2.0,
6967,127.0,2.0,
6968,158.0,3.0,
6969,112.0,5.0,
6970,154.0,2.0,
6971,175.0,4.0,
6972,160.0,1.0,
6973,262.0,,
6974,135.0,2.0,
6975,145.0,3.0,
6976,205.0,2.0,
6977,126.0,3.0,
6978,,1.0,
6979,220.0,5.0,
6980,135.0,5.0,
6981,165.0,4.0,
6982,145.0,2.0,
6983,120.0,,
6984,158.0,,
6985,240.0,3.0,
6986,123.0,1.0,
6987,170.0,3.0,
6988,132.0,2.0,
6989,220.0,1.0,
6990,,1.0,
6991,140.0,3.0,
6992,182.0,,
6993,154.0,2.0,
6994,200.0,,
6995,130.0,2.0,
6996,158.0,1.0,
6997,219.0,3.0,
6998,100.0,5.0,
6999,330.0,1.0,
7000,200.0,3.0,
7001,95.0,4.0,
7002,120.0,3.0,
7003,210.0,4.0,
7004,180.0,1.0,
7005,159.0,4.0,
7006,210.0,3.0,
7007,140.0,2.0,
7008,121.0,,
7009,150.0,1.0,
7010,100.0,1.0,
7011,,1.0,
7012,165.0,2.0,
7013,207.0,3.0,
7014,100.0,,
7015,288.0,4.0,
7016,200.0,2.0,
7017,228.0,2.0,
7018,260.0,1.0,
7019,170.0,3.0,
7020,164.0,,
7021,102.0,4.0,
7022,,2.0,
7023,76.0,4.0,
7024,150.0,3.0,
7025,136.0,2.0,
7026,390.0,4.0,
7027,112.0,3.0,
7028,190.0,2.0,
7029,100.0,1.0,
7030,190.0,1.0,
7031,168.0,3.0,
7032,155.0,,
7033,114.0,4.0,
7034,152.0,5.0,
7035,170.0,4.0,
7036,130.0,4.0,
7037,119.0,3.0,
7038,197.0,3.0,
7039,165.0,5.0,
7040,165.0,5.0,
7041,147.0,2.0,
7042,110.0,5.0,
7043,155.0,2.0,
7044,141.0,2.0,
7045,150.0,1.0,
7046,115.0,,
7047,215.0,1.0,
7048,138.0,1.0,
7049,115.0,2.0,
7050,185.0,3.0,
7051,185.0,4.0,
7052,175.0,3.0,
7053,133.0,4.0,
7054,114.0,5.0,
7055,220.0,3.0,
7056,,,
7057,160.0,,
7058,125.0,1.0,
7059,193.0,3.0,
7060,115.0,4.0,
7061,,3.0,
7062,,1.0,
7063,110.0,3.0,
7064,138.0,4.0,
7065,180.0,1.0,
7066,174.0,2.0,
7067,160.0,2.0,
7068,145.0,1.0,
7069,130.0,4.0,
7070,151.0,1.0,
7071,210.0,1.0,
7072,86.0,1.0,
7073,163.0,4.0,
7074,130.0,1.0,
7075,,1.0,
7076,125.0,3.0,
7077,103.0,1.0,
7078,,4.0,
7079,,1.0,
7080,123.0,1.0,
7081,165.0,1.0,
7082,140.0,1.0,
7083,109.0,5.0,
7084,118.0,2.0,
7085,140.0,3.0,
7086,175.0,1.0,
7087,130.0,3.0,
7088,165.0,2.0,
7089,130.0,5.0,
7090,90.0,2.0,
7091,110.0,3.0,
7092,190.0,2.0,
7093,115.0,2.0,
7094,190.0,5.0,
7095,,1.0,
7096,185.0,1.0,
7097,212.0,1.0,
7098,114.0,4.0,
7099,150.0,4.0,
7100,110.0,2.0,
7101,136.0,1.0,
7102,135.0,5.0,
7103,180.0,3.0,
7104,126.0,2.0,
7105,110.0,1.0,
7106,114.0,3.0,
7107,130.0,2.0,
7108,115.0,4.0,
7109,160.0,5.0,
7110,250.0,4.0,
7111,155.0,1.0,
7112,270.0,1.0,
7113,94.0,2.0,
7114,,4.0,
7115,,4.0,
7116,170.0,3.0,
7117,130.0,3.0,
7118,160.0,,
7119,183.0,2.0,
7120,225.0,1.0,
7121,160.0,1.0,
7122,180.0,1.0,
7123,140.0,2.0,
7124,122.0,3.0,
7125,138.0,4.0,
7126,165.0,2.0,
7127,110.0,2.0,
7128,120.0,5.0,
7129,120.0,2.0,
7130,150.0,1.0,
7131,90.0,1.0,
7132,,3.0,
7133,,,
7134,190.0,2.0,
7135,132.0,,
7136,120.0,,
7137,180.0,3.0,
7138,140.0,,
7139,,,
7140,160.0,,
7141,110.0,4.0,
7142,210.0,2.0,
7143,111.0,4.0,
7144,110.0,1.0,
7145,,2.0,
7146,197.0,4.0,
7147,183.0,3.0,
7148,110.0,3.0,
7149,89.0,3.0,
7150,125.0,2.0,
7151,158.0,2.0,
7152,,3.0,
7153,125.0,2.0,
7154,179.0,5.0,
7155,128.0,2.0,
7156,,1.0,
7157,170.0,4.0,
7158,132.0,1.0,
7159,165.0,4.0,
7160,127.0,3.0,
7161,181.0,1.0,
7162,,,
7163,135.0,1.0,
7164,,,
7165,122.0,3.0,
7166,170.0,2.0,
7167,125.0,,
7168,120.0,,
7169,144.0,4.0,
7170,165.0,3.0,
7171,126.0,,
7172,118.0,3.0,
7173,,,
7174,149.0,3.0,
7175,230.0,,
7176,130.0,,
7177,,5.0,
7178,249.0,1.0,
7179,,5.0,
7180,164.0,3.0,
7181,108.0,2.0,
7182,148.0,2.0,
7183,,2.0,
7184,150.0,1.0,
7185,,4.0,
7186,92.0,1.0,
7187,90.0,2.0,
7188,140.0,3.0,
7189,203.0,2.0,
7190,109.0,5.0,
7191,230.0,3.0,
7192,135.0,2.0,
7193,165.0,4.0,
7194,130.0,1.0,
7195,120.0,4.0,
7196,210.0,3.0,
7197,127.0,2.0,
7198,,,
7199,99.0,4.0,
7200,,,
7201,134.0,1.0,
7202,145.0,1.0,
7203,133.0,3.0,
7204,182.0,2.0,
7205,117.0,5.0,
7206,119.0,3.0,
7207,219.0,2.0,
7208,200.0,5.0,
7209,106.0,,
7210,190.0,4.0,
7211,125.0,2.0,
7212,,1.0,
7213,135.0,4.0,
7214,210.0,4.0,
7215,190.0,5.0,
7216,126.0,3.0,
7217,175.0,3.0,
7218,120.0,1.0,
7219,139.0,2.0,
7220,134.0,3.0,
7221,120.0,2.0,
7222,115.0,2.0,
7223,141.0,2.0,
7224,120.0,1.0,
7225,145.0,,
7226,118.0,,
7227,140.0,1.0,
7228,,1.0,
7229,224.0,3.0,
7230,390.0,5.0,
7231,192.0,3.0,
7232,130.0,3.0,
7233,120.0,4.0,
7234,145.0,4.0,
7235,120.0,4.0,
7236,180.0,3.0,
7237,126.0,3.0,
7238,170.0,1.0,
7239,140.0,1.0,
7240,120.0,2.0,
7241,134.0,3.0,
7242,160.0,5.0,
7243,165.0,3.0,
7244,127.0,1.0,
7245,155.0,,
7246,128.0,1.0,
7247,120.0,3.0,
7248,120.0,4.0,
7249,180.0,5.0,
7250,148.0,5.0,
7251,125.0,3.0,
7252,205.0,4.0,
7253,115.0,3.0,
7254,,3.0,
7255,118.0,2.0,
7256,120.0,1.0,
7257,140.0,4.0,
7258,160.0,3.0,
7259,130.0,3.0,
7260,200.0,1.0,
7261,130.0,3.0,
7262,399.0,3.0,
7263,110.0,3.0,
7264,144.0,,
7265,156.0,3.0,
7266,189.0,3.0,
7267,175.0,1.0,
7268,180.0,4.0,
7269,120.0,4.0,
7270,90.0,3.0,
7271,258.0,,
7272,145.0,4.0,
7273,102.0,3.0,
7274,186.0,2.0,
7275,119.0,5.0,
7276,127.0,3.0,
7277,120.0,4.0,
7278,299.0,5.0,
7279,,5.0,
7280,111.0,4.0,
7281,200.0,1.0,
7282,115.0,2.0,
7283,195.0,3.0,
7284,120.0,5.0,
7285,100.0,4.0,
7286,164.0,2.0,
7287,120.0,4.0,
7288,120.0,3.0,
7289,133.0,2.0,
7290,165.0,4.0,
7291,175.0,2.0,
7292,140.0,3.0,
7293,,4.0,
7294,,5.0,
7295,118.0,4.0,
7296,115.0,3.0,
7297,240.0,3.0,
7298,150.0,1.0,
7299,170.0,3.0,
7300,103.0,5.0,
7301,94.0,5.0,
7302,114.0,1.0,
7303,350.0,,
7304,245.0,1.0,
7305,165.0,3.0,
7306,134.0,3.0,
7307,140.0,3.0,
7308,180.0,4.0,
7309,135.0,4.0,
7310,250.0,1.0,
7311,185.0,2.0,
7312,150.0,1.0,
7313,130.0,2.0,
7314,147.0,2.0,
7315,155.0,5.0,
7316,240.0,2.0,
7317,175.0,3.0,
7318,206.0,2.0,
7319,156.0,3.0,
7320,300.0,4.0,
7321,159.0,3.0,
7322,130.0,2.0,
7323,130.0,5.0,
7324,180.0,4.0,
7325,120.0,5.0,
7326,,3.0,
7327,305.0,5.0,
7328,120.0,4.0,
7329,,3.0,
7330,108.0,2.0,
7331,155.0,1.0,
7332,270.0,2.0,
7333,125.0,2.0,
7334,160.0,3.0,
7335,104.0,2.0,
7336,111.0,3.0,
7337,128.0,1.0,
7338,200.0,2.0,
7339,95.0,3.0,
7340,135.0,4.0,
7341,165.0,4.0,
7342,110.0,3.0,
7343,130.0,4.0,
7344,140.0,2.0,
7345,138.0,2.0,
7346,109.0,4.0,
7347,183.0,1.0,
7348,250.0,5.0,
7349,,4.0,
7350,145.0,2.0,
7351,115.0,2.0,
7352,137.0,4.0,
7353,,1.0,
7354,87.0,4.0,
7355,135.0,1.0,
7356,120.0,2.0,
7357,95.0,1.0,
7358,135.0,,
7359,132.0,3.0,
7360,180.0,1.0,
7361,210.0,2.0,
7362,155.0,4.0,
7363,140.0,1.0,
7364,106.0,1.0,
7365,135.0,1.0,
7366,135.0,2.0,
7367,98.0,4.0,
7368,,3.0,
7369,162.0,4.0,
7370,142.0,5.0,
7371,,3.0,
7372,138.0,1.0,
7373,138.0,3.0,
7374,,3.0,
7375,108.0,4.0,
7376,138.0,2.0,
7377,119.0,1.0,
7378,140.0,2.0,
7379,106.0,3.0,
7380,105.0,4.0,
7381,230.0,3.0,
7382,185.0,1.0,
7383,120.0,5.0,
7384,114.0,2.0,
7385,150.0,4.0,
7386,185.0,4.0,
7387,142.0,2.0,
7388,143.0,3.0,
7389,140.0,1.0,
7390,145.0,2.0,
7391,145.0,4.0,
7392,150.0,2.0,
7393,220.0,4.0,
7394,160.0,5.0,
7395,128.0,3.0,
7396,142.0,3.0,
7397,145.0,3.0,
7398,120.0,1.0,
7399,120.0,4.0,
7400,150.0,4.0,
7401,118.0,3.0,
7402,120.0,2.0,
7403,127.0,2.0,
7404,150.0,3.0,
7405,168.0,3.0,
7406,139.0,5.0,
7407,180.0,,
7408,200.0,,
7409,,3.0,
7410,120.0,2.0,
7411,110.0,2.0,
7412,135.0,1.0,
7413,126.0,1.0,
7414,,,
7415,135.0,2.0,
7416,118.0,3.0,
7417,178.0,3.0,
7418,,3.0,
7419,165.0,2.0,
7420,165.0,2.0,
7421,150.0,,
7422,210.0,4.0,
7423,,2.0,
7424,150.0,4.0,
7425,135.0,,
7426,168.0,2.0,
7427,160.0,4.0,
7428,180.0,5.0,
7429,176.0,3.0,
7430,125.0,2.0,
7431,200.0,,
7432,220.0,1.0,
7433,103.0,4.0,
7434,145.0,3.0,
7435,150.0,1.0,
7436,212.0,2.0,
7437,145.0,4.0,
7438,165.0,3.0,
7439,116.0,1.0,
7440,118.0,4.0,
7441,126.0,3.0,
7442,125.0,4.0,
7443,202.0,2.0,
7444,134.0,3.0,
7445,115.0,3.0,
7446,170.0,2.0,
7447,140.0,3.0,
7448,135.0,3.0,
7449,160.0,2.0,
7450,140.0,3.0,
7451,125.0,5.0,
7452,125.0,3.0,
7453,193.0,3.0,
7454,65.0,3.0,
7455,115.0,3.0,
7456,155.0,3.0,
7457,102.0,3.0,
7458,140.0,4.0,
7459,118.0,4.0,
7460,135.0,2.0,
7461,148.0,4.0,
7462,125.0,2.0,
7463,135.0,2.0,
7464,115.0,4.0,
7465,140.0,4.0,
7466,113.0,2.0,
7467,160.0,3.0,
7468,185.0,2.0,
7469,152.0,1.0,
7470,185.0,5.0,
7471,280.0,1.0,
7472,132.0,2.0,
7473,105.0,4.0,
7474,132.0,3.0,
7475,106.0,3.0,
7476,120.0,2.0,
7477,155.0,4.0,
7478,145.0,3.0,
7479,120.0,1.0,
7480,140.0,1.0,
7481,125.0,1.0,
7482,125.0,3.0,
7483,250.0,3.0,
7484,155.0,2.0,
7485,158.0,3.0,
7486,120.0,2.0,
7487,,3.0,
7488,115.0,3.0,
7489,110.0,1.0,
7490,165.0,1.0,
7491,,2.0,
7492,110.0,3.0,
7493,173.0,2.0,
7494,196.0,1.0,
7495,,,
7496,110.0,2.0,
7497,114.0,4.0,
7498,173.0,2.0,
7499,104.0,3.0,
7500,127.0,3.0,
7501,133.0,2.0,
7502,140.0,3.0,
7503,120.0,3.0,
7504,135.0,4.0,
7505,,3.0,
7506,130.0,1.0,
7507,240.0,1.0,
7508,180.0,2.0,
7509,130.0,3.0,
7510,115.0,,
7511,150.0,1.0,
7512,167.0,3.0,
7513,140.0,2.0,
7514,98.0,4.0,
7515,125.0,2.0,
7516,135.0,5.0,
7517,146.0,3.0,
7518,150.0,2.0,
7519,145.0,3.0,
7520,100.0,3.0,
7521,146.0,3.0,
7522,,3.0,
7523,150.0,5.0,
7524,115.0,3.0,
7525,150.0,3.0,
7526,155.0,2.0,
7527,399.0,,
7528,245.0,3.0,
7529,152.0,3.0,
7530,142.0,3.0,
7531,97.0,4.0,
7532,152.0,3.0,
7533,150.0,1.0,
7534,137.0,5.0,
7535,208.0,3.0,
7536,110.0,3.0,
7537,140.0,3.0,
7538,,1.0,
7539,156.0,2.0,
7540,126.0,4.0,
7541,230.0,2.0,
7542,121.0,4.0,
7543,184.0,2.0,
7544,120.0,4.0,
7545,156.0,2.0,
7546,,2.0,
7547,170.0,1.0,
7548,90.0,5.0,
7549,150.0,2.0,
7550,137.0,2.0,
7551,240.0,5.0,
7552,137.0,3.0,
7553,135.0,1.0,
7554,127.0,5.0,
7555,150.0,4.0,
7556,128.0,3.0,
7557,153.0,2.0,
7558,115.0,3.0,
7559,,2.0,
7560,210.0,4.0,
7561,133.0,2.0,
7562,164.0,1.0,
7563,174.0,2.0,
7564,120.0,3.0,
7565,177.0,2.0,
7566,135.0,5.0,
7567,165.0,2.0,
7568,112.0,3.0,
7569,135.0,4.0,
7570,130.0,3.0,
7571,90.0,3.0,
7572,160.0,3.0,
7573,130.0,1.0,
7574,130.0,3.0,
7575,113.0,5.0,
7576,192.0,4.0,
7577,170.0,3.0,
7578,138.0,3.0,
7579,113.0,4.0,
7580,147.0,4.0,
7581,146.0,3.0,
7582,145.0,5.0,
7583,157.0,1.0,
7584,135.0,3.0,
7585,120.0,1.0,
7586,,3.0,
7587,179.0,4.0,
7588,,2.0,
7589,104.0,2.0,
7590,145.0,3.0,
7591,128.0,,
7592,135.0,5.0,
7593,125.0,3.0,
7594,150.0,1.0,
7595,155.0,2.0,
7596,127.0,3.0,
7597,245.0,3.0,
7598,103.0,5.0,
7599,,3.0,
7600,165.0,3.0,
7601,125.0,4.0,
7602,132.0,2.0,
7603,271.0,4.0,
7604,159.0,3.0,
7605,170.0,1.0,
7606,130.0,3.0,
7607,129.0,3.0,
7608,153.0,3.0,
7609,124.0,2.0,
7610,140.0,3.0,
7611,131.0,3.0,
7612,105.0,2.0,
7613,134.0,3.0,
7614,142.0,2.0,
7615,165.0,2.0,
7616,175.0,3.0,
7617,164.0,4.0,
7618,127.0,,
7619,95.0,3.0,
7620,134.0,5.0,
7621,129.0,4.0,
7622,85.0,3.0,
7623,,4.0,
7624,203.0,2.0,
7625,123.0,4.0,
7626,125.0,4.0,
7627,126.0,3.0,
7628,128.0,3.0,
7629,,4.0,
7630,172.0,3.0,
7631,115.0,2.0,
7632,150.0,3.0,
7633,199.0,3.0,
7634,130.0,2.0,
7635,120.0,3.0,
7636,140.0,3.0,
7637,125.0,4.0,
7638,158.0,5.0,
7639,128.0,2.0,
7640,110.0,2.0,
7641,116.0,3.0,
7642,131.0,4.0,
7643,143.0,3.0,
7644,170.0,2.0,
7645,180.0,2.0,
7646,125.0,3.0,
7647,125.0,3.0,
7648,148.0,3.0,
7649,190.0,4.0,
7650,156.0,3.0,
7651,132.0,3.0,
7652,122.0,5.0,
7653,129.0,2.0,
7654,180.0,3.0,
7655,118.0,4.0,
7656,165.0,1.0,
7657,185.0,2.0,
7658,155.0,4.0,
7659,,4.0,
7660,99.0,3.0,
7661,130.0,5.0,
7662,103.0,4.0,
7663,158.0,2.0,
7664,,3.0,
7665,128.0,2.0,
7666,99.0,4.0,
7667,150.0,3.0,
7668,160.0,,
7669,120.0,1.0,
7670,128.0,2.0,
7671,137.0,2.0,
7672,133.0,2.0,
7673,160.0,3.0,
7674,120.0,1.0,
7675,160.0,3.0,
7676,119.0,3.0,
7677,135.0,3.0,
7678,192.0,2.0,
7679,160.0,3.0,
7680,192.0,2.0,
7681,125.0,,
7682,125.0,3.0,
7683,173.0,3.0,
7684,160.0,3.0,
7685,235.0,4.0,
7686,145.0,3.0,
7687,180.0,2.0,
7688,140.0,5.0,
7689,120.0,2.0,
7690,140.0,,
7691,130.0,4.0,
7692,120.0,5.0,
7693,165.0,1.0,
7694,122.0,3.0,
7695,155.0,5.0,
7696,100.0,2.0,
7697,143.0,1.0,
7698,125.0,3.0,
7699,,4.0,
7700,125.0,3.0,
7701,155.0,3.0,
7702,128.0,5.0,
7703,120.0,1.0,
7704,,4.0,
7705,111.0,2.0,
7706,240.0,2.0,
7707,110.0,4.0,
7708,120.0,3.0,
7709,,4.0,
7710,,3.0,
7711,150.0,4.0,
7712,135.0,2.0,
7713,155.0,3.0,
7714,112.0,4.0,
7715,130.0,3.0,
7716,110.0,4.0,
7717,108.0,3.0,
7718,150.0,3.0,
7719,109.0,2.0,
7720,150.0,1.0,
7721,140.0,3.0,
7722,,3.0,
7723,104.0,,
7724,180.0,4.0,
7725,125.0,2.0,
7726,164.0,2.0,
7727,138.0,2.0,
7728,,2.0,
7729,150.0,1.0,
7730,195.0,,
7731,110.0,2.0,
7732,150.0,2.0,
7733,112.0,4.0,
7734,135.0,1.0,
7735,120.0,3.0,
7736,175.0,3.0,
7737,163.0,1.0,
7738,110.0,2.0,
7739,120.0,2.0,
7740,114.0,3.0,
7741,105.0,4.0,
7742,135.0,,
7743,124.0,1.0,
7744,100.0,3.0,
7745,120.0,4.0,
7746,,4.0,
7747,125.0,1.0,
7748,140.0,5.0,
7749,135.0,3.0,
7750,160.0,2.0,
7751,105.0,4.0,
7752,120.0,3.0,
7753,100.0,3.0,
7754,149.0,1.0,
7755,120.0,2.0,
7756,164.0,2.0,
7757,130.0,1.0,
7758,107.0,5.0,
7759,150.0,,
7760,130.0,3.0,
7761,135.0,4.0,
7762,190.0,3.0,
7763,155.0,3.0,
7764,125.0,2.0,
7765,130.0,2.0,
7766,150.0,2.0,
7767,108.0,5.0,
7768,138.0,1.0,
7769,150.0,2.0,
7770,145.0,2.0,
7771,140.0,2.0,
7772,110.0,3.0,
7773,130.0,3.0,
7774,152.0,2.0,
7775,165.0,3.0,
7776,130.0,3.0,
7777,129.0,2.0,
7778,155.0,2.0,
7779,145.0,2.0,
7780,147.0,4.0,
7781,240.0,5.0,
7782,135.0,5.0,
7783,161.0,3.0,
7784,82.0,2.0,
7785,155.0,2.0,
7786,165.0,3.0,
7787,155.0,2.0,
7788,150.0,2.0,
7789,155.0,2.0,
7790,130.0,3.0,
7791,150.0,3.0,
7792,150.0,3.0,
7793,200.0,1.0,
7794,148.0,1.0,
7795,,,
7796,138.0,3.0,
7797,250.0,3.0,
7798,118.0,3.0,
7799,130.0,1.0,
7800,99.0,4.0,
7801,115.0,4.0,
7802,121.0,1.0,
7803,140.0,4.0,
7804,95.0,2.0,
7805,120.0,,
7806,106.0,3.0,
7807,170.0,,
7808,,3.0,
7809,135.0,2.0,
7810,130.0,,
7811,98.0,4.0,
7812,115.0,3.0,
7813,139.0,3.0,
7814,145.0,1.0,
7815,150.0,4.0,
7816,100.0,3.0,
7817,150.0,3.0,
7818,153.0,1.0,
7819,96.0,3.0,
7820,165.0,3.0,
7821,100.0,,
7822,140.0,1.0,
7823,159.0,2.0,
7824,160.0,3.0,
7825,190.0,2.0,
7826,140.0,,
7827,95.0,1.0,
7828,110.0,3.0,
7829,211.0,,
7830,135.0,1.0,
7831,105.0,3.0,
7832,175.0,2.0,
7833,135.0,1.0,
7834,142.0,1.0,
7835,298.0,,
7836,169.0,3.0,
7837,60.0,1.0,
7838,174.0,2.0,
7839,300.0,1.0,
7840,115.0,3.0,
7841,210.0,3.0,
7842,215.0,,
7843,140.0,1.0,
7844,142.0,2.0,
7845,155.0,4.0,
7846,144.0,,
7847,,2.0,
7848,115.0,1.0,
7849,120.0,3.0,
7850,120.0,1.0,
7851,210.0,1.0,
7852,133.0,4.0,
7853,182.0,1.0,
7854,141.0,,
7855,175.0,2.0,
7856,220.0,2.0,
7857,239.0,1.0,
7858,120.0,1.0,
7859,215.0,2.0,
7860,180.0,2.0,
7861,150.0,5.0,
7862,130.0,2.0,
7863,237.0,5.0,
7864,189.0,5.0,
7865,145.0,3.0,
7866,114.0,5.0,
7867,99.0,2.0,
7868,130.0,2.0,
7869,106.0,3.0,
7870,108.0,5.0,
7871,115.0,2.0,
7872,105.0,3.0,
7873,95.0,3.0,
7874,117.0,3.0,
7875,162.0,2.0,
7876,130.0,1.0,
7877,,5.0,
7878,121.0,5.0,
7879,170.0,1.0,
7880,112.0,2.0,
7881,170.0,2.0,
7882,186.0,2.0,
7883,128.0,2.0,
7884,120.0,1.0,
7885,166.0,3.0,
7886,130.0,4.0,
7887,120.0,2.0,
7888,145.0,3.0,
7889,186.0,3.0,
7890,125.0,2.0,
7891,130.0,4.0,
7892,120.0,3.0,
7893,155.0,2.0,
7894,140.0,3.0,
7895,180.0,1.0,
7896,138.0,3.0,
7897,116.0,4.0,
7898,,4.0,
7899,215.0,2.0,
7900,115.0,3.0,
7901,165.0,4.0,
7902,97.0,4.0,
7903,,4.0,
7904,118.0,1.0,
7905,200.0,1.0,
7906,89.0,2.0,
7907,105.0,2.0,
7908,120.0,4.0,
7909,116.0,4.0,
7910,149.0,3.0,
7911,170.0,3.0,
7912,133.0,2.0,
7913,92.0,3.0,
7914,118.0,2.0,
7915,145.0,4.0,
7916,105.0,2.0,
7917,240.0,2.0,
7918,160.0,2.0,
7919,134.0,5.0,
7920,112.0,4.0,
7921,120.0,5.0,
7922,145.0,3.0,
7923,180.0,4.0,
7924,200.0,4.0,
7925,220.0,4.0,
7926,126.0,4.0,
7927,180.0,2.0,
7928,248.0,2.0,
7929,176.0,3.0,
7930,140.0,5.0,
7931,165.0,3.0,
7932,98.0,,
7933,205.0,4.0,
7934,110.0,3.0,
7935,130.0,2.0,
7936,140.0,5.0,
7937,148.0,5.0,
7938,,,
7939,142.0,4.0,
7940,145.0,4.0,
7941,109.0,4.0,
7942,215.0,1.0,
7943,150.0,4.0,
7944,140.0,,
7945,200.0,2.0,
7946,240.0,5.0,
7947,132.0,,
7948,180.0,4.0,
7949,128.0,4.0,
7950,128.0,1.0,
7951,130.0,,
7952,160.0,,
7953,162.0,1.0,
7954,154.0,1.0,
7955,153.0,2.0,
7956,120.0,1.0,
7957,245.0,3.0,
7958,170.0,4.0,
7959,200.0,,
7960,135.0,1.0,
7961,109.0,,
7962,140.0,2.0,
7963,175.0,4.0,
7964,239.0,3.0,
7965,185.0,4.0,
7966,165.0,3.0,
7967,166.0,5.0,
7968,139.0,3.0,
7969,120.0,2.0,
7970,111.0,2.0,
7971,158.0,,
7972,150.0,1.0,
7973,118.0,5.0,
7974,205.0,3.0,
7975,175.0,1.0,
7976,275.0,1.0,
7977,210.0,3.0,
7978,123.0,2.0,
7979,166.0,5.0,
7980,,2.0,
7981,,,
7982,166.0,1.0,
7983,110.0,1.0,
7984,175.0,,
7985,200.0,4.0,
7986,160.0,2.0,
7987,117.0,4.0,
7988,250.0,,
7989,150.0,3.0,
7990,250.0,1.0,
7991,117.0,4.0,
7992,130.0,,
7993,150.0,2.0,
7994,130.0,3.0,
7995,165.0,5.0,
7996,137.0,,
7997,245.0,1.0,
7998,170.0,1.0,
7999,100.0,2.0,
8000,138.0,2.0,
8001,120.0,2.0,
8002,180.0,5.0,
8003,135.0,2.0,
8004,185.0,3.0,
8005,116.0,4.0,
8006,,1.0,
8007,180.0,1.0,
8008,160.0,2.0,
8009,140.0,2.0,
8010,166.0,,
8011,144.0,3.0,
8012,198.0,5.0,
8013,132.0,,
8014,163.0,3.0,
8015,135.0,1.0,
8016,134.0,1.0,
8017,145.0,5.0,
8018,350.0,2.0,
8019,178.0,2.0,
8020,142.0,1.0,
8021,190.0,1.0,
8022,102.0,3.0,
8023,250.0,1.0,
8024,,5.0,
8025,147.0,1.0,
8026,134.0,2.0,
8027,264.0,1.0,
8028,288.0,5.0,
8029,120.0,3.0,
8030,175.0,5.0,
8031,,3.0,
8032,185.0,4.0,
8033,236.0,2.0,
8034,195.0,1.0,
8035,125.0,3.0,
8036,170.0,3.0,
8037,125.0,4.0,
8038,180.0,3.0,
8039,135.0,1.0,
8040,190.0,1.0,
8041,165.0,2.0,
8042,115.0,1.0,
8043,120.0,4.0,
8044,135.0,1.0,
8045,205.0,3.0,
8046,144.0,1.0,
8047,230.0,3.0,
8048,157.0,4.0,
8049,380.0,1.0,
8050,115.0,,
8051,215.0,1.0,
8052,225.0,4.0,
8053,120.0,3.0,
8054,130.0,1.0,
8055,125.0,,
8056,125.0,2.0,
8057,188.0,3.0,
8058,160.0,1.0,
8059,165.0,2.0,
8060,150.0,1.0,
8061,136.0,2.0,
8062,130.0,1.0,
8063,140.0,2.0,
8064,116.0,3.0,
8065,133.0,2.0,
8066,240.0,2.0,
8067,81.0,4.0,
8068,123.0,,
8069,136.0,1.0,
8070,145.0,5.0,
8071,146.0,2.0,
8072,155.0,3.0,
8073,135.0,2.0,
8074,123.0,2.0,
8075,150.0,,
8076,118.0,3.0,
8077,152.0,,
8078,115.0,2.0,
8079,123.0,1.0,
8080,135.0,4.0,
8081,150.0,1.0,
8082,220.0,3.0,
8083,160.0,4.0,
8084,,2.0,
8085,208.0,1.0,
8086,117.0,5.0,
8087,107.0,,
8088,190.0,,
8089,125.0,3.0,
8090,106.0,3.0,
8091,140.0,2.0,
8092,190.0,3.0,
8093,280.0,2.0,
8094,115.0,2.0,
8095,230.0,3.0,
8096,190.0,1.0,
8097,170.0,1.0,
8098,180.0,3.0,
8099,180.0,3.0,
8100,212.0,3.0,
8101,290.0,2.0,
8102,,5.0,
8103,140.0,1.0,
8104,120.0,5.0,
8105,,3.0,
8106,170.0,5.0,
8107,130.0,2.0,
8108,175.0,3.0,
8109,125.0,1.0,
8110,210.0,,
8111,175.0,4.0,
8112,310.0,2.0,
8113,179.0,,
8114,175.0,4.0,
8115,,1.0,
8116,214.0,4.0,
8117,160.0,1.0,
8118,210.0,3.0,
8119,180.0,2.0,
8120,130.0,3.0,
8121,122.0,2.0,
8122,165.0,3.0,
8123,135.0,5.0,
8124,100.0,,
8125,200.0,2.0,
8126,135.0,3.0,
8127,116.0,3.0,
8128,140.0,4.0,
8129,280.0,1.0,
8130,250.0,2.0,
8131,130.0,3.0,
8132,145.0,2.0,
8133,170.0,3.0,
8134,182.0,1.0,
8135,95.0,2.0,2.0
8136,,5.0,
8137,107.0,5.0,
8138,101.0,2.0,
8139,121.0,3.0,
8140,185.0,,
8141,153.0,2.0,
8142,280.0,1.0,
8143,175.0,2.0,
8144,126.0,3.0,
8145,,1.0,
8146,176.0,3.0,
8147,123.0,2.0,
8148,180.0,1.0,
8149,145.0,2.0,
8150,120.0,3.0,
8151,180.0,,
8152,180.0,,
8153,164.0,1.0,
8154,330.0,3.0,
8155,145.0,4.0,
8156,150.0,1.0,
8157,119.0,5.0,
8158,155.0,3.0,
8159,205.0,2.0,
8160,175.0,4.0,
8161,135.0,1.0,
8162,152.0,4.0,
8163,120.0,5.0,
8164,165.0,2.0,
8165,190.0,5.0,
8166,,1.0,
8167,116.0,4.0,
8168,120.0,4.0,
8169,190.0,1.0,
8170,117.0,3.0,
8171,110.0,3.0,
8172,158.0,2.0,
8173,128.0,5.0,
8174,140.0,3.0,
8175,355.0,4.0,
8176,136.0,5.0,
8177,150.0,4.0,
8178,115.0,4.0,
8179,113.0,4.0,
8180,235.0,3.0,
8181,150.0,4.0,
8182,,3.0,
8183,110.0,3.0,
8184,270.0,5.0,
8185,197.0,4.0,
8186,114.0,5.0,
8187,185.0,4.0,
8188,,4.0,
8189,137.0,1.0,
8190,120.0,4.0,
8191,129.0,4.0,
8192,149.0,2.0,
8193,230.0,1.0,
8194,130.0,4.0,
8195,240.0,5.0,
8196,180.0,,
8197,136.0,5.0,
8198,195.0,2.0,
8199,130.0,4.0,
8200,154.0,1.0,
8201,98.0,3.0,
8202,140.0,3.0,
8203,,,
8204,120.0,5.0,
8205,145.0,4.0,
8206,106.0,1.0,
8207,,,
8208,153.0,,
8209,,3.0,
8210,150.0,3.0,
8211,130.0,5.0,
8212,215.0,2.0,
8213,,5.0,
8214,217.0,3.0,
8215,180.0,2.0,
8216,,1.0,
8217,108.0,2.0,
8218,119.0,4.0,
8219,160.0,5.0,
8220,250.0,3.0,
8221,254.0,4.0,
8222,165.0,5.0,
8223,160.0,5.0,
8224,174.0,1.0,
8225,213.0,3.0,
8226,160.0,4.0,
8227,107.0,1.0,
8228,201.0,2.0,
8229,178.0,1.0,
8230,150.0,2.0,
8231,125.0,5.0,
8232,175.0,3.0,
8233,160.0,4.0,
8234,146.0,4.0,
8235,216.0,5.0,
8236,199.0,4.0,
8237,128.0,5.0,
8238,,3.0,
8239,135.0,3.0,
8240,120.0,2.0,
8241,168.0,1.0,
8242,120.0,3.0,
8243,110.0,3.0,
8244,103.0,3.0,
8245,175.0,2.0,
8246,150.0,2.0,
8247,115.0,3.0,
8248,114.0,5.0,
8249,175.0,1.0,
8250,180.0,3.0,
8251,98.0,5.0,
8252,,3.0,
8253,133.0,4.0,
8254,145.0,3.0,
8255,115.0,3.0,
8256,145.0,4.0,
8257,163.0,2.0,
8258,140.0,4.0,
8259,175.0,2.0,
8260,170.0,1.0,
8261,160.0,1.0,
8262,132.0,5.0,
8263,165.0,4.0,
8264,140.0,5.0,
8265,169.0,1.0,
8266,196.0,3.0,
8267,150.0,1.0,
8268,97.0,4.0,
8269,155.0,3.0,
8270,125.0,4.0,
8271,123.0,2.0,
8272,140.0,5.0,
8273,260.0,3.0,
8274,235.0,2.0,
8275,127.0,3.0,
8276,177.0,2.0,
8277,120.0,4.0,
8278,134.0,4.0,
8279,220.0,4.0,
8280,120.0,2.0,
8281,111.0,2.0,
8282,150.0,4.0,
8283,143.0,5.0,
8284,110.0,5.0,
8285,148.0,3.0,
8286,115.0,1.0,
8287,213.0,2.0,
8288,111.0,3.0,
8289,174.0,4.0,
8290,115.0,2.0,
8291,135.0,4.0,
8292,108.0,4.0,
8293,135.0,3.0,
8294,121.0,3.0,
8295,165.0,2.0,
8296,175.0,1.0,
8297,175.0,4.0,
8298,208.0,2.0,
8299,141.0,2.0,
8300,150.0,2.0,
8301,150.0,2.0,
8302,133.0,3.0,
8303,150.0,2.0,
8304,130.0,2.0,
8305,140.0,,
8306,144.0,3.0,
8307,270.0,2.0,
8308,120.0,5.0,
8309,82.0,3.0,
8310,124.0,1.0,
8311,124.0,4.0,
8312,125.0,2.0,
8313,178.0,5.0,
8314,125.0,2.0,
8315,190.0,3.0,
8316,180.0,5.0,
8317,180.0,3.0,
8318,135.0,3.0,
8319,225.0,5.0,
8320,145.0,3.0,
8321,95.0,4.0,
8322,200.0,5.0,
8323,250.0,3.0,
8324,130.0,4.0,
8325,185.0,2.0,
8326,129.0,3.0,
8327,130.0,1.0,
8328,103.0,2.0,
8329,165.0,2.0,
8330,155.0,4.0,
8331,100.0,5.0,
8332,145.0,3.0,
8333,135.0,1.0,
8334,142.0,2.0,
8335,136.0,4.0,
8336,155.0,4.0,
8337,124.0,5.0,
8338,127.0,2.0,
8339,108.0,2.0,
8340,105.0,4.0,
8341,150.0,4.0,
8342,120.0,5.0,
8343,130.0,3.0,
8344,162.0,4.0,
8345,155.0,3.0,
8346,130.0,3.0,
8347,,1.0,
8348,230.0,2.0,
8349,120.0,3.0,
8350,135.0,5.0,
8351,,1.0,
8352,240.0,1.0,
8353,115.0,4.0,
8354,155.0,3.0,
8355,118.0,4.0,
8356,252.0,3.0,
8357,180.0,,
8358,240.0,1.0,
8359,137.0,3.0,
8360,230.0,3.0,
8361,210.0,5.0,
8362,198.0,5.0,
8363,195.0,3.0,
8364,245.0,4.0,
8365,150.0,3.0,
8366,180.0,4.0,
8367,120.0,3.0,
8368,124.0,2.0,
8369,143.0,4.0,
8370,170.0,1.0,
8371,120.0,1.0,
8372,190.0,5.0,
8373,225.0,1.0,
8374,116.0,4.0,
8375,225.0,4.0,
8376,116.0,2.0,
8377,172.0,1.0,
8378,140.0,4.0,
8379,135.0,2.0,
8380,145.0,2.0,
8381,106.0,4.0,
8382,106.0,4.0,
8383,130.0,3.0,
8384,140.0,,
8385,130.0,5.0,
8386,176.0,3.0,
8387,145.0,3.0,
8388,211.0,2.0,
8389,150.0,2.0,
8390,170.0,4.0,
8391,140.0,2.0,
8392,180.0,3.0,
8393,230.0,4.0,
8394,120.0,4.0,
8395,205.0,3.0,
8396,128.0,3.0,
8397,90.0,1.0,
8398,138.0,2.0,
8399,90.0,3.0,
8400,190.0,3.0,
8401,200.0,4.0,
8402,144.0,5.0,
8403,119.0,4.0,
8404,190.0,5.0,
8405,114.0,4.0,
8406,95.0,2.0,
8407,175.0,3.0,
8408,100.0,3.0,
8409,121.0,2.0,
8410,138.0,3.0,
8411,114.0,3.0,
8412,190.0,1.0,
8413,220.0,4.0,
8414,135.0,2.0,
8415,175.0,1.0,
8416,125.0,2.0,
8417,152.0,3.0,
8418,318.0,3.0,
8419,136.0,1.0,
8420,125.0,4.0,
8421,120.0,,
8422,145.0,3.0,
8423,107.0,4.0,
8424,125.0,4.0,
8425,183.0,4.0,
8426,185.0,3.0,
8427,180.0,3.0,
8428,130.0,5.0,
8429,,1.0,
8430,129.0,5.0,
8431,242.0,4.0,
8432,161.0,4.0,
8433,115.0,2.0,
8434,205.0,3.0,
8435,189.0,2.0,
8436,235.0,3.0,
8437,190.0,2.0,
8438,130.0,3.0,
8439,131.0,3.0,
8440,150.0,4.0,
8441,220.0,4.0,
8442,120.0,4.0,
8443,165.0,3.0,
8444,,3.0,
8445,120.0,3.0,
8446,140.0,2.0,
8447,110.0,2.0,
8448,163.0,2.0,
8449,,4.0,
8450,125.0,2.0,
8451,128.0,4.0,
8452,170.0,4.0,
8453,200.0,3.0,
8454,188.0,2.0,
8455,105.0,4.0,
8456,,,
8457,160.0,3.0,
8458,138.0,4.0,
8459,210.0,3.0,
8460,248.0,4.0,
8461,140.0,4.0,
8462,150.0,3.0,
8463,155.0,1.0,
8464,138.0,2.0,
8465,145.0,4.0,
8466,136.0,4.0,
8467,289.0,4.0,
8468,145.0,1.0,
8469,290.0,4.0,
8470,170.0,2.0,
8471,190.0,,
8472,105.0,4.0,
8473,255.0,3.0,
8474,160.0,2.0,
8475,123.0,3.0,
8476,165.0,1.0,
8477,135.0,2.0,
8478,118.0,3.0,
8479,119.0,3.0,
8480,127.0,4.0,
8481,,3.0,
8482,140.0,3.0,
8483,175.0,2.0,
8484,180.0,5.0,
8485,100.0,4.0,
8486,146.0,2.0,
8487,120.0,3.0,
8488,127.0,1.0,
8489,115.0,,
8490,150.0,3.0,
8491,185.0,2.0,
8492,133.0,1.0,
8493,125.0,3.0,
8494,163.0,3.0,
8495,208.0,5.0,
8496,150.0,3.0,
8497,175.0,4.0,
8498,170.0,2.0,
8499,154.0,4.0,
8500,140.0,3.0,
8501,200.0,3.0,
8502,120.0,3.0,
8503,165.0,3.0,
8504,145.0,1.0,
8505,232.0,4.0,
8506,109.0,3.0,
8507,173.0,3.0,
8508,150.0,3.0,
8509,180.0,3.0,
8510,160.0,2.0,
8511,150.0,5.0,
8512,235.0,5.0,
8513,155.0,1.0,
8514,213.0,4.0,
8515,257.0,4.0,
8516,165.0,2.0,
8517,129.0,5.0,
8518,106.0,4.0,
8519,170.0,3.0,
8520,154.0,1.0,
8521,175.0,3.0,
8522,,3.0,
8523,260.0,4.0,
8524,130.0,4.0,
8525,170.0,4.0,
8526,115.0,3.0,
8527,150.0,4.0,
8528,147.0,2.0,
8529,175.0,3.0,
8530,145.0,2.0,
8531,154.0,4.0,
8532,245.0,1.0,
8533,138.0,1.0,
8534,165.0,,
8535,150.0,3.0,
8536,270.0,1.0,
8537,177.0,3.0,
8538,100.0,4.0,
8539,109.0,3.0,
8540,108.0,3.0,
8541,195.0,3.0,
8542,142.0,4.0,
8543,110.0,3.0,
8544,120.0,3.0,
8545,111.0,3.0,
8546,136.0,5.0,
8547,139.0,2.0,
8548,148.0,1.0,
8549,135.0,3.0,
8550,140.0,2.0,
8551,186.0,2.0,
8552,117.0,1.0,
8553,185.0,1.0,
8554,130.0,3.0,
8555,160.0,5.0,
8556,110.0,3.0,
8557,170.0,4.0,
8558,,2.0,
8559,160.0,3.0,
8560,105.0,2.0,
8561,120.0,3.0,
8562,120.0,5.0,
8563,166.0,1.0,
8564,197.0,4.0,
8565,115.0,1.0,
8566,100.0,5.0,
8567,115.0,2.0,
8568,103.0,2.0,
8569,135.0,,
8570,120.0,3.0,
8571,190.0,3.0,
8572,135.0,3.0,
8573,148.0,2.0,
8574,,1.0,
8575,165.0,4.0,
8576,172.0,4.0,
8577,250.0,2.0,
8578,118.0,2.0,
8579,140.0,5.0,
8580,150.0,,
8581,143.0,4.0,
8582,103.0,4.0,
8583,245.0,3.0,
8584,142.0,2.0,
8585,120.0,2.0,
8586,200.0,5.0,
8587,143.0,2.0,
8588,158.0,1.0,
8589,112.0,1.0,
8590,154.0,1.0,
8591,125.0,1.0,
8592,195.0,3.0,
8593,148.0,2.0,
8594,165.0,3.0,
8595,193.0,4.0,
8596,210.0,1.0,
8597,195.0,2.0,
8598,200.0,1.0,
8599,220.0,2.0,
8600,255.0,2.0,
8601,170.0,2.0,
8602,210.0,2.0,
8603,113.0,5.0,
8604,225.0,2.0,
8605,168.0,4.0,
8606,235.0,4.0,
8607,,2.0,
8608,353.0,4.0,
8609,140.0,1.0,
8610,221.0,,
8611,210.0,5.0,
8612,164.0,2.0,
8613,158.0,3.0,
8614,196.0,4.0,
8615,140.0,2.0,
8616,137.0,4.0,
8617,101.0,2.0,
8618,109.0,3.0,
8619,190.0,4.0,
8620,183.0,1.0,
8621,108.0,4.0,
8622,180.0,3.0,
8623,180.0,1.0,
8624,150.0,5.0,
8625,165.0,3.0,
8626,155.0,2.0,
8627,158.0,2.0,
8628,150.0,3.0,
8629,201.0,1.0,
8630,250.0,5.0,
8631,240.0,1.0,
8632,90.0,3.0,
8633,160.0,1.0,
8634,215.0,4.0,
8635,129.0,3.0,
8636,135.0,3.0,
8637,120.0,3.0,
8638,110.0,3.0,
8639,243.0,1.0,
8640,105.0,3.0,
8641,165.0,3.0,
8642,162.0,5.0,
8643,,2.0,
8644,185.0,5.0,
8645,150.0,3.0,
8646,182.0,5.0,
8647,170.0,2.0,
8648,190.0,1.0,
8649,135.0,1.0,
8650,125.0,2.0,
8651,138.0,1.0,
8652,160.0,,
8653,190.0,4.0,
8654,313.0,3.0,
8655,149.0,4.0,
8656,239.0,4.0,
8657,125.0,4.0,
8658,93.0,3.0,
8659,135.0,4.0,
8660,120.0,1.0,
8661,201.0,5.0,
8662,230.0,2.0,
8663,120.0,4.0,
8664,280.0,4.0,
8665,175.0,2.0,
8666,250.0,4.0,
8667,135.0,2.0,
8668,220.0,4.0,
8669,136.0,3.0,
8670,194.0,3.0,
8671,100.0,3.0,
8672,135.0,1.0,
8673,155.0,4.0,
8674,150.0,2.0,
8675,115.0,3.0,
8676,180.0,1.0,
8677,150.0,1.0,
8678,187.0,4.0,
8679,128.0,4.0,
8680,140.0,4.0,
8681,210.0,3.0,
8682,110.0,1.0,
8683,113.0,3.0,
8684,142.0,5.0,
8685,285.0,3.0,
8686,90.0,3.0,
8687,165.0,1.0,
8688,155.0,2.0,
8689,141.0,4.0,
8690,120.0,2.0,
8691,115.0,3.0,
8692,150.0,3.0,
8693,130.0,4.0,
8694,150.0,3.0,
8695,130.0,,
8696,100.0,4.0,
8697,389.0,5.0,
8698,215.0,3.0,
8699,,4.0,
8700,115.0,1.0,
8701,155.0,4.0,
8702,125.0,2.0,
8703,116.0,2.0,
8704,154.0,,
8705,141.0,3.0,
8706,140.0,4.0,
8707,120.0,4.0,
8708,180.0,3.0,
8709,160.0,3.0,
8710,,,
8711,,,
8712,186.0,4.0,
8713,123.0,4.0,
8714,69.0,3.0,
8715,185.0,5.0,
8716,170.0,4.0,
8717,143.0,2.0,
8718,187.0,3.0,
8719,126.0,4.0,
8720,143.0,3.0,
8721,165.0,3.0,
8722,260.0,1.0,
8723,150.0,3.0,
8724,105.0,5.0,
8725,165.0,4.0,
8726,120.0,3.0,
8727,145.0,2.0,
8728,125.0,3.0,
8729,160.0,2.0,
8730,170.0,5.0,
8731,180.0,3.0,
8732,176.0,3.0,
8733,132.0,4.0,
8734,169.0,5.0,
8735,120.0,4.0,
8736,198.0,3.0,
8737,175.0,4.0,
8738,180.0,4.0,
8739,165.0,3.0,
8740,149.0,5.0,
8741,130.0,1.0,
8742,140.0,2.0,
8743,180.0,4.0,
8744,170.0,1.0,
8745,140.0,5.0,
8746,179.0,2.0,
8747,,3.0,
8748,140.0,1.0,
8749,135.0,4.0,
8750,220.0,4.0,
8751,130.0,4.0,
8752,218.0,3.0,
8753,123.0,4.0,
8754,110.0,4.0,
8755,,2.0,
8756,135.0,4.0,
8757,294.0,1.0,
8758,140.0,1.0,
8759,220.0,4.0,
8760,,3.0,
8761,230.0,2.0,
8762,115.0,4.0,
8763,135.0,2.0,
8764,225.0,3.0,
8765,212.0,3.0,
8766,153.0,3.0,
8767,260.0,2.0,
8768,166.0,3.0,
8769,235.0,2.0,
8770,267.0,2.0,
8771,210.0,2.0,
8772,188.0,2.0,
8773,185.0,3.0,
8774,164.0,5.0,
8775,130.0,4.0,
8776,152.0,5.0,
8777,145.0,3.0,
8778,399.0,,
8779,150.0,5.0,
8780,275.0,1.0,
8781,110.0,5.0,
8782,152.0,2.0,
8783,198.0,2.0,
8784,118.0,4.0,
8785,190.0,3.0,
8786,,,
8787,145.0,3.0,
8788,190.0,1.0,
8789,136.0,1.0,
8790,90.0,1.0,
8791,130.0,3.0,
8792,295.0,1.0,
8793,,2.0,
8794,135.0,3.0,
8795,220.0,1.0,
8796,145.0,4.0,
8797,163.0,4.0,
8798,210.0,3.0,
8799,250.0,3.0,
8800,99.0,4.0,
8801,150.0,2.0,
8802,111.0,2.0,
8803,103.0,3.0,
8804,125.0,5.0,
8805,120.0,3.0,
8806,150.0,1.0,
8807,,4.0,
8808,,,
8809,215.0,3.0,
8810,147.0,2.0,
8811,,4.0,
8812,129.0,4.0,
8813,280.0,4.0,
8814,,1.0,
8815,157.0,2.0,
8816,140.0,3.0,
8817,160.0,3.0,
8818,124.0,3.0,
8819,138.0,4.0,
8820,110.0,3.0,
8821,135.0,2.0,
8822,160.0,4.0,
8823,121.0,3.0,
8824,230.0,3.0,
8825,106.0,4.0,
8826,99.0,2.0,
8827,80.0,,
8828,115.0,4.0,
8829,240.0,2.0,
8830,178.0,2.0,
8831,160.0,3.0,
8832,140.0,1.0,
8833,190.0,3.0,
8834,213.0,3.0,
8835,145.0,3.0,
8836,200.0,4.0,
8837,115.0,2.0,
8838,145.0,2.0,
8839,118.0,4.0,
8840,145.0,3.0,
8841,200.0,4.0,
8842,140.0,4.0,
8843,120.0,2.0,
8844,238.0,4.0,
8845,129.0,2.0,
8846,185.0,2.0,
8847,280.0,3.0,
8848,130.0,2.0,
8849,140.0,1.0,
8850,110.0,2.0,
8851,186.0,1.0,
8852,142.0,2.0,
8853,320.0,1.0,
8854,154.0,2.0,
8855,250.0,4.0,
8856,180.0,2.0,
8857,116.0,2.0,
8858,131.0,2.0,
8859,145.0,3.0,
8860,145.0,4.0,
8861,366.0,2.0,
8862,140.0,3.0,
8863,126.0,4.0,
8864,200.0,4.0,
8865,131.0,2.0,
8866,230.0,3.0,
8867,134.0,4.0,
8868,138.0,2.0,
8869,145.0,1.0,
8870,251.0,2.0,
8871,170.0,4.0,
8872,146.0,5.0,
8873,115.0,1.0,
8874,163.0,3.0,
8875,152.0,1.0,
8876,118.0,4.0,
8877,110.0,3.0,
8878,,3.0,
8879,111.0,2.0,
8880,275.0,2.0,
8881,180.0,3.0,
8882,106.0,,
8883,118.0,3.0,
8884,255.0,3.0,
8885,100.0,1.0,
8886,140.0,3.0,
8887,155.0,1.0,
8888,200.0,2.0,
8889,113.0,4.0,
8890,125.0,3.0,
8891,150.0,1.0,
8892,135.0,3.0,
8893,185.0,4.0,
8894,160.0,2.0,
8895,220.0,4.0,
8896,185.0,1.0,
8897,130.0,4.0,
8898,160.0,3.0,
8899,117.0,3.0,
8900,190.0,4.0,
8901,100.0,3.0,
8902,127.0,3.0,
8903,115.0,3.0,
8904,155.0,2.0,
8905,150.0,4.0,
8906,175.0,1.0,
8907,165.0,4.0,
8908,123.0,4.0,
8909,,3.0,
8910,190.0,1.0,
8911,150.0,2.0,
8912,145.0,4.0,
8913,116.0,2.0,
8914,200.0,1.0,
8915,170.0,3.0,
8916,93.0,4.0,
8917,245.0,3.0,
8918,184.0,1.0,
8919,180.0,5.0,
8920,155.0,3.0,
8921,175.0,4.0,
8922,125.0,4.0,
8923,180.0,4.0,
8924,153.0,3.0,
8925,147.0,2.0,
8926,131.0,3.0,
8927,130.0,2.0,
8928,117.0,2.0,
8929,180.0,2.0,
8930,125.0,4.0,
8931,181.0,2.0,
8932,127.0,4.0,
8933,103.0,4.0,
8934,175.0,3.0,
8935,182.0,4.0,
8936,200.0,4.0,
8937,145.0,5.0,
8938,168.0,5.0,
8939,138.0,3.0,
8940,138.0,4.0,
8941,105.0,3.0,
8942,140.0,2.0,
8943,160.0,4.0,
8944,120.0,3.0,
8945,150.0,2.0,
8946,130.0,3.0,
8947,150.0,4.0,
8948,145.0,5.0,
8949,100.0,4.0,
8950,180.0,4.0,
8951,120.0,3.0,
8952,160.0,4.0,
8953,118.0,5.0,
8954,114.0,3.0,
8955,130.0,5.0,
8956,125.0,4.0,
8957,145.0,4.0,
8958,180.0,2.0,
8959,125.0,3.0,
8960,175.0,1.0,
8961,115.0,1.0,
8962,120.0,3.0,
8963,170.0,1.0,
8964,139.0,4.0,
8965,115.0,2.0,
8966,98.0,3.0,
8967,218.0,3.0,
8968,271.0,3.0,
8969,140.0,3.0,
8970,122.0,4.0,
8971,150.0,1.0,
8972,150.0,2.0,
8973,164.0,,
8974,135.0,5.0,
8975,136.0,1.0,
8976,175.0,2.0,
8977,148.0,,
8978,131.0,2.0,
8979,280.0,2.0,
8980,110.0,3.0,
8981,160.0,4.0,
8982,285.0,4.0,
8983,105.0,3.0,
8984,135.0,2.0,
8985,125.0,1.0,
8986,135.0,4.0,
8987,128.0,4.0,
8988,206.0,3.0,
8989,,3.0,
8990,105.0,2.0,
8991,135.0,2.0,
8992,268.0,3.0,
8993,93.0,3.0,
8994,120.0,1.0,
8995,165.0,3.0,
8996,135.0,4.0,
8997,125.0,4.0,
8998,335.0,2.0,
8999,200.0,3.0,
9000,230.0,1.0,
9001,135.0,4.0,
9002,150.0,4.0,
9003,245.0,5.0,
9004,140.0,2.0,
9005,190.0,5.0,
9006,140.0,2.0,
9007,230.0,5.0,
9008,180.0,3.0,
9009,177.0,5.0,
9010,153.0,3.0,
9011,130.0,4.0,
9012,160.0,4.0,
9013,205.0,3.0,
9014,130.0,1.0,
9015,111.0,3.0,
9016,97.0,5.0,
9017,245.0,5.0,
9018,155.0,2.0,
9019,128.0,5.0,
9020,165.0,4.0,
9021,130.0,4.0,
9022,150.0,4.0,
9023,176.0,3.0,
9024,120.0,5.0,
9025,110.0,4.0,
9026,270.0,3.0,
9027,130.0,4.0,
9028,170.0,3.0,
9029,145.0,2.0,
9030,176.0,1.0,
9031,399.0,3.0,
9032,147.0,3.0,
9033,185.0,2.0,
9034,134.0,4.0,
9035,112.0,4.0,
9036,,4.0,
9037,135.0,5.0,
9038,135.0,5.0,
9039,130.0,2.0,
9040,120.0,5.0,
9041,110.0,4.0,
9042,172.0,2.0,
9043,105.0,3.0,
9044,142.0,3.0,
9045,125.0,3.0,
9046,125.0,2.0,
9047,128.0,1.0,
9048,130.0,4.0,
9049,180.0,2.0,
9050,115.0,4.0,
9051,140.0,4.0,
9052,132.0,2.0,
9053,114.0,4.0,
9054,170.0,2.0,
9055,124.0,3.0,
9056,128.0,3.0,
9057,166.0,1.0,
9058,196.0,4.0,
9059,138.0,1.0,
9060,155.0,4.0,
9061,217.0,1.0,
9062,260.0,4.0,
9063,174.0,5.0,
9064,180.0,3.0,
9065,110.0,2.0,
9066,145.0,3.0,
9067,,5.0,
9068,120.0,3.0,
9069,160.0,3.0,
9070,290.0,4.0,
9071,95.0,2.0,
9072,170.0,5.0,
9073,230.0,4.0,
9074,210.0,3.0,
9075,137.0,1.0,
9076,125.0,1.0,
9077,150.0,3.0,
9078,120.0,4.0,
9079,140.0,2.0,
9080,160.0,3.0,
9081,165.0,3.0,
9082,182.0,3.0,
9083,160.0,3.0,
9084,165.0,1.0,
9085,250.0,1.0,
9086,122.0,,
9087,110.0,3.0,
9088,190.0,4.0,
9089,170.0,3.0,
9090,105.0,3.0,
9091,165.0,1.0,
9092,180.0,3.0,
9093,90.0,3.0,
9094,148.0,4.0,
9095,109.0,2.0,
9096,170.0,,
9097,399.0,2.0,
9098,109.0,3.0,
9099,230.0,1.0,
9100,138.0,3.0,
9101,164.0,4.0,
9102,185.0,3.0,
9103,164.0,3.0,
9104,150.0,,
9105,150.0,2.0,
9106,164.0,1.0,
9107,133.0,3.0,
9108,280.0,3.0,
9109,140.0,2.0,
9110,140.0,4.0,
9111,155.0,3.0,
9112,135.0,4.0,
9113,150.0,2.0,
9114,230.0,2.0,
9115,180.0,5.0,
9116,186.0,4.0,
9117,112.0,4.0,
9118,145.0,2.0,
9119,132.0,3.0,
9120,100.0,5.0,
9121,145.0,2.0,
9122,135.0,4.0,
9123,154.0,4.0,
9124,150.0,2.0,
9125,160.0,1.0,
9126,208.0,4.0,
9127,150.0,2.0,
9128,160.0,4.0,
9129,145.0,3.0,
9130,125.0,5.0,
9131,150.0,5.0,
9132,234.0,3.0,
9133,148.0,1.0,
9134,125.0,4.0,
9135,105.0,4.0,
9136,,2.0,
9137,230.0,4.0,
9138,180.0,4.0,
9139,139.0,5.0,
9140,215.0,3.0,
9141,163.0,1.0,
9142,125.0,3.0,
9143,175.0,4.0,
9144,126.0,3.0,
9145,215.0,3.0,
9146,192.0,3.0,
9147,120.0,3.0,
9148,135.0,2.0,
9149,124.0,4.0,
9150,155.0,5.0,
9151,160.0,4.0,
9152,137.0,4.0,
9153,110.0,4.0,
9154,190.0,4.0,
9155,110.0,4.0,
9156,115.0,4.0,
9157,,5.0,
9158,200.0,5.0,
9159,165.0,4.0,
9160,175.0,3.0,
9161,133.0,1.0,
9162,289.0,1.0,
9163,122.0,2.0,
9164,107.0,5.0,
9165,130.0,2.0,
9166,254.0,3.0,
9167,195.0,3.0,
9168,165.0,5.0,
9169,236.0,,
9170,154.0,2.0,
9171,200.0,4.0,
9172,200.0,1.0,
9173,135.0,5.0,
9174,,3.0,
9175,106.0,5.0,
9176,178.0,4.0,
9177,170.0,1.0,
9178,105.0,3.0,
9179,160.0,2.0,
9180,210.0,1.0,
9181,160.0,4.0,
9182,159.0,3.0,
9183,203.0,3.0,
9184,221.0,5.0,
9185,100.0,5.0,
9186,195.0,2.0,
9187,104.0,3.0,
9188,115.0,3.0,
9189,130.0,3.0,
9190,98.0,4.0,
9191,170.0,3.0,
9192,319.0,2.0,
9193,160.0,1.0,
9194,150.0,3.0,
9195,242.0,3.0,
9196,160.0,5.0,
9197,165.0,2.0,
9198,85.0,3.0,
9199,216.0,3.0,
9200,120.0,,
9201,118.0,2.0,
9202,162.0,2.0,
9203,126.0,4.0,
9204,85.0,4.0,
9205,135.0,4.0,
9206,190.0,5.0,
9207,120.0,3.0,
9208,110.0,2.0,
9209,135.0,4.0,
9210,180.0,3.0,
9211,190.0,3.0,
9212,150.0,2.0,
9213,130.0,2.0,
9214,117.0,5.0,
9215,170.0,,
9216,125.0,4.0,
9217,180.0,3.0,
9218,128.0,2.0,
9219,204.0,3.0,
9220,240.0,3.0,
9221,155.0,3.0,
9222,145.0,4.0,
9223,110.0,4.0,
9224,150.0,,
9225,132.0,3.0,
9226,184.0,1.0,
9227,198.0,4.0,
9228,168.0,2.0,
9229,105.0,2.0,
9230,110.0,3.0,
9231,145.0,2.0,
9232,120.0,5.0,
9233,172.0,4.0,
9234,,3.0,
9235,194.0,4.0,
9236,119.0,1.0,
9237,98.0,1.0,
9238,95.0,3.0,
9239,170.0,4.0,
9240,,4.0,
9241,185.0,1.0,
9242,150.0,2.0,
9243,111.0,4.0,
9244,140.0,2.0,
9245,120.0,5.0,
9246,185.0,5.0,
9247,149.0,4.0,
9248,165.0,4.0,
9249,207.0,5.0,
9250,198.0,5.0,
9251,150.0,1.0,
9252,156.0,3.0,
9253,120.0,3.0,
9254,310.0,4.0,
9255,112.0,3.0,
9256,130.0,5.0,
9257,115.0,4.0,
9258,,3.0,
9259,140.0,3.0,
9260,97.0,2.0,
9261,160.0,4.0,
9262,113.0,4.0,
9263,154.0,4.0,
9264,290.0,5.0,
9265,125.0,3.0,
9266,175.0,1.0,
9267,190.0,1.0,
9268,150.0,2.0,
9269,165.0,2.0,
9270,160.0,3.0,
9271,119.0,4.0,
9272,170.0,3.0,
9273,161.0,2.0,
9274,270.0,2.0,
9275,200.0,3.0,
9276,,4.0,
9277,160.0,3.0,
9278,180.0,2.0,
9279,226.0,2.0,
9280,150.0,3.0,
9281,184.0,2.0,
9282,139.0,2.0,
9283,115.0,3.0,
9284,240.0,3.0,
9285,142.0,4.0,
9286,115.0,3.0,
9287,188.0,3.0,
9288,130.0,3.0,
9289,135.0,3.0,
9290,115.0,3.0,
9291,161.0,1.0,
9292,135.0,2.0,
9293,260.0,3.0,
9294,130.0,3.0,
9295,285.0,4.0,
9296,185.0,1.0,
9297,115.0,3.0,
9298,181.0,4.0,
9299,145.0,3.0,
9300,399.0,5.0,
9301,146.0,1.0,
9302,235.0,1.0,
9303,,4.0,
9304,98.0,3.0,
9305,222.0,5.0,
9306,205.0,4.0,
9307,128.0,1.0,
9308,117.0,3.0,
9309,125.0,3.0,
9310,85.0,4.0,
9311,,5.0,
9312,,3.0,
9313,155.0,1.0,
9314,140.0,2.0,
9315,,2.0,
9316,135.0,5.0,
9317,140.0,3.0,
9318,125.0,4.0,
9319,,1.0,
9320,144.0,4.0,
9321,236.0,2.0,
9322,300.0,3.0,
9323,169.0,3.0,
9324,210.0,,
9325,175.0,3.0,
9326,190.0,2.0,
9327,166.0,4.0,
9328,115.0,3.0,
9329,230.0,3.0,
9330,180.0,3.0,
9331,115.0,2.0,
9332,140.0,4.0,
9333,163.0,1.0,
9334,140.0,1.0,
9335,115.0,3.0,
9336,280.0,3.0,
9337,116.0,3.0,
9338,178.0,3.0,
9339,140.0,3.0,
9340,202.0,3.0,
9341,230.0,3.0,
9342,210.0,4.0,
9343,169.0,3.0,
9344,110.0,3.0,
9345,145.0,1.0,
9346,125.0,4.0,
9347,135.0,2.0,
9348,260.0,3.0,
9349,135.0,5.0,
9350,138.0,1.0,
9351,260.0,3.0,
9352,101.0,3.0,
9353,125.0,3.0,
9354,240.0,3.0,
9355,178.0,3.0,
9356,185.0,4.0,
9357,125.0,3.0,
9358,112.0,2.0,
9359,190.0,3.0,
9360,165.0,4.0,
9361,210.0,2.0,
9362,90.0,1.0,
9363,157.0,2.0,
9364,120.0,1.0,
9365,,3.0,
9366,107.0,2.0,
9367,356.0,1.0,
9368,140.0,3.0,
9369,135.0,2.0,
9370,145.0,3.0,
9371,110.0,5.0,
9372,194.0,3.0,
9373,100.0,2.0,
9374,135.0,3.0,
9375,100.0,4.0,
9376,190.0,2.0,
9377,140.0,4.0,
9378,180.0,2.0,
9379,140.0,3.0,
9380,200.0,2.0,
9381,220.0,2.0,
9382,115.0,4.0,
9383,165.0,,
9384,180.0,4.0,
9385,110.0,4.0,
9386,120.0,1.0,
9387,175.0,1.0,
9388,178.0,3.0,
9389,132.0,4.0,
9390,205.0,3.0,
9391,155.0,3.0,
9392,153.0,2.0,
9393,163.0,4.0,
9394,125.0,4.0,
9395,197.0,1.0,
9396,125.0,5.0,
9397,168.0,4.0,
9398,170.0,1.0,
9399,111.0,3.0,
9400,170.0,2.0,
9401,150.0,4.0,
9402,130.0,2.0,
9403,150.0,1.0,
9404,208.0,1.0,
9405,180.0,3.0,
9406,185.0,5.0,
9407,126.0,,
9408,130.0,4.0,
9409,,4.0,
9410,145.0,1.0,
9411,220.0,5.0,
9412,273.0,3.0,
9413,145.0,1.0,
9414,112.0,3.0,
9415,180.0,3.0,
9416,170.0,1.0,
9417,170.0,2.0,
9418,187.0,3.0,
9419,250.0,4.0,
9420,270.0,3.0,
9421,123.0,3.0,
9422,175.0,4.0,
9423,190.0,1.0,
9424,111.0,1.0,
9425,210.0,2.0,
9426,135.0,1.0,
9427,115.0,3.0,
9428,184.0,1.0,
9429,185.0,4.0,
9430,113.0,5.0,
9431,90.0,1.0,
9432,130.0,4.0,
9433,166.0,5.0,
9434,180.0,1.0,
9435,170.0,4.0,
9436,230.0,1.0,
9437,150.0,3.0,
9438,120.0,3.0,
9439,144.0,4.0,
9440,310.0,3.0,
9441,250.0,4.0,
9442,180.0,1.0,
9443,108.0,4.0,
9444,220.0,3.0,
9445,220.0,4.0,
9446,170.0,3.0,
9447,125.0,3.0,
9448,120.0,2.0,
9449,120.0,3.0,
9450,105.0,3.0,
9451,130.0,2.0,
9452,182.0,2.0,
9453,160.0,4.0,
9454,168.0,1.0,
9455,,3.0,
9456,148.0,2.0,
9457,160.0,3.0,
9458,130.0,2.0,
9459,180.0,1.0,
9460,130.0,2.0,
9461,135.0,2.0,
9462,235.0,2.0,
9463,270.0,2.0,
9464,150.0,4.0,
9465,180.0,2.0,
9466,160.0,3.0,
9467,148.0,3.0,
9468,140.0,1.0,
9469,110.0,3.0,
9470,130.0,2.0,
9471,155.0,3.0,
9472,270.0,5.0,
9473,,4.0,
9474,120.0,1.0,
9475,,2.0,
9476,188.0,4.0,
9477,100.0,5.0,
9478,145.0,,
9479,,3.0,
9480,,5.0,
9481,140.0,4.0,
9482,119.0,5.0,
9483,100.0,5.0,
9484,135.0,1.0,
9485,,2.0,
9486,,,
9487,,3.0,
9488,125.0,4.0,
9489,120.0,2.0,
9490,,3.0,
9491,,,
9492,120.0,3.0,
9493,138.0,,
9494,200.0,3.0,
9495,100.0,3.0,
9496,120.0,1.0,
9497,280.0,5.0,
9498,114.0,2.0,
9499,193.0,5.0,
9500,124.0,2.0,
9501,165.0,3.0,
9502,130.0,2.0,
9503,168.0,1.0,
9504,160.0,3.0,
9505,235.0,3.0,
9506,203.0,3.0,
9507,,,
9508,218.0,4.0,
9509,115.0,4.0,
9510,169.0,4.0,
9511,,4.0,
9512,315.0,1.0,
9513,125.0,3.0,
9514,135.0,2.0,
9515,242.0,5.0,
9516,95.0,5.0,
9517,145.0,,
9518,140.0,3.0,
9519,185.0,4.0,
9520,115.0,,
9521,,4.0,
9522,145.0,3.0,
9523,125.0,2.0,
9524,90.0,4.0,
9525,,2.0,
9526,213.0,2.0,
9527,105.0,1.0,
9528,125.0,3.0,
9529,153.0,4.0,
9530,140.0,3.0,
9531,148.0,4.0,
9532,239.0,4.0,
9533,230.0,3.0,
9534,125.0,1.0,
9535,115.0,1.0,
9536,150.0,4.0,
9537,150.0,,
9538,123.0,1.0,
9539,185.0,2.0,
9540,145.0,4.0,
9541,111.0,5.0,
9542,110.0,4.0,
9543,160.0,,
9544,100.0,1.0,
9545,115.0,2.0,
9546,168.0,3.0,
9547,250.0,5.0,
9548,173.0,2.0,
9549,157.0,2.0,
9550,140.0,3.0,
9551,246.0,2.0,
9552,160.0,4.0,
9553,150.0,4.0,
9554,175.0,3.0,
9555,260.0,4.0,
9556,122.0,2.0,
9557,140.0,3.0,
9558,,3.0,
9559,135.0,3.0,
9560,195.0,2.0,
9561,300.0,3.0,
9562,205.0,2.0,
9563,120.0,1.0,
9564,225.0,3.0,
9565,150.0,2.0,
9566,135.0,3.0,
9567,295.0,5.0,
9568,160.0,4.0,
9569,140.0,4.0,
9570,190.0,2.0,
9571,195.0,2.0,
9572,205.0,2.0,
9573,183.0,1.0,
9574,140.0,1.0,
9575,220.0,2.0,
9576,,4.0,
9577,125.0,5.0,
9578,206.0,1.0,
9579,120.0,4.0,
9580,159.0,3.0,
9581,190.0,2.0,
9582,150.0,1.0,
9583,184.0,4.0,
9584,150.0,2.0,
9585,125.0,2.0,
9586,140.0,4.0,
9587,249.0,4.0,
9588,106.0,4.0,
9589,165.0,4.0,
9590,245.0,2.0,
9591,,2.0,
9592,259.0,2.0,
9593,168.0,1.0,
9594,130.0,2.0,
9595,120.0,5.0,
9596,150.0,3.0,
9597,190.0,2.0,
9598,215.0,1.0,
9599,280.0,3.0,
9600,155.0,1.0,
9601,140.0,1.0,
9602,125.0,1.0,
9603,129.0,3.0,
9604,140.0,4.0,
9605,180.0,3.0,
9606,140.0,4.0,
9607,110.0,4.0,
9608,,,
9609,125.0,3.0,
9610,152.0,4.0,
9611,145.0,4.0,
9612,140.0,4.0,
9613,200.0,,
9614,98.0,3.0,
9615,137.0,1.0,
9616,112.0,2.0,
9617,105.0,3.0,
9618,118.0,5.0,
9619,134.0,,
9620,135.0,3.0,
9621,200.0,3.0,
9622,190.0,5.0,
9623,130.0,3.0,
9624,125.0,2.0,
9625,154.0,3.0,
9626,110.0,3.0,
9627,165.0,3.0,
9628,126.0,4.0,
9629,145.0,4.0,
9630,129.0,3.0,
9631,101.0,,
9632,178.0,4.0,
9633,180.0,1.0,
9634,167.0,5.0,
9635,141.0,3.0,
9636,124.0,2.0,
9637,155.0,4.0,
9638,144.0,2.0,
9639,300.0,2.0,
9640,195.0,4.0,
9641,160.0,1.0,
9642,200.0,4.0,
9643,155.0,1.0,
9644,249.0,4.0,
9645,215.0,3.0,
9646,120.0,2.0,
9647,150.0,4.0,
9648,,1.0,
9649,154.0,3.0,
9650,240.0,4.0,
9651,225.0,4.0,
9652,110.0,4.0,
9653,110.0,3.0,
9654,155.0,1.0,
9655,250.0,4.0,
9656,111.0,4.0,
9657,110.0,4.0,
9658,99.0,5.0,
9659,140.0,3.0,
9660,108.0,3.0,
9661,115.0,4.0,
9662,95.0,1.0,
9663,200.0,2.0,
9664,245.0,2.0,
9665,135.0,2.0,
9666,140.0,3.0,
9667,120.0,5.0,
9668,110.0,1.0,
9669,105.0,4.0,
9670,162.0,3.0,
9671,97.0,4.0,
9672,115.0,5.0,
9673,122.0,4.0,
9674,202.0,3.0,
9675,140.0,3.0,
9676,235.0,3.0,
9677,110.0,4.0,
9678,173.0,2.0,
9679,195.0,4.0,
9680,220.0,3.0,
9681,190.0,3.0,
9682,200.0,1.0,
9683,130.0,1.0,
9684,145.0,3.0,
9685,116.0,4.0,
9686,165.0,2.0,
9687,230.0,4.0,
9688,160.0,3.0,
9689,110.0,3.0,
9690,196.0,1.0,
9691,190.0,2.0,
9692,198.0,4.0,
9693,235.0,4.0,
9694,130.0,5.0,
9695,136.0,2.0,
9696,125.0,5.0,
9697,125.0,5.0,
9698,120.0,5.0,
9699,150.0,2.0,
9700,135.0,4.0,
9701,150.0,4.0,
9702,105.0,5.0,
9703,,2.0,
9704,108.0,4.0,
9705,125.0,2.0,
9706,190.0,1.0,
9707,110.0,4.0,
9708,110.0,5.0,
9709,220.0,3.0,
9710,125.0,4.0,
9711,113.0,,
9712,150.0,5.0,
9713,175.0,4.0,
9714,120.0,4.0,
9715,175.0,,
9716,121.0,4.0,
9717,148.0,5.0,
9718,188.0,3.0,
9719,108.0,4.0,
9720,180.0,4.0,
9721,150.0,3.0,
9722,114.0,1.0,
9723,160.0,2.0,
9724,134.0,4.0,
9725,165.0,3.0,
9726,145.0,4.0,
9727,215.0,3.0,
9728,208.0,2.0,
9729,165.0,2.0,
9730,148.0,2.0,
9731,122.0,3.0,
9732,145.0,2.0,
9733,135.0,2.0,
9734,115.0,4.0,
9735,121.0,3.0,
9736,135.0,2.0,
9737,,1.0,
9738,125.0,3.0,
9739,148.0,4.0,
9740,150.0,3.0,
9741,140.0,4.0,
9742,285.0,5.0,
9743,160.0,2.0,
9744,170.0,2.0,
9745,125.0,1.0,
9746,150.0,5.0,
9747,125.0,3.0,
9748,106.0,5.0,
9749,220.0,4.0,
9750,134.0,4.0,
9751,150.0,3.0,
9752,114.0,3.0,
9753,146.0,1.0,
9754,150.0,3.0,
9755,145.0,2.0,
9756,258.0,3.0,
9757,160.0,1.0,
9758,190.0,2.0,
9759,260.0,4.0,
9760,115.0,2.0,
9761,115.0,4.0,
9762,105.0,4.0,
9763,150.0,1.0,
9764,120.0,3.0,
9765,299.0,1.0,
9766,255.0,3.0,
9767,120.0,4.0,
9768,190.0,3.0,
9769,125.0,4.0,
9770,165.0,2.0,
9771,125.0,4.0,
9772,170.0,2.0,
9773,153.0,5.0,
9774,186.0,3.0,
9775,209.0,2.0,
9776,180.0,4.0,
9777,190.0,2.0,
9778,165.0,3.0,
9779,135.0,3.0,
9780,110.0,1.0,
9781,158.0,3.0,
9782,172.0,3.0,
9783,,2.0,
9784,131.0,4.0,
9785,97.0,4.0,
9786,119.0,2.0,
9787,235.0,4.0,
9788,340.0,4.0,
9789,193.0,1.0,
9790,156.0,1.0,
9791,130.0,4.0,
9792,95.0,4.0,
9793,110.0,4.0,
9794,160.0,4.0,
9795,155.0,2.0,
9796,120.0,1.0,
9797,109.0,5.0,
9798,105.0,3.0,
9799,170.0,4.0,
9800,128.0,3.0,
9801,,1.0,
9802,160.0,3.0,
9803,210.0,4.0,
9804,130.0,3.0,
9805,105.0,3.0,
9806,160.0,3.0,
9807,126.0,4.0,
9808,228.0,4.0,
9809,130.0,3.0,
9810,110.0,2.0,
9811,167.0,5.0,
9812,140.0,3.0,
9813,135.0,4.0,
9814,165.0,5.0,
9815,205.0,2.0,
9816,144.0,3.0,
9817,180.0,4.0,
9818,120.0,4.0,
9819,135.0,3.0,
9820,200.0,1.0,
9821,110.0,2.0,
9822,127.0,3.0,
9823,135.0,4.0,
9824,145.0,3.0,
9825,160.0,2.0,
9826,120.0,3.0,
9827,288.0,2.0,
9828,169.0,2.0,
9829,133.0,,
9830,125.0,3.0,
9831,179.0,4.0,
9832,127.0,2.0,
9833,153.0,3.0,
9834,234.0,5.0,
9835,165.0,1.0,
9836,265.0,2.0,
9837,,4.0,
9838,135.0,4.0,
9839,110.0,4.0,
9840,121.0,3.0,
9841,134.0,3.0,
9842,185.0,1.0,
9843,150.0,4.0,
9844,121.0,3.0,
9845,130.0,3.0,
9846,168.0,2.0,
9847,105.0,1.0,
9848,170.0,3.0,
9849,210.0,5.0,
9850,169.0,3.0,
9851,103.0,4.0,
9852,215.0,2.0,
9853,110.0,4.0,
9854,180.0,3.0,
9855,145.0,5.0,
9856,120.0,3.0,
9857,193.0,5.0,
9858,90.0,3.0,
9859,138.0,4.0,
9860,132.0,,
9861,130.0,3.0,
9862,135.0,1.0,
9863,252.0,1.0,
9864,200.0,3.0,
9865,165.0,2.0,
9866,175.0,4.0,
9867,173.0,3.0,
9868,180.0,5.0,
9869,235.0,2.0,
9870,110.0,,
9871,230.0,1.0,
9872,147.0,5.0,
9873,155.0,1.0,
9874,140.0,4.0,
9875,120.0,5.0,
9876,148.0,,
9877,207.0,2.0,
9878,150.0,1.0,
9879,190.0,4.0,
9880,,1.0,
9881,230.0,1.0,
9882,155.0,2.0,
9883,145.0,4.0,
9884,155.0,5.0,
9885,308.0,1.0,
9886,175.0,,
9887,85.0,5.0,
9888,180.0,4.0,
9889,175.0,3.0,
9890,165.0,1.0,
9891,145.0,2.0,
9892,120.0,,
9893,148.0,5.0,
9894,130.0,4.0,
9895,280.0,4.0,
9896,181.0,5.0,
9897,168.0,4.0,
9898,155.0,,
9899,205.0,4.0,
9900,180.0,5.0,
9901,115.0,2.0,
9902,,4.0,
9903,120.0,4.0,
9904,190.0,2.0,
9905,229.0,1.0,
9906,145.0,3.0,
9907,128.0,2.0,
9908,157.0,1.0,
9909,269.0,2.0,
9910,100.0,4.0,
9911,155.0,5.0,
9912,160.0,1.0,
9913,125.0,1.0,
9914,118.0,3.0,
9915,215.0,3.0,
9916,123.0,3.0,
9917,167.0,4.0,
9918,160.0,3.0,
9919,158.0,2.0,
9920,250.0,2.0,
9921,140.0,2.0,
9922,195.0,4.0,
9923,120.0,5.0,
9924,156.0,4.0,
9925,175.0,2.0,
9926,183.0,1.0,
9927,220.0,,
9928,128.0,,
9929,130.0,2.0,
9930,135.0,2.0,
9931,125.0,4.0,
9932,120.0,4.0,
9933,168.0,2.0,
9934,125.0,2.0,
9935,145.0,1.0,
9936,170.0,3.0,
9937,200.0,3.0,
9938,98.0,5.0,
9939,129.0,2.0,
9940,135.0,3.0,
9941,233.0,1.0,
9942,150.0,3.0,
9943,130.0,4.0,
9944,115.0,4.0,
9945,138.0,3.0,
9946,150.0,5.0,
9947,90.0,5.0,
9948,205.0,1.0,
9949,135.0,2.0,
9950,130.0,4.0,
9951,180.0,3.0,
9952,188.0,2.0,
9953,165.0,3.0,
9954,140.0,3.0,
9955,100.0,5.0,
9956,90.0,2.0,
9957,220.0,,
9958,150.0,2.0,
9959,115.0,3.0,
9960,128.0,1.0,
9961,125.0,2.0,
9962,135.0,1.0,
9963,148.0,1.0,
9964,100.0,3.0,
9965,134.0,4.0,
9966,120.0,4.0,
9967,175.0,1.0,
9968,98.0,4.0,
9969,95.0,3.0,
9970,140.0,4.0,
9971,180.0,3.0,
9972,132.0,2.0,
9973,135.0,5.0,
9974,210.0,3.0,
9975,160.0,3.0,
9976,192.0,3.0,
9977,123.0,3.0,
9978,150.0,4.0,
9979,172.0,4.0,
9980,140.0,3.0,
9981,,,
9982,138.0,3.0,
9983,165.0,2.0,
9984,157.0,2.0,
9985,235.0,3.0,
9986,242.0,4.0,
9987,185.0,4.0,
9988,200.0,3.0,
9989,130.0,3.0,
9990,198.0,3.0,
9991,138.0,5.0,
9992,102.0,3.0,
9993,,3.0,
9994,320.0,2.0,
9995,140.0,4.0,
9996,,1.0,
9997,153.0,,
9998,210.0,2.0,
9999,145.0,3.0,
10000,80.0,2.0,
10001,173.0,3.0,
10002,112.0,5.0,
10003,145.0,1.0,
10004,144.0,3.0,
10005,187.0,1.0,
10006,98.0,2.0,
10007,180.0,2.0,
10008,180.0,3.0,
10009,150.0,5.0,
10010,150.0,4.0,
10011,140.0,2.0,
10012,145.0,1.0,
10013,125.0,1.0,
10014,95.0,3.0,
10015,182.0,3.0,
10016,140.0,2.0,
10017,154.0,4.0,
10018,150.0,2.0,
10019,120.0,5.0,
10020,150.0,4.0,
10021,,1.0,
10022,,5.0,
10023,111.0,3.0,
10024,155.0,4.0,
10025,230.0,2.0,
10026,300.0,5.0,
10027,103.0,4.0,
10028,159.0,3.0,
10029,180.0,2.0,
10030,102.0,4.0,
10031,300.0,1.0,
10032,120.0,3.0,
10033,132.0,3.0,
10034,145.0,4.0,
10035,152.0,3.0,
10036,95.0,1.0,
10037,165.0,1.0,
10038,125.0,3.0,
10039,120.0,5.0,
10040,140.0,1.0,
10041,145.0,3.0,
10042,263.0,3.0,
10043,210.0,4.0,
10044,104.0,4.0,
10045,175.0,5.0,
10046,155.0,4.0,
10047,153.0,2.0,
10048,243.0,3.0,
10049,160.0,1.0,
10050,250.0,5.0,
10051,230.0,,
10052,263.0,4.0,
10053,185.0,1.0,
10054,152.0,4.0,
10055,185.0,4.0,
10056,180.0,4.0,
10057,246.0,5.0,
10058,213.0,2.0,
10059,185.0,4.0,
10060,215.0,3.0,
10061,121.0,3.0,
10062,115.0,2.0,
10063,171.0,2.0,
10064,140.0,1.0,
10065,230.0,1.0,
10066,135.0,1.0,
10067,200.0,1.0,
10068,122.0,1.0,
10069,200.0,3.0,
10070,160.0,1.0,
10071,183.0,1.0,
10072,176.0,3.0,
10073,205.0,3.0,
10074,185.0,5.0,
10075,190.0,2.0,
10076,194.0,3.0,
10077,270.0,3.0,
10078,399.0,1.0,
10079,135.0,5.0,
10080,148.0,4.0,
10081,195.0,2.0,
10082,240.0,3.0,
10083,160.0,3.0,
10084,135.0,2.0,
10085,176.0,4.0,
10086,148.0,2.0,
10087,160.0,1.0,
10088,225.0,,
10089,180.0,5.0,
10090,195.0,1.0,
10091,120.0,5.0,
10092,164.0,,
10093,135.0,,
10094,125.0,3.0,
10095,145.0,2.0,
10096,230.0,5.0,
10097,160.0,3.0,
10098,165.0,1.0,
10099,182.0,2.0,
10100,135.0,5.0,
10101,155.0,3.0,
10102,185.0,3.0,
10103,95.0,4.0,
10104,140.0,1.0,
10105,120.0,3.0,
10106,120.0,3.0,
10107,209.0,2.0,
10108,200.0,3.0,
10109,100.0,3.0,
10110,139.0,3.0,
10111,140.0,4.0,
10112,112.0,4.0,
10113,190.0,2.0,
10114,150.0,2.0,
10115,195.0,3.0,
10116,180.0,3.0,
10117,122.0,5.0,
10118,156.0,1.0,
10119,180.0,3.0,
10120,,4.0,
10121,140.0,4.0,
10122,134.0,3.0,
10123,150.0,3.0,
10124,115.0,4.0,
10125,215.0,3.0,
10126,154.0,1.0,
10127,120.0,4.0,
10128,120.0,4.0,
10129,200.0,4.0,
10130,125.0,4.0,
10131,110.0,4.0,
10132,120.0,4.0,
10133,135.0,3.0,
10134,119.0,3.0,
10135,95.0,1.0,
10136,160.0,2.0,
10137,,2.0,
10138,119.0,1.0,
10139,170.0,3.0,
10140,135.0,1.0,
10141,190.0,1.0,
10142,180.0,1.0,
10143,235.0,3.0,
10144,145.0,4.0,
10145,150.0,2.0,
10146,150.0,3.0,
10147,225.0,2.0,
10148,,2.0,
10149,225.0,2.0,
10150,140.0,3.0,
10151,180.0,2.0,
10152,97.0,5.0,
10153,155.0,2.0,
10154,130.0,3.0,
10155,195.0,4.0,
10156,135.0,4.0,
10157,,3.0,
10158,200.0,4.0,
10159,190.0,5.0,
10160,185.0,3.0,
10161,263.0,4.0,
10162,,5.0,
10163,200.0,3.0,
10164,270.0,5.0,
10165,200.0,3.0,
10166,,4.0,
10167,130.0,5.0,
10168,399.0,2.0,
10169,160.0,2.0,
10170,130.0,4.0,
10171,,,
10172,210.0,3.0,
10173,145.0,2.0,
10174,120.0,3.0,
10175,110.0,2.0,
10176,250.0,1.0,
10177,103.0,3.0,
10178,178.0,4.0,
10179,150.0,2.0,
10180,130.0,5.0,
10181,150.0,4.0,
10182,125.0,4.0,
10183,140.0,3.0,
10184,119.0,3.0,
10185,,2.0,
10186,180.0,3.0,
10187,148.0,4.0,
10188,289.0,4.0,
10189,,1.0,
10190,125.0,2.0,
10191,140.0,2.0,
10192,230.0,4.0,
10193,120.0,3.0,
10194,125.0,3.0,
10195,150.0,4.0,
10196,158.0,4.0,
10197,110.0,4.0,
10198,175.0,1.0,
10199,115.0,4.0,
10200,190.0,5.0,
10201,150.0,3.0,
10202,162.0,5.0,
10203,123.0,5.0,
10204,,4.0,
10205,140.0,,
10206,155.0,2.0,
10207,110.0,3.0,
10208,222.0,2.0,
10209,196.0,,
10210,105.0,1.0,
10211,147.0,2.0,
10212,132.0,1.0,
10213,140.0,4.0,
10214,78.0,5.0,
10215,116.0,3.0,
10216,92.0,1.0,
10217,115.0,3.0,
10218,122.0,2.0,
10219,225.0,2.0,
10220,210.0,4.0,
10221,130.0,2.0,
10222,192.0,3.0,
10223,,2.0,
10224,170.0,1.0,
10225,175.0,2.0,
10226,110.0,3.0,
10227,180.0,4.0,
10228,163.0,2.0,
10229,115.0,4.0,
10230,120.0,3.0,
10231,,3.0,
10232,140.0,3.0,
10233,78.0,3.0,
10234,140.0,2.0,
10235,117.0,2.0,
10236,105.0,2.0,
10237,105.0,3.0,
10238,115.0,3.0,
10239,167.0,4.0,
10240,208.0,1.0,
10241,130.0,3.0,
10242,160.0,1.0,
10243,115.0,3.0,
10244,63.0,2.0,
10245,140.0,5.0,
10246,100.0,4.0,
10247,205.0,1.0,
10248,228.0,3.0,
10249,128.0,3.0,
10250,190.0,2.0,
10251,157.0,1.0,
10252,135.0,2.0,
10253,130.0,5.0,
10254,170.0,1.0,
10255,130.0,4.0,
10256,98.0,3.0,
10257,141.0,3.0,
10258,184.0,3.0,
10259,,3.0,
10260,143.0,4.0,
10261,160.0,1.0,
10262,150.0,2.0,
10263,218.0,3.0,
10264,102.0,2.0,
10265,160.0,3.0,
10266,155.0,4.0,
10267,173.0,1.0,
10268,180.0,5.0,
10269,,4.0,
10270,180.0,4.0,
10271,180.0,2.0,
10272,125.0,3.0,
10273,130.0,2.0,
10274,166.0,1.0,
10275,192.0,3.0,
10276,140.0,2.0,
10277,225.0,3.0,
10278,220.0,1.0,
10279,216.0,4.0,
10280,138.0,4.0,
10281,140.0,3.0,
10282,150.0,3.0,
10283,159.0,2.0,
10284,140.0,3.0,
10285,135.0,4.0,
10286,180.0,1.0,
10287,229.0,2.0,
10288,210.0,2.0,
10289,250.0,4.0,
10290,283.0,1.0,
10291,200.0,1.0,
10292,165.0,2.0,
10293,150.0,1.0,
10294,175.0,2.0,
10295,145.0,1.0,
10296,133.0,1.0,
10297,117.0,1.0,
10298,140.0,1.0,
10299,130.0,3.0,
10300,,1.0,
10301,116.0,3.0,
10302,198.0,,
10303,180.0,3.0,
10304,220.0,1.0,
10305,143.0,1.0,
10306,117.0,3.0,
10307,168.0,1.0,
10308,130.0,1.0,
10309,140.0,3.0,
10310,150.0,5.0,
10311,115.0,1.0,
10312,115.0,4.0,
10313,178.0,2.0,
10314,185.0,3.0,
10315,120.0,4.0,
10316,,2.0,
10317,115.0,1.0,
10318,297.0,4.0,
10319,103.0,1.0,
10320,125.0,2.0,
10321,175.0,1.0,
10322,145.0,2.0,
10323,155.0,1.0,
10324,180.0,1.0,
10325,145.0,3.0,
10326,203.0,3.0,
10327,200.0,2.0,
10328,142.0,1.0,
10329,165.0,3.0,
10330,200.0,1.0,
10331,113.0,4.0,
10332,212.0,1.0,
10333,320.0,1.0,
10334,156.0,3.0,
10335,139.0,3.0,
10336,177.0,4.0,
10337,,3.0,
10338,180.0,2.0,
10339,143.0,3.0,
10340,186.0,2.0,
10341,190.0,3.0,
10342,170.0,3.0,
10343,173.0,5.0,
10344,122.0,1.0,
10345,210.0,,
10346,135.0,2.0,
10347,170.0,1.0,
10348,145.0,1.0,
10349,235.0,3.0,
10350,96.0,5.0,
10351,120.0,4.0,
10352,,3.0,
10353,130.0,4.0,
10354,158.0,5.0,
10355,190.0,4.0,
10356,152.0,2.0,
10357,250.0,2.0,
10358,172.0,2.0,
10359,115.0,1.0,
10360,198.0,4.0,
10361,115.0,5.0,
10362,198.0,5.0,
10363,140.0,1.0,
10364,,5.0,
10365,95.0,3.0,
10366,180.0,1.0,
10367,155.0,1.0,
10368,180.0,3.0,
10369,,4.0,
10370,156.0,,
10371,140.0,5.0,
10372,180.0,4.0,
10373,145.0,3.0,
10374,135.0,5.0,
10375,175.0,3.0,
10376,140.0,3.0,
10377,145.0,4.0,
10378,229.0,5.0,
10379,,5.0,
10380,94.0,4.0,
10381,,1.0,
10382,235.0,2.0,
10383,140.0,1.0,
10384,187.0,1.0,
10385,162.0,2.0,
10386,167.0,1.0,
10387,132.0,1.0,
10388,150.0,1.0,
10389,105.0,4.0,
10390,131.0,1.0,
10391,145.0,1.0,
10392,113.0,3.0,
10393,140.0,3.0,
10394,220.0,3.0,
10395,185.0,2.0,
10396,135.0,1.0,
10397,120.0,1.0,
10398,150.0,,
10399,160.0,1.0,
10400,142.0,2.0,
10401,125.0,3.0,
10402,280.0,5.0,
10403,230.0,4.0,
10404,240.0,2.0,
10405,175.0,4.0,
10406,146.0,1.0,
10407,136.0,2.0,
10408,91.0,5.0,
10409,170.0,1.0,
10410,,2.0,
10411,205.0,2.0,
10412,175.0,4.0,
10413,110.0,3.0,
10414,104.0,2.0,
10415,247.0,4.0,
10416,105.0,3.0,
10417,185.0,4.0,
10418,125.0,2.0,
10419,190.0,1.0,
10420,165.0,2.0,
10421,85.0,2.0,
10422,224.0,1.0,
10423,119.0,1.0,
10424,159.0,,
10425,135.0,4.0,
10426,130.0,2.0,
10427,140.0,1.0,
10428,160.0,5.0,
10429,129.0,4.0,
10430,165.0,3.0,
10431,155.0,2.0,
10432,136.0,3.0,
10433,130.0,1.0,
10434,170.0,2.0,
10435,175.0,4.0,
10436,185.0,5.0,
10437,98.0,3.0,
10438,177.0,4.0,
10439,,1.0,
10440,140.0,1.0,
10441,230.0,2.0,
10442,,4.0,
10443,165.0,3.0,
10444,156.0,3.0,
10445,210.0,1.0,
10446,100.0,3.0,
10447,130.0,3.0,
10448,165.0,1.0,
10449,203.0,2.0,
10450,140.0,3.0,
10451,150.0,1.0,
10452,174.0,2.0,
10453,115.0,2.0,
10454,135.0,2.0,
10455,140.0,3.0,
10456,130.0,4.0,
10457,125.0,2.0,
10458,190.0,2.0,
10459,140.0,1.0,
10460,256.0,3.0,
10461,155.0,2.0,
10462,110.0,3.0,
10463,135.0,4.0,
10464,140.0,3.0,
10465,172.0,4.0,
10466,125.0,4.0,
10467,169.0,1.0,
10468,140.0,2.0,
10469,275.0,4.0,
10470,160.0,4.0,
10471,123.0,3.0,
10472,120.0,4.0,
10473,270.0,3.0,
10474,200.0,4.0,
10475,122.0,3.0,
10476,150.0,4.0,
10477,125.0,4.0,
10478,154.0,4.0,
10479,140.0,4.0,
10480,,4.0,
10481,160.0,2.0,
10482,140.0,4.0,
10483,220.0,4.0,
10484,150.0,3.0,
10485,200.0,2.0,
10486,140.0,3.0,
10487,210.0,2.0,
10488,210.0,4.0,
10489,130.0,2.0,
10490,,2.0,
10491,78.0,3.0,
10492,112.0,3.0,
10493,125.0,4.0,
10494,265.0,3.0,
10495,115.0,1.0,
10496,135.0,1.0,
10497,175.0,3.0,
10498,260.0,4.0,
10499,155.0,4.0,
10500,208.0,2.0,
10501,185.0,2.0,
10502,150.0,3.0,
10503,160.0,2.0,
10504,69.0,5.0,
10505,107.0,3.0,
10506,145.0,2.0,
10507,195.0,1.0,
10508,107.0,2.0,
10509,140.0,,
10510,200.0,3.0,
10511,165.0,2.0,
10512,145.0,3.0,
10513,123.0,2.0,
10514,,2.0,
10515,130.0,2.0,
10516,110.0,4.0,
10517,112.0,3.0,
10518,191.0,3.0,
10519,135.0,5.0,
10520,145.0,3.0,
10521,115.0,4.0,
10522,160.0,3.0,
10523,168.0,4.0,
10524,140.0,2.0,
10525,126.0,4.0,
10526,130.0,1.0,
10527,103.0,1.0,
10528,300.0,4.0,
10529,130.0,3.0,
10530,115.0,3.0,
10531,150.0,5.0,
10532,105.0,2.0,
10533,112.0,5.0,
10534,270.0,2.0,
10535,125.0,1.0,
10536,235.0,2.0,
10537,155.0,3.0,
10538,120.0,2.0,
10539,165.0,2.0,
10540,213.0,3.0,
10541,146.0,2.0,
10542,180.0,2.0,
10543,115.0,5.0,
10544,150.0,4.0,
10545,118.0,4.0,
10546,135.0,4.0,
10547,215.0,2.0,
10548,200.0,2.0,
10549,135.0,3.0,
10550,135.0,4.0,
10551,110.0,2.0,
10552,,3.0,
10553,,3.0,
10554,160.0,3.0,
10555,180.0,1.0,
10556,175.0,4.0,
10557,133.0,4.0,
10558,140.0,3.0,
10559,115.0,3.0,
10560,125.0,4.0,
10561,95.0,3.0,
10562,194.0,3.0,
10563,190.0,3.0,
10564,246.0,3.0,
10565,145.0,,
10566,135.0,5.0,
10567,130.0,4.0,
10568,100.0,1.0,
10569,189.0,2.0,
10570,125.0,3.0,
10571,,1.0,
10572,135.0,3.0,
10573,136.0,3.0,
10574,170.0,4.0,
10575,130.0,4.0,
10576,128.0,3.0,
10577,153.0,5.0,
10578,245.0,5.0,
10579,145.0,3.0,
10580,119.0,4.0,
10581,134.0,2.0,
10582,180.0,2.0,
10583,256.0,1.0,
10584,110.0,3.0,
10585,108.0,2.0,
10586,138.0,5.0,
10587,186.0,2.0,
10588,125.0,4.0,
10589,160.0,1.0,
10590,111.0,3.0,
10591,175.0,2.0,
10592,175.0,1.0,
10593,200.0,4.0,
10594,195.0,2.0,
10595,160.0,2.0,
10596,,4.0,
10597,125.0,2.0,
10598,195.0,5.0,
10599,205.0,2.0,
10600,250.0,2.0,
10601,320.0,4.0,
10602,,3.0,
10603,129.0,4.0,
10604,369.0,1.0,
10605,140.0,3.0,
10606,170.0,4.0,
10607,140.0,2.0,
10608,145.0,3.0,
10609,130.0,3.0,
10610,225.0,,
10611,145.0,1.0,
10612,155.0,3.0,
10613,130.0,1.0,
10614,160.0,4.0,
10615,110.0,2.0,
10616,200.0,2.0,
10617,121.0,3.0,
10618,99.0,4.0,
10619,135.0,4.0,
10620,150.0,3.0,
10621,130.0,3.0,
10622,135.0,2.0,
10623,140.0,3.0,
10624,110.0,2.0,
10625,250.0,1.0,
10626,165.0,4.0,
10627,230.0,5.0,
10628,200.0,5.0,
10629,165.0,3.0,
10630,110.0,4.0,
10631,223.0,4.0,
10632,210.0,4.0,
10633,130.0,2.0,
10634,185.0,1.0,
10635,135.0,4.0,
10636,125.0,2.0,
10637,117.0,4.0,
10638,213.0,4.0,
10639,115.0,3.0,
10640,135.0,4.0,
10641,160.0,2.0,
10642,200.0,5.0,
10643,210.0,2.0,
10644,105.0,2.0,
10645,245.0,5.0,
10646,125.0,4.0,
10647,98.0,,
10648,250.0,4.0,
10649,155.0,2.0,
10650,190.0,4.0,
10651,130.0,3.0,
10652,125.0,2.0,
10653,356.0,2.0,
10654,156.0,3.0,
10655,152.0,4.0,
10656,205.0,3.0,
10657,126.0,4.0,
10658,115.0,4.0,
10659,140.0,2.0,
10660,200.0,2.0,
10661,205.0,2.0,
10662,125.0,3.0,
10663,110.0,1.0,
10664,285.0,3.0,
10665,150.0,2.0,
10666,148.0,5.0,
10667,118.0,1.0,
10668,190.0,4.0,
10669,122.0,4.0,
10670,170.0,3.0,
10671,180.0,3.0,
10672,243.0,2.0,
10673,185.0,2.0,
10674,130.0,3.0,
10675,135.0,1.0,
10676,200.0,1.0,
10677,145.0,1.0,
10678,185.0,1.0,
10679,132.0,5.0,
10680,100.0,,
10681,130.0,4.0,
10682,190.0,3.0,
10683,140.0,4.0,
10684,175.0,2.0,
10685,145.0,4.0,
10686,120.0,2.0,
10687,90.0,3.0,
10688,,2.0,
10689,120.0,5.0,
10690,110.0,5.0,
10691,350.0,4.0,
10692,110.0,,
10693,120.0,3.0,
10694,,1.0,
10695,155.0,3.0,
10696,108.0,5.0,
10697,140.0,3.0,
10698,140.0,3.0,
10699,148.0,2.0,
10700,145.0,,
10701,114.0,3.0,
10702,160.0,1.0,
10703,150.0,2.0,
10704,275.0,2.0,
10705,158.0,1.0,
10706,139.0,2.0,
10707,114.0,4.0,
10708,,,
10709,180.0,1.0,
10710,135.0,4.0,
10711,95.0,2.0,
10712,150.0,3.0,
10713,200.0,5.0,
10714,190.0,1.0,
10715,170.0,4.0,
10716,150.0,4.0,
10717,150.0,3.0,
10718,134.0,2.0,
10719,128.0,5.0,
10720,,,
10721,190.0,3.0,
10722,125.0,2.0,
10723,150.0,4.0,
10724,,4.0,
10725,100.0,3.0,
10726,140.0,3.0,
10727,104.0,5.0,
10728,123.0,2.0,
10729,220.0,4.0,
10730,160.0,2.0,
10731,250.0,3.0,
10732,83.0,,
10733,130.0,3.0,
10734,135.0,3.0,
10735,139.0,,
10736,145.0,5.0,
10737,98.0,3.0,
10738,115.0,2.0,
10739,210.0,2.0,
10740,150.0,3.0,
10741,160.0,2.0,
10742,115.0,2.0,
10743,189.0,2.0,
10744,145.0,3.0,
10745,100.0,3.0,
10746,100.0,3.0,
10747,111.0,4.0,
10748,350.0,2.0,
10749,170.0,4.0,
10750,130.0,3.0,
10751,140.0,3.0,
10752,160.0,4.0,
10753,130.0,4.0,
10754,110.0,3.0,
10755,118.0,5.0,
10756,215.0,5.0,
10757,115.0,3.0,
10758,118.0,5.0,
10759,,4.0,
10760,152.0,1.0,
10761,134.0,2.0,
10762,135.0,3.0,
10763,155.0,2.0,
10764,160.0,3.0,
10765,97.0,2.0,
10766,168.0,1.0,
10767,116.0,3.0,
10768,157.0,4.0,
10769,183.0,3.0,
10770,185.0,4.0,
10771,143.0,3.0,
10772,120.0,4.0,
10773,130.0,2.0,
10774,115.0,4.0,
10775,115.0,3.0,
10776,115.0,1.0,
10777,136.0,4.0,
10778,130.0,3.0,
10779,125.0,4.0,
10780,135.0,3.0,
10781,150.0,3.0,
10782,180.0,4.0,
10783,103.0,4.0,
10784,220.0,3.0,
10785,195.0,3.0,
10786,138.0,2.0,
10787,116.0,3.0,
10788,,3.0,
10789,160.0,4.0,
10790,140.0,4.0,
10791,180.0,4.0,
10792,125.0,2.0,
10793,128.0,2.0,
10794,200.0,1.0,
10795,120.0,5.0,
10796,150.0,4.0,
10797,135.0,1.0,
10798,210.0,2.0,
10799,109.0,1.0,
10800,118.0,2.0,
10801,180.0,3.0,
10802,125.0,,
10803,200.0,4.0,
10804,160.0,1.0,
10805,135.0,2.0,
10806,150.0,3.0,
10807,97.0,5.0,
10808,,3.0,
10809,108.0,4.0,
10810,,3.0,
10811,230.0,5.0,
10812,148.0,3.0,
10813,140.0,,
10814,118.0,5.0,
10815,140.0,2.0,
10816,116.0,3.0,
10817,180.0,4.0,
10818,155.0,2.0,
10819,105.0,4.0,
10820,150.0,3.0,
10821,150.0,1.0,
10822,116.0,3.0,
10823,130.0,4.0,
10824,195.0,3.0,
10825,190.0,3.0,
10826,180.0,2.0,
10827,160.0,4.0,
10828,215.0,2.0,
10829,223.0,3.0,
10830,175.0,2.0,
10831,115.0,5.0,
10832,147.0,2.0,
10833,150.0,3.0,
10834,230.0,2.0,
10835,150.0,1.0,
10836,121.0,3.0,
10837,140.0,3.0,
10838,399.0,,
10839,,4.0,
10840,185.0,2.0,
10841,132.0,1.0,
10842,120.0,,
10843,135.0,1.0,
10844,,3.0,
10845,115.0,4.0,
10846,,4.0,
10847,165.0,1.0,
10848,141.0,3.0,
10849,130.0,3.0,
10850,210.0,2.0,
10851,123.0,1.0,
10852,120.0,4.0,
10853,98.0,1.0,
10854,118.0,3.0,
10855,123.0,5.0,
10856,399.0,3.0,
10857,112.0,3.0,
10858,225.0,,
10859,180.0,3.0,
10860,172.0,2.0,
10861,133.0,2.0,
10862,153.0,4.0,
10863,180.0,2.0,
10864,180.0,2.0,
10865,155.0,2.0,
10866,145.0,,
10867,116.0,4.0,
10868,209.0,2.0,
10869,,2.0,
10870,230.0,,
10871,107.0,4.0,
10872,132.0,3.0,
10873,126.0,5.0,
10874,,3.0,
10875,240.0,5.0,
10876,152.0,2.0,
10877,170.0,3.0,
10878,140.0,2.0,
10879,145.0,3.0,
10880,145.0,3.0,
10881,215.0,3.0,
10882,190.0,3.0,
10883,,4.0,
10884,128.0,3.0,
10885,180.0,,
10886,150.0,4.0,
10887,129.0,2.0,
10888,105.0,2.0,
10889,130.0,4.0,
10890,132.0,4.0,
10891,133.0,,
10892,133.0,,
10893,145.0,4.0,
10894,210.0,4.0,
10895,103.0,,
10896,119.0,5.0,
10897,109.0,2.0,
10898,130.0,2.0,
10899,120.0,2.0,
10900,160.0,2.0,
10901,305.0,4.0,
10902,135.0,2.0,
10903,165.0,,
10904,170.0,3.0,
10905,160.0,2.0,
10906,110.0,3.0,
10907,169.0,,
10908,125.0,5.0,
10909,135.0,3.0,
10910,,,
10911,165.0,1.0,
10912,182.0,1.0,2.0
10913,190.0,1.0,
10914,143.0,3.0,
10915,185.0,3.0,
10916,150.0,5.0,
10917,160.0,2.0,
10918,,4.0,
10919,180.0,4.0,
10920,115.0,5.0,
10921,135.0,5.0,
10922,115.0,4.0,
10923,145.0,4.0,
10924,130.0,5.0,
10925,145.0,1.0,
10926,155.0,2.0,
10927,145.0,2.0,
10928,140.0,,
10929,196.0,2.0,
10930,138.0,3.0,
10931,130.0,1.0,
10932,150.0,4.0,
10933,150.0,3.0,
10934,121.0,4.0,
10935,150.0,5.0,
10936,150.0,2.0,
10937,120.0,3.0,
10938,165.0,1.0,
10939,178.0,4.0,
10940,268.0,1.0,
10941,170.0,3.0,
10942,155.0,2.0,
10943,158.0,5.0,
10944,75.0,3.0,
10945,140.0,4.0,
10946,140.0,3.0,
10947,212.0,1.0,
10948,280.0,3.0,
10949,145.0,,
10950,240.0,1.0,
10951,125.0,2.0,
10952,117.0,2.0,
10953,135.0,2.0,
10954,186.0,3.0,
10955,187.0,4.0,
10956,120.0,3.0,
10957,210.0,4.0,
10958,,,
10959,160.0,1.0,
10960,105.0,3.0,
10961,85.0,1.0,
10962,180.0,4.0,
10963,155.0,4.0,
10964,127.0,1.0,
10965,185.0,1.0,
10966,140.0,4.0,
10967,100.0,4.0,
10968,,3.0,
10969,115.0,1.0,
10970,96.0,4.0,
10971,160.0,1.0,
10972,120.0,5.0,
10973,,,
10974,210.0,3.0,
10975,111.0,,
10976,145.0,1.0,
10977,,4.0,
10978,215.0,,
10979,107.0,1.0,
10980,100.0,5.0,
10981,50.0,5.0,
10982,,1.0,
10983,151.0,3.0,
10984,260.0,2.0,
10985,135.0,2.0,
10986,150.0,3.0,
10987,132.0,4.0,
10988,170.0,,
10989,100.0,1.0,
10990,97.0,3.0,
10991,130.0,4.0,
10992,195.0,1.0,
10993,165.0,2.0,
10994,,4.0,
10995,114.0,,
10996,110.0,2.0,
10997,220.0,5.0,
10998,199.0,3.0,
10999,136.0,3.0,
11000,132.0,1.0,
11001,181.0,1.0,
11002,,2.0,
11003,195.0,4.0,
11004,135.0,5.0,
11005,141.0,3.0,
11006,190.0,3.0,
11007,145.0,3.0,
11008,100.0,2.0,
11009,95.0,,
11010,138.0,1.0,
11011,194.0,2.0,
11012,193.0,4.0,
11013,120.0,1.0,
11014,120.0,4.0,
11015,120.0,3.0,
11016,175.0,4.0,
11017,,5.0,
11018,110.0,4.0,
11019,100.0,3.0,
11020,128.0,5.0,
11021,182.0,4.0,
11022,130.0,1.0,
11023,,2.0,
11024,105.0,,
11025,156.0,2.0,
11026,,3.0,
11027,150.0,,
11028,117.0,3.0,
11029,105.0,4.0,
11030,215.0,2.0,
11031,200.0,,
11032,145.0,4.0,
11033,194.0,4.0,
11034,205.0,2.0,
11035,186.0,1.0,
11036,163.0,5.0,
11037,115.0,5.0,
11038,330.0,5.0,
11039,126.0,2.0,
11040,,5.0,
11041,98.0,3.0,
11042,83.0,3.0,
11043,145.0,3.0,
11044,,2.0,
11045,132.0,2.0,
11046,145.0,1.0,
11047,310.0,3.0,
11048,122.0,3.0,
11049,,4.0,
11050,160.0,3.0,
11051,200.0,3.0,
11052,125.0,4.0,
11053,120.0,2.0,
11054,195.0,4.0,
11055,196.0,3.0,
11056,,4.0,
11057,122.0,4.0,
11058,135.0,5.0,
11059,135.0,5.0,
11060,120.0,1.0,
11061,238.0,2.0,
11062,132.0,5.0,
11063,120.0,4.0,
11064,212.0,2.0,
11065,110.0,1.0,
11066,275.0,5.0,
11067,129.0,4.0,
11068,162.0,2.0,
11069,145.0,3.0,
11070,136.0,2.0,
11071,110.0,1.0,
11072,140.0,3.0,
11073,120.0,5.0,
11074,160.0,4.0,
11075,163.0,2.0,
11076,235.0,3.0,
11077,135.0,1.0,
11078,135.0,2.0,
11079,235.0,2.0,
11080,135.0,2.0,
11081,165.0,4.0,
11082,145.0,4.0,
11083,150.0,3.0,
11084,178.0,4.0,
11085,155.0,1.0,
11086,102.0,1.0,
11087,113.0,4.0,
11088,148.0,2.0,
11089,95.0,1.0,
11090,235.0,3.0,
11091,125.0,3.0,
11092,146.0,,
11093,121.0,3.0,
11094,126.0,3.0,
11095,87.0,1.0,
11096,116.0,5.0,
11097,130.0,2.0,
11098,142.0,2.0,
11099,109.0,3.0,
11100,140.0,4.0,
11101,141.0,3.0,
11102,152.0,3.0,
11103,135.0,1.0,
11104,230.0,4.0,
11105,165.0,5.0,
11106,131.0,5.0,
11107,170.0,3.0,
11108,100.0,1.0,
11109,240.0,2.0,
11110,145.0,2.0,
11111,183.0,3.0,
11112,230.0,3.0,
11113,178.0,2.0,
11114,165.0,4.0,
11115,190.0,3.0,
11116,277.0,4.0,
11117,130.0,2.0,
11118,185.0,2.0,
11119,183.0,3.0,
11120,115.0,3.0,
11121,122.0,2.0,
11122,140.0,2.0,
11123,135.0,4.0,
11124,105.0,4.0,
11125,,4.0,
11126,175.0,4.0,
11127,240.0,2.0,
11128,150.0,2.0,
11129,150.0,2.0,
11130,164.0,3.0,
11131,161.0,3.0,
11132,170.0,4.0,
11133,170.0,,
11134,185.0,3.0,
11135,205.0,1.0,
11136,,4.0,
11137,135.0,2.0,
11138,200.0,1.0,
11139,128.0,4.0,
11140,158.0,3.0,
11141,170.0,3.0,
11142,165.0,1.0,
11143,120.0,1.0,
11144,195.0,1.0,
11145,153.0,3.0,
11146,203.0,4.0,
11147,115.0,2.0,
11148,155.0,4.0,
11149,158.0,3.0,
11150,175.0,4.0,
11151,167.0,3.0,
11152,140.0,4.0,
11153,112.0,2.0,
11154,147.0,4.0,
11155,140.0,4.0,
11156,140.0,1.0,
11157,167.0,1.0,
11158,155.0,1.0,
11159,170.0,4.0,
11160,215.0,4.0,
11161,157.0,3.0,
11162,140.0,4.0,
11163,125.0,4.0,
11164,175.0,3.0,
11165,116.0,5.0,
11166,230.0,4.0,
11167,130.0,3.0,
11168,191.0,2.0,
11169,150.0,2.0,
11170,150.0,4.0,
11171,215.0,3.0,
11172,140.0,3.0,
11173,130.0,3.0,
11174,140.0,2.0,
11175,160.0,4.0,
11176,139.0,3.0,
11177,117.0,3.0,
11178,130.0,4.0,
11179,200.0,1.0,
11180,140.0,3.0,
11181,142.0,3.0,
11182,159.0,5.0,
11183,133.0,4.0,
11184,145.0,1.0,
11185,215.0,2.0,
11186,270.0,2.0,
11187,,4.0,
11188,81.0,4.0,
11189,150.0,4.0,
11190,135.0,1.0,
11191,110.0,2.0,
11192,168.0,3.0,
11193,220.0,,
11194,162.0,2.0,
11195,250.0,4.0,
11196,197.0,3.0,
11197,185.0,1.0,
11198,145.0,4.0,
11199,150.0,2.0,
11200,148.0,5.0,
11201,140.0,3.0,
11202,125.0,3.0,
11203,140.0,2.0,
11204,121.0,2.0,
11205,135.0,3.0,
11206,115.0,5.0,
11207,,1.0,
11208,125.0,3.0,
11209,136.0,2.0,
11210,210.0,5.0,
11211,162.0,4.0,
11212,160.0,2.0,
11213,125.0,4.0,
11214,155.0,3.0,
11215,115.0,1.0,
11216,,2.0,
11217,180.0,4.0,
11218,150.0,3.0,
11219,260.0,3.0,
11220,,4.0,
11221,122.0,1.0,
11222,125.0,4.0,
11223,128.0,3.0,
11224,130.0,1.0,
11225,100.0,3.0,
11226,170.0,4.0,
11227,170.0,2.0,
11228,170.0,2.0,
11229,150.0,4.0,
11230,160.0,2.0,
11231,120.0,1.0,
11232,125.0,5.0,
11233,,2.0,
11234,315.0,2.0,
11235,160.0,1.0,
11236,240.0,3.0,
11237,250.0,4.0,
11238,135.0,4.0,
11239,176.0,1.0,
11240,137.0,1.0,
11241,145.0,2.0,
11242,110.0,3.0,
11243,170.0,4.0,
11244,185.0,2.0,
11245,130.0,4.0,
11246,205.0,2.0,
11247,145.0,2.0,
11248,170.0,2.0,
11249,145.0,3.0,
11250,115.0,2.0,
11251,135.0,3.0,
11252,145.0,2.0,
11253,130.0,3.0,
11254,135.0,3.0,
11255,70.0,,
11256,,1.0,
11257,120.0,1.0,
11258,148.0,3.0,
11259,,3.0,
11260,180.0,2.0,
11261,320.0,3.0,
11262,175.0,,
11263,140.0,4.0,
11264,90.0,1.0,
11265,,2.0,
11266,90.0,3.0,
11267,190.0,5.0,
11268,,3.0,
11269,145.0,2.0,
11270,145.0,5.0,
11271,150.0,1.0,
11272,399.0,5.0,
11273,115.0,1.0,
11274,310.0,3.0,
11275,129.0,,
11276,111.0,2.0,
11277,152.0,3.0,
11278,155.0,3.0,
11279,140.0,1.0,
11280,182.0,4.0,
11281,130.0,,
11282,230.0,,
11283,235.0,1.0,
11284,130.0,4.0,
11285,125.0,1.0,
11286,160.0,5.0,
11287,193.0,,
11288,,,
11289,,1.0,
11290,140.0,2.0,
11291,140.0,3.0,
11292,130.0,4.0,
11293,245.0,1.0,
11294,160.0,1.0,
11295,148.0,1.0,
11296,129.0,,
11297,224.0,3.0,
11298,113.0,5.0,
11299,138.0,,
11300,230.0,3.0,
11301,120.0,,
11302,160.0,,
11303,160.0,3.0,
11304,112.0,1.0,
11305,120.0,3.0,
11306,108.0,3.0,
11307,185.0,4.0,
11308,295.0,3.0,
11309,135.0,,
11310,160.0,4.0,
11311,103.0,4.0,
11312,112.0,4.0,
11313,194.0,2.0,
11314,108.0,1.0,
11315,86.0,4.0,
11316,190.0,1.0,
11317,110.0,2.0,
11318,130.0,3.0,
11319,170.0,1.0,
11320,163.0,2.0,
11321,144.0,4.0,
11322,,3.0,
11323,,4.0,
11324,160.0,4.0,
11325,135.0,1.0,
11326,160.0,2.0,
11327,145.0,4.0,
11328,115.0,5.0,
11329,124.0,5.0,
11330,125.0,3.0,
11331,220.0,3.0,
11332,399.0,,
11333,140.0,1.0,
11334,135.0,4.0,
11335,163.0,2.0,
11336,,,
11337,130.0,3.0,
11338,140.0,3.0,
11339,145.0,3.0,
11340,140.0,1.0,
11341,115.0,3.0,
11342,145.0,4.0,
11343,185.0,3.0,
11344,118.0,3.0,
11345,155.0,3.0,
11346,135.0,1.0,
11347,140.0,4.0,
11348,157.0,,
11349,130.0,3.0,
11350,200.0,1.0,
11351,,1.0,
11352,132.0,3.0,
11353,120.0,4.0,
11354,135.0,4.0,
11355,160.0,3.0,
11356,172.0,4.0,
11357,80.0,3.0,
11358,106.0,5.0,
11359,135.0,2.0,
11360,105.0,4.0,
11361,96.0,3.0,
11362,115.0,,
11363,123.0,4.0,
11364,190.0,1.0,
11365,,4.0,
11366,190.0,3.0,
11367,115.0,1.0,
11368,190.0,4.0,
11369,123.0,4.0,
11370,101.0,3.0,
11371,109.0,,
11372,123.0,1.0,
11373,140.0,3.0,
11374,145.0,1.0,
11375,115.0,5.0,
11376,112.0,4.0,
11377,178.0,,
11378,165.0,1.0,
11379,98.0,4.0,
11380,,4.0,
11381,180.0,3.0,
11382,165.0,2.0,
11383,198.0,5.0,
11384,175.0,4.0,
11385,120.0,3.0,
11386,155.0,3.0,
11387,130.0,2.0,
11388,110.0,3.0,
11389,399.0,5.0,
11390,140.0,1.0,
11391,,2.0,
11392,140.0,4.0,
11393,110.0,4.0,
11394,290.0,4.0,
11395,165.0,3.0,
11396,135.0,3.0,
11397,180.0,,
11398,120.0,3.0,
11399,135.0,5.0,
11400,132.0,3.0,
11401,120.0,4.0,
11402,158.0,4.0,
11403,139.0,,
11404,132.0,3.0,
11405,155.0,1.0,
11406,175.0,,
11407,155.0,3.0,
11408,,2.0,
11409,115.0,4.0,
11410,130.0,3.0,
11411,140.0,3.0,
11412,210.0,1.0,
11413,175.0,5.0,
11414,142.0,1.0,
11415,158.0,4.0,
11416,165.0,2.0,
11417,140.0,3.0,
11418,200.0,4.0,
11419,118.0,2.0,
11420,170.0,3.0,
11421,175.0,,
11422,120.0,3.0,
11423,135.0,4.0,
11424,145.0,2.0,
11425,159.0,2.0,
11426,200.0,1.0,
11427,93.0,5.0,
11428,140.0,,
11429,,,
11430,138.0,,
11431,,,
11432,165.0,,
11433,108.0,,
11434,240.0,,
11435,108.0,,
11436,118.0,,
11437,97.0,,
11438,125.0,,
11439,110.0,,
11440,130.0,,
11441,130.0,,
11442,156.0,,
11443,135.0,,
11444,120.0,,
11445,191.0,,
11446,,,
11447,155.0,,
11448,130.0,,
11449,165.0,,
11450,130.0,,
11451,399.0,,
11452,210.0,,
11453,276.0,,
11454,165.0,,
11455,140.0,,
11456,171.0,,
11457,150.0,,
11458,163.0,,
11459,115.0,,
11460,145.0,,
11461,180.0,,
11462,150.0,,
11463,150.0,,
11464,335.0,,
11465,133.0,,
11466,100.0,,
11467,130.0,,
11468,,,
11469,135.0,,
11470,122.0,,
11471,157.0,,
11472,117.0,,
11473,140.0,,
11474,130.0,,
11475,100.0,,
11476,113.0,,
11477,103.0,,
11478,135.0,,
11479,115.0,,
11480,137.0,,
11481,152.0,,
11482,121.0,,
11483,108.0,,
11484,90.0,,
11485,80.0,,
11486,228.0,,
11487,180.0,,
11488,165.0,,
11489,165.0,,
11490,165.0,,
11491,230.0,,
11492,110.0,,
11493,115.0,,
11494,118.0,,
11495,145.0,,
11496,95.0,,
11497,135.0,,
11498,,,
11499,,,
11500,140.0,,
11501,,,
11502,165.0,,
11503,105.0,,
11504,145.0,,
11505,,,
11506,196.0,,
11507,105.0,,
11508,171.0,,
11509,235.0,,
11510,145.0,,
11511,145.0,,
11512,222.0,,
11513,165.0,,
11514,122.0,,
11515,195.0,,
11516,121.0,,
11517,140.0,,
11518,128.0,,
11519,148.0,,
11520,140.0,,
11521,110.0,,
11522,97.0,,
11523,245.0,,
11524,155.0,,
11525,206.0,,
11526,163.0,,
11527,137.0,,
11528,,,
11529,141.0,,
11530,105.0,,
11531,164.0,,
11532,145.0,,
11533,146.0,,
11534,178.0,,
11535,92.0,,
11536,115.0,,
11537,230.0,,
11538,190.0,,
11539,145.0,,
11540,200.0,,
11541,115.0,,
11542,110.0,,
11543,115.0,,
11544,350.0,,
11545,125.0,,
11546,135.0,,
11547,150.0,,
11548,125.0,,
11549,145.0,,
11550,140.0,,
11551,155.0,,
11552,113.0,,
11553,120.0,,
11554,139.0,,
11555,142.0,,
11556,130.0,,
11557,111.0,,
11558,145.0,,
11559,157.0,,
11560,113.0,,
11561,170.0,,
11562,116.0,,
11563,220.0,,
11564,181.0,,
11565,110.0,,
11566,245.0,,
11567,,,
11568,172.0,,
11569,100.0,,
11570,150.0,,
11571,187.0,,
11572,150.0,,
11573,120.0,,
11574,150.0,,
11575,140.0,,
11576,113.0,,
11577,165.0,,
11578,158.0,,
11579,203.0,,
11580,165.0,,
11581,115.0,,
11582,135.0,,
11583,169.0,,
11584,218.0,,
11585,,,
11586,174.0,,
11587,127.0,,
11588,148.0,,
11589,175.0,,
11590,198.0,,
11591,165.0,,
11592,100.0,,
11593,200.0,,
11594,120.0,,
11595,215.0,,
11596,143.0,,
11597,102.0,,
11598,115.0,,
11599,130.0,,
11600,123.0,,
11601,110.0,,
11602,,,
11603,101.0,,
11604,140.0,,
11605,160.0,,
11606,98.0,,
11607,185.0,,
11608,,,
11609,,,
11610,150.0,,
11611,,,
11612,,,
11613,142.0,,
11614,195.0,,
11615,166.0,,
11616,102.0,,
11617,110.0,,
11618,122.0,,
11619,125.0,,
11620,148.0,,
11621,127.0,,
11622,140.0,,
11623,120.0,,
11624,,,
11625,110.0,,
11626,127.0,,
11627,152.0,,
11628,,,
11629,69.0,,
11630,120.0,,
11631,220.0,,
11632,152.0,,
11633,138.0,,
11634,108.0,,
11635,170.0,,
11636,130.0,,
11637,170.0,,
11638,125.0,,
11639,115.0,,
11640,,,
11641,,,
11642,,,
11643,,,
11644,113.0,,
11645,135.0,,
11646,149.0,,
11647,169.0,,
11648,215.0,,
11649,160.0,,
11650,,,
11651,162.0,,
11652,,,
11653,172.0,,
11654,157.0,,
11655,125.0,,
11656,250.0,,
11657,147.0,,
11658,152.0,,
11659,153.0,,
11660,122.0,,
11661,122.0,,
11662,147.0,,
11663,200.0,,
11664,140.0,,
11665,130.0,,
11666,259.0,,
11667,260.0,,
11668,,,
11669,131.0,,
11670,105.0,,
11671,117.0,,
11672,185.0,,
11673,150.0,,
11674,98.0,,
11675,174.0,,
11676,124.0,,
11677,145.0,,
11678,175.0,,
11679,120.0,,
11680,145.0,,
11681,120.0,,
11682,190.0,,
11683,110.0,,
11684,268.0,,
11685,243.0,,
11686,134.0,,
11687,155.0,,
11688,132.0,,
11689,145.0,,
11690,101.0,,
11691,155.0,,
11692,118.0,,
11693,127.0,,
11694,137.0,,
11695,130.0,,
11696,137.0,,
11697,89.0,,
11698,157.0,,
11699,147.0,,
11700,150.0,,
11701,120.0,,
11702,130.0,,
11703,180.0,,
11704,125.0,,
11705,110.0,,
11706,105.0,,
11707,220.0,,
11708,188.0,,
11709,130.0,,
11710,178.0,,
11711,240.0,,
11712,123.0,,
11713,150.0,,
11714,210.0,,
11715,145.0,,
11716,163.0,,
11717,130.0,,
11718,125.0,,
11719,,,
11720,120.0,,
11721,180.0,,
11722,250.0,,
11723,130.0,,
11724,140.0,,
11725,145.0,,
11726,185.0,,
11727,165.0,,
11728,153.0,,
11729,110.0,,
11730,126.0,,
11731,150.0,,
11732,165.0,,
11733,145.0,,
11734,130.0,,
11735,170.0,,
11736,130.0,,
11737,126.0,,
11738,130.0,,
11739,216.0,,
11740,160.0,,
11741,115.0,,
11742,148.0,,
11743,155.0,,
11744,160.0,,
11745,138.0,,
11746,189.0,,
11747,130.0,,
11748,181.0,,
11749,145.0,,
11750,190.0,,
11751,135.0,,
11752,110.0,,
11753,169.0,,
11754,96.0,,
11755,98.0,,
11756,121.0,,
11757,120.0,,
11758,108.0,,
11759,180.0,,
11760,120.0,,
11761,180.0,,
11762,144.0,,
11763,156.0,,
11764,160.0,,
11765,99.0,,
11766,144.0,,
11767,145.0,,
11768,113.0,,
11769,180.0,,
11770,132.0,,
11771,222.0,,
11772,123.0,,
11773,105.0,,
11774,175.0,,
11775,167.0,,
11776,210.0,,
11777,190.0,,
11778,143.0,,
11779,125.0,,
11780,,,
11781,,,
11782,,,
11783,,,
11784,,,
11785,,,
11786,142.0,,
11787,118.0,,
11788,144.0,,
11789,150.0,,
11790,213.0,,
11791,140.0,,
11792,147.0,,
11793,235.0,,
11794,130.0,,
11795,120.0,,
11796,125.0,,
11797,150.0,,
11798,155.0,,
11799,130.0,,
11800,185.0,,
11801,115.0,,
11802,123.0,,
11803,165.0,,
11804,115.0,,
11805,170.0,,
11806,185.0,,
11807,,,
11808,,,
11809,135.0,,
11810,,,
11811,325.0,,
11812,,,
11813,,,
11814,100.0,,
11815,160.0,,
11816,100.0,,
11817,110.0,,
11818,138.0,,
11819,140.0,,
11820,148.0,,
11821,143.0,,
11822,155.0,,
11823,170.0,,
11824,120.0,,
11825,125.0,,
11826,354.0,,
11827,135.0,,
11828,117.0,,
11829,145.0,,
11830,150.0,,
11831,117.0,,
11832,210.0,,
11833,200.0,,
11834,144.0,,
11835,198.0,,
11836,115.0,,
11837,150.0,,
11838,235.0,,
11839,175.0,,
11840,175.0,,
11841,200.0,,
11842,105.0,,
11843,150.0,,
11844,153.0,,
11845,120.0,,
11846,170.0,,
11847,123.0,,
11848,180.0,,
11849,145.0,,
11850,,,
11851,135.0,,
11852,182.0,,
11853,120.0,,
11854,155.0,,
11855,175.0,,
11856,140.0,,
11857,150.0,,
11858,,,
11859,135.0,,
11860,170.0,,
11861,165.0,,
11862,130.0,,
11863,109.0,,
11864,145.0,,
11865,369.0,,
11866,125.0,,
11867,155.0,,
11868,170.0,,
11869,220.0,,
11870,125.0,,
11871,177.0,,
11872,165.0,,
11873,146.0,,
11874,113.0,,
11875,163.0,,
11876,125.0,,
11877,133.0,,
11878,148.0,,
11879,147.0,,
11880,115.0,,
11881,137.0,,
11882,151.0,,
11883,175.0,,
11884,140.0,,
11885,130.0,,
11886,132.0,,
11887,102.0,,
11888,185.0,,
11889,180.0,,
11890,150.0,,
11891,140.0,,
11892,120.0,,
11893,167.0,,
11894,170.0,,
11895,187.0,,2.0
11896,,,
11897,190.0,,
11898,124.0,,
11899,279.0,,
11900,103.0,,
11901,145.0,,
11902,160.0,,
11903,,,
11904,165.0,,
11905,124.0,,
11906,155.0,,
11907,150.0,,
11908,145.0,,
11909,128.0,,
11910,155.0,,
11911,123.0,,
11912,130.0,,
11913,119.0,,
11914,151.0,,
11915,140.0,,
11916,135.0,,
11917,109.0,,
11918,112.0,,
11919,163.0,,
11920,160.0,,
11921,94.0,,
11922,207.0,,
11923,180.0,,
11924,120.0,,
11925,190.0,,
11926,145.0,,
11927,170.0,,
11928,145.0,,
11929,154.0,,
11930,120.0,,
11931,117.0,,
11932,172.0,,
11933,123.0,,
11934,200.0,,
11935,115.0,,
11936,130.0,,
11937,128.0,,
11938,130.0,,
11939,125.0,,
11940,189.0,,
11941,165.0,,
11942,119.0,,
11943,144.0,,
11944,175.0,,
11945,259.0,,
11946,206.0,,
11947,115.0,,
11948,,,
11949,120.0,,
11950,215.0,,
11951,95.0,,
11952,165.0,,
11953,161.0,,
11954,150.0,,
11955,160.0,,
11956,117.0,,
11957,236.0,,
11958,130.0,,
11959,110.0,,
11960,141.0,,
11961,110.0,,
11962,175.0,,
11963,131.0,,
11964,130.0,,
11965,163.0,,
11966,150.0,,
11967,135.0,,
11968,110.0,,
11969,148.0,,
11970,172.0,,
11971,120.0,,
11972,175.0,,
11973,110.0,,
11974,135.0,,
11975,217.0,,
11976,148.0,,
11977,110.0,,
11978,130.0,,
11979,106.0,,
11980,141.0,,
11981,118.0,,
11982,165.0,,
11983,93.0,,
11984,200.0,,
11985,294.0,,
11986,152.0,,
11987,104.0,,
11988,170.0,,
11989,130.0,,
11990,150.0,,
11991,160.0,,
11992,170.0,,
11993,122.0,,
11994,100.0,,
11995,120.0,,
11996,,,
11997,135.0,,
11998,124.0,,
11999,129.0,,
12000,118.0,,
12001,175.0,,
12002,145.0,,
12003,122.0,,
12004,243.0,,
12005,114.0,,
12006,115.0,,
12007,162.0,,
12008,118.0,,
12009,117.0,,
12010,120.0,,
12011,,,
12012,132.0,,
12013,145.0,,
12014,159.0,,
12015,,,
12016,115.0,,
12017,240.0,,
12018,180.0,,
12019,131.0,,
12020,152.0,,
12021,,,
12022,115.0,,
12023,160.0,,
12024,180.0,,
12025,149.0,,
12026,136.0,,
12027,140.0,,
12028,200.0,,
12029,132.0,,
12030,115.0,,
12031,126.0,,
12032,117.0,,
12033,117.0,,
12034,110.0,,
12035,290.0,,
12036,115.0,,
12037,95.0,,
12038,146.0,,
12039,215.0,,
12040,120.0,,
12041,200.0,,
12042,145.0,,
12043,233.0,,
12044,200.0,,
12045,118.0,,
12046,115.0,,
12047,135.0,,
12048,159.0,,
12049,140.0,,
12050,138.0,,
12051,140.0,,
12052,185.0,,
12053,215.0,,
12054,128.0,,
12055,140.0,,
12056,120.0,,
12057,125.0,,
12058,160.0,,
12059,130.0,,
12060,120.0,,
12061,215.0,,
12062,146.0,,
12063,146.0,,
12064,115.0,,
12065,160.0,,
12066,196.0,,
12067,138.0,,
12068,,,
12069,102.0,,
12070,98.0,,
12071,162.0,,
12072,140.0,,
12073,120.0,,
12074,151.0,,
12075,165.0,,
12076,115.0,,
12077,140.0,,
12078,113.0,,2.0
12079,125.0,,
12080,114.0,,
12081,140.0,,
12082,140.0,,
12083,128.0,,
12084,215.0,,
12085,152.0,,
12086,148.0,,
12087,98.0,,
12088,120.0,,
12089,130.0,,
12090,,,
12091,140.0,,
12092,122.0,,
12093,115.0,,
12094,128.0,,
12095,138.0,,
12096,203.0,,
12097,,,
12098,153.0,,
12099,176.0,,
12100,165.0,,
12101,168.0,,
12102,132.0,,
12103,137.0,,
12104,146.0,,
12105,140.0,,
12106,161.0,,
12107,140.0,,
12108,140.0,,
12109,120.0,,
12110,152.0,,
12111,123.0,,
12112,125.0,,
12113,120.0,,
12114,130.0,,
12115,148.0,,
12116,183.0,,
12117,140.0,,
12118,,,
12119,140.0,,
12120,168.0,,
12121,205.0,,
12122,137.0,,
12123,,,
12124,,,
12125,,,
12126,,,
12127,160.0,,
12128,189.0,,
12129,111.0,,
12130,130.0,,
12131,120.0,,
12132,120.0,,
12133,139.0,,
12134,135.0,,
12135,131.0,,
12136,158.0,,
12137,125.0,,
12138,,,
12139,212.0,,
12140,125.0,,
12141,130.0,,
12142,122.0,,
12143,191.0,,
12144,120.0,,
12145,120.0,,
12146,133.0,,
12147,131.0,,
12148,115.0,,
12149,131.0,,
12150,200.0,,
12151,195.0,,
12152,126.0,,
12153,172.0,,
12154,190.0,,
12155,210.0,,
12156,180.0,,
12157,145.0,,
12158,127.0,,
12159,167.0,,
12160,,,
12161,136.0,,
12162,154.0,,
12163,150.0,,
12164,127.0,,
12165,149.0,,
12166,105.0,,
12167,135.0,,
12168,120.0,,
12169,135.0,,
12170,122.0,,
12171,250.0,,
12172,155.0,,
12173,190.0,,
12174,135.0,,
12175,170.0,,
12176,153.0,,
12177,152.0,,
12178,160.0,,
12179,145.0,,
12180,130.0,,
12181,179.0,,
12182,135.0,,
12183,278.0,,
12184,150.0,,
12185,165.0,,
12186,125.0,,
12187,150.0,,
12188,150.0,,
12189,192.0,,
12190,130.0,,
12191,132.0,,
12192,130.0,,
12193,145.0,,
12194,176.0,,
12195,114.0,,
12196,157.0,,
12197,145.0,,
12198,198.0,,
12199,112.0,,
12200,155.0,,
12201,142.0,,
12202,128.0,,
12203,177.0,,
12204,150.0,,
12205,112.0,,
12206,112.0,,
12207,160.0,,
12208,156.0,,
12209,116.0,,
12210,173.0,,
12211,130.0,,
12212,104.0,,
12213,162.0,,
12214,115.0,,
12215,180.0,,
12216,135.0,,
12217,200.0,,
12218,176.0,,
12219,169.0,,
12220,152.0,,
12221,180.0,,
12222,120.0,,
12223,185.0,,
12224,144.0,,
12225,177.0,,
12226,,,
12227,165.0,,
12228,185.0,,
12229,152.0,,
12230,161.0,,
12231,117.0,,
12232,135.0,,
12233,130.0,,
12234,151.0,,
12235,140.0,,
12236,118.0,,
12237,200.0,,
12238,150.0,,
12239,155.0,,
12240,161.0,,
12241,160.0,,
12242,130.0,,
12243,155.0,,
12244,150.0,,
12245,173.0,,
12246,160.0,,
12247,178.0,,
12248,150.0,,
12249,145.0,,
12250,180.0,,
12251,220.0,,
12252,200.0,,
12253,150.0,,
12254,185.0,,
12255,115.0,,
12256,158.0,,
12257,170.0,,
12258,140.0,,
12259,118.0,,
12260,190.0,,
12261,220.0,,
12262,161.0,,
12263,200.0,,
12264,140.0,,
12265,160.0,,
12266,135.0,,
12267,127.0,,
12268,121.0,,
12269,100.0,,
12270,148.0,,
12271,128.0,,
12272,140.0,,
12273,130.0,,
12274,134.0,,
12275,154.0,,
12276,148.0,,
12277,110.0,,
12278,114.0,,
12279,135.0,,
12280,170.0,,
12281,125.0,,
12282,135.0,,
12283,149.0,,
12284,210.0,,
12285,185.0,,
12286,151.0,,
12287,218.0,,
12288,160.0,,
12289,133.0,,
12290,125.0,,
12291,140.0,,
12292,95.0,,
12293,172.0,,
12294,169.0,,
12295,138.0,,
12296,120.0,,
12297,176.0,,
12298,210.0,,
12299,112.0,,
12300,129.0,,
12301,130.0,,
12302,155.0,,
12303,195.0,,
12304,127.0,,
12305,155.0,,
12306,117.0,,
12307,221.0,,
12308,145.0,,
12309,115.0,,
12310,164.0,,
12311,145.0,,
12312,113.0,,
12313,127.0,,
12314,144.0,,
12315,121.0,,
12316,141.0,,
12317,262.0,,
12318,,,
12319,233.0,,
12320,,,
12321,140.0,,
12322,,,
12323,101.0,,
12324,,,
12325,,,
12326,,,
12327,124.0,,
12328,130.0,,
12329,169.0,,
12330,133.0,,
12331,132.0,,
12332,180.0,,
12333,143.0,,
12334,154.0,,
12335,115.0,,
12336,279.0,,
12337,120.0,,
12338,222.0,,
12339,140.0,,
12340,205.0,,
12341,124.0,,
12342,188.0,,
12343,145.0,,
12344,117.0,,
12345,115.0,,
12346,140.0,,
12347,110.0,,
12348,166.0,,
12349,105.0,,
12350,98.0,,
12351,124.0,,
12352,110.0,,
12353,116.0,,
12354,135.0,,
12355,,,
12356,101.0,,
12357,123.0,,
12358,145.0,,
12359,124.0,,
12360,130.0,,
12361,140.0,,
12362,147.0,,
12363,135.0,,
12364,,,
12365,143.0,,
12366,170.0,,
12367,156.0,,
12368,178.0,,
12369,123.0,,
12370,190.0,,
12371,180.0,,
12372,165.0,,
12373,138.0,,
12374,167.0,,
12375,130.0,,
12376,145.0,,
12377,147.0,,
12378,185.0,,
12379,163.0,,
12380,114.0,,
12381,150.0,,
12382,150.0,,
12383,145.0,,
12384,120.0,,
12385,131.0,,
12386,125.0,,
12387,100.0,,
12388,160.0,,
12389,260.0,,
12390,107.0,,
12391,139.0,,
12392,130.0,,
12393,140.0,,
12394,,,
12395,143.0,,
12396,145.0,,
12397,129.0,,
12398,147.0,,
12399,233.0,,
12400,155.0,,
12401,125.0,,
12402,142.0,,
12403,140.0,,
12404,145.0,,
12405,115.0,,
12406,162.0,,
12407,136.0,,
12408,150.0,,
12409,141.0,,
12410,185.0,,
12411,145.0,,
12412,125.0,,
12413,215.0,,
12414,280.0,3.0,
12415,110.0,3.0,
12416,107.0,3.0,
12417,160.0,2.0,
12418,126.0,1.0,
12419,95.0,3.0,
12420,130.0,3.0,
12421,117.0,3.0,
12422,120.0,4.0,
12423,210.0,2.0,
12424,180.0,3.0,
12425,196.0,1.0,
12426,110.0,3.0,
12427,160.0,2.0,
12428,135.0,1.0,
12429,158.0,3.0,
12430,180.0,1.0,
12431,215.0,2.0,
12432,110.0,5.0,
12433,306.0,2.0,
12434,132.0,1.0,
12435,120.0,1.0,
12436,140.0,1.0,
12437,150.0,3.0,
12438,195.0,1.0,
12439,135.0,3.0,
12440,150.0,2.0,
12441,91.0,1.0,
12442,136.0,4.0,
12443,110.0,3.0,
12444,,2.0,
12445,155.0,1.0,
12446,210.0,2.0,
12447,,3.0,
12448,102.0,3.0,
12449,120.0,2.0,
12450,186.0,4.0,
12451,,5.0,
12452,130.0,3.0,
12453,150.0,2.0,
12454,160.0,4.0,
12455,,3.0,
12456,154.0,3.0,
12457,186.0,1.0,
12458,105.0,5.0,
12459,158.0,5.0,
12460,148.0,2.0,
12461,125.0,5.0,
12462,145.0,2.0,
12463,158.0,4.0,
12464,130.0,4.0,
12465,130.0,5.0,
12466,174.0,2.0,
12467,140.0,1.0,
12468,170.0,1.0,
12469,115.0,2.0,
12470,115.0,3.0,
12471,155.0,3.0,
12472,135.0,3.0,
12473,126.0,2.0,
12474,142.0,1.0,
12475,183.0,1.0,
12476,110.0,4.0,
12477,115.0,1.0,
12478,195.0,2.0,
12479,200.0,3.0,
12480,160.0,2.0,
12481,170.0,4.0,
12482,112.0,3.0,
12483,158.0,1.0,
12484,119.0,2.0,
12485,195.0,4.0,
12486,,3.0,
12487,235.0,1.0,
12488,149.0,5.0,
12489,168.0,2.0,
12490,157.0,2.0,
12491,,2.0,
12492,,5.0,
12493,150.0,2.0,
12494,150.0,4.0,
12495,173.0,4.0,
12496,124.0,3.0,
12497,200.0,1.0,
12498,258.0,3.0,
12499,130.0,1.0,
12500,,4.0,
12501,115.0,3.0,
12502,140.0,4.0,
12503,145.0,2.0,
12504,135.0,1.0,
12505,118.0,3.0,
12506,195.0,2.0,
12507,140.0,4.0,
12508,225.0,2.0,
12509,121.0,3.0,
12510,,3.0,
12511,120.0,3.0,
12512,160.0,4.0,
12513,143.0,1.0,
12514,117.0,3.0,
12515,149.0,1.0,
12516,,,
12517,200.0,4.0,
12518,130.0,2.0,
12519,,4.0,
12520,120.0,1.0,
12521,140.0,1.0,
12522,253.0,2.0,
12523,,3.0,
12524,109.0,2.0,
12525,230.0,4.0,
12526,152.0,3.0,
12527,170.0,3.0,
12528,140.0,1.0,
12529,236.0,3.0,
12530,210.0,4.0,
12531,245.0,3.0,
12532,113.0,4.0,
12533,,3.0,
12534,115.0,5.0,
12535,150.0,3.0,
12536,158.0,4.0,
12537,,1.0,
12538,110.0,2.0,
12539,,5.0,
12540,120.0,5.0,
12541,120.0,4.0,
12542,140.0,3.0,
12543,200.0,2.0,
12544,140.0,1.0,
12545,121.0,3.0,
12546,116.0,2.0,
12547,136.0,1.0,
12548,227.0,3.0,
12549,200.0,4.0,
12550,175.0,4.0,
12551,145.0,4.0,
12552,105.0,3.0,
12553,146.0,1.0,
12554,201.0,4.0,
12555,225.0,4.0,
12556,160.0,3.0,
12557,173.0,2.0,
12558,147.0,4.0,
12559,120.0,1.0,
12560,102.0,2.0,
12561,215.0,3.0,
12562,162.0,3.0,
12563,399.0,5.0,
12564,90.0,5.0,
12565,230.0,2.0,
12566,135.0,3.0,
12567,,4.0,
12568,181.0,2.0,
12569,152.0,,
12570,172.0,3.0,
12571,129.0,1.0,
12572,110.0,3.0,
12573,154.0,4.0,
12574,162.0,1.0,
12575,285.0,4.0,
12576,163.0,2.0,
12577,205.0,3.0,
12578,107.0,2.0,
12579,145.0,5.0,
12580,145.0,4.0,
12581,136.0,1.0,
12582,120.0,5.0,
12583,121.0,2.0,
12584,92.0,5.0,
12585,210.0,2.0,
12586,110.0,3.0,
12587,230.0,3.0,
12588,150.0,4.0,
12589,121.0,4.0,
12590,106.0,3.0,
12591,155.0,1.0,
12592,120.0,2.0,
12593,95.0,3.0,
12594,145.0,3.0,
12595,145.0,3.0,
12596,140.0,3.0,
12597,130.0,4.0,
12598,150.0,4.0,
12599,148.0,2.0,
12600,150.0,4.0,
12601,115.0,3.0,
12602,155.0,2.0,
12603,125.0,3.0,
12604,119.0,3.0,
12605,120.0,5.0,
12606,118.0,5.0,
12607,187.0,5.0,
12608,140.0,3.0,
12609,149.0,1.0,
12610,320.0,4.0,
12611,,2.0,
12612,220.0,1.0,
12613,210.0,1.0,
12614,115.0,3.0,
12615,200.0,1.0,
12616,210.0,2.0,
12617,195.0,3.0,
12618,130.0,4.0,
12619,193.0,2.0,
12620,155.0,5.0,
12621,145.0,4.0,
12622,150.0,5.0,
12623,135.0,5.0,
12624,140.0,3.0,
12625,163.0,3.0,
12626,140.0,2.0,
12627,113.0,3.0,
12628,150.0,,
12629,150.0,1.0,
12630,150.0,3.0,
12631,,4.0,
12632,170.0,5.0,
12633,240.0,5.0,
12634,315.0,2.0,
12635,165.0,2.0,
12636,120.0,4.0,
12637,120.0,4.0,
12638,300.0,3.0,
12639,140.0,4.0,
12640,145.0,3.0,
12641,120.0,3.0,
12642,160.0,3.0,
12643,130.0,2.0,
12644,115.0,2.0,
12645,132.0,,
12646,130.0,4.0,
12647,235.0,2.0,
12648,145.0,4.0,
12649,140.0,4.0,
12650,135.0,4.0,
12651,130.0,3.0,
12652,160.0,3.0,
12653,145.0,4.0,
12654,165.0,1.0,
12655,203.0,3.0,
12656,175.0,5.0,
12657,117.0,4.0,
12658,120.0,3.0,
12659,145.0,2.0,
12660,155.0,3.0,
12661,145.0,,
12662,115.0,3.0,
12663,170.0,2.0,
12664,125.0,2.0,
12665,160.0,,
12666,185.0,4.0,
12667,108.0,3.0,
12668,135.0,2.0,
12669,190.0,4.0,
12670,190.0,2.0,
12671,136.0,2.0,
12672,150.0,2.0,
12673,145.0,2.0,
12674,150.0,1.0,
12675,,3.0,
12676,140.0,3.0,
12677,153.0,3.0,
12678,109.0,2.0,
12679,180.0,2.0,
12680,,2.0,
12681,115.0,1.0,
12682,180.0,4.0,
12683,170.0,4.0,
12684,195.0,2.0,
12685,140.0,3.0,
12686,165.0,2.0,
12687,110.0,4.0,
12688,99.0,4.0,
12689,134.0,2.0,
12690,165.0,1.0,
12691,115.0,3.0,
12692,225.0,4.0,
12693,,4.0,
12694,99.0,4.0,
12695,116.0,2.0,
12696,,3.0,
12697,77.0,2.0,
12698,97.0,2.0,
12699,121.0,4.0,
12700,145.0,4.0,
12701,115.0,3.0,
12702,122.0,3.0,
12703,190.0,3.0,
12704,175.0,3.0,
12705,120.0,2.0,
12706,109.0,3.0,
12707,173.0,2.0,
12708,137.0,3.0,
12709,156.0,3.0,
12710,264.0,3.0,
12711,130.0,1.0,
12712,220.0,2.0,
12713,170.0,1.0,
12714,190.0,1.0,
12715,122.0,4.0,
12716,150.0,4.0,
12717,175.0,3.0,
12718,120.0,4.0,
12719,145.0,2.0,
12720,250.0,4.0,
12721,135.0,4.0,
12722,140.0,3.0,
12723,109.0,2.0,
12724,115.0,3.0,
12725,113.0,3.0,
12726,240.0,2.0,
12727,,1.0,
12728,101.0,4.0,
12729,290.0,1.0,
12730,,5.0,
12731,,4.0,
12732,212.0,2.0,
12733,125.0,2.0,
12734,,3.0,
12735,178.0,3.0,
12736,150.0,1.0,
12737,,,
12738,170.0,1.0,
12739,120.0,4.0,
12740,,3.0,
12741,120.0,5.0,
12742,136.0,3.0,
12743,105.0,1.0,
12744,151.0,2.0,
12745,196.0,3.0,
12746,135.0,3.0,
12747,109.0,4.0,
12748,150.0,3.0,
12749,101.0,5.0,
12750,145.0,5.0,
12751,,,
12752,97.0,4.0,
12753,,2.0,
12754,135.0,4.0,
12755,105.0,3.0,
12756,,2.0,
12757,118.0,3.0,
12758,136.0,,
12759,,5.0,
12760,195.0,5.0,
12761,148.0,4.0,
12762,170.0,3.0,
12763,276.0,4.0,
12764,,3.0,
12765,,3.0,
12766,108.0,2.0,
12767,145.0,4.0,
12768,165.0,3.0,
12769,135.0,1.0,
12770,,,
12771,129.0,3.0,
12772,259.0,3.0,
12773,124.0,4.0,
12774,135.0,1.0,
12775,152.0,3.0,
12776,195.0,3.0,
12777,114.0,,
12778,118.0,,
12779,217.0,1.0,
12780,167.0,3.0,
12781,180.0,2.0,
12782,149.0,2.0,
12783,225.0,3.0,
12784,246.0,1.0,
12785,140.0,5.0,
12786,280.0,2.0,
12787,183.0,1.0,
12788,128.0,2.0,
12789,188.0,1.0,
12790,85.0,4.0,
12791,150.0,4.0,
12792,190.0,1.0,
12793,55.0,1.0,
12794,210.0,1.0,
12795,286.0,1.0,
12796,360.0,2.0,
12797,260.0,3.0,
12798,57.0,1.0,
12799,100.0,1.0,
12800,150.0,1.0,
12801,170.0,1.0,
12802,,1.0,
12803,,1.0,
12804,115.0,1.0,
12805,170.0,1.0,
12806,,3.0,
12807,217.0,2.0,
12808,90.0,4.0,
12809,170.0,1.0,
12810,129.0,1.0,
12811,163.0,1.0,
12812,121.0,1.0,
12813,50.0,1.0,
12814,129.0,1.0,
12815,140.0,3.0,
12816,120.0,2.0,
12817,175.0,1.0,
12818,100.0,2.0,
12819,175.0,2.0,
12820,110.0,1.0,
12821,159.0,3.0,
12822,142.0,2.0,
12823,104.0,1.0,
12824,142.0,4.0,
12825,120.0,4.0,
12826,130.0,3.0,
12827,,3.0,
12828,172.0,3.0,
12829,98.0,3.0,
12830,132.0,4.0,
12831,259.0,3.0,
12832,130.0,2.0,
12833,115.0,3.0,
12834,142.0,3.0,
12835,94.0,1.0,
12836,150.0,1.0,
12837,,2.0,
12838,260.0,3.0,
12839,168.0,2.0,
12840,99.0,4.0,
12841,157.0,1.0,
12842,120.0,2.0,
12843,120.0,3.0,
12844,160.0,3.0,
12845,70.0,1.0,
12846,180.0,3.0,
12847,,2.0,
12848,149.0,2.0,
12849,125.0,3.0,
12850,162.0,2.0,
12851,110.0,5.0,
12852,148.0,1.0,
12853,110.0,4.0,
12854,96.0,,
12855,110.0,3.0,
12856,125.0,4.0,
12857,118.0,3.0,
12858,149.0,3.0,
12859,149.0,3.0,
12860,127.0,3.0,
12861,112.0,4.0,
12862,122.0,3.0,
12863,110.0,4.0,
12864,135.0,1.0,
12865,133.0,3.0,
12866,90.0,1.0,
12867,138.0,4.0,
12868,102.0,4.0,
12869,,1.0,
12870,120.0,3.0,
12871,112.0,2.0,
12872,144.0,4.0,
12873,165.0,4.0,
12874,170.0,2.0,
12875,107.0,1.0,
12876,180.0,4.0,
12877,90.0,3.0,
12878,135.0,2.0,
12879,202.0,5.0,
12880,,2.0,
12881,197.0,1.0,
12882,105.0,2.0,
12883,,1.0,
12884,125.0,4.0,
12885,137.0,1.0,
12886,137.0,1.0,
12887,175.0,1.0,
12888,110.0,4.0,
12889,154.0,3.0,
12890,125.0,4.0,
12891,120.0,3.0,
12892,219.0,3.0,
12893,103.0,2.0,
12894,113.0,3.0,
12895,124.0,4.0,
12896,112.0,2.0,
12897,135.0,1.0,
12898,145.0,2.0,
12899,98.0,2.0,
12900,109.0,3.0,
12901,105.0,3.0,
12902,120.0,2.0,
12903,114.0,2.0,
12904,91.0,1.0,
12905,109.0,2.0,
12906,127.0,3.0,
12907,,4.0,
12908,163.0,1.0,
12909,108.0,5.0,
12910,132.0,2.0,
12911,154.0,1.0,
12912,143.0,1.0,
12913,105.0,2.0,
12914,355.0,3.0,
12915,120.0,3.0,
12916,120.0,,
12917,120.0,2.0,
12918,98.0,4.0,
12919,75.0,1.0,
12920,92.0,4.0,
12921,140.0,3.0,
12922,106.0,3.0,
12923,115.0,4.0,
12924,150.0,1.0,
12925,176.0,1.0,
12926,195.0,3.0,
12927,190.0,2.0,
12928,,3.0,
12929,,3.0,
12930,120.0,3.0,
12931,100.0,3.0,
12932,113.0,1.0,
12933,144.0,3.0,
12934,120.0,1.0,
12935,130.0,3.0,
12936,114.0,2.0,
12937,104.0,4.0,
12938,150.0,2.0,
12939,117.0,3.0,
12940,215.0,4.0,
12941,182.0,2.0,
12942,120.0,1.0,
12943,98.0,2.0,
12944,130.0,1.0,
12945,100.0,,
12946,160.0,1.0,
12947,230.0,2.0,
12948,230.0,4.0,
12949,150.0,5.0,
12950,119.0,1.0,
12951,146.0,1.0,
12952,189.0,1.0,
12953,130.0,1.0,
12954,130.0,1.0,
12955,215.0,1.0,
12956,122.0,1.0,
12957,180.0,2.0,
12958,115.0,2.0,
12959,150.0,4.0,
12960,98.0,5.0,
12961,90.0,5.0,
12962,130.0,3.0,
12963,185.0,2.0,
12964,150.0,1.0,
12965,116.0,4.0,
12966,138.0,5.0,
12967,130.0,5.0,
12968,125.0,5.0,
12969,145.0,3.0,
12970,181.0,4.0,
12971,115.0,3.0,
12972,125.0,4.0,
12973,103.0,3.0,
12974,110.0,1.0,
12975,130.0,2.0,
12976,190.0,2.0,
12977,180.0,1.0,
12978,239.0,3.0,
12979,145.0,1.0,
12980,128.0,1.0,
12981,98.0,5.0,
12982,194.0,3.0,
12983,130.0,2.0,
12984,120.0,2.0,
12985,158.0,2.0,
12986,155.0,3.0,
12987,121.0,1.0,
12988,204.0,1.0,
12989,146.0,4.0,
12990,106.0,3.0,
12991,120.0,1.0,
12992,107.0,2.0,
12993,155.0,3.0,
12994,120.0,4.0,
12995,116.0,3.0,
12996,145.0,2.0,
12997,125.0,4.0,
12998,135.0,1.0,
12999,,3.0,
13000,135.0,5.0,
13001,86.0,3.0,
13002,115.0,3.0,
13003,90.0,1.0,
13004,105.0,,
13005,130.0,2.0,
13006,130.0,3.0,
13007,115.0,3.0,
13008,145.0,3.0,
13009,162.0,3.0,
13010,115.0,2.0,
13011,106.0,4.0,
13012,120.0,3.0,
13013,140.0,3.0,
13014,137.0,4.0,
13015,176.0,2.0,
13016,230.0,2.0,
13017,123.0,3.0,
13018,179.0,1.0,
13019,100.0,1.0,
13020,95.0,2.0,
13021,214.0,2.0,
13022,176.0,1.0,
13023,80.0,5.0,
13024,77.0,3.0,
13025,91.0,2.0,
13026,113.0,4.0,
13027,109.0,5.0,
13028,90.0,4.0,
13029,105.0,5.0,
13030,160.0,2.0,
13031,120.0,3.0,
13032,126.0,3.0,
13033,149.0,1.0,
13034,93.0,3.0,
13035,175.0,3.0,
13036,190.0,2.0,
13037,120.0,2.0,
13038,115.0,2.0,
13039,125.0,4.0,
13040,160.0,2.0,
13041,140.0,4.0,
13042,218.0,4.0,
13043,132.0,2.0,
13044,148.0,3.0,
13045,110.0,3.0,
13046,120.0,4.0,
13047,96.0,3.0,
13048,172.0,2.0,
13049,290.0,4.0,
13050,97.0,5.0,
13051,205.0,1.0,
13052,220.0,1.0,
13053,200.0,5.0,
13054,134.0,3.0,
13055,149.0,4.0,
13056,150.0,1.0,
13057,213.0,1.0,
13058,157.0,1.0,
13059,120.0,1.0,
13060,170.0,2.0,
13061,167.0,1.0,
13062,110.0,2.0,
13063,100.0,4.0,
13064,185.0,3.0,
13065,120.0,3.0,
13066,110.0,4.0,
13067,140.0,3.0,
13068,105.0,5.0,
13069,230.0,3.0,
13070,128.0,3.0,
13071,110.0,3.0,
13072,165.0,2.0,
13073,212.0,4.0,
13074,130.0,1.0,
13075,120.0,3.0,
13076,191.0,2.0,
13077,181.0,3.0,
13078,137.0,3.0,
13079,200.0,1.0,
13080,130.0,4.0,
13081,95.0,4.0,
13082,104.0,5.0,
13083,103.0,3.0,
13084,90.0,3.0,
13085,116.0,2.0,
13086,212.0,1.0,
13087,160.0,3.0,
13088,102.0,4.0,
13089,117.0,3.0,
13090,115.0,,
13091,155.0,1.0,
13092,210.0,4.0,
13093,147.0,1.0,
13094,125.0,,
13095,,,
13096,130.0,3.0,
13097,,3.0,
13098,155.0,2.0,
13099,110.0,4.0,
13100,180.0,3.0,
13101,112.0,4.0,
13102,138.0,1.0,
13103,120.0,1.0,
13104,148.0,3.0,
13105,127.0,2.0,
13106,145.0,1.0,
13107,220.0,2.0,
13108,203.0,3.0,
13109,280.0,,
13110,220.0,3.0,
13111,170.0,1.0,
13112,104.0,1.0,
13113,130.0,4.0,
13114,250.0,3.0,
13115,172.0,1.0,
13116,120.0,3.0,
13117,160.0,4.0,
13118,180.0,1.0,
13119,197.0,1.0,
13120,85.0,2.0,
13121,115.0,3.0,
13122,140.0,3.0,
13123,175.0,3.0,
13124,198.0,2.0,
13125,140.0,3.0,
13126,143.0,3.0,
13127,175.0,3.0,
13128,145.0,,
13129,,3.0,
13130,223.0,1.0,
13131,220.0,3.0,
13132,149.0,2.0,
13133,235.0,3.0,
13134,225.0,1.0,
13135,122.0,3.0,
13136,143.0,1.0,
13137,154.0,3.0,
13138,107.0,,
13139,120.0,2.0,
13140,138.0,3.0,
13141,175.0,3.0,
13142,143.0,1.0,
13143,250.0,3.0,
13144,97.0,3.0,
13145,165.0,3.0,
13146,100.0,,
13147,,,
13148,192.0,,
13149,99.0,,
13150,280.0,1.0,
13151,135.0,4.0,
13152,115.0,,
13153,170.0,4.0,
13154,185.0,1.0,
13155,169.0,1.0,
13156,122.0,2.0,
13157,230.0,5.0,
13158,240.0,2.0,
13159,172.0,1.0,
13160,187.0,2.0,
13161,215.0,1.0,
13162,201.0,5.0,
13163,150.0,4.0,
13164,150.0,5.0,
13165,101.0,5.0,
13166,130.0,4.0,
13167,145.0,,
13168,160.0,,
13169,125.0,,
13170,147.0,,
13171,108.0,,
13172,113.0,,
13173,131.0,3.0,
13174,117.0,2.0,
13175,134.0,1.0,
13176,,3.0,
13177,250.0,5.0,
13178,,3.0,
13179,155.0,2.0,
13180,124.0,1.0,
13181,,,
13182,179.0,2.0,
13183,152.0,3.0,
13184,,4.0,
13185,147.0,3.0,
13186,152.0,2.0,
13187,225.0,2.0,
13188,98.0,3.0,
13189,160.0,5.0,
13190,136.0,3.0,
13191,155.0,2.0,
13192,132.0,1.0,
13193,163.0,2.0,
13194,132.0,2.0,
13195,120.0,,
13196,190.0,4.0,
13197,112.0,3.0,
13198,154.0,3.0,
13199,132.0,2.0,
13200,135.0,2.0,
13201,174.0,2.0,
13202,163.0,1.0,
13203,132.0,3.0,
13204,210.0,,
13205,110.0,2.0,
13206,130.0,1.0,
13207,170.0,1.0,
13208,132.0,1.0,
13209,100.0,1.0,
13210,192.0,,
13211,100.0,,
13212,112.0,1.0,
13213,132.0,2.0,
13214,125.0,,
13215,125.0,4.0,
13216,86.0,3.0,
13217,121.0,2.0,
13218,115.0,1.0,
13219,124.0,1.0,
13220,120.0,3.0,
13221,128.0,3.0,
13222,120.0,2.0,
13223,151.0,3.0,
13224,140.0,1.0,
13225,197.0,2.0,
13226,165.0,3.0,
13227,147.0,3.0,
13228,180.0,2.0,
13229,198.0,3.0,
13230,120.0,2.0,
13231,224.0,3.0,
13232,230.0,3.0,
13233,120.0,,
13234,280.0,4.0,
13235,,3.0,
13236,140.0,1.0,
13237,135.0,3.0,
13238,175.0,1.0,
13239,180.0,3.0,
13240,153.0,1.0,
13241,210.0,1.0,
13242,145.0,1.0,
13243,135.0,3.0,
13244,140.0,3.0,
13245,,,
13246,109.0,3.0,
13247,140.0,2.0,
13248,110.0,2.0,
13249,230.0,3.0,
13250,156.0,3.0,
13251,200.0,1.0,
13252,153.0,2.0,
13253,51.0,1.0,
13254,110.0,3.0,
13255,285.0,3.0,
13256,250.0,4.0,
13257,110.0,2.0,
13258,,2.0,
13259,,1.0,
13260,214.0,1.0,
13261,180.0,4.0,
13262,210.0,1.0,
13263,120.0,3.0,
13264,135.0,1.0,
13265,133.0,3.0,
13266,220.0,2.0,
13267,125.0,2.0,
13268,90.0,3.0,
13269,130.0,4.0,
13270,122.0,2.0,
13271,120.0,1.0,
13272,129.0,1.0,
13273,110.0,3.0,
13274,120.0,3.0,
13275,50.0,1.0,
13276,120.0,1.0,
13277,120.0,3.0,
13278,152.0,4.0,
13279,50.0,1.0,
13280,,1.0,
13281,197.0,1.0,
13282,,,
13283,124.0,3.0,
13284,,4.0,
13285,160.0,1.0,
13286,140.0,2.0,
13287,260.0,1.0,
13288,114.0,2.0,
13289,120.0,2.0,
13290,145.0,1.0,
13291,160.0,2.0,
13292,101.0,3.0,
13293,,3.0,
13294,125.0,1.0,
13295,110.0,4.0,
13296,150.0,3.0,
13297,118.0,2.0,
13298,116.0,3.0,
13299,174.0,5.0,
13300,120.0,4.0,
13301,130.0,1.0,
13302,108.0,4.0,
13303,140.0,1.0,
13304,87.0,1.0,
13305,125.0,3.0,
13306,235.0,3.0,
13307,180.0,2.0,
13308,168.0,2.0,
13309,115.0,2.0,
13310,105.0,4.0,
13311,95.0,3.0,
13312,140.0,4.0,
13313,108.0,3.0,
13314,122.0,3.0,
13315,183.0,3.0,
13316,,4.0,
13317,120.0,2.0,
13318,140.0,4.0,
13319,279.0,1.0,
13320,110.0,1.0,
13321,110.0,3.0,
13322,136.0,3.0,
13323,94.0,2.0,
13324,120.0,3.0,
13325,185.0,3.0,
13326,120.0,2.0,
13327,135.0,1.0,
13328,128.0,3.0,
13329,166.0,4.0,
13330,113.0,4.0,
13331,129.0,1.0,
13332,247.0,1.0,
13333,97.0,4.0,
13334,160.0,3.0,
13335,135.0,4.0,
13336,165.0,1.0,
13337,95.0,3.0,
13338,140.0,1.0,
13339,111.0,4.0,
13340,130.0,4.0,
13341,110.0,5.0,
13342,125.0,5.0,
13343,110.0,1.0,
13344,110.0,4.0,
13345,170.0,2.0,
13346,69.0,2.0,
13347,150.0,1.0,
13348,137.0,1.0,
13349,130.0,1.0,
13350,140.0,1.0,
13351,118.0,4.0,
13352,99.0,3.0,
13353,,3.0,
13354,,3.0,
13355,130.0,3.0,
13356,,3.0,
13357,100.0,2.0,
13358,132.0,3.0,
13359,155.0,5.0,
13360,149.0,2.0,
13361,120.0,4.0,
13362,130.0,3.0,
13363,120.0,3.0,
13364,170.0,2.0,
13365,114.0,3.0,
13366,187.0,,
13367,160.0,2.0,
13368,145.0,3.0,
13369,170.0,4.0,
13370,165.0,4.0,
13371,187.0,3.0,
13372,127.0,3.0,
13373,130.0,4.0,
13374,150.0,3.0,
13375,,3.0,
13376,125.0,1.0,
13377,105.0,1.0,
13378,150.0,4.0,
13379,100.0,4.0,
13380,140.0,4.0,
13381,150.0,2.0,
13382,,3.0,
13383,295.0,3.0,
13384,155.0,3.0,
13385,115.0,1.0,
13386,110.0,3.0,
13387,125.0,4.0,
13388,120.0,3.0,
13389,125.0,4.0,
13390,150.0,1.0,
13391,160.0,5.0,
13392,130.0,3.0,
13393,120.0,3.0,
13394,168.0,3.0,
13395,240.0,5.0,
13396,140.0,2.0,
13397,111.0,5.0,
13398,160.0,5.0,
13399,180.0,1.0,
13400,130.0,3.0,
13401,109.0,4.0,
13402,155.0,2.0,
13403,123.0,2.0,
13404,250.0,,
13405,150.0,4.0,
13406,150.0,2.0,
13407,130.0,3.0,
13408,105.0,4.0,
13409,103.0,3.0,
13410,111.0,2.0,
13411,110.0,2.0,
13412,,4.0,
13413,125.0,,
13414,175.0,2.0,
13415,,4.0,
13416,170.0,1.0,
13417,140.0,1.0,
13418,110.0,4.0,
13419,112.0,4.0,
13420,155.0,4.0,
13421,110.0,3.0,
13422,128.0,2.0,
13423,250.0,1.0,
13424,232.0,2.0,
13425,165.0,5.0,
13426,105.0,1.0,
13427,135.0,2.0,
13428,165.0,3.0,
13429,106.0,,
13430,,4.0,
13431,399.0,5.0,
13432,,4.0,
13433,125.0,3.0,
13434,190.0,5.0,
13435,121.0,2.0,
13436,125.0,3.0,
13437,155.0,4.0,
13438,125.0,2.0,
13439,150.0,1.0,
13440,105.0,4.0,
13441,139.0,2.0,
13442,180.0,3.0,
13443,115.0,2.0,
13444,170.0,1.0,
13445,140.0,1.0,
13446,140.0,5.0,
13447,100.0,4.0,
13448,159.0,5.0,
13449,150.0,4.0,
13450,150.0,3.0,
13451,165.0,3.0,
13452,,4.0,
13453,143.0,3.0,
13454,119.0,3.0,
13455,145.0,2.0,
13456,240.0,3.0,
13457,127.0,4.0,
13458,369.0,3.0,
13459,185.0,2.0,
13460,112.0,4.0,
13461,132.0,3.0,
13462,120.0,3.0,
13463,130.0,4.0,
13464,102.0,3.0,
13465,399.0,2.0,
13466,170.0,3.0,
13467,135.0,2.0,
13468,119.0,5.0,
13469,,1.0,
13470,369.0,5.0,
13471,135.0,4.0,
13472,162.0,2.0,
13473,135.0,,
13474,200.0,5.0,
13475,115.0,3.0,
13476,170.0,2.0,
13477,,,
13478,225.0,3.0,
13479,150.0,2.0,
13480,135.0,2.0,
13481,130.0,3.0,
13482,140.0,4.0,
13483,140.0,3.0,
13484,120.0,1.0,
13485,102.0,3.0,
13486,190.0,2.0,
13487,153.0,4.0,
13488,115.0,4.0,
13489,135.0,3.0,
13490,125.0,4.0,
13491,165.0,1.0,
13492,200.0,2.0,
13493,115.0,3.0,
13494,150.0,4.0,
13495,115.0,3.0,
13496,120.0,,
13497,120.0,3.0,
13498,100.0,5.0,
13499,143.0,3.0,
13500,115.0,2.0,
13501,150.0,,
13502,150.0,4.0,
13503,170.0,3.0,
13504,140.0,2.0,
13505,140.0,,
13506,125.0,2.0,
13507,125.0,2.0,
13508,142.0,1.0,
13509,190.0,2.0,
13510,115.0,3.0,
13511,135.0,3.0,
13512,350.0,5.0,
13513,140.0,1.0,
13514,155.0,2.0,
13515,101.0,1.0,
13516,185.0,3.0,
13517,170.0,3.0,
13518,200.0,4.0,
13519,210.0,3.0,
13520,145.0,3.0,
13521,175.0,1.0,
13522,135.0,4.0,
13523,200.0,2.0,
13524,135.0,3.0,
13525,180.0,3.0,
13526,128.0,4.0,
13527,155.0,3.0,
13528,145.0,3.0,
13529,100.0,3.0,
13530,170.0,1.0,
13531,140.0,5.0,
13532,170.0,2.0,
13533,145.0,1.0,
13534,162.0,3.0,
13535,120.0,5.0,
13536,125.0,4.0,
13537,127.0,5.0,
13538,124.0,2.0,
13539,190.0,,
13540,120.0,4.0,
13541,125.0,2.0,
13542,140.0,3.0,
13543,160.0,2.0,
13544,105.0,1.0,
13545,150.0,3.0,
13546,130.0,2.0,
13547,160.0,1.0,
13548,160.0,4.0,
13549,140.0,2.0,
13550,135.0,3.0,
13551,150.0,3.0,
13552,,4.0,
13553,160.0,1.0,
13554,115.0,4.0,
13555,120.0,2.0,
13556,140.0,2.0,
13557,135.0,4.0,
13558,130.0,4.0,
13559,125.0,4.0,
13560,124.0,4.0,
13561,155.0,3.0,
13562,105.0,4.0,
13563,108.0,1.0,
13564,120.0,2.0,
13565,120.0,3.0,
13566,176.0,2.0,
13567,,4.0,
13568,302.0,5.0,
13569,170.0,2.0,
13570,170.0,2.0,
13571,220.0,3.0,
13572,151.0,1.0,
13573,146.0,1.0,
13574,126.0,3.0,
13575,115.0,2.0,
13576,110.0,2.0,
13577,152.0,3.0,
13578,113.0,5.0,
13579,130.0,2.0,
13580,115.0,1.0,
13581,140.0,2.0,
13582,121.0,,
13583,147.0,3.0,
13584,97.0,4.0,
13585,160.0,,
13586,132.0,1.0,
13587,170.0,1.0,
13588,120.0,3.0,
13589,100.0,3.0,
13590,185.0,2.0,
13591,150.0,3.0,
13592,160.0,3.0,
13593,145.0,3.0,
13594,165.0,4.0,
13595,125.0,3.0,
13596,146.0,2.0,
13597,150.0,1.0,
13598,,,
13599,105.0,2.0,
13600,190.0,1.0,
13601,97.0,2.0,
13602,140.0,3.0,
13603,117.0,4.0,
13604,215.0,1.0,
13605,148.0,,
13606,100.0,1.0,
13607,,3.0,
13608,116.0,3.0,
13609,110.0,3.0,
13610,110.0,3.0,
13611,115.0,3.0,
13612,165.0,1.0,
13613,115.0,2.0,
13614,164.0,2.0,
13615,145.0,,
13616,134.0,4.0,
13617,115.0,2.0,
13618,175.0,4.0,
13619,110.0,3.0,
13620,138.0,2.0,
13621,114.0,5.0,
13622,118.0,1.0,
13623,85.0,5.0,
13624,184.0,2.0,
13625,,2.0,
13626,120.0,2.0,
13627,170.0,1.0,
13628,140.0,4.0,
13629,170.0,1.0,
13630,135.0,2.0,
13631,125.0,1.0,
13632,125.0,4.0,
13633,116.0,4.0,
13634,,3.0,
13635,130.0,1.0,
13636,125.0,2.0,
13637,107.0,2.0,
13638,150.0,2.0,
13639,185.0,5.0,
13640,95.0,2.0,
13641,,5.0,
13642,110.0,3.0,
13643,,2.0,
13644,120.0,,
13645,115.0,4.0,
13646,115.0,4.0,
13647,,2.0,
13648,110.0,1.0,
13649,108.0,3.0,
13650,120.0,3.0,
13651,220.0,3.0,
13652,135.0,1.0,
13653,210.0,3.0,
13654,,4.0,
13655,221.0,1.0,
13656,110.0,4.0,
13657,100.0,1.0,
13658,122.0,4.0,
13659,130.0,1.0,
13660,183.0,4.0,
13661,120.0,3.0,
13662,89.0,5.0,
13663,120.0,3.0,
13664,100.0,3.0,
13665,157.0,3.0,
13666,115.0,3.0,
13667,110.0,5.0,
13668,102.0,5.0,
13669,135.0,3.0,
13670,215.0,2.0,
13671,145.0,,
13672,160.0,5.0,
13673,120.0,2.0,
13674,160.0,3.0,
13675,,,
13676,220.0,2.0,
13677,150.0,3.0,
13678,130.0,1.0,
13679,200.0,4.0,
13680,111.0,5.0,
13681,120.0,2.0,
13682,125.0,2.0,
13683,185.0,1.0,
13684,136.0,,
13685,140.0,2.0,
13686,155.0,5.0,
13687,265.0,4.0,
13688,145.0,4.0,
13689,155.0,2.0,
13690,148.0,3.0,
13691,170.0,1.0,
13692,180.0,3.0,
13693,135.0,3.0,
13694,399.0,5.0,
13695,140.0,3.0,
13696,115.0,5.0,
13697,200.0,2.0,
13698,,1.0,
13699,158.0,1.0,
13700,121.0,1.0,
13701,125.0,3.0,
13702,120.0,3.0,
13703,120.0,5.0,
13704,100.0,4.0,
13705,120.0,2.0,
13706,145.0,3.0,
13707,150.0,3.0,
13708,125.0,3.0,
13709,120.0,1.0,
13710,110.0,2.0,
13711,99.0,4.0,
13712,175.0,4.0,
13713,117.0,2.0,
13714,100.0,5.0,
13715,160.0,2.0,
13716,145.0,3.0,
13717,105.0,5.0,
13718,187.0,2.0,
13719,155.0,5.0,
13720,135.0,3.0,
13721,180.0,1.0,
13722,160.0,3.0,
13723,130.0,5.0,
13724,115.0,3.0,
13725,140.0,4.0,
13726,130.0,3.0,
13727,125.0,3.0,
13728,135.0,4.0,
13729,210.0,3.0,
13730,185.0,2.0,
13731,160.0,2.0,
13732,122.0,2.0,
13733,135.0,1.0,
13734,140.0,4.0,
13735,130.0,5.0,
13736,145.0,2.0,
13737,125.0,2.0,
13738,165.0,1.0,
13739,160.0,4.0,
13740,,5.0,
13741,,2.0,
13742,112.0,3.0,
13743,,2.0,
13744,290.0,5.0,
13745,120.0,3.0,
13746,100.0,5.0,
13747,,5.0,
13748,135.0,1.0,
13749,72.0,2.0,
13750,105.0,3.0,
13751,125.0,2.0,
13752,115.0,3.0,
13753,120.0,3.0,
13754,140.0,5.0,
13755,173.0,4.0,
13756,110.0,3.0,
13757,135.0,3.0,
13758,185.0,4.0,
13759,399.0,3.0,
13760,175.0,1.0,
13761,167.0,1.0,
13762,100.0,4.0,
13763,200.0,2.0,
13764,150.0,1.0,
13765,220.0,3.0,
13766,,1.0,
13767,130.0,4.0,
13768,120.0,3.0,
13769,135.0,2.0,
13770,160.0,1.0,
13771,180.0,5.0,
13772,210.0,3.0,
13773,215.0,3.0,
13774,176.0,2.0,
13775,165.0,2.0,
13776,140.0,3.0,
13777,345.0,1.0,
13778,165.0,3.0,
13779,165.0,1.0,
13780,130.0,5.0,
13781,110.0,2.0,
13782,147.0,1.0,
13783,180.0,2.0,
13784,140.0,2.0,
13785,135.0,3.0,
13786,205.0,2.0,
13787,130.0,3.0,
13788,130.0,3.0,
13789,135.0,2.0,
13790,115.0,4.0,
13791,186.0,3.0,
13792,115.0,3.0,
13793,147.0,1.0,
13794,130.0,4.0,
13795,,3.0,
13796,109.0,4.0,
13797,150.0,3.0,
13798,155.0,3.0,
13799,150.0,3.0,
13800,150.0,3.0,
13801,125.0,2.0,
13802,200.0,3.0,
13803,135.0,3.0,
13804,140.0,4.0,
13805,196.0,4.0,
13806,210.0,1.0,
13807,120.0,3.0,
13808,135.0,4.0,
13809,156.0,4.0,
13810,145.0,4.0,
13811,155.0,1.0,
13812,112.0,1.0,
13813,165.0,1.0,
13814,145.0,2.0,
13815,140.0,1.0,
13816,125.0,2.0,
13817,150.0,,
13818,120.0,2.0,
13819,115.0,1.0,
13820,200.0,,
13821,115.0,5.0,
13822,145.0,2.0,
13823,116.0,3.0,
13824,122.0,4.0,
13825,145.0,3.0,
13826,140.0,1.0,
13827,116.0,4.0,
13828,250.0,1.0,
13829,105.0,4.0,
13830,160.0,4.0,
13831,200.0,3.0,
13832,210.0,3.0,
13833,130.0,2.0,
13834,107.0,4.0,
13835,110.0,3.0,
13836,198.0,3.0,
13837,115.0,3.0,
13838,90.0,5.0,
13839,130.0,2.0,
13840,100.0,2.0,
13841,160.0,1.0,
13842,110.0,1.0,
13843,115.0,3.0,
13844,160.0,2.0,
13845,122.0,4.0,
13846,135.0,3.0,
13847,280.0,3.0,
13848,155.0,2.0,
13849,134.0,2.0,
13850,157.0,1.0,
13851,125.0,1.0,
13852,200.0,4.0,
13853,,4.0,
13854,100.0,4.0,
13855,130.0,1.0,
13856,132.0,1.0,
13857,105.0,3.0,
13858,230.0,3.0,
13859,153.0,3.0,
13860,123.0,1.0,
13861,90.0,1.0,
13862,87.0,3.0,
13863,100.0,4.0,
13864,165.0,,
13865,250.0,1.0,
13866,140.0,,
13867,114.0,5.0,
13868,115.0,2.0,
13869,,,
13870,120.0,4.0,
13871,180.0,1.0,
13872,113.0,,
13873,180.0,4.0,
13874,280.0,1.0,
13875,160.0,1.0,
13876,108.0,1.0,
13877,145.0,5.0,
13878,150.0,3.0,
13879,130.0,4.0,
13880,,3.0,
13881,130.0,5.0,
13882,100.0,5.0,
13883,110.0,2.0,
13884,163.0,4.0,
13885,180.0,1.0,
13886,120.0,4.0,
13887,135.0,1.0,
13888,,2.0,
13889,140.0,2.0,
13890,,4.0,
13891,130.0,,
13892,135.0,2.0,
13893,135.0,4.0,
13894,123.0,2.0,
13895,150.0,3.0,
13896,150.0,3.0,
13897,,5.0,
13898,334.0,2.0,
13899,145.0,2.0,
13900,129.0,2.0,
13901,160.0,2.0,
13902,120.0,3.0,
13903,127.0,3.0,
13904,125.0,1.0,
13905,110.0,3.0,
13906,110.0,4.0,
13907,165.0,2.0,
13908,155.0,2.0,
13909,161.0,1.0,
13910,120.0,5.0,
13911,113.0,2.0,
13912,171.0,2.0,
13913,127.0,4.0,
13914,116.0,4.0,
13915,190.0,3.0,
13916,110.0,1.0,
13917,135.0,3.0,
13918,125.0,4.0,
13919,140.0,1.0,
13920,230.0,2.0,
13921,150.0,,
13922,210.0,1.0,
13923,125.0,3.0,
13924,,,
13925,155.0,4.0,
13926,200.0,2.0,
13927,175.0,2.0,
13928,,5.0,
13929,160.0,,
13930,150.0,5.0,
13931,,5.0,
13932,145.0,2.0,
13933,156.0,3.0,
13934,103.0,5.0,
13935,140.0,2.0,
13936,130.0,5.0,
13937,274.0,4.0,
13938,158.0,4.0,
13939,160.0,1.0,
13940,230.0,2.0,
13941,,1.0,
13942,140.0,3.0,
13943,140.0,2.0,
13944,110.0,4.0,
13945,110.0,4.0,
13946,125.0,2.0,
13947,115.0,2.0,
13948,132.0,5.0,
13949,127.0,5.0,
13950,110.0,3.0,
13951,120.0,4.0,
13952,148.0,2.0,
13953,125.0,5.0,
13954,170.0,,
13955,237.0,4.0,
13956,185.0,3.0,
13957,,5.0,
13958,179.0,4.0,
13959,135.0,3.0,
13960,150.0,2.0,
13961,200.0,4.0,
13962,203.0,2.0,
13963,145.0,5.0,
13964,160.0,4.0,
13965,115.0,3.0,
13966,150.0,4.0,
13967,130.0,2.0,
13968,110.0,4.0,
13969,145.0,3.0,
13970,,3.0,
13971,119.0,4.0,
13972,156.0,4.0,
13973,110.0,4.0,
13974,141.0,4.0,
13975,179.0,1.0,
13976,,4.0,
13977,399.0,,
13978,210.0,,
13979,135.0,1.0,
13980,140.0,2.0,
13981,165.0,1.0,
13982,200.0,3.0,
13983,120.0,4.0,
13984,193.0,4.0,
13985,150.0,4.0,
13986,200.0,1.0,
13987,135.0,4.0,
13988,185.0,5.0,
13989,155.0,2.0,
13990,145.0,1.0,
13991,150.0,1.0,
13992,118.0,4.0,
13993,135.0,5.0,
13994,160.0,3.0,
13995,115.0,4.0,
13996,115.0,3.0,
13997,140.0,5.0,
13998,160.0,4.0,
13999,230.0,2.0,
14000,,3.0,
14001,135.0,2.0,
14002,120.0,3.0,
14003,140.0,3.0,
14004,,4.0,
14005,211.0,2.0,
14006,145.0,2.0,
14007,153.0,4.0,
14008,150.0,5.0,
14009,165.0,2.0,
14010,175.0,2.0,
14011,140.0,3.0,
14012,140.0,4.0,
14013,,3.0,
14014,230.0,3.0,
14015,140.0,3.0,
14016,220.0,3.0,
14017,130.0,4.0,
14018,150.0,2.0,
14019,164.0,2.0,
14020,180.0,5.0,
14021,,4.0,
14022,125.0,1.0,
14023,220.0,1.0,
14024,144.0,3.0,
14025,145.0,5.0,
14026,165.0,4.0,
14027,138.0,4.0,
14028,215.0,3.0,
14029,155.0,4.0,
14030,115.0,3.0,
14031,110.0,,
14032,200.0,5.0,
14033,165.0,4.0,
14034,,3.0,
14035,181.0,3.0,
14036,145.0,3.0,
14037,141.0,2.0,
14038,,4.0,
14039,235.0,1.0,
14040,160.0,3.0,
14041,189.0,3.0,
14042,124.0,3.0,
14043,363.0,,
14044,230.0,2.0,
14045,140.0,2.0,
14046,115.0,4.0,
14047,140.0,5.0,
14048,170.0,4.0,
14049,120.0,4.0,
14050,120.0,4.0,
14051,200.0,4.0,
14052,220.0,2.0,
14053,170.0,,
14054,210.0,3.0,
14055,157.0,3.0,
14056,169.0,3.0,
14057,120.0,5.0,
14058,200.0,4.0,
14059,300.0,4.0,
14060,145.0,3.0,
14061,,3.0,
14062,,4.0,
14063,155.0,3.0,
14064,165.0,2.0,
14065,138.0,5.0,
14066,169.0,,
14067,235.0,4.0,
14068,,1.0,
14069,180.0,4.0,
14070,231.0,3.0,
14071,150.0,3.0,
14072,200.0,3.0,
14073,103.0,4.0,
14074,275.0,5.0,
14075,173.0,2.0,
14076,245.0,4.0,
14077,172.0,5.0,
14078,200.0,2.0,
14079,136.0,4.0,
14080,140.0,5.0,
14081,114.0,1.0,
14082,145.0,4.0,
14083,150.0,3.0,
14084,110.0,4.0,
14085,98.0,5.0,
14086,213.0,3.0,
14087,,,
14088,130.0,5.0,
14089,145.0,3.0,
14090,100.0,1.0,
14091,,4.0,
14092,109.0,5.0,
14093,160.0,1.0,
14094,199.0,5.0,
14095,160.0,5.0,
14096,230.0,1.0,
14097,147.0,3.0,
14098,120.0,1.0,
14099,120.0,3.0,
14100,,1.0,
14101,160.0,4.0,
14102,236.0,1.0,
14103,135.0,4.0,
14104,176.0,2.0,
14105,100.0,1.0,
14106,180.0,3.0,
14107,145.0,5.0,
14108,196.0,4.0,
14109,140.0,1.0,
14110,157.0,2.0,
14111,110.0,1.0,
14112,156.0,1.0,
14113,98.0,3.0,
14114,130.0,1.0,
14115,175.0,4.0,
14116,,1.0,
14117,130.0,4.0,
14118,113.0,5.0,
14119,230.0,3.0,
14120,210.0,1.0,
14121,150.0,4.0,
14122,,2.0,
14123,155.0,5.0,
14124,116.0,1.0,
14125,146.0,1.0,
14126,120.0,5.0,
14127,140.0,4.0,
14128,148.0,3.0,
14129,,1.0,
14130,336.0,5.0,
14131,140.0,2.0,
14132,175.0,3.0,
14133,118.0,3.0,
14134,120.0,1.0,
14135,120.0,3.0,
14136,120.0,4.0,
14137,140.0,3.0,
14138,99.0,2.0,
14139,130.0,1.0,
14140,210.0,1.0,
14141,140.0,4.0,
14142,120.0,2.0,
14143,110.0,3.0,
14144,250.0,5.0,
14145,110.0,3.0,
14146,154.0,3.0,
14147,150.0,3.0,
14148,105.0,4.0,
14149,145.0,5.0,
14150,75.0,1.0,
14151,117.0,4.0,
14152,139.0,2.0,
14153,,5.0,
14154,108.0,2.0,
14155,115.0,3.0,
14156,195.0,4.0,
14157,125.0,4.0,
14158,118.0,4.0,
14159,145.0,1.0,
14160,150.0,,
14161,153.0,2.0,
14162,140.0,4.0,
14163,89.0,3.0,
14164,155.0,4.0,
14165,170.0,3.0,
14166,124.0,2.0,
14167,155.0,1.0,
14168,140.0,5.0,
14169,110.0,3.0,
14170,,4.0,
14171,185.0,3.0,
14172,148.0,2.0,
14173,105.0,,
14174,160.0,,
14175,130.0,1.0,
14176,104.0,2.0,
14177,150.0,1.0,
14178,114.0,3.0,
14179,135.0,2.0,
14180,120.0,,
14181,180.0,,
14182,120.0,2.0,
14183,150.0,3.0,
14184,105.0,5.0,
14185,160.0,3.0,
14186,110.0,4.0,
14187,115.0,4.0,
14188,130.0,4.0,
14189,80.0,3.0,
14190,139.0,1.0,
14191,170.0,4.0,
14192,132.0,2.0,
14193,145.0,,
14194,130.0,5.0,
14195,170.0,,
14196,,3.0,
14197,135.0,5.0,
14198,125.0,1.0,
14199,114.0,5.0,
14200,125.0,3.0,
14201,120.0,4.0,
14202,108.0,3.0,
14203,,1.0,
14204,99.0,3.0,
14205,125.0,1.0,
14206,150.0,4.0,
14207,122.0,5.0,
14208,130.0,3.0,
14209,110.0,4.0,
14210,145.0,2.0,
14211,163.0,4.0,
14212,120.0,3.0,
14213,135.0,4.0,
14214,140.0,1.0,
14215,160.0,3.0,
14216,110.0,4.0,
14217,198.0,,
14218,174.0,3.0,
14219,170.0,3.0,
14220,69.0,3.0,
14221,250.0,5.0,
14222,,2.0,
14223,125.0,3.0,
14224,258.0,2.0,
14225,130.0,1.0,
14226,110.0,5.0,
14227,250.0,1.0,
14228,120.0,1.0,
14229,129.0,1.0,
14230,125.0,1.0,
14231,160.0,1.0,
14232,225.0,1.0,
14233,115.0,4.0,
14234,130.0,3.0,
14235,180.0,2.0,
14236,137.0,2.0,
14237,140.0,,
14238,185.0,1.0,
14239,121.0,3.0,
14240,162.0,4.0,
14241,102.0,3.0,
14242,180.0,,
14243,255.0,4.0,
14244,120.0,1.0,
14245,,5.0,
14246,120.0,5.0,
14247,137.0,4.0,
14248,118.0,5.0,
14249,170.0,4.0,
14250,170.0,2.0,
14251,158.0,1.0,
14252,150.0,,
14253,186.0,4.0,
14254,135.0,1.0,
14255,115.0,4.0,
14256,125.0,3.0,
14257,250.0,2.0,
14258,150.0,4.0,
14259,135.0,3.0,
14260,180.0,2.0,
14261,130.0,2.0,
14262,125.0,5.0,
14263,124.0,1.0,
14264,166.0,2.0,
14265,190.0,,
14266,220.0,5.0,
14267,124.0,3.0,
14268,138.0,4.0,
14269,123.0,5.0,
14270,135.0,3.0,
14271,,5.0,
14272,117.0,5.0,
14273,263.0,2.0,
14274,248.0,4.0,
14275,138.0,2.0,
14276,210.0,1.0,
14277,250.0,5.0,
14278,115.0,2.0,
14279,122.0,5.0,
14280,160.0,5.0,
14281,210.0,3.0,
14282,121.0,2.0,
14283,115.0,5.0,
14284,175.0,4.0,
14285,120.0,1.0,
14286,,1.0,
14287,,4.0,
14288,113.0,4.0,
14289,165.0,2.0,
14290,161.0,3.0,
14291,,1.0,
14292,124.0,4.0,
14293,125.0,1.0,
14294,128.0,5.0,
14295,198.0,3.0,
14296,210.0,2.0,
14297,275.0,1.0,
14298,140.0,1.0,
14299,175.0,4.0,
14300,100.0,2.0,
14301,130.0,2.0,
14302,200.0,4.0,
14303,115.0,4.0,
14304,145.0,3.0,
14305,120.0,1.0,
14306,,,
14307,155.0,2.0,
14308,145.0,5.0,
14309,165.0,3.0,
14310,95.0,5.0,
14311,197.0,3.0,
14312,120.0,1.0,
14313,165.0,1.0,
14314,,,
14315,160.0,,
14316,110.0,4.0,
14317,205.0,,
14318,225.0,3.0,2.0
14319,115.0,5.0,
14320,180.0,1.0,
14321,130.0,2.0,
14322,115.0,4.0,
14323,141.0,1.0,
14324,170.0,2.0,
14325,87.0,4.0,
14326,124.0,1.0,
14327,250.0,2.0,
14328,180.0,1.0,
14329,120.0,,
14330,120.0,3.0,
14331,125.0,5.0,
14332,195.0,,
14333,145.0,4.0,
14334,172.0,4.0,
14335,184.0,4.0,
14336,200.0,1.0,
14337,148.0,4.0,
14338,,3.0,
14339,154.0,,
14340,247.0,1.0,
14341,224.0,,
14342,,3.0,
14343,116.0,3.0,
14344,200.0,3.0,
14345,215.0,5.0,
14346,140.0,,
14347,,3.0,
14348,,3.0,
14349,110.0,3.0,
14350,190.0,2.0,
14351,230.0,5.0,
14352,270.0,3.0,
14353,175.0,1.0,
14354,135.0,1.0,
14355,110.0,4.0,
14356,206.0,4.0,
14357,130.0,2.0,
14358,125.0,3.0,
14359,130.0,,
14360,92.0,3.0,
14361,,1.0,
14362,201.0,5.0,
14363,193.0,3.0,
14364,128.0,4.0,
14365,165.0,5.0,
14366,140.0,5.0,
14367,165.0,3.0,
14368,155.0,1.0,
14369,115.0,3.0,
14370,110.0,4.0,
14371,125.0,2.0,
14372,130.0,1.0,
14373,137.0,1.0,
14374,135.0,4.0,
14375,125.0,2.0,
14376,250.0,3.0,
14377,210.0,1.0,
14378,235.0,3.0,
14379,160.0,3.0,
14380,248.0,2.0,
14381,115.0,3.0,
14382,,4.0,
14383,130.0,4.0,
14384,134.0,3.0,
14385,121.0,1.0,
14386,197.0,4.0,
14387,150.0,1.0,
14388,,3.0,
14389,145.0,1.0,
14390,176.0,4.0,
14391,167.0,5.0,
14392,59.0,1.0,
14393,70.0,3.0,
14394,124.0,1.0,
14395,150.0,1.0,
14396,,3.0,
14397,220.0,2.0,
14398,,3.0,
14399,145.0,1.0,
14400,194.0,2.0,
14401,94.0,5.0,
14402,,1.0,
14403,150.0,1.0,
14404,,1.0,
14405,,,
14406,130.0,5.0,
14407,145.0,5.0,
14408,151.0,2.0,
14409,125.0,5.0,
14410,201.0,5.0,
14411,190.0,5.0,
14412,107.0,4.0,
14413,112.0,5.0,
14414,105.0,3.0,
14415,155.0,3.0,
14416,,4.0,
14417,95.0,4.0,
14418,115.0,3.0,
14419,129.0,4.0,
14420,130.0,4.0,
14421,195.0,3.0,
14422,180.0,1.0,
14423,183.0,3.0,
14424,157.0,1.0,
14425,100.0,3.0,
14426,112.0,4.0,
14427,105.0,5.0,
14428,,5.0,
14429,135.0,1.0,
14430,87.0,4.0,
14431,220.0,1.0,
14432,140.0,3.0,
14433,165.0,5.0,
14434,120.0,1.0,
14435,108.0,,
14436,140.0,4.0,
14437,,1.0,
14438,110.0,4.0,
14439,182.0,4.0,
14440,220.0,2.0,
14441,117.0,5.0,
14442,115.0,5.0,
14443,200.0,3.0,
14444,,3.0,
14445,134.0,4.0,
14446,165.0,3.0,
14447,112.0,1.0,
14448,,5.0,
14449,180.0,4.0,
14450,223.0,1.0,
14451,120.0,3.0,
14452,110.0,5.0,
14453,170.0,4.0,
14454,399.0,1.0,
14455,120.0,2.0,
14456,120.0,2.0,
14457,165.0,1.0,
14458,144.0,3.0,
14459,190.0,4.0,
14460,180.0,,
14461,178.0,5.0,
14462,145.0,3.0,
14463,,3.0,
14464,170.0,5.0,
14465,150.0,5.0,
14466,160.0,4.0,
14467,216.0,3.0,
14468,230.0,4.0,
14469,109.0,2.0,
14470,,5.0,
14471,399.0,5.0,
14472,105.0,3.0,
14473,115.0,4.0,
14474,117.0,5.0,
14475,124.0,4.0,
14476,,3.0,
14477,220.0,2.0,
14478,175.0,5.0,
14479,,,
14480,155.0,4.0,
14481,133.0,4.0,
14482,119.0,5.0,
14483,193.0,4.0,
14484,,4.0,
14485,153.0,1.0,
14486,113.0,5.0,
14487,180.0,3.0,
14488,124.0,4.0,
14489,145.0,3.0,
14490,,3.0,
14491,144.0,3.0,
14492,112.0,2.0,
14493,186.0,3.0,
14494,142.0,4.0,
14495,135.0,4.0,
14496,135.0,2.0,
14497,140.0,3.0,
14498,148.0,1.0,
14499,,1.0,
14500,148.0,1.0,
14501,113.0,2.0,
14502,,3.0,
14503,142.0,3.0,
14504,170.0,3.0,
14505,160.0,3.0,
14506,100.0,3.0,
14507,130.0,3.0,
14508,216.0,1.0,
14509,181.0,2.0,
14510,130.0,1.0,
14511,200.0,2.0,
14512,115.0,4.0,
14513,178.0,5.0,
14514,180.0,2.0,
14515,230.0,2.0,
14516,145.0,4.0,
14517,165.0,1.0,
14518,200.0,3.0,
14519,178.0,3.0,
14520,98.0,5.0,
14521,160.0,3.0,
14522,110.0,3.0,
14523,180.0,4.0,
14524,126.0,4.0,
14525,161.0,2.0,
14526,115.0,1.0,
14527,163.0,3.0,
14528,135.0,4.0,
14529,180.0,4.0,
14530,152.0,3.0,
14531,105.0,5.0,
14532,140.0,1.0,
14533,128.0,3.0,
14534,210.0,5.0,
14535,145.0,4.0,
14536,105.0,1.0,
14537,220.0,1.0,
14538,185.0,2.0,
14539,170.0,3.0,
14540,150.0,2.0,
14541,140.0,1.0,
14542,130.0,4.0,
14543,190.0,5.0,
14544,136.0,5.0,
14545,103.0,5.0,
14546,153.0,4.0,
14547,100.0,4.0,
14548,185.0,1.0,
14549,115.0,3.0,
14550,399.0,3.0,
14551,120.0,1.0,
14552,178.0,5.0,
14553,141.0,3.0,
14554,120.0,4.0,
14555,150.0,1.0,
14556,210.0,3.0,
14557,115.0,3.0,
14558,120.0,4.0,
14559,106.0,4.0,
14560,115.0,5.0,
14561,110.0,4.0,
14562,121.0,3.0,
14563,,4.0,
14564,146.0,5.0,
14565,150.0,5.0,
14566,345.0,2.0,
14567,150.0,1.0,
14568,115.0,1.0,
14569,146.0,3.0,
14570,115.0,2.0,
14571,,2.0,
14572,255.0,5.0,
14573,,5.0,
14574,130.0,1.0,
14575,151.0,2.0,
14576,120.0,2.0,
14577,,3.0,
14578,135.0,5.0,
14579,120.0,4.0,
14580,250.0,2.0,
14581,120.0,3.0,
14582,135.0,3.0,
14583,180.0,2.0,
14584,198.0,4.0,
14585,220.0,1.0,
14586,216.0,1.0,
14587,200.0,1.0,
14588,215.0,3.0,
14589,175.0,5.0,
14590,140.0,4.0,
14591,110.0,3.0,
14592,,5.0,
14593,250.0,5.0,
14594,127.0,5.0,
14595,130.0,4.0,
14596,93.0,5.0,
14597,110.0,4.0,
14598,183.0,4.0,
14599,145.0,4.0,
14600,108.0,3.0,
14601,165.0,4.0,
14602,,,
14603,150.0,3.0,
14604,110.0,2.0,
14605,200.0,4.0,
14606,130.0,5.0,
14607,108.0,,
14608,91.0,3.0,
14609,150.0,1.0,
14610,86.0,2.0,
14611,177.0,3.0,
14612,145.0,1.0,
14613,220.0,3.0,
14614,200.0,3.0,
14615,150.0,1.0,
14616,195.0,4.0,
14617,236.0,2.0,
14618,95.0,4.0,
14619,150.0,1.0,
14620,145.0,2.0,
14621,160.0,4.0,
14622,120.0,1.0,
14623,120.0,1.0,
14624,180.0,4.0,
14625,,5.0,
14626,120.0,1.0,
14627,92.0,1.0,
14628,130.0,3.0,
14629,210.0,2.0,
14630,145.0,1.0,
14631,129.0,1.0,
14632,150.0,1.0,
14633,130.0,,
14634,208.0,2.0,
14635,178.0,,
14636,115.0,3.0,
14637,140.0,4.0,
14638,,,
14639,132.0,1.0,
14640,,,
14641,155.0,1.0,
14642,160.0,5.0,
14643,230.0,3.0,
14644,177.0,2.0,
14645,170.0,3.0,
14646,,4.0,
14647,150.0,3.0,
14648,185.0,3.0,
14649,151.0,1.0,
14650,120.0,3.0,
14651,197.0,1.0,
14652,250.0,1.0,
14653,150.0,1.0,
14654,,2.0,
14655,200.0,2.0,
14656,145.0,,
14657,124.0,,
14658,240.0,,
14659,150.0,4.0,
14660,,3.0,
14661,180.0,3.0,
14662,165.0,5.0,
14663,130.0,5.0,
14664,149.0,3.0,
14665,280.0,4.0,
14666,,4.0,
14667,,4.0,
14668,147.0,3.0,
14669,,4.0,
14670,145.0,3.0,
14671,100.0,4.0,
14672,107.0,,
14673,125.0,3.0,
14674,200.0,2.0,
14675,185.0,2.0,
14676,112.0,4.0,
14677,108.0,2.0,
14678,164.0,5.0,
14679,130.0,2.0,
14680,110.0,3.0,
14681,120.0,4.0,
14682,125.0,3.0,
14683,130.0,3.0,
14684,132.0,4.0,
14685,,3.0,
14686,120.0,4.0,
14687,130.0,3.0,
14688,187.0,2.0,
14689,120.0,1.0,
14690,160.0,3.0,
14691,220.0,2.0,
14692,108.0,3.0,
14693,170.0,4.0,
14694,105.0,3.0,
14695,178.0,4.0,
14696,160.0,3.0,
14697,175.0,3.0,
14698,118.0,2.0,
14699,115.0,2.0,
14700,125.0,3.0,
14701,155.0,2.0,
14702,170.0,4.0,
14703,255.0,4.0,
14704,125.0,4.0,
14705,185.0,2.0,
14706,180.0,3.0,
14707,125.0,5.0,
14708,110.0,4.0,
14709,164.0,3.0,
14710,145.0,3.0,
14711,140.0,3.0,
14712,125.0,5.0,
14713,134.0,4.0,
14714,130.0,,
14715,218.0,4.0,
14716,102.0,3.0,
14717,125.0,,
14718,130.0,,
14719,156.0,3.0,
14720,142.0,,
14721,,4.0,
14722,150.0,4.0,
14723,130.0,5.0,
14724,117.0,3.0,
14725,170.0,5.0,
14726,170.0,4.0,
14727,123.0,4.0,
14728,137.0,2.0,
14729,92.0,1.0,
14730,195.0,4.0,
14731,147.0,4.0,
14732,,1.0,
14733,120.0,2.0,
14734,,2.0,
14735,120.0,3.0,
14736,220.0,4.0,
14737,148.0,3.0,
14738,145.0,3.0,
14739,140.0,5.0,
14740,97.0,3.0,
14741,140.0,2.0,
14742,230.0,2.0,
14743,196.0,1.0,
14744,110.0,3.0,
14745,155.0,4.0,
14746,143.0,4.0,
14747,145.0,4.0,
14748,103.0,3.0,
14749,140.0,5.0,
14750,145.0,2.0,
14751,137.0,3.0,
14752,165.0,2.0,
14753,125.0,4.0,
14754,178.0,2.0,
14755,105.0,4.0,
14756,125.0,3.0,
14757,152.0,1.0,
14758,127.0,1.0,
14759,124.0,4.0,
14760,127.0,4.0,
14761,118.0,5.0,
14762,100.0,1.0,
14763,135.0,4.0,
14764,145.0,3.0,
14765,210.0,1.0,
14766,160.0,2.0,
14767,150.0,3.0,
14768,100.0,3.0,
14769,135.0,,
14770,115.0,2.0,
14771,150.0,1.0,
14772,133.0,2.0,
14773,106.0,1.0,
14774,150.0,,
14775,134.0,,
14776,157.0,3.0,
14777,96.0,4.0,
14778,180.0,1.0,
14779,192.0,2.0,
14780,125.0,4.0,
14781,140.0,3.0,
14782,120.0,4.0,
14783,125.0,3.0,
14784,98.0,,
14785,140.0,1.0,
14786,162.0,4.0,
14787,120.0,3.0,
14788,152.0,1.0,
14789,138.0,,
14790,121.0,2.0,
14791,300.0,3.0,
14792,103.0,4.0,
14793,165.0,,
14794,147.0,1.0,
14795,95.0,4.0,
14796,152.0,1.0,
14797,128.0,2.0,
14798,115.0,2.0,
14799,,3.0,
14800,125.0,3.0,
14801,135.0,4.0,
14802,145.0,3.0,
14803,110.0,3.0,
14804,135.0,3.0,
14805,171.0,1.0,
14806,182.0,3.0,
14807,125.0,4.0,
14808,102.0,3.0,
14809,130.0,2.0,
14810,,4.0,
14811,135.0,3.0,
14812,115.0,2.0,
14813,130.0,3.0,
14814,135.0,3.0,
14815,115.0,3.0,
14816,140.0,5.0,
14817,155.0,2.0,
14818,160.0,1.0,
14819,162.0,3.0,
14820,350.0,5.0,
14821,140.0,4.0,
14822,135.0,4.0,
14823,160.0,1.0,
14824,128.0,2.0,
14825,165.0,2.0,
14826,160.0,3.0,
14827,145.0,3.0,
14828,145.0,3.0,
14829,238.0,2.0,
14830,145.0,2.0,
14831,117.0,4.0,
14832,150.0,1.0,
14833,230.0,3.0,
14834,138.0,1.0,
14835,140.0,2.0,
14836,118.0,3.0,
14837,160.0,,
14838,145.0,4.0,
14839,72.0,3.0,
14840,170.0,4.0,
14841,130.0,2.0,
14842,135.0,4.0,
14843,136.0,,
14844,145.0,5.0,
14845,223.0,4.0,
14846,135.0,2.0,
14847,150.0,3.0,
14848,130.0,1.0,
14849,145.0,4.0,
14850,161.0,2.0,
14851,120.0,1.0,
14852,287.0,1.0,
14853,278.0,4.0,
14854,,3.0,
14855,125.0,1.0,
14856,120.0,5.0,
14857,198.0,3.0,
14858,115.0,3.0,
14859,120.0,3.0,
14860,120.0,2.0,
14861,153.0,4.0,
14862,112.0,4.0,
14863,81.0,2.0,
14864,150.0,4.0,
14865,125.0,1.0,
14866,115.0,3.0,
14867,100.0,2.0,
14868,125.0,1.0,
14869,147.0,1.0,
14870,100.0,1.0,
14871,,3.0,
14872,220.0,4.0,
14873,140.0,3.0,
14874,130.0,3.0,
14875,95.0,4.0,
14876,160.0,1.0,
14877,115.0,5.0,
14878,130.0,5.0,
14879,175.0,2.0,
14880,115.0,5.0,
14881,115.0,4.0,
14882,190.0,2.0,
14883,120.0,5.0,
14884,120.0,4.0,
14885,240.0,3.0,
14886,153.0,1.0,
14887,160.0,4.0,
14888,136.0,2.0,
14889,105.0,,
14890,180.0,3.0,
14891,168.0,4.0,
14892,145.0,1.0,
14893,106.0,5.0,
14894,115.0,1.0,
14895,167.0,2.0,
14896,147.0,1.0,
14897,,5.0,
14898,98.0,4.0,
14899,138.0,3.0,
14900,165.0,2.0,
14901,118.0,4.0,
14902,140.0,1.0,
14903,185.0,2.0,
14904,112.0,1.0,
14905,117.0,2.0,
14906,287.0,3.0,
14907,143.0,5.0,
14908,187.0,2.0,
14909,170.0,2.0,
14910,155.0,1.0,
14911,215.0,4.0,
14912,138.0,5.0,
14913,110.0,4.0,
14914,136.0,4.0,
14915,142.0,3.0,
14916,230.0,1.0,
14917,98.0,2.0,
14918,156.0,1.0,
14919,135.0,4.0,
14920,168.0,2.0,
14921,150.0,3.0,
14922,134.0,2.0,
14923,179.0,1.0,
14924,142.0,3.0,
14925,215.0,3.0,
14926,241.0,2.0,
14927,161.0,4.0,
14928,135.0,4.0,
14929,90.0,3.0,
14930,97.0,2.0,
14931,128.0,3.0,
14932,108.0,2.0,
14933,180.0,4.0,
14934,189.0,3.0,
14935,120.0,3.0,
14936,150.0,4.0,
14937,136.0,1.0,
14938,114.0,,
14939,145.0,1.0,
14940,128.0,1.0,
14941,180.0,4.0,
14942,200.0,3.0,
14943,,5.0,
14944,352.0,1.0,
14945,160.0,4.0,
14946,112.0,3.0,
14947,109.0,4.0,
14948,115.0,4.0,
14949,130.0,3.0,
14950,137.0,2.0,
14951,125.0,4.0,
14952,145.0,3.0,
14953,138.0,3.0,
14954,168.0,4.0,
14955,,2.0,
14956,133.0,3.0,
14957,145.0,3.0,
14958,120.0,2.0,
14959,145.0,2.0,
14960,290.0,5.0,
14961,80.0,5.0,
14962,97.0,3.0,
14963,175.0,4.0,
14964,100.0,4.0,
14965,105.0,4.0,
14966,110.0,4.0,
14967,100.0,5.0,
14968,120.0,3.0,
14969,135.0,3.0,
14970,160.0,3.0,
14971,130.0,1.0,
14972,200.0,2.0,
14973,92.0,4.0,
14974,160.0,2.0,
14975,140.0,2.0,
14976,200.0,4.0,
14977,98.0,5.0,
14978,100.0,4.0,
14979,199.0,3.0,
14980,185.0,1.0,
14981,185.0,4.0,
14982,132.0,2.0,
14983,127.0,2.0,
14984,150.0,2.0,
14985,120.0,4.0,
14986,242.0,3.0,
14987,120.0,1.0,
14988,158.0,2.0,
14989,175.0,5.0,
14990,225.0,4.0,
14991,140.0,4.0,
14992,136.0,3.0,
14993,,3.0,
14994,110.0,1.0,
14995,135.0,5.0,
14996,126.0,3.0,
14997,140.0,1.0,
14998,107.0,2.0,
14999,306.0,3.0,
15000,140.0,5.0,
15001,120.0,4.0,
15002,110.0,4.0,
15003,120.0,2.0,
15004,175.0,4.0,
15005,128.0,3.0,
15006,105.0,3.0,
15007,125.0,5.0,
15008,168.0,4.0,
15009,153.0,3.0,
15010,98.0,2.0,
15011,110.0,2.0,
15012,235.0,4.0,
15013,110.0,3.0,
15014,135.0,4.0,
15015,108.0,4.0,
15016,130.0,4.0,
15017,150.0,1.0,
15018,155.0,2.0,
15019,110.0,3.0,
15020,138.0,2.0,
15021,183.0,3.0,
15022,110.0,,
15023,110.0,4.0,
15024,,4.0,
15025,110.0,4.0,
15026,156.0,4.0,
15027,,1.0,
15028,106.0,,
15029,160.0,,
15030,82.0,3.0,
15031,144.0,1.0,
15032,,1.0,
15033,99.0,4.0,
15034,99.0,1.0,
15035,,3.0,
15036,154.0,,
15037,87.0,,
15038,,,
15039,98.0,,
15040,154.0,4.0,
15041,133.0,,
15042,,5.0,
15043,,4.0,
15044,224.0,4.0,
15045,120.0,2.0,
15046,110.0,3.0,
15047,120.0,3.0,
15048,110.0,3.0,
15049,125.0,3.0,
15050,,4.0,
15051,200.0,1.0,
15052,122.0,4.0,
15053,142.0,4.0,
15054,125.0,2.0,
15055,160.0,1.0,
15056,140.0,4.0,
15057,160.0,4.0,
15058,115.0,3.0,
15059,146.0,1.0,
15060,110.0,3.0,
15061,155.0,2.0,
15062,120.0,1.0,
15063,140.0,3.0,
15064,160.0,1.0,
15065,122.0,4.0,
15066,155.0,1.0,
15067,200.0,1.0,
15068,260.0,3.0,
15069,,1.0,
15070,110.0,1.0,
15071,110.0,1.0,
15072,100.0,3.0,
15073,212.0,4.0,
15074,127.0,5.0,
15075,135.0,3.0,
15076,247.0,2.0,
15077,248.0,3.0,
15078,130.0,4.0,
15079,150.0,4.0,
15080,,3.0,
15081,115.0,4.0,
15082,116.0,3.0,
15083,145.0,3.0,
15084,156.0,3.0,
15085,240.0,4.0,
15086,189.0,3.0,
15087,106.0,4.0,
15088,150.0,4.0,
15089,165.0,4.0,
15090,300.0,5.0,
15091,195.0,5.0,
15092,105.0,2.0,
15093,165.0,5.0,
15094,106.0,3.0,
15095,160.0,3.0,
15096,165.0,1.0,
15097,180.0,2.0,
15098,180.0,5.0,
15099,123.0,2.0,
15100,,2.0,
15101,135.0,1.0,
15102,110.0,4.0,
15103,,4.0,
15104,134.0,4.0,
15105,180.0,2.0,
15106,220.0,2.0,
15107,115.0,4.0,
15108,150.0,1.0,
15109,210.0,3.0,
15110,156.0,3.0,
15111,112.0,4.0,
15112,222.0,3.0,
15113,220.0,4.0,
15114,219.0,3.0,
15115,116.0,4.0,
15116,101.0,4.0,
15117,110.0,4.0,
15118,182.0,2.0,
15119,160.0,3.0,
15120,,3.0,
15121,145.0,3.0,
15122,140.0,3.0,
15123,126.0,3.0,
15124,123.0,2.0,
15125,249.0,4.0,
15126,165.0,1.0,
15127,150.0,4.0,
15128,,3.0,
15129,127.0,3.0,
15130,120.0,3.0,
15131,125.0,2.0,
15132,165.0,5.0,
15133,,3.0,
15134,122.0,3.0,
15135,151.0,4.0,
15136,112.0,2.0,
15137,134.0,3.0,
15138,120.0,2.0,
15139,110.0,4.0,
15140,85.0,1.0,
15141,120.0,5.0,
15142,125.0,3.0,
15143,140.0,2.0,
15144,109.0,2.0,
15145,180.0,2.0,
15146,125.0,4.0,
15147,85.0,3.0,
15148,104.0,1.0,
15149,135.0,1.0,
15150,200.0,3.0,
15151,156.0,2.0,
15152,,3.0,
15153,118.0,4.0,
15154,148.0,3.0,
15155,,4.0,
15156,165.0,3.0,
15157,130.0,3.0,
15158,110.0,3.0,
15159,140.0,2.0,
15160,152.0,4.0,
15161,135.0,4.0,
15162,170.0,3.0,
15163,160.0,2.0,
15164,155.0,2.0,
15165,128.0,3.0,
15166,98.0,3.0,
15167,225.0,2.0,
15168,150.0,3.0,
15169,110.0,1.0,
15170,160.0,2.0,
15171,145.0,3.0,
15172,126.0,4.0,
15173,130.0,2.0,
15174,144.0,1.0,
15175,130.0,1.0,
15176,225.0,4.0,
15177,151.0,3.0,
15178,150.0,1.0,
15179,120.0,5.0,
15180,,4.0,
15181,171.0,3.0,
15182,168.0,4.0,
15183,127.0,3.0,
15184,176.0,1.0,
15185,160.0,1.0,
15186,152.0,5.0,
15187,,2.0,
15188,208.0,3.0,
15189,105.0,4.0,
15190,180.0,3.0,
15191,115.0,3.0,
15192,195.0,3.0,
15193,149.0,2.0,
15194,115.0,4.0,
15195,145.0,5.0,
15196,180.0,3.0,
15197,149.0,2.0,
15198,100.0,3.0,
15199,130.0,1.0,
15200,130.0,3.0,
15201,140.0,2.0,
15202,,3.0,
15203,,3.0,
15204,127.0,3.0,
15205,125.0,3.0,
15206,170.0,4.0,
15207,285.0,3.0,
15208,135.0,2.0,
15209,150.0,5.0,
15210,130.0,4.0,
15211,88.0,3.0,
15212,134.0,5.0,
15213,160.0,2.0,
15214,133.0,4.0,
15215,175.0,4.0,
15216,125.0,5.0,
15217,107.0,3.0,
15218,125.0,4.0,
15219,145.0,3.0,
15220,120.0,3.0,
15221,125.0,3.0,
15222,,3.0,
15223,95.0,3.0,
15224,125.0,3.0,
15225,197.0,2.0,
15226,145.0,2.0,
15227,125.0,1.0,
15228,93.0,3.0,
15229,140.0,3.0,
15230,225.0,1.0,
15231,148.0,4.0,
15232,165.0,2.0,
15233,,4.0,
15234,130.0,2.0,
15235,135.0,1.0,
15236,125.0,1.0,
15237,105.0,3.0,
15238,138.0,1.0,
15239,116.0,2.0,
15240,150.0,4.0,
15241,135.0,3.0,
15242,120.0,4.0,
15243,127.0,1.0,
15244,125.0,2.0,
15245,126.0,1.0,
15246,105.0,1.0,
15247,110.0,2.0,
15248,97.0,3.0,
15249,95.0,3.0,
15250,140.0,2.0,
15251,,2.0,
15252,120.0,3.0,
15253,180.0,3.0,
15254,120.0,3.0,
15255,168.0,1.0,
15256,,1.0,
15257,203.0,5.0,
15258,110.0,3.0,
15259,108.0,4.0,
15260,125.0,1.0,
15261,175.0,1.0,
15262,98.0,2.0,
15263,180.0,5.0,
15264,200.0,4.0,
15265,110.0,2.0,
15266,223.0,3.0,
15267,135.0,1.0,
15268,130.0,2.0,
15269,155.0,4.0,
15270,125.0,2.0,
15271,210.0,4.0,
15272,133.0,3.0,
15273,106.0,3.0,
15274,117.0,3.0,
15275,,1.0,
15276,130.0,2.0,
15277,140.0,1.0,
15278,120.0,3.0,
15279,150.0,3.0,
15280,170.0,1.0,
15281,100.0,4.0,
15282,115.0,4.0,
15283,127.0,3.0,
15284,135.0,2.0,
15285,117.0,3.0,
15286,114.0,3.0,
15287,150.0,2.0,
15288,140.0,1.0,
15289,132.0,2.0,
15290,144.0,3.0,
15291,285.0,1.0,
15292,136.0,3.0,
15293,130.0,2.0,
15294,155.0,3.0,
15295,175.0,3.0,
15296,130.0,2.0,
15297,300.0,1.0,
15298,220.0,2.0,
15299,145.0,,
15300,165.0,5.0,
15301,140.0,3.0,
15302,165.0,4.0,
15303,150.0,4.0,
15304,98.0,4.0,
15305,160.0,1.0,
15306,200.0,3.0,
15307,200.0,4.0,
15308,110.0,4.0,
15309,,3.0,
15310,170.0,4.0,
15311,123.0,4.0,
15312,205.0,3.0,
15313,160.0,5.0,
15314,,4.0,
15315,115.0,4.0,
15316,155.0,2.0,
15317,175.0,3.0,
15318,156.0,3.0,
15319,250.0,5.0,
15320,110.0,2.0,
15321,145.0,2.0,
15322,160.0,5.0,
15323,150.0,5.0,
15324,100.0,3.0,
15325,174.0,5.0,
15326,140.0,4.0,
15327,160.0,2.0,
15328,178.0,2.0,
15329,109.0,3.0,
15330,110.0,1.0,
15331,100.0,1.0,
15332,90.0,1.0,
15333,230.0,2.0,
15334,165.0,3.0,
15335,120.0,4.0,
15336,130.0,2.0,
15337,180.0,1.0,
15338,157.0,5.0,
15339,120.0,3.0,
15340,120.0,2.0,
15341,130.0,,
15342,125.0,3.0,
15343,115.0,4.0,
15344,200.0,1.0,
15345,,2.0,
15346,175.0,5.0,
15347,160.0,4.0,
15348,125.0,1.0,
15349,87.0,1.0,
15350,217.0,3.0,
15351,136.0,2.0,
15352,,3.0,
15353,185.0,3.0,
15354,97.0,3.0,
15355,,3.0,
15356,123.0,2.0,
15357,160.0,2.0,
15358,120.0,,
15359,165.0,3.0,
15360,160.0,4.0,
15361,160.0,5.0,
15362,112.0,4.0,
15363,120.0,2.0,
15364,170.0,4.0,
15365,170.0,4.0,
15366,165.0,1.0,
15367,,3.0,
15368,160.0,3.0,
15369,117.0,5.0,
15370,,5.0,
15371,170.0,1.0,
15372,147.0,1.0,
15373,120.0,1.0,
15374,135.0,4.0,
15375,399.0,5.0,
15376,130.0,1.0,
15377,170.0,3.0,
15378,140.0,3.0,
15379,399.0,2.0,
15380,200.0,1.0,
15381,370.0,1.0,
15382,130.0,2.0,
15383,157.0,1.0,
15384,143.0,2.0,
15385,197.0,3.0,
15386,105.0,4.0,
15387,205.0,4.0,
15388,125.0,3.0,
15389,130.0,2.0,
15390,135.0,4.0,
15391,170.0,2.0,
15392,105.0,2.0,
15393,117.0,3.0,
15394,136.0,1.0,
15395,250.0,5.0,
15396,110.0,3.0,
15397,235.0,3.0,
15398,110.0,2.0,
15399,149.0,1.0,
15400,157.0,4.0,
15401,330.0,2.0,
15402,399.0,1.0,
15403,148.0,1.0,
15404,190.0,5.0,
15405,142.0,3.0,
15406,220.0,5.0,
15407,175.0,3.0,
15408,175.0,2.0,
15409,100.0,2.0,
15410,165.0,,
15411,155.0,1.0,
15412,140.0,,
15413,215.0,3.0,
15414,163.0,,
15415,,1.0,
15416,308.0,2.0,
15417,138.0,,
15418,165.0,1.0,
15419,160.0,2.0,
15420,182.0,1.0,
15421,195.0,4.0,
15422,130.0,2.0,
15423,107.0,5.0,
15424,120.0,1.0,
15425,130.0,4.0,
15426,123.0,4.0,
15427,130.0,4.0,
15428,110.0,4.0,
15429,260.0,3.0,
15430,170.0,1.0,
15431,106.0,3.0,
15432,399.0,5.0,
15433,135.0,1.0,
15434,130.0,3.0,
15435,150.0,2.0,
15436,145.0,3.0,
15437,145.0,2.0,
15438,185.0,5.0,
15439,115.0,3.0,
15440,150.0,3.0,
15441,108.0,3.0,
15442,139.0,4.0,
15443,165.0,1.0,
15444,178.0,3.0,
15445,135.0,4.0,
15446,155.0,3.0,
15447,180.0,3.0,
15448,160.0,3.0,
15449,,5.0,
15450,120.0,1.0,
15451,132.0,4.0,
15452,150.0,2.0,
15453,117.0,5.0,
15454,160.0,4.0,
15455,155.0,2.0,
15456,240.0,3.0,
15457,140.0,3.0,
15458,130.0,1.0,
15459,200.0,2.0,
15460,125.0,4.0,
15461,145.0,4.0,
15462,145.0,3.0,
15463,140.0,1.0,
15464,88.0,2.0,
15465,125.0,2.0,
15466,148.0,5.0,
15467,300.0,2.0,
15468,140.0,2.0,
15469,175.0,1.0,
15470,120.0,3.0,
15471,125.0,3.0,
15472,,4.0,
15473,175.0,1.0,
15474,165.0,1.0,
15475,130.0,3.0,
15476,149.0,1.0,
15477,112.0,5.0,
15478,136.0,4.0,
15479,223.0,5.0,
15480,125.0,5.0,
15481,182.0,3.0,
15482,,1.0,
15483,109.0,2.0,
15484,280.0,5.0,
15485,115.0,2.0,
15486,170.0,2.0,
15487,,,
15488,140.0,3.0,
15489,120.0,1.0,
15490,170.0,3.0,
15491,160.0,1.0,
15492,230.0,1.0,
15493,175.0,2.0,
15494,,3.0,
15495,,1.0,
15496,150.0,5.0,
15497,180.0,2.0,
15498,127.0,4.0,
15499,130.0,1.0,
15500,120.0,4.0,
15501,140.0,4.0,
15502,127.0,3.0,
15503,160.0,3.0,
15504,125.0,1.0,
15505,140.0,2.0,
15506,105.0,4.0,
15507,245.0,1.0,
15508,244.0,2.0,
15509,140.0,4.0,
15510,112.0,,
15511,174.0,4.0,
15512,130.0,4.0,
15513,110.0,4.0,
15514,135.0,5.0,
15515,108.0,3.0,
15516,,4.0,
15517,230.0,4.0,
15518,179.0,4.0,
15519,143.0,2.0,
15520,185.0,3.0,
15521,,2.0,
15522,125.0,4.0,
15523,,3.0,
15524,156.0,2.0,
15525,,4.0,
15526,,2.0,
15527,94.0,1.0,
15528,152.0,2.0,
15529,170.0,1.0,
15530,130.0,3.0,
15531,128.0,4.0,
15532,210.0,2.0,
15533,120.0,2.0,
15534,135.0,2.0,
15535,105.0,2.0,
15536,110.0,3.0,
15537,140.0,4.0,
15538,127.0,3.0,
15539,130.0,2.0,
15540,96.0,3.0,
15541,135.0,3.0,
15542,,5.0,
15543,155.0,3.0,
15544,129.0,2.0,
15545,129.0,2.0,
15546,149.0,3.0,
15547,142.0,3.0,
15548,110.0,3.0,
15549,120.0,3.0,
15550,178.0,2.0,
15551,160.0,2.0,
15552,150.0,4.0,
15553,110.0,5.0,
15554,218.0,4.0,
15555,167.0,3.0,
15556,115.0,3.0,
15557,125.0,2.0,
15558,170.0,1.0,
15559,150.0,1.0,
15560,,3.0,
15561,110.0,4.0,
15562,120.0,4.0,
15563,141.0,5.0,
15564,157.0,1.0,
15565,110.0,3.0,
15566,220.0,3.0,
15567,150.0,2.0,
15568,131.0,3.0,
15569,118.0,5.0,
15570,130.0,3.0,
15571,150.0,3.0,
15572,92.0,5.0,
15573,136.0,3.0,
15574,102.0,3.0,
15575,180.0,3.0,
15576,157.0,4.0,
15577,146.0,4.0,
15578,120.0,1.0,
15579,120.0,4.0,
15580,133.0,3.0,
15581,142.0,5.0,
15582,210.0,4.0,
15583,140.0,2.0,
15584,173.0,3.0,
15585,130.0,4.0,
15586,115.0,4.0,
15587,135.0,3.0,
15588,108.0,3.0,
15589,110.0,3.0,
15590,125.0,3.0,
15591,130.0,3.0,
15592,120.0,3.0,
15593,119.0,4.0,
15594,135.0,2.0,
15595,120.0,4.0,
15596,138.0,3.0,
15597,180.0,2.0,
15598,115.0,4.0,
15599,138.0,,
15600,135.0,1.0,
15601,170.0,3.0,
15602,103.0,3.0,
15603,110.0,3.0,
15604,150.0,2.0,
15605,150.0,2.0,
15606,170.0,1.0,
15607,,5.0,
15608,115.0,4.0,
15609,135.0,,
15610,155.0,3.0,
15611,100.0,5.0,
15612,150.0,2.0,
15613,145.0,2.0,
15614,166.0,3.0,
15615,55.0,4.0,
15616,140.0,2.0,
15617,173.0,4.0,
15618,130.0,4.0,
15619,220.0,3.0,
15620,198.0,1.0,
15621,109.0,1.0,
15622,130.0,3.0,
15623,135.0,3.0,
15624,,5.0,
15625,92.0,3.0,
15626,137.0,3.0,
15627,200.0,3.0,
15628,250.0,4.0,
15629,130.0,4.0,
15630,135.0,3.0,
15631,140.0,4.0,
15632,105.0,1.0,
15633,125.0,2.0,
15634,250.0,2.0,
15635,178.0,3.0,
15636,197.0,5.0,
15637,278.0,2.0,
15638,116.0,4.0,
15639,143.0,2.0,
15640,115.0,3.0,
15641,105.0,4.0,
15642,110.0,5.0,
15643,130.0,4.0,
15644,142.0,1.0,
15645,115.0,4.0,
15646,176.0,2.0,
15647,160.0,3.0,
15648,112.0,2.0,
15649,174.0,4.0,
15650,116.0,2.0,
15651,125.0,2.0,
15652,93.0,3.0,
15653,132.0,2.0,
15654,115.0,2.0,
15655,110.0,2.0,
15656,,3.0,
15657,269.0,3.0,
15658,120.0,4.0,
15659,157.0,3.0,
15660,145.0,3.0,
15661,124.0,4.0,
15662,114.0,2.0,
15663,104.0,3.0,
15664,117.0,3.0,
15665,155.0,3.0,
15666,155.0,5.0,
15667,150.0,5.0,
15668,115.0,3.0,
15669,130.0,2.0,
15670,253.0,5.0,
15671,210.0,3.0,
15672,130.0,1.0,
15673,170.0,4.0,
15674,135.0,3.0,
15675,140.0,2.0,
15676,120.0,2.0,
15677,99.0,5.0,
15678,110.0,3.0,
15679,119.0,1.0,
15680,200.0,1.0,
15681,213.0,2.0,
15682,125.0,5.0,
15683,200.0,5.0,
15684,105.0,4.0,
15685,150.0,5.0,
15686,150.0,4.0,
15687,,2.0,
15688,180.0,4.0,
15689,120.0,1.0,
15690,98.0,5.0,
15691,99.0,3.0,
15692,165.0,1.0,
15693,119.0,4.0,
15694,180.0,3.0,
15695,102.0,4.0,
15696,120.0,2.0,
15697,120.0,2.0,
15698,,5.0,
15699,215.0,2.0,
15700,137.0,3.0,
15701,105.0,1.0,
15702,200.0,4.0,
15703,183.0,2.0,
15704,244.0,3.0,
15705,145.0,,
15706,111.0,2.0,
15707,140.0,2.0,
15708,132.0,1.0,
15709,120.0,4.0,
15710,,4.0,
15711,111.0,1.0,
15712,127.0,3.0,
15713,399.0,5.0,
15714,102.0,3.0,
15715,175.0,2.0,
15716,,,
15717,128.0,5.0,
15718,160.0,3.0,
15719,165.0,1.0,
15720,210.0,2.0,
15721,123.0,3.0,
15722,130.0,4.0,
15723,69.0,2.0,
15724,155.0,2.0,
15725,270.0,3.0,
15726,130.0,3.0,
15727,135.0,3.0,
15728,135.0,1.0,
15729,150.0,3.0,
15730,205.0,4.0,
15731,120.0,1.0,
15732,120.0,2.0,
15733,199.0,3.0,
15734,190.0,4.0,
15735,118.0,5.0,
15736,,3.0,
15737,120.0,2.0,
15738,130.0,4.0,
15739,,3.0,
15740,135.0,,
15741,130.0,2.0,
15742,127.0,1.0,
15743,132.0,3.0,
15744,140.0,1.0,
15745,130.0,3.0,
15746,100.0,2.0,
15747,100.0,3.0,
15748,,4.0,
15749,,,
15750,165.0,5.0,
15751,155.0,1.0,
15752,130.0,2.0,
15753,175.0,1.0,
15754,164.0,4.0,
15755,299.0,4.0,
15756,120.0,3.0,
15757,200.0,4.0,
15758,175.0,3.0,
15759,145.0,1.0,
15760,170.0,5.0,
15761,,5.0,
15762,125.0,5.0,
15763,128.0,5.0,
15764,110.0,5.0,
15765,145.0,1.0,
15766,108.0,3.0,
15767,115.0,5.0,
15768,160.0,2.0,
15769,210.0,1.0,
15770,175.0,4.0,
15771,190.0,1.0,
15772,155.0,,
15773,128.0,4.0,
15774,170.0,2.0,
15775,228.0,,
15776,200.0,4.0,
15777,260.0,4.0,
15778,135.0,3.0,
15779,100.0,3.0,
15780,117.0,1.0,
15781,90.0,4.0,
15782,120.0,3.0,
15783,105.0,3.0,
15784,139.0,1.0,
15785,,3.0,
15786,140.0,1.0,
15787,215.0,3.0,
15788,127.0,4.0,
15789,130.0,5.0,
15790,175.0,5.0,
15791,98.0,3.0,
15792,204.0,4.0,
15793,179.0,2.0,
15794,90.0,2.0,
15795,185.0,5.0,
15796,185.0,5.0,
15797,,2.0,
15798,,4.0,
15799,128.0,3.0,
15800,,4.0,
15801,125.0,2.0,
15802,155.0,3.0,
15803,153.0,5.0,
15804,,3.0,
15805,220.0,4.0,
15806,115.0,4.0,
15807,75.0,2.0,
15808,,4.0,
15809,155.0,2.0,
15810,112.0,3.0,
15811,140.0,2.0,
15812,200.0,3.0,
15813,160.0,3.0,
15814,120.0,1.0,
15815,111.0,1.0,
15816,140.0,1.0,
15817,100.0,3.0,
15818,200.0,1.0,
15819,120.0,3.0,
15820,120.0,3.0,
15821,92.0,5.0,
15822,122.0,2.0,
15823,131.0,3.0,
15824,145.0,5.0,
15825,,1.0,
15826,123.0,4.0,
15827,116.0,3.0,
15828,125.0,2.0,
15829,165.0,3.0,
15830,220.0,3.0,
15831,123.0,2.0,
15832,137.0,3.0,
15833,215.0,3.0,
15834,150.0,5.0,
15835,145.0,3.0,
15836,165.0,3.0,
15837,125.0,3.0,
15838,115.0,3.0,
15839,148.0,4.0,
15840,120.0,3.0,
15841,180.0,3.0,
15842,112.0,3.0,
15843,,,
15844,380.0,1.0,
15845,137.0,1.0,
15846,130.0,2.0,
15847,179.0,1.0,
15848,120.0,4.0,
15849,240.0,4.0,
15850,122.0,5.0,
15851,135.0,2.0,
15852,138.0,1.0,
15853,135.0,1.0,
15854,175.0,3.0,
15855,290.0,3.0,
15856,135.0,3.0,
15857,180.0,3.0,
15858,170.0,2.0,
15859,108.0,4.0,
15860,150.0,2.0,
15861,115.0,1.0,
15862,110.0,2.0,
15863,173.0,2.0,
15864,167.0,1.0,
15865,165.0,3.0,
15866,127.0,1.0,
15867,120.0,4.0,
15868,115.0,3.0,
15869,120.0,3.0,
15870,115.0,1.0,
15871,153.0,1.0,
15872,,4.0,
15873,155.0,3.0,
15874,122.0,2.0,
15875,92.0,4.0,
15876,115.0,3.0,
15877,145.0,4.0,
15878,152.0,2.0,
15879,105.0,3.0,
15880,160.0,4.0,
15881,145.0,3.0,
15882,120.0,3.0,
15883,160.0,1.0,
15884,165.0,3.0,
15885,126.0,,
15886,138.0,2.0,
15887,110.0,1.0,
15888,178.0,3.0,
15889,130.0,2.0,
15890,130.0,3.0,
15891,113.0,3.0,
15892,110.0,3.0,
15893,160.0,4.0,
15894,194.0,2.0,
15895,93.0,5.0,
15896,100.0,2.0,
15897,125.0,4.0,
15898,,,
15899,144.0,2.0,
15900,110.0,3.0,
15901,185.0,4.0,
15902,140.0,3.0,
15903,110.0,4.0,
15904,109.0,3.0,
15905,185.0,2.0,
15906,110.0,3.0,
15907,125.0,4.0,
15908,,1.0,
15909,156.0,1.0,
15910,142.0,2.0,
15911,83.0,5.0,
15912,120.0,4.0,
15913,200.0,1.0,
15914,220.0,3.0,
15915,115.0,2.0,
15916,,2.0,
15917,230.0,5.0,
15918,125.0,3.0,
15919,112.0,3.0,
15920,153.0,,
15921,180.0,,
15922,135.0,1.0,
15923,170.0,2.0,
15924,250.0,2.0,
15925,,4.0,
15926,240.0,3.0,
15927,160.0,3.0,
15928,124.0,2.0,
15929,240.0,1.0,
15930,113.0,3.0,
15931,120.0,4.0,
15932,,5.0,
15933,125.0,2.0,
15934,160.0,3.0,
15935,,3.0,
15936,115.0,3.0,
15937,170.0,3.0,
15938,155.0,3.0,
15939,124.0,2.0,
15940,113.0,4.0,
15941,170.0,2.0,
15942,143.0,4.0,
15943,164.0,2.0,
15944,130.0,2.0,
15945,,5.0,
15946,137.0,1.0,
15947,180.0,2.0,
15948,136.0,3.0,
15949,170.0,5.0,
15950,130.0,4.0,
15951,148.0,2.0,
15952,144.0,1.0,
15953,140.0,2.0,
15954,,4.0,
15955,148.0,4.0,
15956,150.0,2.0,
15957,120.0,3.0,
15958,175.0,3.0,
15959,205.0,4.0,
15960,120.0,3.0,
15961,142.0,1.0,
15962,130.0,2.0,
15963,131.0,2.0,
15964,130.0,4.0,
15965,158.0,3.0,
15966,160.0,1.0,
15967,140.0,1.0,
15968,120.0,2.0,
15969,137.0,3.0,
15970,155.0,1.0,
15971,105.0,4.0,
15972,151.0,1.0,
15973,137.0,1.0,
15974,111.0,1.0,
15975,117.0,3.0,
15976,120.0,4.0,
15977,108.0,2.0,
15978,126.0,3.0,
15979,131.0,2.0,
15980,210.0,2.0,
15981,110.0,4.0,
15982,130.0,4.0,
15983,290.0,,
15984,176.0,4.0,
15985,130.0,4.0,
15986,110.0,4.0,
15987,130.0,4.0,
15988,160.0,4.0,
15989,82.0,4.0,
15990,,3.0,
15991,,3.0,
15992,130.0,,
15993,150.0,1.0,
15994,195.0,1.0,
15995,190.0,4.0,
15996,138.0,2.0,
15997,225.0,5.0,
15998,130.0,2.0,
15999,133.0,4.0,
16000,135.0,3.0,
16001,135.0,1.0,
16002,157.0,2.0,
16003,240.0,3.0,
16004,135.0,2.0,
16005,138.0,3.0,
16006,,3.0,
16007,166.0,1.0,
16008,136.0,2.0,
16009,150.0,4.0,
16010,155.0,1.0,
16011,,2.0,
16012,115.0,3.0,
16013,120.0,2.0,
16014,150.0,3.0,
16015,128.0,3.0,
16016,119.0,5.0,
16017,200.0,3.0,
16018,125.0,3.0,
16019,160.0,3.0,
16020,120.0,2.0,
16021,,1.0,
16022,150.0,,
16023,224.0,3.0,
16024,120.0,3.0,
16025,190.0,4.0,
16026,130.0,3.0,
16027,135.0,4.0,
16028,136.0,1.0,
16029,105.0,3.0,
16030,154.0,4.0,
16031,160.0,1.0,
16032,104.0,5.0,
16033,90.0,3.0,
16034,220.0,4.0,
16035,125.0,3.0,
16036,160.0,1.0,
16037,110.0,1.0,
16038,152.0,2.0,
16039,106.0,1.0,
16040,110.0,2.0,
16041,135.0,4.0,
16042,140.0,1.0,
16043,190.0,4.0,
16044,139.0,2.0,
16045,130.0,5.0,
16046,150.0,4.0,
16047,130.0,3.0,
16048,125.0,4.0,
16049,135.0,3.0,
16050,150.0,2.0,
16051,142.0,2.0,
16052,160.0,2.0,
16053,140.0,3.0,
16054,134.0,2.0,
16055,,4.0,
16056,130.0,2.0,
16057,125.0,3.0,
16058,190.0,4.0,
16059,150.0,4.0,
16060,120.0,,
16061,134.0,5.0,
16062,,2.0,
16063,105.0,3.0,
16064,135.0,4.0,
16065,128.0,1.0,
16066,160.0,2.0,
16067,240.0,5.0,
16068,112.0,3.0,
16069,140.0,4.0,
16070,,4.0,
16071,123.0,4.0,
16072,110.0,5.0,
16073,125.0,3.0,
16074,97.0,4.0,
16075,135.0,4.0,
16076,165.0,4.0,
16077,,2.0,
16078,147.0,2.0,
16079,105.0,3.0,
16080,106.0,2.0,
16081,122.0,4.0,
16082,175.0,3.0,
16083,324.0,1.0,
16084,130.0,3.0,
16085,120.0,3.0,
16086,145.0,2.0,
16087,155.0,2.0,
16088,290.0,3.0,
16089,136.0,3.0,
16090,151.0,1.0,
16091,125.0,2.0,
16092,119.0,2.0,
16093,150.0,5.0,
16094,96.0,2.0,
16095,120.0,2.0,
16096,,3.0,
16097,143.0,2.0,
16098,200.0,3.0,
16099,,5.0,
16100,250.0,4.0,
16101,105.0,5.0,
16102,132.0,2.0,
16103,126.0,3.0,
16104,185.0,4.0,
16105,160.0,4.0,
16106,115.0,3.0,
16107,150.0,3.0,
16108,195.0,,
16109,145.0,2.0,
16110,188.0,2.0,
16111,145.0,2.0,
16112,150.0,3.0,
16113,130.0,2.0,
16114,140.0,1.0,
16115,155.0,4.0,
16116,220.0,4.0,
16117,220.0,4.0,
16118,175.0,4.0,
16119,145.0,2.0,
16120,189.0,4.0,
16121,310.0,3.0,
16122,85.0,4.0,
16123,200.0,2.0,
16124,109.0,4.0,
16125,115.0,5.0,
16126,119.0,3.0,
16127,224.0,3.0,
16128,165.0,4.0,
16129,140.0,5.0,
16130,132.0,3.0,
16131,,3.0,
16132,108.0,3.0,
16133,166.0,3.0,
16134,265.0,2.0,
16135,124.0,3.0,
16136,116.0,2.0,
16137,130.0,1.0,
16138,120.0,4.0,
16139,180.0,3.0,
16140,182.0,1.0,
16141,140.0,3.0,
16142,142.0,3.0,
16143,101.0,4.0,
16144,125.0,4.0,
16145,100.0,1.0,
16146,130.0,3.0,
16147,135.0,3.0,
16148,150.0,3.0,
16149,190.0,2.0,
16150,130.0,5.0,
16151,125.0,2.0,
16152,174.0,3.0,
16153,247.0,3.0,
16154,175.0,1.0,
16155,210.0,3.0,
16156,160.0,5.0,
16157,165.0,3.0,
16158,125.0,3.0,
16159,175.0,2.0,
16160,210.0,2.0,
16161,190.0,1.0,
16162,130.0,4.0,
16163,105.0,2.0,
16164,110.0,2.0,
16165,130.0,2.0,
16166,130.0,3.0,
16167,140.0,4.0,
16168,94.0,3.0,
16169,205.0,4.0,
16170,118.0,3.0,
16171,140.0,2.0,
16172,123.0,3.0,
16173,115.0,3.0,
16174,155.0,2.0,
16175,115.0,4.0,
16176,150.0,2.0,
16177,145.0,2.0,
16178,125.0,1.0,
16179,124.0,2.0,
16180,128.0,2.0,
16181,175.0,3.0,
16182,170.0,1.0,
16183,138.0,3.0,
16184,139.0,3.0,
16185,145.0,2.0,
16186,133.0,1.0,
16187,,3.0,
16188,125.0,3.0,
16189,130.0,3.0,
16190,135.0,3.0,
16191,125.0,3.0,
16192,115.0,3.0,
16193,190.0,1.0,
16194,240.0,2.0,
16195,125.0,2.0,
16196,122.0,3.0,
16197,143.0,2.0,
16198,130.0,3.0,
16199,120.0,3.0,
16200,150.0,4.0,
16201,120.0,3.0,
16202,165.0,2.0,
16203,127.0,3.0,
16204,140.0,3.0,
16205,123.0,2.0,
16206,,5.0,
16207,210.0,4.0,
16208,135.0,3.0,
16209,115.0,5.0,
16210,305.0,1.0,
16211,137.0,4.0,
16212,126.0,3.0,
16213,85.0,3.0,
16214,125.0,3.0,
16215,100.0,4.0,
16216,113.0,4.0,
16217,,4.0,
16218,,3.0,
16219,149.0,2.0,
16220,130.0,3.0,
16221,140.0,2.0,
16222,147.0,4.0,
16223,110.0,3.0,
16224,145.0,2.0,
16225,150.0,2.0,
16226,130.0,4.0,
16227,,3.0,
16228,150.0,4.0,
16229,145.0,3.0,
16230,120.0,4.0,
16231,124.0,2.0,
16232,140.0,4.0,
16233,159.0,4.0,
16234,120.0,2.0,
16235,118.0,2.0,
16236,165.0,2.0,
16237,155.0,2.0,
16238,129.0,4.0,
16239,155.0,2.0,
16240,110.0,3.0,
16241,123.0,3.0,
16242,165.0,3.0,
16243,162.0,2.0,
16244,264.0,2.0,
16245,195.0,2.0,
16246,,3.0,
16247,110.0,4.0,
16248,160.0,2.0,
16249,160.0,5.0,
16250,175.0,2.0,
16251,155.0,3.0,
16252,147.0,5.0,
16253,210.0,1.0,
16254,399.0,2.0,
16255,165.0,1.0,
16256,150.0,4.0,
16257,118.0,4.0,
16258,125.0,3.0,
16259,146.0,3.0,
16260,170.0,1.0,
16261,101.0,5.0,
16262,290.0,5.0,
16263,135.0,2.0,
16264,150.0,3.0,
16265,107.0,3.0,
16266,107.0,4.0,
16267,130.0,4.0,
16268,114.0,2.0,
16269,170.0,1.0,
16270,130.0,1.0,
16271,158.0,1.0,
16272,105.0,1.0,
16273,120.0,5.0,
16274,201.0,1.0,
16275,220.0,3.0,
16276,138.0,2.0,
16277,125.0,4.0,
16278,123.0,1.0,
16279,160.0,1.0,
16280,,5.0,
16281,115.0,1.0,
16282,160.0,1.0,
16283,167.0,2.0,
16284,171.0,3.0,
16285,150.0,5.0,
16286,160.0,3.0,
16287,153.0,2.0,
16288,115.0,4.0,
16289,132.0,3.0,
16290,,5.0,
16291,,4.0,
16292,127.0,3.0,
16293,150.0,,
16294,250.0,2.0,
16295,95.0,3.0,
16296,158.0,3.0,
16297,142.0,3.0,
16298,158.0,2.0,
16299,130.0,2.0,
16300,118.0,2.0,
16301,135.0,1.0,
16302,130.0,1.0,
16303,145.0,3.0,
16304,170.0,4.0,
16305,110.0,3.0,
16306,,3.0,
16307,120.0,3.0,
16308,120.0,3.0,
16309,155.0,,
16310,130.0,4.0,
16311,,3.0,
16312,114.0,3.0,
16313,140.0,4.0,2.0
16314,118.0,2.0,
16315,169.0,1.0,
16316,81.0,2.0,
16317,146.0,4.0,
16318,103.0,3.0,
16319,120.0,3.0,
16320,193.0,4.0,
16321,100.0,2.0,
16322,117.0,3.0,
16323,145.0,3.0,
16324,250.0,3.0,
16325,116.0,2.0,
16326,140.0,2.0,
16327,165.0,1.0,
16328,164.0,4.0,
16329,,3.0,
16330,110.0,4.0,
16331,130.0,1.0,
16332,135.0,1.0,
16333,,1.0,
16334,131.0,2.0,
16335,106.0,4.0,
16336,140.0,3.0,
16337,345.0,1.0,
16338,,,
16339,135.0,2.0,
16340,143.0,3.0,
16341,130.0,4.0,
16342,163.0,2.0,
16343,120.0,2.0,
16344,118.0,5.0,
16345,100.0,4.0,
16346,185.0,1.0,
16347,145.0,2.0,
16348,171.0,1.0,
16349,150.0,1.0,
16350,120.0,3.0,
16351,165.0,2.0,
16352,135.0,2.0,
16353,103.0,4.0,
16354,190.0,1.0,
16355,120.0,4.0,
16356,120.0,2.0,
16357,205.0,3.0,
16358,145.0,1.0,
16359,169.0,1.0,
16360,130.0,3.0,
16361,190.0,1.0,
16362,195.0,2.0,
16363,125.0,4.0,
16364,130.0,3.0,
16365,130.0,3.0,
16366,155.0,4.0,
16367,170.0,2.0,
16368,130.0,2.0,
16369,180.0,3.0,
16370,300.0,5.0,
16371,130.0,3.0,
16372,,3.0,
16373,125.0,1.0,
16374,130.0,3.0,
16375,144.0,3.0,
16376,200.0,2.0,
16377,120.0,4.0,
16378,210.0,5.0,
16379,240.0,3.0,
16380,154.0,1.0,
16381,140.0,3.0,
16382,163.0,1.0,
16383,150.0,2.0,
16384,110.0,2.0,
16385,147.0,2.0,
16386,110.0,2.0,
16387,115.0,3.0,
16388,155.0,3.0,
16389,175.0,3.0,
16390,98.0,3.0,
16391,139.0,1.0,
16392,200.0,5.0,
16393,387.0,5.0,
16394,158.0,3.0,
16395,181.0,4.0,
16396,145.0,1.0,
16397,146.0,2.0,
16398,150.0,2.0,
16399,142.0,2.0,
16400,145.0,2.0,
16401,150.0,2.0,
16402,102.0,3.0,
16403,103.0,2.0,
16404,142.0,3.0,
16405,158.0,3.0,
16406,125.0,3.0,
16407,140.0,3.0,
16408,150.0,3.0,
16409,175.0,1.0,
16410,108.0,4.0,
16411,91.0,4.0,
16412,116.0,3.0,
16413,,2.0,
16414,140.0,4.0,
16415,147.0,1.0,
16416,130.0,4.0,
16417,160.0,4.0,
16418,115.0,3.0,
16419,110.0,3.0,
16420,150.0,3.0,
16421,95.0,4.0,
16422,105.0,4.0,
16423,100.0,2.0,
16424,98.0,2.0,
16425,165.0,2.0,
16426,,2.0,
16427,118.0,2.0,
16428,195.0,2.0,
16429,60.0,2.0,
16430,,3.0,
16431,146.0,1.0,
16432,167.0,4.0,
16433,,5.0,
16434,130.0,5.0,
16435,170.0,3.0,
16436,110.0,5.0,
16437,150.0,3.0,
16438,184.0,4.0,
16439,190.0,4.0,
16440,120.0,3.0,
16441,112.0,4.0,
16442,95.0,4.0,
16443,105.0,5.0,
16444,,5.0,
16445,108.0,5.0,
16446,164.0,4.0,
16447,110.0,3.0,
16448,,4.0,
16449,157.0,1.0,
16450,160.0,2.0,
16451,155.0,3.0,
16452,126.0,4.0,
16453,129.0,5.0,
16454,140.0,1.0,
16455,,2.0,
16456,140.0,2.0,
16457,200.0,2.0,
16458,115.0,4.0,
16459,174.0,4.0,
16460,169.0,4.0,
16461,175.0,3.0,
16462,190.0,1.0,
16463,135.0,3.0,
16464,155.0,3.0,
16465,140.0,4.0,
16466,160.0,,
16467,115.0,1.0,
16468,130.0,3.0,
16469,150.0,5.0,
16470,130.0,2.0,
16471,104.0,2.0,
16472,127.0,4.0,
16473,175.0,3.0,
16474,115.0,1.0,
16475,154.0,4.0,
16476,105.0,1.0,
16477,90.0,3.0,
16478,85.0,2.0,
16479,109.0,2.0,
16480,125.0,4.0,
16481,119.0,2.0,
16482,185.0,3.0,
16483,130.0,2.0,
16484,125.0,5.0,
16485,110.0,1.0,
16486,120.0,3.0,
16487,184.0,3.0,
16488,200.0,5.0,
16489,112.0,4.0,
16490,105.0,1.0,
16491,138.0,2.0,
16492,125.0,1.0,
16493,140.0,1.0,
16494,115.0,3.0,
16495,130.0,3.0,
16496,121.0,2.0,
16497,220.0,1.0,
16498,180.0,4.0,
16499,175.0,,
16500,180.0,2.0,
16501,108.0,3.0,
16502,129.0,2.0,
16503,380.0,5.0,
16504,130.0,3.0,
16505,125.0,3.0,
16506,,,
16507,185.0,4.0,
16508,123.0,2.0,
16509,102.0,3.0,
16510,126.0,2.0,
16511,125.0,1.0,
16512,110.0,3.0,
16513,130.0,3.0,
16514,115.0,4.0,
16515,117.0,5.0,
16516,125.0,3.0,
16517,125.0,3.0,
16518,143.0,1.0,
16519,165.0,,
16520,184.0,2.0,
16521,205.0,1.0,
16522,112.0,5.0,
16523,132.0,2.0,
16524,96.0,3.0,
16525,170.0,3.0,
16526,160.0,1.0,
16527,112.0,2.0,
16528,135.0,3.0,
16529,,1.0,
16530,125.0,4.0,
16531,157.0,3.0,
16532,170.0,3.0,
16533,105.0,3.0,
16534,130.0,3.0,
16535,91.0,3.0,
16536,135.0,5.0,
16537,180.0,3.0,
16538,150.0,3.0,
16539,133.0,2.0,
16540,143.0,5.0,
16541,180.0,2.0,
16542,171.0,4.0,
16543,95.0,3.0,
16544,140.0,4.0,
16545,145.0,5.0,
16546,125.0,2.0,
16547,115.0,5.0,
16548,111.0,1.0,
16549,190.0,4.0,
16550,270.0,2.0,
16551,133.0,2.0,
16552,170.0,1.0,
16553,108.0,2.0,
16554,120.0,3.0,
16555,110.0,3.0,
16556,200.0,2.0,
16557,277.0,3.0,
16558,144.0,3.0,
16559,142.0,1.0,
16560,142.0,4.0,
16561,,2.0,
16562,210.0,3.0,
16563,112.0,2.0,
16564,196.0,4.0,
16565,90.0,2.0,
16566,127.0,3.0,
16567,140.0,1.0,
16568,120.0,4.0,
16569,123.0,3.0,
16570,190.0,1.0,
16571,115.0,3.0,
16572,142.0,2.0,
16573,125.0,3.0,
16574,168.0,3.0,
16575,,1.0,
16576,110.0,5.0,
16577,,2.0,
16578,156.0,2.0,
16579,,4.0,
16580,169.0,3.0,
16581,170.0,4.0,
16582,105.0,3.0,
16583,128.0,2.0,
16584,165.0,1.0,
16585,100.0,3.0,
16586,128.0,3.0,
16587,195.0,2.0,
16588,,3.0,
16589,124.0,1.0,
16590,126.0,4.0,
16591,120.0,1.0,
16592,108.0,4.0,
16593,130.0,1.0,
16594,160.0,3.0,
16595,152.0,1.0,
16596,148.0,1.0,
16597,150.0,1.0,
16598,129.0,2.0,
16599,130.0,3.0,
16600,152.0,3.0,
16601,111.0,4.0,
16602,130.0,1.0,
16603,134.0,1.0,
16604,130.0,2.0,
16605,125.0,3.0,
16606,135.0,2.0,
16607,230.0,4.0,
16608,184.0,3.0,
16609,97.0,4.0,
16610,92.0,3.0,
16611,150.0,4.0,
16612,160.0,,
16613,120.0,4.0,
16614,,4.0,
16615,141.0,1.0,
16616,118.0,4.0,
16617,280.0,3.0,
16618,160.0,1.0,
16619,100.0,3.0,
16620,130.0,4.0,
16621,240.0,1.0,
16622,100.0,,
16623,120.0,3.0,
16624,145.0,1.0,
16625,100.0,2.0,
16626,185.0,1.0,
16627,123.0,2.0,
16628,120.0,1.0,
16629,169.0,1.0,
16630,,2.0,
16631,171.0,3.0,
16632,190.0,4.0,
16633,160.0,,
16634,150.0,4.0,
16635,130.0,1.0,
16636,115.0,2.0,
16637,,4.0,
16638,,2.0,
16639,180.0,2.0,
16640,100.0,2.0,
16641,,4.0,
16642,59.0,1.0,
16643,110.0,1.0,
16644,140.0,1.0,
16645,129.0,2.0,
16646,145.0,4.0,
16647,170.0,4.0,
16648,270.0,1.0,
16649,120.0,2.0,
16650,158.0,5.0,
16651,132.0,1.0,
16652,,3.0,
16653,120.0,1.0,
16654,176.0,1.0,
16655,,,
16656,,3.0,
16657,160.0,3.0,
16658,150.0,3.0,
16659,142.0,2.0,
16660,215.0,3.0,
16661,215.0,2.0,
16662,145.0,3.0,
16663,120.0,3.0,
16664,128.0,3.0,
16665,,,
16666,199.0,,
16667,110.0,4.0,
16668,110.0,4.0,
16669,140.0,1.0,
16670,143.0,3.0,
16671,,1.0,
16672,181.0,1.0,
16673,260.0,1.0,
16674,140.0,1.0,
16675,150.0,2.0,
16676,199.0,1.0,
16677,195.0,1.0,
16678,,,
16679,155.0,3.0,
16680,113.0,4.0,
16681,100.0,4.0,
16682,,5.0,
16683,135.0,,
16684,140.0,,
16685,,5.0,
16686,,4.0,
16687,126.0,1.0,
16688,,5.0,
16689,140.0,2.0,
16690,120.0,1.0,
16691,,1.0,
16692,,,
16693,182.0,3.0,
16694,,2.0,
16695,,5.0,
16696,168.0,,
16697,212.0,1.0,
16698,150.0,3.0,
16699,226.0,3.0,
16700,200.0,3.0,
16701,120.0,2.0,
16702,102.0,2.0,
16703,107.0,1.0,
16704,,1.0,
16705,125.0,4.0,
16706,175.0,1.0,
16707,183.0,1.0,
16708,97.0,,
16709,68.0,1.0,
16710,135.0,3.0,
16711,190.0,3.0,
16712,198.0,1.0,
16713,,2.0,
16714,,,
16715,,,
16716,165.0,1.0,
16717,78.0,,
16718,95.0,1.0,
16719,60.0,1.0,
16720,90.0,1.0,
16721,,,
16722,215.0,1.0,
16723,125.0,1.0,
16724,,2.0,
16725,160.0,2.0,
16726,,2.0,
16727,125.0,3.0,
16728,,2.0,
16729,119.0,2.0,
16730,200.0,4.0,
16731,,,
16732,156.0,3.0,
16733,85.0,1.0,
16734,190.0,3.0,
16735,130.0,4.0,
16736,142.0,3.0,
16737,130.0,2.0,
16738,135.0,1.0,
16739,143.0,1.0,
16740,143.0,3.0,
16741,141.0,1.0,
16742,180.0,1.0,
16743,,3.0,
16744,240.0,3.0,
16745,108.0,5.0,
16746,156.0,1.0,
16747,179.0,1.0,
16748,159.0,3.0,
16749,135.0,3.0,
16750,110.0,1.0,
16751,132.0,4.0,
16752,162.0,4.0,
16753,180.0,1.0,
16754,98.0,1.0,
16755,,3.0,
16756,110.0,2.0,
16757,165.0,,
16758,162.0,,
16759,183.0,2.0,
16760,145.0,,
16761,,1.0,
16762,125.0,4.0,
16763,134.0,2.0,
16764,153.0,2.0,
16765,155.0,1.0,
16766,,,
16767,130.0,,
16768,163.0,1.0,
16769,130.0,1.0,
16770,190.0,4.0,
16771,185.0,,
16772,160.0,5.0,
16773,220.0,1.0,
16774,139.0,4.0,
16775,164.0,1.0,
16776,141.0,3.0,
16777,145.0,1.0,
16778,225.0,2.0,
16779,125.0,1.0,
16780,155.0,4.0,
16781,180.0,2.0,
16782,98.0,3.0,
16783,125.0,2.0,
16784,140.0,1.0,
16785,164.0,2.0,
16786,125.0,2.0,
16787,176.0,2.0,
16788,200.0,4.0,
16789,122.0,3.0,
16790,,3.0,
16791,123.0,2.0,
16792,134.0,3.0,
16793,140.0,2.0,
16794,130.0,1.0,
16795,135.0,3.0,
16796,130.0,4.0,
16797,178.0,3.0,
16798,150.0,1.0,
16799,135.0,1.0,
16800,,,
16801,,1.0,
16802,118.0,3.0,
16803,120.0,3.0,
16804,175.0,2.0,
16805,130.0,2.0,
16806,104.0,3.0,
16807,156.0,3.0,
16808,115.0,2.0,
16809,175.0,1.0,
16810,180.0,1.0,
16811,145.0,3.0,
16812,155.0,3.0,
16813,120.0,4.0,
16814,138.0,3.0,
16815,112.0,2.0,
16816,116.0,3.0,
16817,102.0,5.0,
16818,132.0,2.0,
16819,155.0,3.0,
16820,205.0,3.0,
16821,160.0,4.0,
16822,140.0,3.0,
16823,130.0,3.0,
16824,125.0,2.0,
16825,120.0,3.0,
16826,,2.0,
16827,130.0,1.0,
16828,230.0,4.0,
16829,165.0,2.0,
16830,160.0,5.0,
16831,205.0,4.0,
16832,140.0,3.0,
16833,160.0,4.0,
16834,160.0,1.0,
16835,148.0,,
16836,200.0,3.0,
16837,155.0,1.0,
16838,165.0,4.0,
16839,115.0,3.0,
16840,165.0,1.0,
16841,145.0,2.0,2.0
16842,,5.0,
16843,120.0,2.0,
16844,205.0,5.0,
16845,145.0,4.0,
16846,133.0,3.0,
16847,171.0,1.0,
16848,290.0,4.0,
16849,165.0,1.0,
16850,135.0,5.0,
16851,140.0,1.0,
16852,225.0,3.0,
16853,182.0,5.0,
16854,180.0,4.0,
16855,160.0,2.0,
16856,115.0,1.0,
16857,130.0,2.0,
16858,120.0,2.0,
16859,204.0,4.0,
16860,185.0,1.0,
16861,270.0,3.0,
16862,76.0,5.0,
16863,143.0,4.0,
16864,96.0,1.0,
16865,125.0,1.0,
16866,140.0,3.0,
16867,183.0,2.0,
16868,160.0,2.0,
16869,150.0,5.0,
16870,99.0,2.0,
16871,118.0,2.0,
16872,300.0,3.0,
16873,175.0,1.0,
16874,130.0,3.0,
16875,120.0,3.0,
16876,140.0,1.0,
16877,157.0,4.0,
16878,220.0,2.0,
16879,100.0,4.0,
16880,225.0,4.0,
16881,182.0,1.0,
16882,183.0,3.0,
16883,160.0,5.0,
16884,,,
16885,115.0,2.0,
16886,125.0,2.0,
16887,230.0,,
16888,150.0,4.0,
16889,,5.0,
16890,399.0,2.0,
16891,178.0,1.0,
16892,206.0,5.0,
16893,140.0,3.0,
16894,120.0,1.0,
16895,116.0,3.0,
16896,190.0,4.0,
16897,140.0,1.0,
16898,120.0,1.0,
16899,120.0,4.0,
16900,195.0,2.0,
16901,124.0,3.0,
16902,138.0,3.0,
16903,165.0,1.0,
16904,,,
16905,,,
16906,125.0,3.0,
16907,,5.0,
16908,146.0,1.0,
16909,110.0,3.0,
16910,123.0,1.0,
16911,108.0,2.0,
16912,95.0,4.0,
16913,115.0,2.0,
16914,140.0,1.0,
16915,,4.0,
16916,155.0,4.0,
16917,127.0,2.0,
16918,165.0,2.0,
16919,145.0,1.0,
16920,99.0,5.0,
16921,130.0,2.0,
16922,143.0,1.0,
16923,175.0,3.0,
16924,165.0,3.0,
16925,175.0,3.0,
16926,178.0,1.0,
16927,115.0,2.0,
16928,97.0,4.0,
16929,120.0,3.0,
16930,100.0,3.0,
16931,100.0,5.0,
16932,110.0,4.0,
16933,129.0,4.0,
16934,,5.0,
16935,143.0,2.0,
16936,165.0,3.0,
16937,200.0,3.0,
16938,150.0,2.0,
16939,130.0,1.0,
16940,117.0,3.0,
16941,,5.0,
16942,110.0,2.0,
16943,100.0,3.0,
16944,,3.0,
16945,300.0,1.0,
16946,165.0,3.0,
16947,165.0,2.0,
16948,96.0,4.0,
16949,150.0,3.0,
16950,130.0,1.0,
16951,190.0,1.0,
16952,165.0,4.0,
16953,135.0,1.0,
16954,120.0,3.0,
16955,105.0,3.0,
16956,98.0,3.0,
16957,105.0,3.0,
16958,211.0,1.0,
16959,190.0,3.0,
16960,98.0,5.0,
16961,,2.0,
16962,117.0,3.0,
16963,,3.0,
16964,154.0,3.0,
16965,136.0,1.0,
16966,201.0,3.0,
16967,127.0,4.0,
16968,,4.0,
16969,118.0,5.0,
16970,107.0,5.0,
16971,155.0,1.0,
16972,135.0,1.0,
16973,156.0,4.0,
16974,127.0,4.0,
16975,140.0,4.0,
16976,110.0,4.0,
16977,130.0,4.0,
16978,120.0,4.0,
16979,201.0,3.0,
16980,150.0,3.0,
16981,175.0,1.0,
16982,,5.0,
16983,,2.0,
16984,130.0,3.0,
16985,120.0,4.0,
16986,120.0,1.0,
16987,133.0,3.0,
16988,140.0,3.0,
16989,155.0,3.0,
16990,118.0,4.0,
16991,170.0,3.0,
16992,125.0,3.0,
16993,155.0,4.0,
16994,126.0,4.0,
16995,170.0,2.0,
16996,192.0,3.0,
16997,118.0,3.0,
16998,,1.0,
16999,97.0,1.0,
17000,100.0,3.0,
17001,142.0,3.0,
17002,130.0,1.0,
17003,155.0,3.0,
17004,,3.0,
17005,131.0,3.0,
17006,128.0,4.0,
17007,162.0,2.0,
17008,126.0,4.0,
17009,240.0,2.0,
17010,102.0,2.0,
17011,85.0,2.0,
17012,132.0,1.0,
17013,170.0,1.0,
17014,145.0,2.0,
17015,,4.0,
17016,115.0,4.0,
17017,,4.0,
17018,172.0,4.0,
17019,280.0,2.0,
17020,125.0,2.0,
17021,180.0,3.0,
17022,130.0,3.0,
17023,150.0,1.0,
17024,134.0,3.0,
17025,135.0,2.0,
17026,166.0,2.0,
17027,111.0,3.0,
17028,,4.0,
17029,110.0,4.0,
17030,116.0,5.0,
17031,151.0,3.0,
17032,130.0,3.0,
17033,130.0,2.0,
17034,130.0,2.0,
17035,,1.0,
17036,195.0,4.0,
17037,,3.0,
17038,226.0,1.0,
17039,101.0,1.0,
17040,,1.0,
17041,112.0,3.0,
17042,250.0,4.0,
17043,120.0,3.0,
17044,,1.0,
17045,90.0,3.0,
17046,138.0,2.0,
17047,235.0,3.0,
17048,149.0,4.0,
17049,214.0,,
17050,137.0,3.0,
17051,221.0,2.0,
17052,120.0,2.0,
17053,130.0,3.0,
17054,170.0,,
17055,182.0,1.0,
17056,180.0,2.0,
17057,110.0,2.0,
17058,,5.0,
17059,112.0,5.0,
17060,115.0,5.0,
17061,130.0,5.0,
17062,115.0,4.0,
17063,125.0,4.0,
17064,210.0,2.0,
17065,160.0,1.0,
17066,165.0,3.0,
17067,268.0,1.0,
17068,162.0,3.0,
17069,120.0,4.0,
17070,125.0,4.0,
17071,140.0,4.0,
17072,155.0,3.0,
17073,125.0,4.0,
17074,155.0,3.0,
17075,165.0,3.0,
17076,138.0,1.0,
17077,110.0,3.0,
17078,120.0,4.0,
17079,128.0,4.0,
17080,104.0,4.0,
17081,,3.0,
17082,263.0,1.0,
17083,130.0,3.0,
17084,140.0,3.0,
17085,265.0,3.0,
17086,170.0,3.0,
17087,160.0,1.0,
17088,172.0,1.0,
17089,105.0,4.0,
17090,120.0,4.0,
17091,135.0,3.0,
17092,140.0,1.0,
17093,115.0,4.0,
17094,300.0,3.0,
17095,335.0,4.0,
17096,143.0,4.0,
17097,104.0,3.0,
17098,127.0,5.0,
17099,130.0,3.0,
17100,125.0,3.0,
17101,315.0,1.0,
17102,165.0,3.0,
17103,115.0,5.0,
17104,150.0,4.0,
17105,125.0,1.0,
17106,130.0,1.0,
17107,140.0,3.0,
17108,107.0,3.0,
17109,120.0,1.0,
17110,203.0,1.0,
17111,130.0,3.0,
17112,108.0,4.0,
17113,140.0,3.0,
17114,162.0,1.0,
17115,120.0,4.0,
17116,165.0,4.0,
17117,112.0,4.0,
17118,142.0,3.0,
17119,155.0,5.0,
17120,175.0,1.0,
17121,140.0,3.0,
17122,140.0,1.0,
17123,140.0,3.0,
17124,155.0,2.0,
17125,135.0,2.0,
17126,98.0,5.0,
17127,159.0,,
17128,215.0,3.0,
17129,135.0,3.0,
17130,145.0,,
17131,107.0,3.0,
17132,110.0,4.0,
17133,,2.0,
17134,,,
17135,,2.0,
17136,,3.0,
17137,185.0,3.0,
17138,120.0,3.0,
17139,,3.0,
17140,285.0,3.0,
17141,145.0,1.0,
17142,,1.0,
17143,120.0,3.0,
17144,170.0,3.0,
17145,135.0,1.0,
17146,120.0,3.0,
17147,152.0,2.0,
17148,210.0,1.0,
17149,105.0,1.0,
17150,153.0,4.0,
17151,120.0,2.0,
17152,,3.0,
17153,96.0,5.0,
17154,122.0,4.0,
17155,137.0,4.0,
17156,168.0,2.0,
17157,117.0,2.0,
17158,186.0,3.0,
17159,93.0,4.0,
17160,190.0,2.0,
17161,134.0,1.0,
17162,106.0,2.0,
17163,116.0,3.0,
17164,130.0,4.0,
17165,125.0,2.0,
17166,150.0,2.0,
17167,257.0,3.0,
17168,175.0,2.0,
17169,125.0,2.0,
17170,115.0,3.0,
17171,175.0,3.0,
17172,130.0,3.0,
17173,175.0,4.0,
17174,125.0,3.0,
17175,165.0,4.0,
17176,155.0,1.0,
17177,160.0,2.0,
17178,189.0,1.0,
17179,185.0,2.0,
17180,145.0,2.0,
17181,,1.0,
17182,120.0,2.0,
17183,141.0,3.0,
17184,125.0,2.0,
17185,125.0,3.0,
17186,111.0,1.0,
17187,110.0,4.0,
17188,175.0,2.0,
17189,160.0,1.0,
17190,133.0,1.0,
17191,140.0,1.0,
17192,135.0,3.0,
17193,190.0,3.0,
17194,134.0,3.0,
17195,175.0,3.0,
17196,99.0,3.0,
17197,129.0,2.0,
17198,127.0,,
17199,125.0,4.0,
17200,165.0,2.0,
17201,,3.0,
17202,,3.0,
17203,134.0,5.0,
17204,,3.0,
17205,165.0,1.0,
17206,175.0,3.0,
17207,160.0,4.0,
17208,,3.0,
17209,155.0,5.0,
17210,180.0,1.0,
17211,105.0,5.0,
17212,228.0,5.0,
17213,127.0,5.0,
17214,145.0,1.0,
17215,101.0,4.0,
17216,55.0,5.0,
17217,110.0,1.0,
17218,120.0,4.0,
17219,125.0,5.0,
17220,125.0,3.0,
17221,130.0,3.0,
17222,135.0,2.0,
17223,135.0,1.0,
17224,135.0,3.0,
17225,140.0,4.0,
17226,140.0,5.0,
17227,150.0,3.0,
17228,162.0,1.0,
17229,170.0,5.0,
17230,190.0,4.0,
17231,200.0,1.0,
17232,220.0,4.0,
17233,245.0,5.0,
17234,270.0,3.0,
17235,275.0,2.0,
17236,105.0,4.0,
17237,110.0,2.0,
17238,116.0,4.0,
17239,120.0,2.0,
17240,128.0,2.0,
17241,130.0,4.0,
17242,135.0,1.0,
17243,135.0,4.0,
17244,140.0,4.0,
17245,143.0,4.0,
17246,145.0,4.0,
17247,155.0,4.0,
17248,155.0,1.0,
17249,155.0,1.0,
17250,156.0,4.0,
17251,160.0,3.0,
17252,165.0,3.0,
17253,167.0,2.0,
17254,168.0,4.0,
17255,169.0,5.0,
17256,170.0,3.0,
17257,173.0,2.0,
17258,175.0,3.0,
17259,175.0,2.0,
17260,175.0,4.0,
17261,175.0,2.0,
17262,180.0,5.0,
17263,200.0,3.0,
17264,235.0,3.0,
17265,250.0,2.0,
17266,250.0,3.0,
17267,110.0,3.0,
17268,110.0,4.0,
17269,112.0,3.0,
17270,115.0,4.0,
17271,118.0,2.0,
17272,120.0,3.0,
17273,120.0,4.0,
17274,120.0,5.0,
17275,126.0,3.0,
17276,130.0,4.0,
17277,130.0,3.0,
17278,134.0,5.0,
17279,135.0,4.0,
17280,140.0,4.0,
17281,145.0,4.0,
17282,145.0,3.0,
17283,150.0,4.0,
17284,152.0,3.0,
17285,160.0,3.0,
17286,160.0,3.0,
17287,170.0,3.0,
17288,178.0,3.0,
17289,89.0,4.0,
17290,103.0,3.0,
17291,108.0,2.0,
17292,120.0,3.0,
17293,123.0,4.0,
17294,124.0,3.0,
17295,130.0,4.0,
17296,135.0,1.0,
17297,136.0,2.0,
17298,145.0,1.0,
17299,150.0,4.0,
17300,150.0,5.0,
17301,170.0,3.0,
17302,170.0,1.0,
17303,175.0,3.0,
17304,177.0,3.0,
17305,185.0,3.0,
17306,225.0,1.0,
17307,280.0,3.0,
17308,,4.0,
17309,,3.0,
17310,97.0,1.0,
17311,100.0,1.0,
17312,100.0,5.0,
17313,108.0,4.0,
17314,116.0,1.0,
17315,119.0,2.0,
17316,120.0,4.0,
17317,120.0,4.0,
17318,122.0,3.0,
17319,122.0,3.0,
17320,125.0,3.0,
17321,130.0,4.0,
17322,130.0,4.0,
17323,135.0,4.0,
17324,150.0,5.0,
17325,150.0,1.0,
17326,158.0,4.0,
17327,180.0,2.0,
17328,186.0,4.0,
17329,,3.0,2.0
17330,150.0,4.0,
17331,155.0,2.0,
17332,160.0,3.0,
17333,168.0,1.0,
17334,170.0,1.0,
17335,175.0,3.0,
17336,175.0,3.0,
17337,175.0,5.0,
17338,193.0,3.0,
17339,120.0,3.0,
17340,200.0,3.0,
17341,115.0,2.0,
17342,125.0,3.0,
17343,126.0,1.0,
17344,143.0,1.0,
17345,209.0,1.0,
17346,215.0,2.0,
17347,230.0,4.0,
17348,120.0,4.0,
17349,125.0,1.0,
17350,130.0,3.0,
17351,140.0,2.0,
17352,145.0,3.0,
17353,155.0,2.0,
17354,180.0,3.0,
17355,185.0,3.0,
17356,195.0,4.0,
17357,203.0,4.0,
17358,210.0,2.0,
17359,235.0,4.0,
17360,108.0,4.0,
17361,115.0,4.0,
17362,120.0,3.0,
17363,135.0,2.0,
17364,140.0,1.0,
17365,160.0,3.0,
17366,172.0,5.0,
17367,180.0,4.0,
17368,95.0,4.0,
17369,100.0,3.0,
17370,104.0,2.0,
17371,110.0,2.0,
17372,118.0,3.0,
17373,125.0,3.0,
17374,130.0,3.0,
17375,100.0,3.0,
17376,111.0,4.0,
17377,138.0,4.0,
17378,140.0,1.0,
17379,152.0,4.0,
17380,152.0,2.0,
17381,,3.0,
17382,120.0,2.0,
17383,190.0,3.0,
17384,215.0,2.0,
17385,275.0,2.0,
17386,130.0,4.0,
17387,133.0,4.0,
17388,135.0,3.0,
17389,140.0,1.0,
17390,150.0,3.0,
17391,165.0,3.0,
17392,190.0,2.0,
17393,240.0,3.0,
17394,265.0,5.0,
17395,,1.0,
17396,105.0,4.0,
17397,115.0,1.0,
17398,115.0,1.0,
17399,130.0,3.0,
17400,130.0,4.0,
17401,145.0,3.0,
17402,156.0,3.0,
17403,230.0,3.0,
17404,233.0,4.0,
17405,244.0,5.0,
17406,125.0,1.0,
17407,128.0,4.0,
17408,133.0,1.0,
17409,155.0,1.0,
17410,155.0,4.0,
17411,157.0,1.0,
17412,175.0,3.0,
17413,113.0,4.0,
17414,115.0,1.0,
17415,130.0,3.0,
17416,134.0,3.0,
17417,140.0,3.0,
17418,140.0,4.0,
17419,156.0,3.0,
17420,160.0,3.0,
17421,170.0,1.0,
17422,170.0,2.0,
17423,200.0,2.0,
17424,220.0,4.0,
17425,,1.0,
17426,93.0,4.0,
17427,111.0,4.0,
17428,130.0,2.0,
17429,145.0,2.0,
17430,145.0,2.0,
17431,155.0,1.0,
17432,170.0,2.0,
17433,180.0,4.0,
17434,214.0,4.0,
17435,165.0,3.0,
17436,177.0,,
17437,240.0,1.0,
17438,135.0,1.0,
17439,105.0,4.0,
17440,160.0,3.0,
17441,108.0,3.0,
17442,172.0,1.0,
17443,105.0,2.0,
17444,103.0,5.0,
17445,160.0,4.0,
17446,200.0,3.0,
17447,265.0,4.0,
17448,115.0,2.0,
17449,150.0,1.0,
17450,170.0,1.0,
17451,107.0,1.0,
17452,127.0,1.0,
17453,132.0,1.0,
17454,105.0,1.0,
17455,108.0,1.0,
17456,,1.0,
17457,155.0,1.0,
17458,155.0,1.0,
17459,160.0,1.0,
17460,120.0,1.0,
17461,115.0,1.0,
17462,92.0,1.0,
17463,195.0,1.0,
17464,171.0,1.0,
17465,145.0,1.0,
17466,143.0,1.0,
17467,130.0,2.0,
17468,100.0,1.0,
17469,150.0,1.0,
17470,120.0,1.0,
17471,155.0,1.0,
17472,140.0,1.0,
17473,190.0,2.0,
17474,140.0,1.0,
17475,122.0,1.0,
17476,190.0,1.0,
17477,135.0,1.0,
17478,110.0,1.0,
17479,125.0,1.0,
17480,118.0,1.0,
17481,210.0,1.0,
17482,250.0,1.0,
17483,147.0,4.0,
17484,106.0,1.0,
17485,130.0,3.0,
17486,125.0,1.0,
17487,,1.0,
17488,150.0,1.0,
17489,139.0,1.0,
17490,,2.0,
17491,105.0,1.0,
17492,140.0,1.0,
17493,140.0,2.0,
17494,322.0,1.0,
17495,,1.0,
17496,99.0,1.0,
17497,165.0,1.0,
17498,255.0,1.0,
17499,140.0,1.0,
17500,236.0,1.0,
17501,126.0,2.0,
17502,155.0,1.0,
17503,165.0,1.0,
17504,200.0,1.0,
17505,136.0,1.0,
17506,115.0,1.0,
17507,112.0,1.0,
17508,160.0,1.0,
17509,149.0,1.0,
17510,127.0,1.0,
17511,183.0,1.0,
17512,210.0,1.0,
17513,138.0,1.0,
17514,145.0,1.0,
17515,139.0,1.0,
17516,160.0,1.0,
17517,130.0,1.0,
17518,111.0,1.0,
17519,119.0,1.0,
17520,172.0,1.0,
17521,132.0,1.0,
17522,130.0,1.0,
17523,110.0,1.0,
17524,135.0,1.0,
17525,198.0,1.0,
17526,137.0,1.0,
17527,165.0,1.0,
17528,,1.0,
17529,143.0,1.0,
17530,,1.0,
17531,126.0,1.0,
17532,190.0,1.0,
17533,135.0,1.0,
17534,156.0,1.0,
17535,133.0,1.0,
17536,143.0,1.0,
17537,209.0,1.0,
17538,130.0,1.0,
17539,,5.0,
17540,168.0,1.0,
17541,179.0,1.0,
17542,120.0,1.0,
17543,102.0,1.0,
17544,115.0,3.0,
17545,107.0,2.0,
17546,160.0,1.0,
17547,115.0,1.0,
17548,150.0,1.0,
17549,,1.0,
17550,190.0,1.0,
17551,92.0,1.0,
17552,132.0,1.0,
17553,154.0,1.0,
17554,156.0,1.0,
17555,138.0,3.0,
17556,132.0,1.0,
17557,137.0,1.0,
17558,195.0,1.0,
17559,180.0,1.0,
17560,130.0,1.0,
17561,112.0,3.0,
17562,120.0,5.0,
17563,154.0,4.0,
17564,120.0,5.0,
17565,95.0,1.0,
17566,110.0,3.0,
17567,110.0,4.0,
17568,170.0,2.0,
17569,175.0,3.0,
17570,138.0,5.0,
17571,154.0,3.0,
17572,100.0,5.0,
17573,165.0,3.0,
17574,246.0,5.0,
17575,138.0,3.0,
17576,95.0,3.0,
17577,130.0,,
17578,140.0,4.0,
17579,160.0,3.0,
17580,130.0,2.0,
17581,140.0,1.0,
17582,221.0,5.0,
17583,125.0,5.0,
17584,135.0,5.0,
17585,125.0,5.0,
17586,,4.0,
17587,175.0,4.0,
17588,250.0,5.0,
17589,175.0,2.0,
17590,134.0,3.0,
17591,110.0,,
17592,190.0,,
17593,130.0,,
17594,145.0,,
17595,118.0,,
17596,155.0,,
17597,136.0,,
17598,230.0,,
17599,170.0,,
17600,210.0,,
17601,219.0,,
17602,,,
17603,108.0,,
17604,137.0,,
17605,,,
17606,,,
17607,113.0,,
17608,280.0,,
17609,150.0,,
17610,155.0,,
17611,165.0,,
17612,130.0,,
17613,145.0,,
17614,191.0,,
17615,148.0,,
17616,201.0,,
17617,399.0,,
17618,158.0,,
17619,123.0,,
17620,185.0,,
17621,180.0,,
17622,172.0,,
17623,130.0,,
17624,126.0,,
17625,117.0,,
17626,,,
17627,,,
17628,,,
17629,121.0,,
17630,160.0,,
17631,114.0,,
17632,175.0,,
17633,110.0,,
17634,160.0,,
17635,165.0,,
17636,100.0,,
17637,145.0,,
17638,247.0,,
17639,143.0,,
17640,163.0,,
17641,134.0,,
17642,145.0,,
17643,145.0,,
17644,145.0,,
17645,152.0,,
17646,138.0,,
17647,225.0,,
17648,165.0,,
17649,315.0,,
17650,160.0,,
17651,140.0,,
17652,146.0,,
17653,127.0,,
17654,140.0,,
17655,201.0,,
17656,225.0,,
17657,140.0,,
17658,138.0,,
17659,145.0,,
17660,200.0,,
17661,110.0,,
17662,95.0,,
17663,120.0,,
17664,130.0,,
17665,123.0,,
17666,108.0,,
17667,,,
17668,140.0,,
17669,,,
17670,,,
17671,165.0,,
17672,126.0,,
17673,178.0,,
17674,130.0,,
17675,134.0,,
17676,140.0,,
17677,250.0,,
17678,180.0,,
17679,,,
17680,150.0,,
17681,175.0,,
17682,346.0,,
17683,175.0,,
17684,355.0,,
17685,225.0,,
17686,150.0,,
17687,135.0,,
17688,,,
17689,117.0,,
17690,140.0,,
17691,135.0,,
17692,135.0,,
17693,190.0,,
17694,123.0,,
17695,140.0,,
17696,135.0,,
17697,170.0,,
17698,115.0,,
17699,215.0,,
17700,116.0,,
17701,135.0,,
17702,202.0,,
17703,215.0,,
17704,135.0,,
17705,169.0,,
17706,140.0,,
17707,,,
17708,97.0,,
17709,230.0,,
17710,110.0,,
17711,165.0,,
17712,,,
17713,142.0,,
17714,150.0,,
17715,142.0,,
17716,69.0,,
17717,122.0,,
17718,150.0,,
17719,135.0,,
17720,399.0,,
17721,120.0,,
17722,130.0,,
17723,125.0,,
17724,170.0,,
17725,295.0,,
17726,124.0,,
17727,220.0,,
17728,,,
17729,97.0,,
17730,160.0,,
17731,140.0,,
17732,140.0,,
17733,155.0,,
17734,150.0,,
17735,124.0,,
17736,180.0,,
17737,195.0,,
17738,132.0,,
17739,137.0,,
17740,170.0,,
17741,135.0,,
17742,163.0,,
17743,280.0,,
17744,120.0,,
17745,155.0,,
17746,125.0,,
17747,125.0,,
17748,150.0,,
17749,102.0,,
17750,290.0,,
17751,120.0,,
17752,260.0,,
17753,115.0,,
17754,115.0,,
17755,230.0,,
17756,150.0,,
17757,190.0,,
17758,105.0,,
17759,190.0,,
17760,170.0,,
17761,140.0,,
17762,108.0,,
17763,159.0,,
17764,170.0,,
17765,170.0,,
17766,155.0,,
17767,132.0,,
17768,110.0,,
17769,125.0,,
17770,185.0,,
17771,123.0,,
17772,140.0,,
17773,170.0,,
17774,125.0,,
17775,180.0,,
17776,233.0,,
17777,155.0,,
17778,96.0,,
17779,200.0,,
17780,110.0,,
17781,150.0,,
17782,165.0,,
17783,138.0,,
17784,142.0,,
17785,198.0,,
17786,230.0,,
17787,135.0,,
17788,140.0,,
17789,145.0,,
17790,120.0,,
17791,150.0,,
17792,120.0,,
17793,,,
17794,135.0,,
17795,195.0,,
17796,140.0,,
17797,289.0,,
17798,175.0,,
17799,180.0,,
17800,125.0,,
17801,140.0,,
17802,146.0,,
17803,185.0,,
17804,120.0,,
17805,300.0,,
17806,128.0,,
17807,160.0,,
17808,110.0,,
17809,138.0,,
17810,217.0,,
17811,145.0,,
17812,190.0,,
17813,100.0,,
17814,235.0,,
17815,105.0,,
17816,,,
17817,140.0,,
17818,,,
17819,90.0,,
17820,230.0,,
17821,125.0,,
17822,175.0,,
17823,,,
17824,102.0,,
17825,135.0,,
17826,167.0,,
17827,170.0,,
17828,120.0,,
17829,170.0,,
17830,180.0,,
17831,230.0,,
17832,110.0,,
17833,140.0,,
17834,160.0,,
17835,148.0,,
17836,127.0,,
17837,,,
17838,128.0,,
17839,115.0,,
17840,149.0,,
17841,160.0,,
17842,135.0,,
17843,99.0,,
17844,160.0,,
17845,105.0,,
17846,180.0,,
17847,160.0,,
17848,123.0,,
17849,120.0,,
17850,120.0,,
17851,135.0,,
17852,,,
17853,399.0,,
17854,173.0,,
17855,140.0,,
17856,195.0,,
17857,108.0,,
17858,105.0,,
17859,,,
17860,135.0,,
17861,145.0,,
17862,230.0,,
17863,100.0,,
17864,130.0,,
17865,165.0,,
17866,170.0,,
17867,110.0,,
17868,200.0,,
17869,,,
17870,170.0,,
17871,,,
17872,135.0,,
17873,147.0,,
17874,125.0,,
17875,200.0,,
17876,,,
17877,135.0,,
17878,102.0,,
17879,,,
17880,,,
17881,172.0,,
17882,120.0,,
17883,180.0,,
17884,120.0,,
17885,140.0,,
17886,170.0,,
17887,260.0,,
17888,99.0,,
17889,125.0,,
17890,153.0,,
17891,110.0,,
17892,125.0,,
17893,160.0,,
17894,200.0,,
17895,200.0,,
17896,140.0,,
17897,,,
17898,135.0,,
17899,147.0,,
17900,,,
17901,97.0,,
17902,,,
17903,224.0,,
17904,130.0,,
17905,120.0,,
17906,170.0,,
17907,160.0,,
17908,123.0,,
17909,,,
17910,190.0,,
17911,,,
17912,135.0,,
17913,115.0,,
17914,115.0,,
17915,240.0,,
17916,190.0,,
17917,120.0,,
17918,122.0,,
17919,110.0,,
17920,155.0,,
17921,149.0,,
17922,142.0,,
17923,185.0,,
17924,113.0,,
17925,139.0,,
17926,120.0,,
17927,155.0,,
17928,126.0,,
17929,120.0,,
17930,,,
17931,135.0,,
17932,180.0,,
17933,115.0,,
17934,150.0,,
17935,155.0,,
17936,115.0,,
17937,180.0,,
17938,,,
17939,160.0,,
17940,280.0,,
17941,145.0,,
17942,215.0,,
17943,110.0,,
17944,105.0,,
17945,165.0,,
17946,110.0,,
17947,110.0,,
17948,122.0,,
17949,110.0,,
17950,202.0,,
17951,177.0,,
17952,134.0,,
17953,110.0,,
17954,125.0,,
17955,122.0,,
17956,200.0,,
17957,,,
17958,125.0,,
17959,147.0,,
17960,110.0,,
17961,98.0,,
17962,123.0,,
17963,112.0,,
17964,176.0,,
17965,165.0,,
17966,130.0,,
17967,135.0,,
17968,130.0,,
17969,145.0,,
17970,,,
17971,135.0,,
17972,160.0,,
17973,130.0,,
17974,170.0,,
17975,268.0,,
17976,170.0,,
17977,119.0,,
17978,125.0,,
17979,170.0,,
17980,,,
17981,216.0,,
17982,129.0,,
17983,120.0,,
17984,215.0,,
17985,145.0,,
17986,148.0,,
17987,170.0,,
17988,140.0,,
17989,140.0,,
17990,130.0,,
17991,120.0,,
17992,175.0,,
17993,192.0,,
17994,158.0,5.0,
17995,120.0,,
17996,165.0,,
17997,106.0,,
17998,135.0,,
17999,168.0,,
18000,160.0,,
18001,270.0,,
18002,170.0,,
18003,240.0,,
18004,170.0,,
18005,110.0,,
18006,120.0,,
18007,160.0,,
18008,155.0,,
18009,194.0,,
18010,,,
18011,140.0,,
18012,195.0,,
18013,140.0,,
18014,105.0,,
18015,130.0,,
18016,160.0,,
18017,138.0,,
18018,122.0,,
18019,,,
18020,116.0,,
18021,115.0,,
18022,175.0,,
18023,185.0,,
18024,110.0,,
18025,185.0,,
18026,165.0,,
18027,150.0,,
18028,136.0,,
18029,196.0,,
18030,140.0,,
18031,160.0,,
18032,150.0,,
18033,,,
18034,187.0,,
18035,,,
18036,125.0,,
18037,135.0,,
18038,124.0,,
18039,145.0,,
18040,114.0,,
18041,300.0,,
18042,260.0,,
18043,160.0,,
18044,249.0,,
18045,95.0,,
18046,130.0,,
18047,180.0,,
18048,110.0,,
18049,156.0,,
18050,209.0,,
18051,,,
18052,166.0,,
18053,140.0,,
18054,197.0,,
18055,145.0,,
18056,130.0,,
18057,127.0,,
18058,120.0,,
18059,148.0,,
18060,190.0,,
18061,140.0,,
18062,122.0,,
18063,120.0,,
18064,145.0,,
18065,69.0,,
18066,130.0,,
18067,131.0,,
18068,135.0,,
18069,115.0,,
18070,145.0,,
18071,175.0,,
18072,125.0,,
18073,124.0,,
18074,110.0,,
18075,165.0,,
18076,125.0,,
18077,115.0,,
18078,130.0,,
18079,135.0,,
18080,,,
18081,189.0,,
18082,156.0,,
18083,150.0,,
18084,120.0,,
18085,210.0,,
18086,147.0,,
18087,115.0,,
18088,185.0,,
18089,130.0,,
18090,148.0,,
18091,107.0,,
18092,178.0,,
18093,145.0,,
18094,123.0,,
18095,167.0,,
18096,127.0,,
18097,130.0,,
18098,265.0,,
18099,138.0,,
18100,150.0,,
18101,119.0,,
18102,135.0,,
18103,140.0,,
18104,132.0,,
18105,133.0,,
18106,,,
18107,124.0,,
18108,205.0,,
18109,168.0,,
18110,135.0,,
18111,145.0,,
18112,104.0,,
18113,130.0,,
18114,140.0,,
18115,130.0,,
18116,100.0,,
18117,140.0,,
18118,90.0,,
18119,,,
18120,180.0,,
18121,125.0,,
18122,123.0,,
18123,120.0,,
18124,146.0,,
18125,140.0,,
18126,295.0,,
18127,100.0,,
18128,125.0,,
18129,115.0,,
18130,112.0,,
18131,120.0,,
18132,187.0,,
18133,170.0,,
18134,140.0,,
18135,,,
18136,,,
18137,107.0,,
18138,103.0,,
18139,130.0,,
18140,150.0,,
18141,230.0,,
18142,150.0,,
18143,140.0,,
18144,125.0,,
18145,200.0,,
18146,125.0,,
18147,170.0,,
18148,,,
18149,245.0,,
18150,100.0,,
18151,130.0,,
18152,140.0,,
18153,118.0,,
18154,165.0,,
18155,,,
18156,399.0,,
18157,180.0,,
18158,238.0,,
18159,105.0,,
18160,115.0,,
18161,232.0,,
18162,278.0,,
18163,,,
18164,134.0,,
18165,143.0,,
18166,240.0,,
18167,120.0,,
18168,140.0,,
18169,148.0,,
18170,205.0,,
18171,155.0,,
18172,120.0,,
18173,210.0,,
18174,193.0,,
18175,130.0,,
18176,,,
18177,140.0,,
18178,165.0,,
18179,115.0,,
18180,228.0,,
18181,125.0,,
18182,225.0,,
18183,130.0,,
18184,145.0,,
18185,,,
18186,,,
18187,116.0,,
18188,98.0,,
18189,155.0,,
18190,135.0,,
18191,135.0,,
18192,,,
18193,190.0,,
18194,180.0,,
18195,120.0,,
18196,158.0,,
18197,129.0,,
18198,260.0,,
18199,140.0,,
18200,,,
18201,125.0,,
18202,185.0,,
18203,150.0,,
18204,120.0,,
18205,399.0,,
18206,115.0,,
18207,189.0,,
18208,204.0,,
18209,196.0,,
18210,105.0,,
18211,128.0,,
18212,136.0,,
18213,175.0,,
18214,225.0,,
18215,180.0,,
18216,143.0,,
18217,180.0,,
18218,120.0,,
18219,220.0,,
18220,136.0,,
18221,170.0,,
18222,165.0,,
18223,145.0,,
18224,135.0,,
18225,140.0,,
18226,125.0,,
18227,97.0,,
18228,150.0,,
18229,114.0,,
18230,175.0,,
18231,125.0,,
18232,150.0,,
18233,115.0,,
18234,284.0,,
18235,167.0,,
18236,140.0,,
18237,330.0,,
18238,125.0,,
18239,120.0,,
18240,165.0,,
18241,193.0,,
18242,125.0,,
18243,140.0,,
18244,186.0,,
18245,399.0,,
18246,,,
18247,215.0,,
18248,145.0,,
18249,132.0,,
18250,112.0,,
18251,120.0,,
18252,193.0,,
18253,125.0,,
18254,140.0,,
18255,152.0,,
18256,195.0,,
18257,110.0,,
18258,100.0,,
18259,165.0,,
18260,185.0,,
18261,205.0,,
18262,135.0,,
18263,136.0,,
18264,130.0,,
18265,,,
18266,150.0,,
18267,135.0,,
18268,,,
18269,140.0,,
18270,,,
18271,205.0,,
18272,110.0,,
18273,130.0,,
18274,120.0,,
18275,123.0,,
18276,139.0,,
18277,110.0,,
18278,210.0,,
18279,182.0,,
18280,120.0,,
18281,142.0,,
18282,149.0,,
18283,118.0,,
18284,,,
18285,130.0,,
18286,200.0,,
18287,,,
18288,165.0,,
18289,160.0,,
18290,,,
18291,,,
18292,130.0,,
18293,145.0,,
18294,116.0,,
18295,138.0,,
18296,120.0,,
18297,120.0,,
18298,180.0,,
18299,185.0,,
18300,235.0,,
18301,200.0,,
18302,150.0,,
18303,,,
18304,138.0,,
18305,115.0,,
18306,140.0,,
18307,165.0,,
18308,113.0,,
18309,160.0,,
18310,185.0,,
18311,185.0,,
18312,150.0,,
18313,138.0,,
18314,140.0,,
18315,100.0,,
18316,97.0,,
18317,150.0,,
18318,,,
18319,130.0,,
18320,130.0,,
18321,216.0,,
18322,,,
18323,220.0,,
18324,140.0,,
18325,160.0,,
18326,172.0,,
18327,112.0,,
18328,150.0,,
18329,140.0,,
18330,140.0,,
18331,115.0,,
18332,115.0,,
18333,198.0,,
18334,148.0,,
18335,160.0,,
18336,130.0,,
18337,120.0,,
18338,,,
18339,130.0,,
18340,220.0,,
18341,140.0,,
18342,132.0,,
18343,185.0,,
18344,140.0,,
18345,115.0,,
18346,189.0,,
18347,120.0,,
18348,220.0,,
18349,,,
18350,240.0,,
18351,135.0,,
18352,180.0,,
18353,130.0,,
18354,107.0,,
18355,230.0,,
18356,285.0,,
18357,130.0,,
18358,150.0,,
18359,250.0,,
18360,135.0,,
18361,150.0,,
18362,135.0,,
18363,115.0,,
18364,360.0,,
18365,240.0,,
18366,170.0,,
18367,180.0,,
18368,145.0,,
18369,160.0,,
18370,110.0,,
18371,147.0,,
18372,98.0,,
18373,121.0,,
18374,143.0,,
18375,122.0,,
18376,185.0,,
18377,161.0,,
18378,130.0,,
18379,131.0,,
18380,200.0,,
18381,150.0,,
18382,140.0,,
18383,141.0,,
18384,,,
18385,85.0,,
18386,121.0,,
18387,125.0,,
18388,185.0,,
18389,150.0,,
18390,190.0,,
18391,125.0,,
18392,165.0,,
18393,120.0,,
18394,398.0,,
18395,150.0,,
18396,190.0,,
18397,160.0,,
18398,165.0,,
18399,145.0,,
18400,170.0,,
18401,140.0,,
18402,160.0,,
18403,99.0,,
18404,150.0,,
18405,190.0,,
18406,130.0,,
18407,210.0,,
18408,120.0,,
18409,135.0,,
18410,,,
18411,157.0,,
18412,100.0,,
18413,138.0,,
18414,115.0,,
18415,106.0,,
18416,160.0,,
18417,110.0,,
18418,150.0,,
18419,100.0,,
18420,120.0,,
18421,115.0,,
18422,117.0,,
18423,125.0,,
18424,,,
18425,125.0,,
18426,,,
18427,166.0,,
18428,118.0,,
18429,,,
18430,110.0,,
18431,,,
18432,200.0,,
18433,280.0,,
18434,190.0,,
18435,230.0,,
18436,170.0,,
18437,105.0,,
18438,150.0,,
18439,120.0,,
18440,146.0,,
18441,110.0,,
18442,127.0,,
18443,100.0,,
18444,120.0,,
18445,,,
18446,130.0,,
18447,150.0,,
18448,,,
18449,135.0,,
18450,120.0,,
18451,,,
18452,170.0,,
18453,130.0,,
18454,80.0,,
18455,108.0,,
18456,146.0,,
18457,180.0,,
18458,118.0,,
18459,143.0,,
18460,230.0,,
18461,157.0,,
18462,150.0,,
18463,,,
18464,200.0,,
18465,155.0,,
18466,105.0,,
18467,135.0,,
18468,223.0,,
18469,109.0,,
18470,120.0,,
18471,113.0,,
18472,134.0,,
18473,,,
18474,,,
18475,,,
18476,140.0,,
18477,117.0,,
18478,120.0,,
18479,120.0,,
18480,92.0,,
18481,125.0,,
18482,168.0,,
18483,107.0,,
18484,,,
18485,119.0,,
18486,110.0,,
18487,217.0,,
18488,109.0,,
18489,118.0,,
18490,,,
18491,130.0,,
18492,109.0,,
18493,,,
18494,130.0,,
18495,170.0,,
18496,93.0,,
18497,120.0,,
18498,180.0,,
18499,104.0,,
18500,113.0,,
18501,155.0,,
18502,155.0,,
18503,153.0,,
18504,140.0,,
18505,160.0,,
18506,116.0,,
18507,160.0,,
18508,118.0,,
18509,148.0,,
18510,128.0,,
18511,230.0,,
18512,120.0,,
18513,121.0,,
18514,,,
18515,210.0,,
18516,143.0,,
18517,,,
18518,196.0,,
18519,170.0,,
18520,140.0,,
18521,120.0,,
18522,,,
18523,122.0,,
18524,147.0,,
18525,196.0,,
18526,150.0,,
18527,125.0,,
18528,115.0,,
18529,123.0,,
18530,138.0,,
18531,125.0,,
18532,137.0,,
18533,206.0,,
18534,,,
18535,180.0,,
18536,134.0,,
18537,129.0,,
18538,104.0,,
18539,105.0,,
18540,,,
18541,165.0,,
18542,120.0,,
18543,,,
18544,135.0,,
18545,199.0,,
18546,115.0,,
18547,116.0,,
18548,145.0,,
18549,150.0,,
18550,90.0,,
18551,120.0,,
18552,185.0,,
18553,140.0,,
18554,138.0,,
18555,,,
18556,127.0,,
18557,112.0,,
18558,130.0,,
18559,137.0,,
18560,,,
18561,,,
18562,137.0,,
18563,100.0,,
18564,100.0,,
18565,125.0,,
18566,117.0,,
18567,140.0,,
18568,140.0,,
18569,150.0,,
18570,160.0,,
18571,230.0,,
18572,,,
18573,210.0,,
18574,205.0,,
18575,150.0,,
18576,137.0,,
18577,126.0,,
18578,143.0,,
18579,154.0,,
18580,125.0,,
18581,127.0,,
18582,200.0,,
18583,180.0,,
18584,290.0,,
18585,160.0,,
18586,240.0,,
18587,157.0,,
18588,135.0,,
18589,118.0,,
18590,160.0,,
18591,140.0,,
18592,230.0,,
18593,,,
18594,111.0,,
18595,130.0,,
18596,175.0,,
18597,160.0,,
18598,,,
18599,120.0,,
18600,209.0,,
18601,118.0,,
18602,218.0,,
18603,130.0,,
18604,150.0,,
18605,84.0,,
18606,130.0,,
18607,130.0,,
18608,166.0,,
18609,,,
18610,158.0,,
18611,,,
18612,,,
18613,200.0,,
18614,187.0,,
18615,142.0,,
18616,120.0,,
18617,117.0,,
18618,125.0,,
18619,160.0,,
18620,200.0,,
18621,116.0,,
18622,190.0,,
18623,96.0,,
18624,350.0,,
18625,111.0,,
18626,143.0,,
18627,150.0,,
18628,125.0,,
18629,199.0,,
18630,,,
18631,170.0,,
18632,160.0,,
18633,120.0,,
18634,110.0,,
18635,178.0,,
18636,150.0,,
18637,,,
18638,115.0,,
18639,152.0,,
18640,140.0,,
18641,158.0,,
18642,120.0,,
18643,140.0,,
18644,,,
18645,140.0,,
18646,108.0,,
18647,114.0,,
18648,289.0,,
18649,100.0,,
18650,185.0,,
18651,168.0,,
18652,180.0,,
18653,140.0,,
18654,118.0,,
18655,132.0,,
18656,170.0,,
18657,250.0,,
18658,,,
18659,112.0,,
18660,150.0,,
18661,160.0,,
18662,135.0,,
18663,399.0,,
18664,128.0,,
18665,164.0,,
18666,183.0,,
18667,155.0,,
18668,130.0,,
18669,102.0,,
18670,128.0,,
18671,166.0,,
18672,160.0,,
18673,135.0,,
18674,120.0,,
18675,170.0,,
18676,180.0,,
18677,150.0,,
18678,,,
18679,115.0,,
18680,84.0,,
18681,250.0,,
18682,142.0,,
18683,72.0,,
18684,120.0,,
18685,153.0,,
18686,,,
18687,188.0,,
18688,140.0,,
18689,165.0,,
18690,212.0,,
18691,,,
18692,,,
18693,200.0,,
18694,,,
18695,205.0,,
18696,,,
18697,399.0,,
18698,149.0,,
18699,115.0,,
18700,170.0,,
18701,125.0,,
18702,130.0,,
18703,115.0,,
18704,156.0,,
18705,,,
18706,225.0,,
18707,115.0,,
18708,142.0,,
18709,175.0,,
18710,110.0,,
18711,155.0,,
18712,116.0,,
18713,154.0,,
18714,214.0,,
18715,135.0,,
18716,133.0,,
18717,124.0,,
18718,90.0,,
18719,119.0,,
18720,183.0,,
18721,160.0,,
18722,199.0,,
18723,180.0,,
18724,193.0,,
18725,158.0,,
18726,120.0,,
18727,113.0,,
18728,,,
18729,105.0,,
18730,125.0,,
18731,110.0,,
18732,130.0,,
18733,145.0,,
18734,,,
18735,140.0,,
18736,,,
18737,138.0,,
18738,120.0,,
18739,130.0,,
18740,195.0,,
18741,125.0,,
18742,145.0,,
18743,95.0,,
18744,,,
18745,197.0,,
18746,,,
18747,115.0,,
18748,242.0,,
18749,143.0,,
18750,,,
18751,135.0,,
18752,150.0,,
18753,130.0,,
18754,125.0,,
18755,135.0,,
18756,195.0,,
18757,165.0,,
18758,,,
18759,220.0,,
18760,108.0,,
18761,200.0,,
18762,160.0,,
18763,,,
18764,120.0,,
18765,315.0,,
18766,145.0,,
18767,160.0,,
18768,,,
18769,115.0,,
18770,125.0,,
18771,200.0,,
18772,110.0,,
18773,200.0,,
18774,,,
18775,206.0,,
18776,195.0,,
18777,113.0,,
18778,163.0,,
18779,183.0,,
18780,,,
18781,170.0,,
18782,110.0,,
18783,,,
18784,,,
18785,138.0,,
18786,398.0,,
18787,142.0,,
18788,115.0,,
18789,,,
18790,115.0,,
18791,135.0,,
18792,130.0,,
18793,165.0,,
18794,285.0,,
18795,180.0,,
18796,140.0,,
18797,210.0,,
18798,120.0,,
18799,399.0,,
18800,140.0,,
18801,128.0,,
18802,120.0,,
18803,,,
18804,142.0,,
18805,142.0,,
18806,,,
18807,127.0,,
18808,,,
18809,92.0,,
18810,170.0,,
18811,220.0,,
18812,,,
18813,,,
18814,139.0,,
18815,145.0,,
18816,120.0,,
18817,136.0,,
18818,210.0,,
18819,130.0,,
18820,92.0,,
18821,,,
18822,160.0,,
18823,125.0,,
18824,108.0,,
18825,165.0,,
18826,130.0,,
18827,,,
18828,155.0,,
18829,103.0,,
18830,178.0,,
18831,132.0,,
18832,140.0,,
18833,138.0,,
18834,203.0,,
18835,240.0,,
18836,114.0,,
18837,135.0,,
18838,140.0,,
18839,180.0,,
18840,113.0,,
18841,145.0,,
18842,115.0,,
18843,,,
18844,130.0,,
18845,194.0,,
18846,148.0,,
18847,108.0,,
18848,90.0,,
18849,120.0,,
18850,150.0,,
18851,121.0,,
18852,222.0,,
18853,95.0,,
18854,,,
18855,150.0,,
18856,165.0,,
18857,160.0,,
18858,,,
18859,130.0,,
18860,115.0,,
18861,135.0,,
18862,,,
18863,167.0,,
18864,106.0,,
18865,202.0,,
18866,125.0,,
18867,135.0,,
18868,112.0,,
18869,,,
18870,124.0,,
18871,155.0,,
18872,,,
18873,,,
18874,,,
18875,125.0,,
18876,399.0,,
18877,,,
18878,,,
18879,118.0,,
18880,200.0,,
18881,100.0,,
18882,135.0,,
18883,120.0,,
18884,,,
18885,120.0,,
18886,107.0,,
18887,127.0,,
18888,140.0,,
18889,160.0,,
18890,190.0,,
18891,,,
18892,140.0,,
18893,120.0,,
18894,210.0,,
18895,187.0,,
18896,90.0,,
18897,126.0,,
18898,,,
18899,,,
18900,110.0,,
18901,,,
18902,,,
18903,110.0,,
18904,,,
18905,190.0,,
18906,130.0,,
18907,220.0,,
18908,164.0,,
18909,,,
18910,270.0,,
18911,75.0,,
18912,120.0,,
18913,,,
18914,132.0,,
18915,130.0,,
18916,112.0,,
18917,129.0,,
18918,,,
18919,165.0,,
18920,136.0,,
18921,140.0,,
18922,118.0,,
18923,,,
18924,100.0,,
18925,112.0,,
18926,175.0,,
18927,212.0,,
18928,150.0,,
18929,122.0,,
18930,140.0,,
18931,158.0,,
18932,,,
18933,,,
18934,127.0,,
18935,134.0,,
18936,250.0,,
18937,399.0,,
18938,160.0,,
18939,160.0,,
18940,123.0,,
18941,180.0,,
18942,220.0,,
18943,130.0,,
18944,135.0,,
18945,180.0,,
18946,127.0,,
18947,180.0,,
18948,115.0,,
18949,102.0,,
18950,,,
18951,126.0,,
18952,96.0,,
18953,152.0,,
18954,170.0,,
18955,130.0,,
18956,220.0,,
18957,190.0,,
18958,180.0,,
18959,139.0,,
18960,107.0,,
18961,,,
18962,120.0,,
18963,,,
18964,146.0,,
18965,105.0,,
18966,162.0,,
18967,190.0,,
18968,127.0,,
18969,130.0,,
18970,165.0,,
18971,116.0,,
18972,108.0,,
18973,120.0,,
18974,120.0,,
18975,285.0,,
18976,160.0,,
18977,130.0,,
18978,135.0,,
18979,,,
18980,,,
18981,260.0,,
18982,,,
18983,,,
18984,,,
18985,145.0,,
18986,300.0,,
18987,,,
18988,184.0,,
18989,,,
18990,131.0,,
18991,130.0,,
18992,190.0,,
18993,130.0,,
18994,241.0,,
18995,,,
18996,,,
18997,213.0,,
18998,148.0,,
18999,110.0,,
19000,182.0,,
19001,178.0,,
19002,115.0,,
19003,135.0,,
19004,,,
19005,205.0,,
19006,165.0,,
19007,220.0,,
19008,280.0,,
19009,140.0,,
19010,85.0,,
19011,150.0,,
19012,200.0,,
19013,200.0,,
19014,120.0,,
19015,132.0,,
19016,98.0,,
19017,200.0,,
19018,125.0,,
19019,125.0,,
19020,153.0,,
19021,,,
19022,139.0,,
19023,237.0,,
19024,208.0,,
19025,113.0,,
19026,120.0,,
19027,156.0,,
19028,150.0,,
19029,160.0,,
19030,,,
19031,156.0,,
19032,173.0,,
19033,165.0,,
19034,173.0,,
19035,150.0,,
19036,120.0,,
19037,109.0,,
19038,183.0,,
19039,,,
19040,160.0,,
19041,130.0,,
19042,300.0,,
19043,78.0,,
19044,,,
19045,90.0,,
19046,110.0,,
19047,,,
19048,130.0,,
19049,154.0,,
19050,161.0,,
19051,150.0,,
19052,150.0,,
19053,,,
19054,,,
19055,148.0,,
19056,209.0,,
19057,,,
19058,,,
19059,,,
19060,,,
19061,220.0,,
19062,,,
19063,170.0,,
19064,,,
19065,148.0,,
19066,168.0,,
19067,154.0,,
19068,120.0,,
19069,126.0,,
19070,121.0,,
19071,250.0,,
19072,,,
19073,118.0,,
19074,125.0,,
19075,220.0,,
19076,155.0,,
19077,106.0,,
19078,184.0,,
19079,,,
19080,220.0,,
19081,,,
19082,212.0,,
19083,101.0,,
19084,,,
19085,163.0,,
19086,100.0,,
19087,177.0,,
19088,,,
19089,112.0,,
19090,160.0,,
19091,200.0,,
19092,126.0,,
19093,,,
19094,140.0,,
19095,152.0,,
19096,161.0,,
19097,,,
19098,138.0,,
19099,63.0,,
19100,,,
19101,185.0,,
19102,139.0,,
19103,,,
19104,121.0,,
19105,120.0,,
19106,,,
19107,233.0,,
19108,180.0,,
19109,,,
19110,,,
19111,187.0,,
19112,190.0,,
19113,150.0,,
19114,180.0,,
19115,135.0,,
19116,112.0,,
19117,145.0,,
19118,136.0,,
19119,150.0,,
19120,130.0,,
19121,,,
19122,123.0,,
19123,120.0,,
19124,200.0,,
19125,240.0,,
19126,,,
19127,200.0,,
19128,140.0,,
19129,150.0,,
19130,120.0,,
19131,187.0,,
19132,116.0,,
19133,106.0,,
19134,140.0,,
19135,136.0,,
19136,300.0,,
19137,245.0,,
19138,150.0,,
19139,190.0,,
19140,88.0,,
19141,127.0,,
19142,100.0,,
19143,160.0,,
19144,,,
19145,165.0,,
19146,101.0,,
19147,178.0,,
19148,131.0,,
19149,140.0,,
19150,123.0,,
19151,197.0,,
19152,120.0,,
19153,95.0,,
19154,149.0,,
19155,250.0,,
19156,236.0,,
19157,,,
19158,175.0,,
19159,130.0,,
19160,210.0,,
19161,165.0,,
19162,120.0,,
19163,136.0,,
19164,138.0,,
19165,137.0,,
19166,220.0,,
19167,,,
19168,140.0,,
19169,119.0,,
19170,120.0,,
19171,105.0,,
19172,,,
19173,140.0,,
19174,144.0,,
19175,125.0,,
19176,220.0,,
19177,130.0,,
19178,160.0,,
19179,177.0,,
19180,132.0,,
19181,150.0,,
19182,60.0,,
19183,135.0,,
19184,140.0,,
19185,110.0,,
19186,,,
19187,140.0,,
19188,80.0,,
19189,,,
19190,130.0,,
19191,185.0,,
19192,130.0,,
19193,135.0,,
19194,,,
19195,119.0,,
19196,148.0,,
19197,,,
19198,,,
19199,63.0,,
19200,,,
19201,140.0,,
19202,128.0,,
19203,200.0,,
19204,,,
19205,114.0,,
19206,185.0,,
19207,130.0,,
19208,165.0,,
19209,,,
19210,78.0,,
19211,110.0,,
19212,109.0,,
19213,145.0,,
19214,105.0,,
19215,180.0,,
19216,,,
19217,190.0,,
19218,120.0,,
19219,,,
19220,152.0,,
19221,,,
19222,230.0,,
19223,115.0,,
19224,154.0,,
19225,112.0,,
19226,125.0,,
19227,111.0,,
19228,130.0,,
19229,60.0,,
19230,128.0,,
19231,130.0,,
19232,122.0,,
19233,140.0,,
19234,250.0,,
19235,140.0,,
19236,170.0,,
19237,137.0,,
19238,208.0,,
19239,123.0,,
19240,170.0,,
19241,114.0,,
19242,170.0,,
19243,131.0,,
19244,131.0,,
19245,150.0,,
19246,140.0,,
19247,105.0,,
19248,130.0,,
19249,190.0,,
19250,,,
19251,98.0,,
19252,150.0,,
19253,144.0,,
19254,130.0,,
19255,112.0,,
19256,156.0,,
19257,186.0,,
19258,120.0,,
19259,180.0,,
19260,140.0,,
19261,367.0,,
19262,145.0,,
19263,110.0,,
19264,192.0,,
19265,175.0,,
19266,142.0,,
19267,130.0,,
19268,250.0,,
19269,125.0,,
19270,124.0,,
19271,140.0,,
19272,303.0,,
19273,220.0,,
19274,160.0,,
19275,125.0,,
19276,115.0,,
19277,130.0,,
19278,130.0,,
19279,120.0,,
19280,125.0,,
19281,160.0,,
19282,162.0,,
19283,104.0,,
19284,185.0,,
19285,160.0,,
19286,,,
19287,,,
19288,180.0,,
19289,120.0,,
19290,,,
19291,,,
19292,125.0,,
19293,103.0,,
19294,115.0,,
19295,130.0,,
19296,190.0,,
19297,90.0,,
19298,,,
19299,290.0,,
19300,180.0,,
19301,122.0,,
19302,135.0,,
19303,110.0,,
19304,105.0,,
19305,135.0,,
19306,150.0,,
19307,145.0,,
19308,220.0,,
19309,315.0,,
19310,135.0,,
19311,110.0,,
19312,135.0,,
19313,201.0,,
19314,123.0,,
19315,,,
19316,155.0,,
19317,170.0,,
19318,110.0,,
19319,115.0,,
19320,155.0,,
19321,145.0,,
19322,125.0,,
19323,205.0,,
19324,144.0,,
19325,176.0,,
19326,200.0,,
19327,130.0,,
19328,124.0,,
19329,160.0,,
19330,,,
19331,147.0,,
19332,150.0,,
19333,120.0,,
19334,148.0,,
19335,130.0,,
19336,179.0,,
19337,160.0,,
19338,131.0,,
19339,,,
19340,109.0,,
19341,190.0,,
19342,200.0,,
19343,125.0,,
19344,235.0,,
19345,,,
19346,170.0,,
19347,157.0,,
19348,190.0,,
19349,103.0,,
19350,117.0,,
19351,112.0,,
19352,160.0,,
19353,164.0,,
19354,205.0,,
19355,,,
19356,103.0,,
19357,150.0,,
19358,120.0,,
19359,120.0,,
19360,123.0,,
19361,,,
19362,145.0,,
19363,140.0,,
19364,113.0,,
19365,150.0,,
19366,160.0,,
19367,120.0,,
19368,117.0,,
19369,120.0,,
19370,120.0,,
19371,190.0,,
19372,132.0,,
19373,215.0,,
19374,104.0,,
19375,140.0,,
19376,140.0,,
19377,150.0,,
19378,,,
19379,132.0,,
19380,130.0,,
19381,115.0,,
19382,160.0,,
19383,119.0,,
19384,170.0,,
19385,145.0,,
19386,115.0,,
19387,100.0,,
19388,135.0,,
19389,133.0,,
19390,233.0,,
19391,200.0,,
19392,120.0,,
19393,118.0,,
19394,120.0,,
19395,125.0,,
19396,,,
19397,153.0,,
19398,210.0,,
19399,107.0,,
19400,107.0,,
19401,180.0,,
19402,165.0,,
19403,90.0,,
19404,125.0,,
19405,105.0,,
19406,225.0,,
19407,150.0,,
19408,135.0,,
19409,94.0,,
19410,205.0,,
19411,215.0,,
19412,130.0,,
19413,140.0,,
19414,135.0,,
19415,298.0,,
19416,165.0,,
19417,190.0,,
19418,135.0,,
19419,151.0,,
19420,140.0,,
19421,,,
19422,250.0,,
19423,180.0,,
19424,140.0,,
19425,138.0,,
19426,102.0,,
19427,120.0,,
19428,189.0,,
19429,135.0,,
19430,138.0,,
19431,165.0,,
19432,130.0,,
19433,160.0,,
19434,120.0,,
19435,160.0,,
19436,108.0,,
19437,137.0,,
19438,115.0,,
19439,140.0,,
19440,136.0,,
19441,132.0,,
19442,128.0,,
19443,,,
19444,126.0,,
19445,130.0,,
19446,124.0,,
19447,170.0,,
19448,95.0,,
19449,134.0,,
19450,114.0,,
19451,123.0,,
19452,115.0,,
19453,,,
19454,202.0,,
19455,243.0,,
19456,175.0,,
19457,111.0,,
19458,235.0,,
19459,175.0,,
19460,125.0,,
19461,120.0,,
19462,189.0,,
19463,240.0,,
19464,105.0,,
19465,150.0,,
19466,155.0,,
19467,317.0,,
19468,220.0,,
19469,110.0,,
19470,125.0,,
19471,145.0,,
19472,176.0,,
19473,,,
19474,90.0,,
19475,131.0,,
19476,,,
19477,160.0,,
19478,115.0,,
19479,178.0,,
19480,155.0,,
19481,190.0,,
19482,,,
19483,145.0,,
19484,193.0,,
19485,170.0,,
19486,125.0,,
19487,175.0,,
19488,131.0,,
19489,118.0,,
19490,,,
19491,170.0,,
19492,123.0,,
19493,143.0,,
19494,205.0,,
19495,,,
19496,110.0,,
19497,180.0,,
19498,129.0,,
19499,160.0,,
19500,145.0,,
19501,110.0,,
19502,140.0,,
19503,110.0,,
19504,145.0,,
19505,,,
19506,190.0,,
19507,150.0,,
19508,145.0,,
19509,,,
19510,150.0,,
19511,160.0,,
19512,120.0,,
19513,125.0,,
19514,,,
19515,,,
19516,130.0,,
19517,,,
19518,148.0,,
19519,100.0,,
19520,180.0,,
19521,147.0,,
19522,120.0,,
19523,125.0,,
19524,170.0,,
19525,130.0,,
19526,,,
19527,132.0,,
19528,140.0,,
19529,150.0,,
19530,170.0,,
19531,130.0,,
19532,135.0,,
19533,,,
19534,120.0,,
19535,200.0,,
19536,135.0,,
19537,120.0,,
19538,135.0,,
19539,,,
19540,203.0,,
19541,100.0,,
19542,98.0,,
19543,,,
19544,270.0,,
19545,120.0,,
19546,128.0,,
19547,106.0,,
19548,143.0,,
19549,114.0,,
19550,,,
19551,120.0,,
19552,110.0,,
19553,148.0,,
19554,,,
19555,,,
19556,155.0,,
19557,130.0,,
19558,142.0,,
19559,260.0,,
19560,170.0,,
19561,135.0,,
19562,,,
19563,110.0,,
19564,207.0,,
19565,127.0,,
19566,180.0,,
19567,85.0,,
19568,116.0,,
19569,98.0,,
19570,90.0,,
19571,,,
19572,123.0,,
19573,120.0,,
19574,110.0,,
19575,290.0,,
19576,220.0,,
19577,130.0,,
19578,200.0,,
19579,270.0,,
19580,204.0,,
19581,115.0,,
19582,225.0,,
19583,219.0,,
19584,140.0,,
19585,270.0,,
19586,225.0,,
19587,115.0,,
19588,110.0,,
19589,,,
19590,,,
19591,119.0,,
19592,150.0,,
19593,180.0,,
19594,200.0,,
19595,180.0,,
19596,270.0,,
19597,125.0,,
19598,125.0,,
19599,212.0,,
19600,127.0,,
19601,145.0,,
19602,88.0,,
19603,140.0,,
19604,,,
19605,120.0,,
19606,187.0,,
19607,135.0,,
19608,166.0,,
19609,160.0,,
19610,176.0,,
19611,190.0,,
19612,120.0,,
19613,,,
19614,179.0,,
19615,150.0,,
19616,155.0,,
19617,102.0,,
19618,250.0,,
19619,,,
19620,135.0,,
19621,,,
19622,152.0,,
19623,110.0,,
19624,98.0,,
19625,175.0,,
19626,130.0,,
19627,242.0,,
19628,170.0,,
19629,220.0,,
19630,115.0,,
19631,175.0,,
19632,140.0,,
19633,155.0,,
19634,160.0,,
19635,130.0,,
19636,180.0,,
19637,155.0,,
19638,124.0,,
19639,112.0,,
19640,,,
19641,110.0,,
19642,122.0,,
19643,,,
19644,120.0,,
19645,124.0,,
19646,,,
19647,135.0,,
19648,118.0,,
19649,155.0,,
19650,125.0,,
19651,145.0,,
19652,160.0,,
19653,225.0,,
19654,120.0,,
19655,140.0,,
19656,156.0,,
19657,152.0,,
19658,115.0,,
19659,155.0,,
19660,,,
19661,210.0,,
19662,155.0,,
19663,,,
19664,165.0,,
19665,178.0,,
19666,340.0,,
19667,125.0,,
19668,110.0,,
19669,190.0,,
19670,108.0,,
19671,97.0,,
19672,165.0,,
19673,,,
19674,,,
19675,107.0,,
19676,104.0,,
19677,110.0,,
19678,110.0,,
19679,110.0,,
19680,165.0,,
19681,175.0,,
19682,114.0,,
19683,130.0,,
19684,200.0,,
19685,,,
19686,,,
19687,240.0,,
19688,171.0,,
19689,175.0,,
19690,148.0,,
19691,100.0,,
19692,126.0,,
19693,163.0,,
19694,220.0,,
19695,,,
19696,230.0,,
19697,186.0,,
19698,116.0,,
19699,160.0,,
19700,250.0,,
19701,167.0,,
19702,131.0,,
19703,140.0,,
19704,150.0,,
19705,,,
19706,180.0,,
19707,220.0,,
19708,100.0,,
19709,124.0,,
19710,155.0,,
19711,112.0,,
19712,,,
19713,173.0,,
19714,145.0,,
19715,175.0,,
19716,120.0,,
19717,125.0,,
19718,103.0,,
19719,280.0,,
19720,127.0,,
19721,200.0,,
19722,130.0,,
19723,146.0,,
19724,,,
19725,110.0,,
19726,145.0,,
19727,170.0,,
19728,138.0,,
19729,158.0,,
19730,140.0,,
19731,140.0,,
19732,,,
19733,110.0,,
19734,135.0,,
19735,176.0,,
19736,130.0,,
19737,148.0,,
19738,130.0,,
19739,136.0,,
19740,192.0,,
19741,110.0,,
19742,110.0,,
19743,300.0,,
19744,164.0,,
19745,115.0,,
19746,164.0,,
19747,120.0,,
19748,176.0,,
19749,172.0,,
19750,170.0,,
19751,120.0,,
19752,120.0,,
19753,150.0,,
19754,165.0,,
19755,160.0,,
19756,250.0,,
19757,145.0,,
19758,125.0,,
19759,136.0,,
19760,,,
19761,140.0,,
19762,125.0,,
19763,170.0,,
19764,170.0,,
19765,140.0,,
19766,140.0,,
19767,112.0,,
19768,117.0,,
19769,268.0,,
19770,100.0,,
19771,135.0,,
19772,175.0,,
19773,114.0,,
19774,135.0,,
19775,152.0,,
19776,,,
19777,105.0,,
19778,145.0,,
19779,192.0,,
19780,130.0,,
19781,130.0,,
19782,120.0,,
19783,120.0,,
19784,125.0,,
19785,130.0,,
19786,200.0,,
19787,173.0,,
19788,130.0,,
19789,125.0,,
19790,,,
19791,125.0,,
19792,145.0,,
19793,112.0,,
19794,172.0,,
19795,,,
19796,125.0,,
19797,132.0,,
19798,122.0,,
19799,,,
19800,130.0,,
19801,150.0,,
19802,,,
19803,140.0,,
19804,,,
19805,130.0,,
19806,125.0,,
19807,95.0,,
19808,135.0,,
19809,110.0,,
19810,135.0,,
19811,110.0,,
19812,115.0,,
19813,125.0,,
19814,137.0,,
19815,138.0,,
19816,107.0,,
19817,138.0,,
19818,158.0,,
19819,130.0,,
19820,245.0,,
19821,180.0,,
19822,150.0,,
19823,120.0,,
19824,143.0,,
19825,128.0,,
19826,145.0,,
19827,90.0,,
19828,167.0,,
19829,138.0,,
19830,152.0,,
19831,125.0,,
19832,155.0,,
19833,120.0,,
19834,128.0,,
19835,189.0,,
19836,103.0,,
19837,123.0,,
19838,132.0,,
19839,140.0,,
19840,103.0,,
19841,125.0,,
19842,120.0,,
19843,120.0,,
19844,115.0,,
19845,200.0,,
19846,150.0,,
19847,200.0,,
19848,179.0,,
19849,175.0,,
19850,140.0,,
19851,110.0,,
19852,105.0,,
19853,120.0,,
19854,160.0,,
19855,,,
19856,110.0,,
19857,150.0,,
19858,145.0,,
19859,200.0,,
19860,,,
19861,256.0,,
19862,113.0,,
19863,125.0,,
19864,140.0,,
19865,210.0,,
19866,115.0,,
19867,,,
19868,152.0,,
19869,130.0,,
19870,98.0,,
19871,100.0,,
19872,115.0,,
19873,140.0,,
19874,109.0,,
19875,150.0,,
19876,102.0,,
19877,190.0,,
19878,131.0,,
19879,165.0,,
19880,140.0,,
19881,120.0,,
19882,,,
19883,,,
19884,110.0,,
19885,185.0,,
19886,130.0,,
19887,125.0,,
19888,178.0,,
19889,285.0,,
19890,109.0,,
19891,,,
19892,125.0,,
19893,113.0,,
19894,,,
19895,120.0,,
19896,183.0,,
19897,70.0,,
19898,125.0,,
19899,130.0,,
19900,120.0,,
19901,125.0,,
19902,175.0,,
19903,155.0,,
19904,180.0,,
19905,124.0,,
19906,108.0,,
19907,105.0,,
19908,115.0,,
19909,240.0,,
19910,195.0,,
19911,143.0,,
19912,98.0,,
19913,203.0,,
19914,399.0,,
19915,200.0,,
19916,180.0,,
19917,150.0,,
19918,,,
19919,150.0,,
19920,100.0,,
19921,150.0,,
19922,112.0,,
19923,,,
19924,113.0,,
19925,120.0,,
19926,114.0,,
19927,136.0,,
19928,116.0,,
19929,90.0,,
19930,180.0,,
19931,148.0,,
19932,,,
19933,136.0,,
19934,161.0,,
19935,150.0,,
19936,113.0,,
19937,135.0,,
19938,150.0,,
19939,140.0,,
19940,135.0,,
19941,133.0,,
19942,115.0,,
19943,143.0,,
19944,127.0,,
19945,105.0,,
19946,125.0,,
19947,145.0,,
19948,130.0,,
19949,140.0,,
19950,125.0,,
19951,182.0,,
19952,121.0,,
19953,150.0,,
19954,138.0,,
19955,200.0,,
19956,135.0,,
19957,164.0,,
19958,220.0,,
19959,183.0,,
19960,135.0,,
19961,220.0,,
19962,119.0,,
19963,160.0,,
19964,145.0,,
19965,207.0,,
19966,232.0,,
19967,150.0,,
19968,141.0,,
19969,155.0,,
19970,145.0,,
19971,125.0,,
19972,185.0,,
19973,105.0,,
19974,150.0,,
19975,,,
19976,115.0,,
19977,100.0,,
19978,147.0,,
19979,180.0,,
19980,135.0,,
19981,142.0,,
19982,190.0,,
19983,200.0,,
19984,160.0,,
19985,120.0,,
19986,136.0,,
19987,125.0,,
19988,110.0,,
19989,145.0,,
19990,105.0,,
19991,136.0,,
19992,150.0,,
19993,97.0,,
19994,160.0,,
19995,135.0,,
19996,150.0,,
19997,120.0,,
19998,90.0,,
19999,98.0,,
20000,145.0,,
20001,195.0,,
20002,121.0,,
20003,,,
20004,165.0,,
20005,195.0,,
20006,132.0,,
20007,138.0,,
20008,134.0,,
20009,160.0,,
20010,130.0,,
20011,,,
20012,115.0,,
20013,137.0,,
20014,150.0,,
20015,155.0,,
20016,164.0,,
20017,150.0,,
20018,146.0,,
20019,80.0,,
20020,162.0,,
20021,145.0,,
20022,135.0,,
20023,178.0,,
20024,113.0,,
20025,110.0,,
20026,147.0,,
20027,106.0,,
20028,150.0,,
20029,210.0,,
20030,125.0,,
20031,,,
20032,108.0,,
20033,165.0,,
20034,101.0,,
20035,96.0,,
20036,210.0,,
20037,165.0,,
20038,120.0,,
20039,204.0,,
20040,230.0,,
20041,,,
20042,101.0,,
20043,120.0,,
20044,105.0,,
20045,175.0,,
20046,225.0,,
20047,135.0,,
20048,123.0,,
20049,,,
20050,137.0,,
20051,115.0,,
20052,250.0,,
20053,104.0,,
20054,240.0,,
20055,195.0,,
20056,127.0,,
20057,156.0,,
20058,,,
20059,110.0,,
20060,150.0,,
20061,275.0,,
20062,100.0,,
20063,190.0,,
20064,120.0,,
20065,160.0,,
20066,145.0,,
20067,148.0,,
20068,113.0,,
20069,134.0,,
20070,110.0,,
20071,,,
20072,130.0,,
20073,180.0,,
20074,,,
20075,253.0,,
20076,160.0,,
20077,128.0,,
20078,155.0,,
20079,155.0,,
20080,148.0,,
20081,117.0,,
20082,120.0,,
20083,113.0,,
20084,255.0,,
20085,,,
20086,175.0,,
20087,170.0,,
20088,147.0,,
20089,,,
20090,122.0,,
20091,100.0,,
20092,130.0,,
20093,140.0,,
20094,163.0,,
20095,118.0,,
20096,150.0,,
20097,,,
20098,399.0,,
20099,140.0,,
20100,188.0,,
20101,213.0,,
20102,135.0,,
20103,150.0,,
1933,125.0,1.0,
17275,126.0,3.0,
13710,110.0,2.0,
1879,155.0,2.0,
15744,140.0,1.0,
10024,155.0,4.0,
2871,162.0,3.0,
3303,145.0,5.0,
4038,215.0,2.0,
5533,120.0,2.0,
1647,115.0,2.0,
8145,,1.0,
5164,212.0,4.0,
7598,103.0,5.0,
12911,154.0,1.0,
