row_id,height_orig,social_media_use,age
1,505.0,6.0,
2,,4.0,
3,506.0,8.0,
4,,8.0,
5,601.0,6.0,
6,511.0,8.0,
7,600.0,8.0,
8,500.0,6.0,
9,505.0,6.0,
10,504.0,6.0,
11,507.0,1.0,
12,502.0,6.0,
13,506.0,6.0,
14,504.0,6.0,
15,509.0,7.0,
16,506.0,8.0,
17,602.0,8.0,
18,604.0,3.0,
19,505.0,6.0,
20,500.0,2.0,
21,604.0,4.0,
22,603.0,7.0,
23,508.0,7.0,
24,511.0,8.0,
25,504.0,6.0,
26,505.0,6.0,
27,503.0,6.0,
28,509.0,5.0,
29,600.0,8.0,
30,510.0,8.0,
31,509.0,8.0,
32,503.0,8.0,
33,510.0,,
34,601.0,4.0,
35,505.0,6.0,
36,603.0,6.0,
37,504.0,6.0,
38,604.0,6.0,
39,511.0,6.0,
40,508.0,6.0,
41,504.0,8.0,
42,504.0,6.0,
43,409.0,6.0,
44,502.0,8.0,
45,507.0,1.0,
46,509.0,6.0,
47,502.0,4.0,
48,505.0,1.0,
49,500.0,8.0,
50,505.0,7.0,
51,504.0,8.0,
52,509.0,1.0,
53,505.0,8.0,
54,603.0,7.0,
55,600.0,6.0,
56,600.0,5.0,
57,607.0,6.0,
58,511.0,6.0,
59,509.0,4.0,
60,603.0,6.0,
61,509.0,8.0,
62,600.0,7.0,
63,510.0,5.0,
64,509.0,4.0,
65,501.0,8.0,
66,504.0,5.0,
67,505.0,6.0,
68,511.0,6.0,
69,505.0,8.0,
70,507.0,6.0,
71,508.0,6.0,
72,506.0,6.0,
73,505.0,6.0,
74,505.0,1.0,
75,507.0,4.0,
76,509.0,8.0,
77,505.0,8.0,
78,602.0,8.0,
79,505.0,5.0,
80,600.0,1.0,
81,501.0,6.0,
82,509.0,8.0,
83,600.0,6.0,
84,503.0,6.0,
85,502.0,1.0,
86,600.0,4.0,
87,605.0,4.0,
88,403.0,1.0,
89,511.0,6.0,
90,508.0,8.0,
91,506.0,8.0,
92,504.0,6.0,
93,508.0,8.0,
94,506.0,8.0,
95,505.0,6.0,
96,503.0,5.0,
97,504.0,7.0,
98,505.0,8.0,
99,502.0,6.0,
100,510.0,7.0,
101,508.0,,
102,504.0,8.0,
103,510.0,8.0,
104,510.0,8.0,
105,601.0,5.0,
106,602.0,8.0,
107,501.0,6.0,
108,602.0,6.0,
109,505.0,6.0,
110,508.0,8.0,
111,510.0,8.0,
112,600.0,2.0,
113,504.0,8.0,
114,503.0,8.0,
115,503.0,2.0,
116,506.0,8.0,
117,603.0,2.0,
118,601.0,6.0,
119,509.0,8.0,
120,411.0,8.0,
121,505.0,7.0,
122,510.0,6.0,
123,502.0,6.0,
124,601.0,5.0,
125,504.0,8.0,
126,504.0,5.0,
127,507.0,1.0,
128,505.0,8.0,
129,500.0,8.0,
130,510.0,5.0,
131,506.0,8.0,
132,602.0,7.0,
133,604.0,6.0,
134,502.0,6.0,
135,506.0,6.0,
136,601.0,8.0,
137,509.0,6.0,
138,501.0,6.0,
139,601.0,8.0,
140,603.0,6.0,
141,503.0,8.0,
142,405.0,8.0,
143,602.0,8.0,
144,600.0,6.0,
145,503.0,1.0,
146,601.0,4.0,
147,507.0,1.0,
148,604.0,8.0,
149,601.0,8.0,
150,508.0,8.0,
151,511.0,6.0,
152,505.0,6.0,
153,600.0,2.0,
154,511.0,6.0,
155,503.0,7.0,
156,604.0,4.0,
157,602.0,6.0,
158,411.0,6.0,
159,511.0,8.0,
160,506.0,8.0,
161,411.0,8.0,
162,510.0,6.0,
163,510.0,3.0,
164,502.0,6.0,
165,502.0,4.0,
166,505.0,4.0,
167,503.0,8.0,
168,507.0,8.0,
169,602.0,8.0,
170,507.0,6.0,
171,510.0,,
172,508.0,8.0,
173,,8.0,
174,604.0,8.0,
175,,1.0,
176,600.0,1.0,
177,507.0,6.0,
178,503.0,8.0,
179,503.0,8.0,
180,411.0,8.0,
181,507.0,8.0,
182,504.0,8.0,
183,506.0,6.0,
184,403.0,8.0,
185,511.0,6.0,
186,600.0,6.0,
187,604.0,6.0,
188,510.0,8.0,
189,503.0,6.0,
190,411.0,7.0,
191,506.0,5.0,
192,409.0,8.0,
193,504.0,8.0,
194,506.0,6.0,
195,600.0,,
196,411.0,8.0,
197,509.0,8.0,
198,601.0,8.0,
199,600.0,6.0,
200,503.0,2.0,
201,403.0,4.0,
202,503.0,8.0,
203,506.0,3.0,
204,501.0,6.0,
205,506.0,8.0,
206,502.0,8.0,
207,508.0,1.0,
208,504.0,8.0,
209,508.0,6.0,
210,707.0,,
211,508.0,8.0,
212,509.0,8.0,
213,601.0,6.0,
214,508.0,8.0,
215,507.0,4.0,
216,503.0,,
217,510.0,1.0,
218,501.0,6.0,
219,509.0,6.0,
220,504.0,6.0,
221,601.0,5.0,
222,506.0,8.0,
223,505.0,6.0,
224,511.0,2.0,
225,509.0,6.0,
226,400.0,8.0,
227,509.0,1.0,
228,601.0,1.0,
229,510.0,6.0,
230,704.0,,
231,508.0,6.0,
232,511.0,8.0,
233,511.0,8.0,
234,609.0,8.0,
235,502.0,8.0,
236,405.0,2.0,
237,601.0,6.0,
238,505.0,6.0,
239,507.0,8.0,
240,502.0,8.0,
241,505.0,1.0,
242,509.0,8.0,
243,504.0,8.0,
244,510.0,8.0,
245,504.0,1.0,
246,604.0,2.0,
247,600.0,8.0,
248,507.0,8.0,
249,505.0,6.0,
250,603.0,1.0,
251,507.0,6.0,
252,505.0,6.0,
253,601.0,8.0,
254,501.0,6.0,
255,502.0,8.0,
256,509.0,8.0,
257,508.0,6.0,
258,505.0,2.0,
259,509.0,8.0,
260,504.0,6.0,
261,506.0,8.0,
262,500.0,6.0,
263,500.0,6.0,
264,500.0,6.0,
265,509.0,8.0,
266,502.0,2.0,
267,509.0,8.0,
268,505.0,6.0,
269,510.0,3.0,
270,509.0,5.0,
271,510.0,8.0,
272,601.0,6.0,
273,506.0,8.0,
274,507.0,8.0,
275,501.0,8.0,
276,600.0,7.0,
277,605.0,8.0,
278,507.0,7.0,
279,505.0,6.0,
280,,6.0,
281,510.0,6.0,
282,506.0,1.0,
283,509.0,6.0,
284,505.0,1.0,
285,509.0,6.0,
286,506.0,8.0,
287,502.0,1.0,
288,504.0,8.0,
289,503.0,8.0,
290,504.0,5.0,
291,501.0,3.0,
292,603.0,4.0,
293,509.0,5.0,
294,505.0,6.0,
295,510.0,1.0,
296,,8.0,
297,405.0,,
298,506.0,8.0,
299,508.0,,
300,302.0,3.0,
301,505.0,6.0,
302,501.0,5.0,
303,503.0,5.0,
304,511.0,4.0,
305,502.0,6.0,
306,506.0,6.0,
307,502.0,6.0,
308,602.0,8.0,
309,508.0,8.0,
310,510.0,,
311,510.0,8.0,
312,409.0,8.0,
313,502.0,6.0,
314,508.0,8.0,
315,507.0,8.0,
316,509.0,2.0,
317,510.0,6.0,
318,504.0,6.0,
319,504.0,8.0,
320,506.0,6.0,
321,504.0,6.0,
322,502.0,1.0,
323,507.0,5.0,
324,502.0,6.0,
325,504.0,5.0,
326,504.0,6.0,
327,505.0,6.0,
328,506.0,8.0,
329,507.0,6.0,
330,507.0,8.0,
331,504.0,4.0,
332,505.0,7.0,
333,500.0,1.0,
334,503.0,8.0,
335,504.0,,
336,,2.0,
337,505.0,8.0,
338,507.0,5.0,
339,506.0,8.0,
340,508.0,6.0,
341,511.0,8.0,
342,511.0,6.0,
343,503.0,6.0,
344,502.0,8.0,
345,505.0,6.0,
346,502.0,6.0,
347,500.0,6.0,
348,503.0,6.0,
349,503.0,,
350,500.0,8.0,
351,511.0,6.0,
352,511.0,,
353,505.0,4.0,
354,601.0,8.0,
355,600.0,6.0,
356,502.0,4.0,
357,508.0,7.0,
358,707.0,8.0,
359,503.0,6.0,
360,504.0,6.0,
361,,6.0,
362,506.0,8.0,
363,600.0,8.0,
364,504.0,,
365,510.0,8.0,
366,,,
367,705.0,6.0,
368,503.0,8.0,
369,504.0,8.0,
370,708.0,8.0,
371,505.0,8.0,
372,510.0,5.0,
373,503.0,8.0,
374,504.0,8.0,
375,507.0,6.0,
376,506.0,6.0,
377,503.0,6.0,
378,510.0,8.0,
379,600.0,1.0,
380,508.0,6.0,
381,505.0,,
382,508.0,6.0,
383,506.0,2.0,
384,506.0,6.0,
385,509.0,4.0,
386,511.0,8.0,
387,503.0,8.0,
388,508.0,8.0,
389,505.0,6.0,
390,500.0,2.0,
391,500.0,1.0,
392,504.0,8.0,
393,510.0,6.0,
394,600.0,6.0,
395,505.0,6.0,
396,501.0,8.0,
397,507.0,6.0,
398,601.0,8.0,
399,411.0,8.0,
400,603.0,4.0,
401,506.0,8.0,
402,505.0,8.0,
403,502.0,6.0,
404,502.0,8.0,
405,510.0,8.0,
406,501.0,8.0,
407,505.0,8.0,
408,511.0,8.0,
409,503.0,7.0,
410,507.0,7.0,
411,508.0,1.0,
412,503.0,6.0,
413,504.0,2.0,
414,500.0,6.0,
415,505.0,6.0,
416,504.0,6.0,
417,506.0,5.0,
418,504.0,8.0,
419,505.0,3.0,
420,511.0,6.0,
421,509.0,7.0,
422,506.0,8.0,
423,507.0,6.0,
424,508.0,6.0,
425,511.0,6.0,
426,508.0,8.0,
427,510.0,6.0,
428,511.0,8.0,
429,508.0,6.0,
430,511.0,6.0,
431,504.0,8.0,
432,509.0,6.0,
433,508.0,8.0,
434,505.0,5.0,
435,602.0,6.0,
436,508.0,7.0,
437,511.0,6.0,
438,600.0,6.0,
439,600.0,6.0,
440,504.0,1.0,
441,507.0,6.0,
442,603.0,6.0,
443,510.0,2.0,
444,506.0,6.0,
445,600.0,6.0,
446,601.0,6.0,
447,504.0,8.0,
448,603.0,8.0,
449,510.0,1.0,
450,510.0,8.0,
451,509.0,1.0,
452,506.0,6.0,
453,509.0,7.0,
454,506.0,6.0,
455,505.0,4.0,
456,510.0,7.0,
457,506.0,6.0,
458,510.0,6.0,
459,508.0,1.0,
460,504.0,8.0,
461,600.0,8.0,
462,605.0,6.0,
463,603.0,8.0,
464,602.0,1.0,
465,600.0,4.0,
466,606.0,8.0,
467,510.0,6.0,
468,504.0,4.0,
469,506.0,8.0,
470,507.0,6.0,
471,508.0,6.0,
472,510.0,6.0,
473,502.0,6.0,
474,510.0,8.0,
475,509.0,6.0,
476,601.0,4.0,
477,505.0,6.0,
478,600.0,6.0,
479,510.0,8.0,
480,511.0,8.0,
481,602.0,5.0,
482,504.0,8.0,
483,511.0,6.0,
484,509.0,,
485,507.0,6.0,
486,511.0,6.0,
487,600.0,7.0,
488,600.0,6.0,
489,509.0,6.0,
490,500.0,8.0,
491,511.0,6.0,
492,510.0,,
493,409.0,8.0,
494,503.0,8.0,
495,505.0,6.0,
496,503.0,7.0,
497,502.0,6.0,
498,505.0,6.0,
499,506.0,6.0,
500,508.0,2.0,
501,601.0,1.0,
502,511.0,7.0,
503,509.0,8.0,
504,511.0,8.0,
505,503.0,8.0,
506,505.0,8.0,
507,507.0,6.0,
508,506.0,6.0,
509,600.0,6.0,
510,501.0,2.0,
511,603.0,7.0,
512,508.0,8.0,
513,502.0,1.0,
514,507.0,6.0,
515,507.0,6.0,
516,507.0,1.0,
517,501.0,6.0,
518,505.0,6.0,
519,503.0,6.0,
520,601.0,6.0,
521,508.0,7.0,
522,508.0,1.0,
523,502.0,4.0,
524,711.0,5.0,
525,511.0,5.0,
526,504.0,8.0,
527,508.0,,
528,506.0,4.0,
529,501.0,1.0,
530,503.0,6.0,
531,509.0,5.0,
532,704.0,4.0,
533,507.0,8.0,
534,506.0,8.0,
535,507.0,8.0,
536,504.0,8.0,
537,608.0,5.0,
538,505.0,,
539,510.0,7.0,
540,700.0,,
541,501.0,8.0,
542,504.0,8.0,
543,506.0,1.0,
544,502.0,8.0,
545,502.0,6.0,
546,505.0,8.0,
547,602.0,6.0,
548,509.0,,
549,502.0,6.0,
550,,8.0,
551,507.0,,
552,502.0,5.0,
553,502.0,8.0,
554,507.0,6.0,
555,504.0,,
556,505.0,6.0,
557,508.0,4.0,
558,502.0,8.0,
559,508.0,8.0,
560,411.0,7.0,
561,500.0,,
562,507.0,8.0,
563,411.0,8.0,
564,507.0,,
565,601.0,8.0,
566,506.0,7.0,
567,509.0,6.0,
568,510.0,6.0,
569,502.0,6.0,
570,601.0,6.0,
571,508.0,8.0,
572,509.0,,
573,505.0,6.0,
574,507.0,4.0,
575,602.0,7.0,
576,500.0,6.0,
577,706.0,1.0,
578,506.0,8.0,
579,604.0,5.0,
580,604.0,6.0,
581,504.0,1.0,
582,503.0,6.0,
583,500.0,6.0,
584,509.0,8.0,
585,511.0,6.0,
586,504.0,6.0,
587,505.0,4.0,
588,510.0,,
589,503.0,8.0,
590,510.0,6.0,
591,507.0,6.0,
592,504.0,7.0,
593,501.0,7.0,
594,506.0,8.0,
595,511.0,2.0,
596,508.0,8.0,
597,503.0,,
598,509.0,8.0,5.0
599,505.0,6.0,
600,502.0,6.0,
601,503.0,6.0,
602,505.0,8.0,
603,511.0,,
604,,1.0,
605,504.0,8.0,
606,502.0,8.0,
607,509.0,6.0,
608,503.0,8.0,
609,505.0,7.0,
610,504.0,6.0,
611,506.0,8.0,
612,508.0,,
613,503.0,8.0,
614,504.0,6.0,
615,511.0,6.0,
616,500.0,8.0,
617,508.0,8.0,
618,409.0,7.0,
619,508.0,8.0,
620,710.0,7.0,
621,506.0,6.0,
622,502.0,1.0,
623,505.0,7.0,
624,505.0,6.0,
625,509.0,6.0,
626,504.0,1.0,
627,502.0,8.0,
628,510.0,8.0,
629,509.0,6.0,
630,506.0,8.0,
631,600.0,7.0,
632,507.0,,
633,600.0,4.0,
634,601.0,6.0,
635,502.0,6.0,
636,411.0,8.0,
637,603.0,2.0,
638,503.0,4.0,
639,504.0,8.0,
640,506.0,,
641,506.0,6.0,
642,506.0,8.0,
643,600.0,8.0,
644,507.0,6.0,
645,508.0,6.0,
646,509.0,7.0,
647,507.0,1.0,
648,603.0,1.0,
649,508.0,8.0,
650,503.0,,
651,508.0,6.0,
652,502.0,,
653,503.0,8.0,
654,503.0,6.0,
655,501.0,7.0,
656,509.0,4.0,
657,508.0,7.0,
658,502.0,6.0,
659,600.0,7.0,
660,508.0,8.0,
661,601.0,,
662,500.0,6.0,
663,503.0,6.0,
664,508.0,,
665,411.0,6.0,
666,508.0,8.0,
667,502.0,8.0,
668,510.0,6.0,
669,502.0,8.0,
670,510.0,8.0,
671,509.0,6.0,
672,510.0,6.0,
673,501.0,8.0,
674,503.0,8.0,
675,509.0,6.0,
676,605.0,6.0,
677,511.0,7.0,
678,506.0,,
679,503.0,4.0,
680,600.0,6.0,
681,505.0,8.0,
682,506.0,7.0,
683,501.0,6.0,
684,503.0,6.0,
685,511.0,6.0,
686,510.0,8.0,
687,,8.0,
688,510.0,7.0,
689,504.0,7.0,
690,504.0,8.0,
691,600.0,7.0,
692,510.0,6.0,
693,509.0,8.0,
694,506.0,6.0,
695,504.0,8.0,
696,509.0,8.0,
697,509.0,6.0,
698,,6.0,
699,504.0,8.0,
700,504.0,6.0,
701,500.0,8.0,
702,411.0,7.0,
703,411.0,8.0,
704,603.0,8.0,
705,411.0,8.0,
706,503.0,8.0,
707,502.0,8.0,
708,601.0,3.0,
709,602.0,8.0,
710,507.0,7.0,
711,507.0,6.0,
712,511.0,8.0,
713,509.0,6.0,
714,509.0,8.0,
715,600.0,6.0,
716,509.0,1.0,
717,507.0,8.0,
718,505.0,6.0,
719,508.0,8.0,
720,505.0,6.0,
721,507.0,,
722,506.0,8.0,
723,506.0,8.0,
724,610.0,2.0,
725,504.0,4.0,
726,505.0,8.0,
727,508.0,8.0,
728,504.0,8.0,
729,510.0,6.0,
730,507.0,8.0,
731,505.0,6.0,
732,603.0,8.0,
733,511.0,8.0,
734,507.0,8.0,
735,505.0,6.0,
736,504.0,8.0,
737,511.0,7.0,
738,600.0,6.0,
739,510.0,6.0,
740,,2.0,
741,503.0,6.0,
742,506.0,8.0,
743,510.0,6.0,
744,606.0,,
745,511.0,6.0,
746,503.0,6.0,
747,504.0,6.0,
748,507.0,6.0,
749,508.0,8.0,
750,506.0,6.0,
751,506.0,6.0,
752,504.0,8.0,
753,506.0,8.0,
754,505.0,4.0,
755,506.0,8.0,
756,506.0,8.0,
757,,8.0,
758,506.0,6.0,
759,504.0,6.0,
760,,8.0,
761,511.0,8.0,
762,504.0,5.0,
763,602.0,1.0,
764,600.0,1.0,
765,506.0,8.0,
766,509.0,8.0,
767,509.0,8.0,
768,411.0,5.0,
769,503.0,8.0,
770,508.0,8.0,
771,504.0,8.0,
772,511.0,8.0,
773,600.0,,
774,510.0,6.0,
775,506.0,8.0,
776,503.0,8.0,
777,411.0,,
778,509.0,1.0,
779,502.0,6.0,
780,508.0,1.0,
781,602.0,4.0,
782,501.0,8.0,
783,411.0,8.0,
784,500.0,7.0,
785,508.0,8.0,
786,510.0,8.0,
787,500.0,6.0,
788,504.0,5.0,
789,509.0,7.0,
790,501.0,8.0,
791,503.0,8.0,
792,502.0,6.0,
793,504.0,6.0,
794,602.0,1.0,
795,410.0,6.0,
796,509.0,6.0,
797,601.0,8.0,
798,602.0,6.0,
799,506.0,6.0,
800,504.0,8.0,
801,503.0,5.0,
802,505.0,6.0,
803,504.0,6.0,
804,503.0,8.0,
805,508.0,8.0,
806,711.0,4.0,
807,603.0,6.0,
808,508.0,6.0,
809,604.0,,
810,505.0,7.0,
811,507.0,7.0,
812,600.0,8.0,
813,504.0,6.0,
814,511.0,8.0,
815,503.0,8.0,
816,502.0,6.0,
817,504.0,6.0,
818,602.0,1.0,
819,509.0,6.0,
820,510.0,8.0,
821,503.0,8.0,
822,510.0,8.0,
823,504.0,7.0,
824,602.0,7.0,
825,505.0,6.0,
826,504.0,,
827,508.0,6.0,
828,601.0,8.0,
829,505.0,6.0,
830,602.0,6.0,
831,502.0,8.0,
832,511.0,8.0,
833,508.0,6.0,
834,602.0,5.0,
835,504.0,6.0,
836,504.0,7.0,
837,601.0,8.0,
838,511.0,6.0,
839,600.0,1.0,
840,600.0,6.0,
841,504.0,6.0,
842,505.0,6.0,
843,503.0,5.0,
844,503.0,6.0,
845,509.0,6.0,
846,506.0,6.0,
847,501.0,8.0,
848,600.0,7.0,
849,507.0,8.0,
850,,,
851,,,
852,,,
853,,,
854,,,
855,,1.0,
856,,,
857,,,
858,,,
859,,,
860,,,
861,,,
862,,,
863,,,
864,,4.0,
865,,,
866,,,
867,,,
868,,,
869,,1.0,
870,,,
871,,,
872,,,
873,,,
874,,,
875,,,
876,,,
877,,,
878,,,
879,,,
880,,1.0,
881,,,
882,,,
883,,,
884,,,
885,,,
886,,,
887,,,
888,,,
889,,,
890,,,
891,,,
892,,,
893,,,
894,,,
895,,,
896,,,
897,,,
898,,,
899,,,
900,,1.0,
901,,,
902,,,
903,,4.0,
904,,,
905,,,
906,,,
907,,,
908,,1.0,
909,,,
910,,,
911,,1.0,
912,,1.0,
913,,4.0,
914,,1.0,
915,,,
916,,,
917,,,
918,,,
919,,,
920,,,
921,,,
922,,,
923,,1.0,
924,,,
925,,,
926,,,
927,,,
928,,,
929,,,
930,,,
931,,,
932,,,
933,,1.0,
934,,,
935,,,
936,,,
937,,4.0,
938,,,
939,,,
940,,,
941,,,
942,,,
943,,,
944,,,
945,,1.0,
946,,,
947,,,
948,,,
949,,,
950,,,
951,,2.0,
952,,,
953,,,
954,,,
955,,,
956,,,
957,,,
958,,,
959,,,
960,,4.0,
961,,4.0,
962,,,
963,,,
964,,,
965,,,
966,,,
967,,,
968,,,
969,,,
970,,,
971,,,
972,,,
973,,,
974,,,
975,,1.0,
976,,,
977,,,
978,,,
979,,,
980,,,
981,,,
982,,,
983,,,
984,,,
985,,,
986,,,
987,,,
988,,,
989,,,
990,,,
991,,,
992,,,
993,,,
994,,2.0,
995,,,
996,,,
997,,4.0,
998,,,
999,,,
1000,503.0,6.0,
1001,510.0,6.0,
1002,502.0,6.0,
1003,508.0,6.0,
1004,511.0,2.0,
1005,504.0,6.0,
1006,600.0,8.0,
1007,510.0,5.0,
1008,507.0,1.0,
1009,506.0,6.0,
1010,600.0,8.0,
1011,507.0,6.0,
1012,508.0,8.0,
1013,502.0,6.0,
1014,507.0,6.0,
1015,505.0,8.0,
1016,505.0,8.0,
1017,511.0,5.0,
1018,501.0,7.0,
1019,511.0,6.0,
1020,508.0,7.0,
1021,502.0,8.0,
1022,600.0,6.0,
1023,602.0,8.0,
1024,600.0,8.0,
1025,501.0,8.0,
1026,509.0,6.0,
1027,502.0,8.0,
1028,505.0,8.0,
1029,507.0,6.0,
1030,508.0,6.0,
1031,502.0,6.0,
1032,509.0,8.0,
1033,510.0,7.0,
1034,510.0,1.0,
1035,511.0,,
1036,505.0,8.0,
1037,505.0,8.0,
1038,601.0,6.0,
1039,508.0,6.0,
1040,505.0,8.0,
1041,506.0,7.0,
1042,507.0,6.0,
1043,510.0,6.0,
1044,600.0,7.0,
1045,502.0,,
1046,601.0,8.0,
1047,508.0,6.0,
1048,404.0,6.0,
1049,507.0,6.0,
1050,510.0,7.0,
1051,501.0,2.0,
1052,508.0,6.0,
1053,510.0,7.0,
1054,505.0,8.0,
1055,510.0,5.0,
1056,602.0,8.0,
1057,505.0,6.0,
1058,500.0,8.0,
1059,503.0,6.0,
1060,511.0,8.0,
1061,505.0,6.0,
1062,501.0,6.0,
1063,506.0,8.0,
1064,508.0,8.0,
1065,508.0,5.0,
1066,507.0,1.0,
1067,508.0,8.0,
1068,508.0,6.0,
1069,602.0,8.0,
1070,506.0,2.0,
1071,507.0,8.0,
1072,506.0,6.0,
1073,503.0,8.0,
1074,510.0,6.0,
1075,508.0,5.0,
1076,508.0,8.0,
1077,600.0,8.0,
1078,,5.0,
1079,507.0,6.0,
1080,509.0,8.0,
1081,507.0,8.0,
1082,501.0,8.0,
1083,508.0,,
1084,507.0,1.0,
1085,502.0,6.0,
1086,504.0,6.0,
1087,506.0,8.0,
1088,411.0,8.0,
1089,510.0,8.0,
1090,506.0,5.0,
1091,501.0,1.0,
1092,503.0,8.0,
1093,502.0,6.0,
1094,503.0,6.0,
1095,507.0,6.0,
1096,500.0,8.0,
1097,503.0,8.0,
1098,510.0,6.0,
1099,411.0,6.0,
1100,507.0,6.0,
1101,603.0,6.0,
1102,506.0,7.0,
1103,509.0,6.0,
1104,503.0,8.0,
1105,505.0,6.0,
1106,411.0,6.0,
1107,504.0,8.0,
1108,604.0,7.0,
1109,506.0,8.0,
1110,507.0,7.0,
1111,600.0,6.0,
1112,503.0,8.0,
1113,509.0,6.0,
1114,504.0,6.0,
1115,505.0,6.0,
1116,511.0,8.0,
1117,505.0,6.0,
1118,509.0,,
1119,511.0,6.0,
1120,505.0,8.0,
1121,411.0,8.0,
1122,405.0,6.0,
1123,510.0,8.0,
1124,506.0,6.0,
1125,502.0,6.0,
1126,505.0,7.0,
1127,506.0,8.0,
1128,510.0,6.0,
1129,507.0,8.0,
1130,508.0,,
1131,507.0,,
1132,504.0,2.0,
1133,509.0,6.0,
1134,508.0,8.0,
1135,510.0,6.0,
1136,505.0,6.0,
1137,508.0,7.0,
1138,500.0,1.0,
1139,501.0,4.0,
1140,509.0,5.0,
1141,508.0,6.0,
1142,507.0,6.0,
1143,610.0,8.0,
1144,502.0,8.0,
1145,510.0,1.0,
1146,509.0,,
1147,508.0,6.0,
1148,505.0,4.0,
1149,400.0,5.0,
1150,501.0,2.0,
1151,500.0,8.0,
1152,511.0,5.0,
1153,510.0,1.0,
1154,505.0,6.0,
1155,505.0,6.0,
1156,510.0,8.0,
1157,508.0,6.0,
1158,506.0,8.0,
1159,502.0,1.0,
1160,503.0,6.0,
1161,502.0,6.0,
1162,509.0,6.0,
1163,511.0,6.0,
1164,503.0,8.0,
1165,508.0,1.0,
1166,500.0,8.0,
1167,508.0,7.0,
1168,506.0,7.0,
1169,509.0,6.0,
1170,510.0,8.0,
1171,510.0,8.0,
1172,501.0,8.0,
1173,411.0,8.0,
1174,508.0,5.0,
1175,501.0,,
1176,507.0,6.0,
1177,508.0,6.0,
1178,501.0,4.0,
1179,507.0,8.0,
1180,502.0,8.0,
1181,506.0,,
1182,411.0,6.0,
1183,510.0,8.0,
1184,511.0,6.0,
1185,511.0,6.0,
1186,511.0,6.0,
1187,507.0,6.0,
1188,503.0,5.0,
1189,510.0,8.0,
1190,600.0,5.0,
1191,509.0,1.0,
1192,602.0,8.0,
1193,505.0,7.0,
1194,502.0,8.0,
1195,507.0,8.0,
1196,505.0,8.0,
1197,504.0,8.0,
1198,,5.0,
1199,500.0,4.0,
1200,709.0,6.0,
1201,504.0,6.0,
1202,506.0,5.0,
1203,506.0,8.0,
1204,507.0,6.0,
1205,507.0,1.0,
1206,508.0,8.0,
1207,410.0,6.0,
1208,502.0,8.0,
1209,600.0,3.0,
1210,504.0,8.0,
1211,501.0,4.0,
1212,502.0,6.0,
1213,411.0,6.0,
1214,501.0,8.0,
1215,502.0,6.0,
1216,506.0,2.0,
1217,504.0,6.0,
1218,500.0,6.0,
1219,508.0,6.0,
1220,503.0,5.0,
1221,505.0,6.0,
1222,506.0,6.0,
1223,505.0,6.0,
1224,,,
1225,506.0,6.0,
1226,507.0,6.0,
1227,508.0,8.0,
1228,600.0,6.0,
1229,501.0,1.0,
1230,504.0,,
1231,601.0,,
1232,508.0,6.0,
1233,502.0,8.0,
1234,500.0,7.0,
1235,506.0,6.0,
1236,503.0,6.0,
1237,600.0,8.0,
1238,507.0,8.0,
1239,502.0,8.0,
1240,501.0,6.0,
1241,505.0,6.0,
1242,508.0,5.0,
1243,502.0,6.0,
1244,503.0,6.0,
1245,511.0,7.0,
1246,600.0,7.0,
1247,502.0,6.0,
1248,,4.0,
1249,506.0,7.0,
1250,506.0,8.0,
1251,511.0,8.0,
1252,508.0,6.0,
1253,505.0,7.0,
1254,509.0,6.0,
1255,503.0,8.0,
1256,503.0,8.0,
1257,501.0,8.0,
1258,503.0,3.0,
1259,510.0,1.0,
1260,503.0,8.0,
1261,411.0,6.0,
1262,504.0,6.0,
1263,501.0,8.0,
1264,505.0,8.0,
1265,600.0,8.0,
1266,503.0,8.0,
1267,509.0,6.0,
1268,508.0,3.0,
1269,505.0,6.0,
1270,506.0,5.0,
1271,600.0,6.0,
1272,503.0,4.0,
1273,603.0,5.0,
1274,506.0,6.0,
1275,510.0,8.0,
1276,503.0,6.0,
1277,510.0,3.0,
1278,507.0,8.0,
1279,500.0,8.0,
1280,510.0,8.0,
1281,511.0,8.0,
1282,411.0,8.0,
1283,502.0,4.0,
1284,505.0,8.0,
1285,509.0,6.0,
1286,511.0,5.0,
1287,507.0,6.0,
1288,508.0,8.0,
1289,500.0,5.0,
1290,411.0,6.0,
1291,504.0,1.0,
1292,411.0,7.0,
1293,506.0,8.0,
1294,,1.0,
1295,,,
1296,,,
1297,,,
1298,,4.0,
1299,,,
1300,,,
1301,,,
1302,,1.0,
1303,,,
1304,,,
1305,,,
1306,,,
1307,,4.0,
1308,,,
1309,,,
1310,,6.0,
1311,,6.0,
1312,,6.0,
1313,506.0,6.0,
1314,508.0,6.0,
1315,502.0,6.0,
1316,504.0,8.0,
1317,502.0,6.0,
1318,508.0,6.0,
1319,504.0,8.0,
1320,510.0,6.0,
1321,508.0,7.0,
1322,500.0,6.0,
1323,504.0,5.0,
1324,503.0,8.0,
1325,504.0,8.0,
1326,603.0,5.0,
1327,510.0,5.0,
1328,509.0,7.0,
1329,504.0,6.0,
1330,511.0,8.0,
1331,510.0,6.0,
1332,506.0,7.0,
1333,511.0,5.0,
1334,501.0,8.0,
1335,510.0,8.0,
1336,305.0,4.0,
1337,510.0,6.0,
1338,506.0,6.0,
1339,500.0,6.0,
1340,508.0,7.0,
1341,504.0,8.0,
1342,506.0,6.0,
1343,502.0,4.0,
1344,504.0,6.0,
1345,506.0,7.0,
1346,510.0,8.0,
1347,511.0,6.0,
1348,508.0,6.0,
1349,507.0,4.0,
1350,511.0,7.0,
1351,506.0,7.0,
1352,409.0,6.0,
1353,506.0,6.0,
1354,503.0,6.0,
1355,600.0,8.0,
1356,508.0,1.0,
1357,506.0,6.0,
1358,507.0,4.0,
1359,602.0,8.0,
1360,504.0,6.0,
1361,510.0,1.0,
1362,506.0,1.0,
1363,501.0,8.0,
1364,506.0,6.0,
1365,502.0,6.0,
1366,511.0,7.0,
1367,503.0,7.0,
1368,505.0,7.0,
1369,601.0,6.0,
1370,,6.0,
1371,503.0,8.0,
1372,503.0,6.0,
1373,602.0,8.0,
1374,601.0,1.0,
1375,507.0,6.0,
1376,600.0,8.0,
1377,503.0,8.0,
1378,506.0,4.0,
1379,511.0,,
1380,501.0,6.0,
1381,503.0,8.0,
1382,505.0,6.0,
1383,504.0,6.0,
1384,508.0,5.0,
1385,511.0,6.0,
1386,506.0,5.0,
1387,510.0,6.0,
1388,508.0,8.0,
1389,508.0,6.0,
1390,510.0,6.0,
1391,504.0,4.0,
1392,601.0,8.0,
1393,502.0,6.0,
1394,502.0,6.0,
1395,509.0,8.0,
1396,600.0,4.0,
1397,506.0,6.0,
1398,507.0,6.0,
1399,505.0,6.0,
1400,511.0,6.0,
1401,504.0,6.0,
1402,509.0,6.0,
1403,507.0,7.0,
1404,505.0,8.0,
1405,504.0,6.0,
1406,508.0,6.0,
1407,507.0,6.0,
1408,711.0,6.0,
1409,506.0,6.0,
1410,504.0,6.0,
1411,507.0,6.0,
1412,507.0,6.0,
1413,505.0,5.0,
1414,511.0,7.0,
1415,508.0,4.0,
1416,610.0,1.0,
1417,505.0,6.0,
1418,506.0,6.0,
1419,510.0,8.0,
1420,502.0,6.0,
1421,500.0,6.0,
1422,501.0,4.0,
1423,508.0,8.0,
1424,600.0,6.0,
1425,500.0,8.0,
1426,602.0,6.0,
1427,508.0,5.0,
1428,604.0,6.0,
1429,503.0,8.0,
1430,509.0,6.0,
1431,505.0,6.0,
1432,408.0,8.0,
1433,511.0,8.0,
1434,510.0,1.0,
1435,504.0,1.0,
1436,508.0,7.0,
1437,502.0,6.0,
1438,503.0,8.0,
1439,602.0,5.0,
1440,411.0,6.0,
1441,502.0,4.0,
1442,509.0,8.0,
1443,508.0,5.0,
1444,505.0,6.0,
1445,502.0,6.0,
1446,506.0,8.0,
1447,505.0,6.0,
1448,508.0,6.0,
1449,504.0,6.0,
1450,504.0,5.0,
1451,506.0,6.0,
1452,501.0,6.0,
1453,503.0,4.0,
1454,503.0,6.0,
1455,602.0,6.0,
1456,507.0,6.0,
1457,506.0,5.0,
1458,501.0,6.0,
1459,508.0,7.0,
1460,509.0,7.0,
1461,507.0,6.0,
1462,507.0,6.0,
1463,601.0,8.0,
1464,502.0,2.0,
1465,504.0,8.0,
1466,507.0,6.0,
1467,503.0,1.0,
1468,507.0,6.0,
1469,501.0,6.0,
1470,508.0,8.0,
1471,600.0,7.0,
1472,505.0,8.0,
1473,506.0,8.0,
1474,502.0,8.0,
1475,511.0,6.0,
1476,506.0,7.0,
1477,505.0,6.0,
1478,508.0,6.0,
1479,411.0,8.0,
1480,602.0,6.0,
1481,508.0,6.0,
1482,500.0,8.0,
1483,507.0,6.0,
1484,505.0,7.0,
1485,502.0,8.0,
1486,508.0,5.0,
1487,601.0,7.0,
1488,510.0,8.0,
1489,503.0,8.0,
1490,,2.0,
1491,,,
1492,,,
1493,,,
1494,,,
1495,,,
1496,,,
1497,,,
1498,,,
1499,,,
1500,,,
1501,,,
1502,,,
1503,411.0,6.0,
1504,511.0,8.0,
1505,504.0,6.0,
1506,504.0,6.0,
1507,511.0,6.0,
1508,503.0,8.0,
1509,505.0,8.0,
1510,509.0,8.0,
1511,502.0,8.0,
1512,601.0,6.0,
1513,500.0,6.0,
1514,506.0,6.0,
1515,507.0,6.0,
1516,,1.0,
1517,503.0,6.0,
1518,300.0,6.0,
1519,511.0,6.0,
1520,501.0,6.0,
1521,504.0,6.0,
1522,506.0,8.0,
1523,510.0,6.0,
1524,600.0,8.0,
1525,502.0,8.0,
1526,509.0,6.0,
1527,510.0,6.0,
1528,600.0,5.0,
1529,505.0,6.0,
1530,502.0,6.0,
1531,506.0,6.0,
1532,504.0,6.0,
1533,507.0,8.0,
1534,508.0,6.0,
1535,505.0,8.0,
1536,509.0,5.0,
1537,507.0,8.0,
1538,510.0,6.0,
1539,505.0,,
1540,600.0,4.0,
1541,505.0,8.0,
1542,506.0,4.0,
1543,503.0,8.0,
1544,504.0,5.0,
1545,411.0,6.0,
1546,501.0,8.0,
1547,503.0,4.0,
1548,509.0,1.0,
1549,501.0,6.0,
1550,502.0,4.0,
1551,506.0,6.0,
1552,511.0,4.0,
1553,508.0,6.0,
1554,411.0,8.0,
1555,411.0,8.0,
1556,510.0,8.0,
1557,505.0,4.0,
1558,509.0,6.0,
1559,600.0,6.0,
1560,411.0,8.0,
1561,504.0,6.0,
1562,505.0,6.0,
1563,506.0,8.0,
1564,501.0,6.0,
1565,500.0,6.0,
1566,505.0,6.0,
1567,505.0,6.0,
1568,411.0,7.0,
1569,608.0,6.0,
1570,508.0,8.0,
1571,500.0,6.0,
1572,505.0,8.0,
1573,509.0,6.0,
1574,508.0,6.0,
1575,601.0,,
1576,600.0,1.0,
1577,411.0,6.0,
1578,502.0,8.0,
1579,600.0,8.0,
1580,600.0,6.0,
1581,507.0,6.0,
1582,500.0,6.0,
1583,411.0,8.0,
1584,408.0,6.0,
1585,503.0,6.0,
1586,511.0,6.0,
1587,505.0,2.0,
1588,504.0,6.0,
1589,503.0,6.0,
1590,511.0,6.0,
1591,506.0,6.0,
1592,502.0,6.0,
1593,600.0,6.0,
1594,503.0,6.0,
1595,603.0,1.0,
1596,501.0,6.0,
1597,503.0,7.0,
1598,503.0,4.0,
1599,408.0,8.0,
1600,500.0,6.0,
1601,507.0,8.0,
1602,504.0,8.0,
1603,500.0,8.0,
1604,601.0,6.0,
1605,507.0,8.0,
1606,500.0,5.0,
1607,511.0,6.0,
1608,503.0,6.0,
1609,509.0,8.0,
1610,500.0,6.0,
1611,503.0,6.0,
1612,410.0,6.0,
1613,600.0,5.0,
1614,507.0,6.0,
1615,503.0,8.0,
1616,503.0,6.0,
1617,507.0,6.0,
1618,602.0,6.0,
1619,507.0,8.0,
1620,502.0,8.0,
1621,,6.0,
1622,510.0,8.0,
1623,506.0,8.0,
1624,503.0,6.0,
1625,507.0,6.0,
1626,510.0,6.0,
1627,504.0,8.0,
1628,505.0,8.0,
1629,501.0,4.0,
1630,507.0,6.0,
1631,507.0,8.0,
1632,506.0,8.0,
1633,411.0,6.0,
1634,503.0,6.0,
1635,500.0,6.0,
1636,502.0,6.0,
1637,509.0,5.0,
1638,502.0,6.0,
1639,601.0,8.0,
1640,509.0,6.0,
1641,411.0,8.0,
1642,501.0,6.0,
1643,506.0,7.0,
1644,506.0,8.0,
1645,503.0,8.0,
1646,508.0,2.0,
1647,506.0,7.0,
1648,502.0,8.0,
1649,502.0,6.0,
1650,500.0,6.0,
1651,508.0,6.0,
1652,510.0,6.0,
1653,502.0,6.0,
1654,504.0,4.0,
1655,507.0,6.0,
1656,507.0,8.0,
1657,504.0,6.0,
1658,503.0,8.0,
1659,411.0,8.0,
1660,506.0,6.0,
1661,,,
1662,505.0,4.0,
1663,504.0,7.0,
1664,503.0,6.0,
1665,502.0,6.0,
1666,500.0,6.0,
1667,501.0,4.0,
1668,504.0,8.0,
1669,411.0,8.0,
1670,505.0,6.0,
1671,505.0,8.0,
1672,507.0,6.0,
1673,601.0,6.0,
1674,507.0,8.0,
1675,502.0,8.0,
1676,507.0,6.0,
1677,508.0,8.0,
1678,503.0,8.0,
1679,509.0,6.0,
1680,500.0,7.0,
1681,508.0,4.0,
1682,508.0,,
1683,501.0,8.0,
1684,500.0,6.0,
1685,503.0,6.0,
1686,600.0,,
1687,500.0,6.0,
1688,501.0,8.0,
1689,503.0,6.0,
1690,510.0,,
1691,511.0,8.0,
1692,600.0,8.0,
1693,504.0,6.0,
1694,500.0,8.0,
1695,507.0,8.0,
1696,507.0,4.0,
1697,506.0,6.0,
1698,,6.0,
1699,501.0,7.0,
1700,501.0,8.0,
1701,502.0,6.0,
1702,509.0,7.0,
1703,409.0,8.0,
1704,500.0,6.0,
1705,409.0,6.0,
1706,506.0,4.0,
1707,510.0,8.0,
1708,502.0,4.0,
1709,603.0,6.0,
1710,503.0,6.0,
1711,503.0,1.0,
1712,500.0,8.0,
1713,506.0,6.0,
1714,507.0,6.0,
1715,,8.0,
1716,508.0,6.0,
1717,504.0,6.0,
1718,601.0,8.0,
1719,503.0,8.0,
1720,508.0,8.0,
1721,503.0,6.0,
1722,502.0,8.0,
1723,503.0,7.0,
1724,503.0,6.0,
1725,510.0,6.0,
1726,410.0,6.0,
1727,510.0,6.0,
1728,508.0,8.0,
1729,502.0,1.0,
1730,511.0,8.0,
1731,505.0,7.0,
1732,500.0,,
1733,503.0,6.0,
1734,411.0,8.0,
1735,501.0,8.0,
1736,506.0,8.0,
1737,507.0,8.0,
1738,600.0,8.0,
1739,508.0,8.0,
1740,508.0,6.0,
1741,503.0,6.0,
1742,502.0,8.0,
1743,505.0,6.0,
1744,411.0,6.0,
1745,506.0,8.0,
1746,410.0,8.0,
1747,502.0,6.0,
1748,504.0,8.0,
1749,508.0,1.0,
1750,,7.0,
1751,507.0,5.0,
1752,504.0,1.0,
1753,506.0,6.0,
1754,500.0,8.0,
1755,411.0,6.0,
1756,501.0,6.0,
1757,506.0,6.0,
1758,507.0,6.0,
1759,506.0,6.0,
1760,510.0,8.0,
1761,502.0,1.0,
1762,502.0,6.0,
1763,503.0,7.0,
1764,501.0,4.0,
1765,505.0,6.0,
1766,509.0,8.0,
1767,600.0,3.0,
1768,511.0,2.0,
1769,503.0,6.0,
1770,503.0,8.0,
1771,504.0,1.0,
1772,601.0,8.0,
1773,509.0,6.0,
1774,505.0,6.0,
1775,509.0,7.0,
1776,507.0,8.0,
1777,506.0,8.0,
1778,507.0,8.0,
1779,504.0,8.0,
1780,500.0,6.0,
1781,600.0,4.0,
1782,600.0,6.0,
1783,504.0,8.0,
1784,503.0,6.0,
1785,511.0,6.0,
1786,502.0,4.0,
1787,700.0,3.0,
1788,503.0,5.0,
1789,504.0,6.0,
1790,507.0,6.0,
1791,506.0,6.0,
1792,505.0,1.0,
1793,508.0,6.0,
1794,411.0,8.0,
1795,503.0,3.0,
1796,503.0,8.0,
1797,510.0,7.0,
1798,511.0,2.0,
1799,601.0,4.0,
1800,503.0,6.0,
1801,502.0,8.0,
1802,511.0,6.0,
1803,506.0,7.0,
1804,711.0,8.0,
1805,508.0,6.0,
1806,501.0,6.0,
1807,600.0,6.0,
1808,510.0,6.0,
1809,506.0,3.0,
1810,503.0,8.0,
1811,508.0,8.0,
1812,507.0,6.0,
1813,507.0,6.0,
1814,507.0,5.0,
1815,506.0,8.0,
1816,600.0,6.0,
1817,508.0,6.0,
1818,509.0,6.0,
1819,504.0,8.0,
1820,509.0,6.0,
1821,509.0,1.0,
1822,502.0,8.0,
1823,510.0,6.0,
1824,500.0,6.0,
1825,511.0,6.0,
1826,511.0,3.0,
1827,506.0,5.0,
1828,501.0,6.0,
1829,508.0,8.0,
1830,503.0,5.0,
1831,504.0,6.0,
1832,509.0,6.0,
1833,502.0,6.0,
1834,506.0,6.0,
1835,503.0,6.0,
1836,504.0,6.0,
1837,504.0,6.0,
1838,508.0,6.0,
1839,503.0,6.0,
1840,501.0,6.0,
1841,502.0,8.0,
1842,507.0,5.0,
1843,510.0,8.0,
1844,509.0,6.0,
1845,504.0,4.0,
1846,506.0,8.0,
1847,411.0,1.0,
1848,504.0,6.0,
1849,503.0,8.0,
1850,505.0,6.0,
1851,601.0,6.0,
1852,600.0,5.0,
1853,600.0,7.0,
1854,506.0,6.0,
1855,510.0,5.0,
1856,510.0,6.0,
1857,500.0,8.0,
1858,505.0,7.0,
1859,603.0,8.0,
1860,602.0,6.0,
1861,502.0,2.0,
1862,,1.0,
1863,503.0,1.0,
1864,506.0,7.0,
1865,411.0,7.0,
1866,503.0,8.0,
1867,501.0,6.0,
1868,500.0,6.0,
1869,600.0,7.0,
1870,511.0,6.0,
1871,507.0,6.0,
1872,505.0,8.0,
1873,505.0,5.0,
1874,502.0,6.0,
1875,504.0,6.0,
1876,602.0,7.0,
1877,600.0,6.0,
1878,600.0,1.0,
1879,507.0,6.0,
1880,411.0,6.0,
1881,510.0,6.0,
1882,507.0,6.0,
1883,505.0,6.0,
1884,507.0,5.0,
1885,504.0,5.0,
1886,502.0,6.0,
1887,600.0,6.0,
1888,506.0,6.0,
1889,507.0,6.0,
1890,505.0,6.0,
1891,504.0,6.0,
1892,511.0,6.0,
1893,503.0,,
1894,507.0,8.0,
1895,505.0,6.0,
1896,507.0,6.0,
1897,501.0,6.0,
1898,509.0,7.0,
1899,504.0,6.0,
1900,507.0,6.0,
1901,503.0,1.0,
1902,505.0,8.0,
1903,501.0,4.0,
1904,503.0,8.0,
1905,506.0,8.0,
1906,506.0,,
1907,511.0,4.0,
1908,503.0,6.0,
1909,503.0,6.0,
1910,508.0,4.0,
1911,503.0,6.0,
1912,500.0,8.0,
1913,510.0,5.0,
1914,511.0,6.0,
1915,503.0,6.0,
1916,,1.0,
1917,503.0,8.0,
1918,600.0,6.0,
1919,,8.0,
1920,502.0,6.0,
1921,506.0,6.0,
1922,503.0,3.0,
1923,504.0,6.0,
1924,500.0,7.0,
1925,602.0,6.0,
1926,504.0,8.0,
1927,506.0,6.0,
1928,506.0,8.0,
1929,,8.0,
1930,504.0,6.0,
1931,505.0,6.0,
1932,507.0,6.0,
1933,509.0,6.0,
1934,507.0,2.0,
1935,603.0,1.0,
1936,509.0,6.0,
1937,502.0,1.0,
1938,503.0,6.0,
1939,503.0,,
1940,411.0,6.0,
1941,503.0,4.0,
1942,504.0,8.0,
1943,506.0,8.0,
1944,510.0,6.0,
1945,510.0,8.0,
1946,502.0,7.0,
1947,,6.0,
1948,507.0,8.0,
1949,603.0,8.0,
1950,511.0,1.0,
1951,502.0,8.0,
1952,504.0,6.0,
1953,506.0,8.0,
1954,509.0,7.0,
1955,508.0,6.0,
1956,502.0,6.0,
1957,501.0,6.0,
1958,506.0,6.0,
1959,501.0,6.0,
1960,503.0,6.0,
1961,504.0,6.0,
1962,504.0,8.0,
1963,500.0,8.0,
1964,504.0,6.0,
1965,502.0,8.0,
1966,501.0,4.0,
1967,507.0,6.0,
1968,504.0,6.0,
1969,510.0,5.0,
1970,509.0,6.0,
1971,601.0,8.0,
1972,506.0,6.0,
1973,506.0,6.0,
1974,507.0,6.0,
1975,510.0,6.0,
1976,501.0,8.0,
1977,505.0,8.0,
1978,505.0,7.0,
1979,507.0,8.0,
1980,511.0,,
1981,510.0,6.0,
1982,503.0,5.0,
1983,506.0,8.0,
1984,509.0,,
1985,502.0,8.0,
1986,505.0,6.0,
1987,509.0,6.0,
1988,508.0,6.0,
1989,505.0,6.0,
1990,509.0,8.0,
1991,,6.0,
1992,508.0,6.0,
1993,600.0,6.0,
1994,601.0,8.0,
1995,502.0,6.0,
1996,506.0,6.0,
1997,508.0,1.0,
1998,504.0,5.0,
1999,500.0,6.0,
2000,502.0,6.0,
2001,509.0,6.0,
2002,506.0,8.0,
2003,504.0,6.0,
2004,500.0,7.0,
2005,501.0,4.0,
2006,506.0,6.0,
2007,506.0,8.0,
2008,509.0,6.0,
2009,508.0,1.0,
2010,600.0,6.0,
2011,507.0,6.0,
2012,505.0,8.0,
2013,510.0,7.0,
2014,506.0,6.0,
2015,502.0,3.0,
2016,507.0,5.0,
2017,509.0,6.0,
2018,501.0,8.0,
2019,503.0,8.0,
2020,410.0,6.0,
2021,506.0,7.0,
2022,508.0,6.0,
2023,501.0,6.0,
2024,507.0,6.0,
2025,509.0,5.0,
2026,500.0,2.0,
2027,500.0,8.0,
2028,502.0,6.0,
2029,506.0,6.0,
2030,503.0,8.0,
2031,511.0,8.0,
2032,501.0,6.0,
2033,600.0,3.0,
2034,602.0,6.0,
2035,502.0,6.0,
2036,503.0,7.0,
2037,510.0,8.0,
2038,511.0,7.0,
2039,411.0,6.0,
2040,,1.0,
2041,507.0,8.0,
2042,502.0,8.0,
2043,410.0,6.0,
2044,600.0,6.0,
2045,501.0,5.0,
2046,509.0,5.0,
2047,506.0,5.0,
2048,505.0,6.0,
2049,603.0,8.0,
2050,502.0,3.0,
2051,502.0,8.0,
2052,,,
2053,510.0,5.0,
2054,508.0,6.0,
2055,509.0,6.0,
2056,507.0,6.0,
2057,506.0,7.0,
2058,504.0,6.0,
2059,509.0,6.0,
2060,508.0,6.0,
2061,711.0,,
2062,501.0,6.0,
2063,507.0,4.0,
2064,504.0,8.0,
2065,506.0,7.0,
2066,503.0,6.0,
2067,501.0,2.0,
2068,509.0,6.0,
2069,508.0,8.0,
2070,,8.0,
2071,509.0,8.0,
2072,510.0,1.0,
2073,500.0,6.0,
2074,509.0,5.0,
2075,505.0,7.0,
2076,600.0,6.0,
2077,411.0,8.0,
2078,504.0,8.0,
2079,601.0,6.0,
2080,500.0,6.0,
2081,504.0,8.0,
2082,408.0,4.0,
2083,602.0,5.0,
2084,502.0,7.0,
2085,502.0,2.0,
2086,508.0,6.0,
2087,503.0,7.0,
2088,505.0,4.0,
2089,711.0,6.0,
2090,505.0,5.0,
2091,509.0,6.0,
2092,505.0,7.0,
2093,502.0,6.0,
2094,505.0,8.0,
2095,509.0,6.0,
2096,411.0,8.0,
2097,508.0,8.0,
2098,501.0,6.0,
2099,502.0,2.0,
2100,504.0,1.0,
2101,503.0,8.0,
2102,510.0,6.0,
2103,502.0,4.0,
2104,507.0,1.0,
2105,502.0,4.0,
2106,511.0,6.0,
2107,,,
2108,508.0,2.0,
2109,503.0,7.0,
2110,503.0,,
2111,505.0,6.0,
2112,504.0,6.0,
2113,510.0,6.0,
2114,510.0,6.0,
2115,506.0,,
2116,505.0,,
2117,505.0,1.0,
2118,503.0,8.0,
2119,507.0,6.0,
2120,503.0,6.0,
2121,511.0,7.0,
2122,507.0,6.0,
2123,505.0,6.0,
2124,504.0,6.0,
2125,504.0,7.0,
2126,503.0,8.0,
2127,701.0,4.0,
2128,605.0,1.0,
2129,504.0,8.0,
2130,601.0,5.0,
2131,500.0,6.0,
2132,509.0,6.0,
2133,509.0,4.0,
2134,501.0,2.0,
2135,502.0,6.0,
2136,505.0,6.0,
2137,604.0,7.0,
2138,500.0,7.0,
2139,506.0,6.0,
2140,508.0,6.0,
2141,507.0,6.0,
2142,501.0,,
2143,711.0,1.0,
2144,602.0,6.0,
2145,,8.0,
2146,501.0,,
2147,509.0,6.0,
2148,503.0,4.0,
2149,509.0,8.0,
2150,508.0,6.0,
2151,504.0,8.0,
2152,504.0,8.0,
2153,509.0,5.0,
2154,505.0,8.0,
2155,501.0,,
2156,503.0,6.0,
2157,503.0,6.0,
2158,501.0,6.0,
2159,502.0,8.0,
2160,504.0,6.0,
2161,510.0,6.0,
2162,508.0,1.0,
2163,506.0,2.0,
2164,503.0,4.0,
2165,502.0,7.0,
2166,410.0,8.0,
2167,504.0,8.0,
2168,602.0,6.0,
2169,508.0,6.0,
2170,503.0,1.0,
2171,,,
2172,509.0,8.0,
2173,411.0,,
2174,506.0,6.0,
2175,501.0,1.0,
2176,505.0,1.0,
2177,507.0,7.0,
2178,504.0,5.0,
2179,505.0,8.0,
2180,504.0,8.0,
2181,501.0,6.0,
2182,,4.0,
2183,506.0,8.0,
2184,507.0,6.0,
2185,503.0,2.0,
2186,505.0,7.0,
2187,504.0,8.0,
2188,507.0,4.0,
2189,506.0,8.0,
2190,508.0,8.0,
2191,505.0,8.0,
2192,504.0,6.0,
2193,600.0,5.0,
2194,507.0,6.0,
2195,505.0,4.0,
2196,503.0,8.0,
2197,600.0,6.0,
2198,600.0,6.0,
2199,600.0,6.0,
2200,503.0,8.0,
2201,505.0,7.0,
2202,510.0,5.0,
2203,503.0,8.0,
2204,506.0,5.0,
2205,500.0,8.0,
2206,509.0,8.0,
2207,505.0,5.0,
2208,504.0,8.0,
2209,507.0,6.0,
2210,504.0,6.0,
2211,504.0,6.0,
2212,602.0,8.0,
2213,511.0,6.0,
2214,510.0,8.0,
2215,711.0,5.0,
2216,506.0,6.0,
2217,501.0,8.0,
2218,503.0,6.0,
2219,505.0,6.0,
2220,501.0,7.0,
2221,503.0,6.0,
2222,510.0,1.0,
2223,505.0,8.0,
2224,505.0,8.0,
2225,502.0,4.0,
2226,505.0,6.0,
2227,503.0,8.0,
2228,505.0,5.0,
2229,711.0,,
2230,507.0,6.0,
2231,511.0,6.0,
2232,411.0,,
2233,504.0,6.0,
2234,500.0,6.0,
2235,508.0,8.0,
2236,507.0,6.0,
2237,507.0,6.0,
2238,703.0,8.0,
2239,509.0,7.0,
2240,510.0,1.0,
2241,503.0,6.0,
2242,506.0,8.0,
2243,511.0,6.0,
2244,509.0,6.0,
2245,509.0,4.0,
2246,501.0,8.0,
2247,602.0,6.0,
2248,510.0,7.0,
2249,506.0,7.0,
2250,510.0,8.0,
2251,603.0,8.0,
2252,503.0,6.0,
2253,510.0,6.0,
2254,506.0,5.0,
2255,504.0,4.0,
2256,509.0,6.0,
2257,507.0,5.0,
2258,509.0,6.0,
2259,501.0,6.0,
2260,511.0,4.0,
2261,411.0,8.0,
2262,511.0,6.0,
2263,506.0,8.0,
2264,506.0,8.0,
2265,511.0,6.0,
2266,502.0,7.0,
2267,505.0,2.0,
2268,504.0,7.0,
2269,505.0,6.0,
2270,511.0,7.0,
2271,504.0,6.0,
2272,507.0,6.0,
2273,600.0,6.0,
2274,506.0,6.0,
2275,508.0,8.0,
2276,505.0,1.0,
2277,506.0,6.0,
2278,503.0,6.0,
2279,509.0,6.0,
2280,604.0,8.0,
2281,507.0,2.0,
2282,504.0,6.0,
2283,507.0,8.0,
2284,503.0,1.0,
2285,505.0,6.0,
2286,506.0,6.0,
2287,507.0,6.0,
2288,508.0,6.0,
2289,500.0,1.0,
2290,502.0,6.0,
2291,601.0,7.0,
2292,600.0,6.0,
2293,510.0,5.0,
2294,508.0,6.0,
2295,500.0,8.0,
2296,508.0,6.0,
2297,509.0,5.0,
2298,509.0,5.0,
2299,503.0,6.0,
2300,601.0,6.0,
2301,507.0,8.0,
2302,600.0,7.0,
2303,505.0,8.0,
2304,411.0,6.0,
2305,500.0,7.0,
2306,503.0,7.0,
2307,502.0,1.0,
2308,510.0,8.0,
2309,502.0,1.0,
2310,504.0,2.0,
2311,504.0,6.0,
2312,601.0,1.0,
2313,500.0,7.0,
2314,509.0,1.0,
2315,503.0,6.0,
2316,502.0,6.0,
2317,504.0,8.0,
2318,503.0,6.0,
2319,501.0,6.0,
2320,507.0,8.0,
2321,505.0,6.0,
2322,507.0,1.0,
2323,506.0,8.0,
2324,511.0,2.0,
2325,504.0,6.0,
2326,602.0,8.0,
2327,511.0,7.0,
2328,505.0,8.0,
2329,505.0,6.0,
2330,511.0,8.0,
2331,507.0,6.0,
2332,503.0,8.0,
2333,510.0,3.0,
2334,510.0,6.0,
2335,501.0,6.0,
2336,511.0,4.0,
2337,509.0,6.0,
2338,504.0,7.0,
2339,506.0,6.0,
2340,600.0,7.0,
2341,505.0,7.0,
2342,601.0,6.0,
2343,509.0,6.0,
2344,504.0,6.0,
2345,605.0,6.0,
2346,507.0,8.0,
2347,511.0,5.0,
2348,501.0,,
2349,504.0,6.0,
2350,504.0,1.0,
2351,503.0,7.0,
2352,501.0,6.0,
2353,511.0,6.0,
2354,411.0,4.0,
2355,504.0,6.0,
2356,502.0,6.0,
2357,702.0,3.0,
2358,505.0,6.0,
2359,502.0,8.0,
2360,,6.0,
2361,604.0,6.0,
2362,507.0,3.0,
2363,501.0,8.0,
2364,411.0,6.0,
2365,510.0,6.0,
2366,503.0,1.0,
2367,601.0,6.0,
2368,504.0,7.0,
2369,502.0,6.0,
2370,511.0,8.0,
2371,503.0,6.0,
2372,507.0,6.0,
2373,508.0,6.0,
2374,502.0,6.0,
2375,504.0,6.0,
2376,507.0,6.0,
2377,508.0,6.0,
2378,502.0,6.0,
2379,600.0,8.0,
2380,502.0,8.0,
2381,504.0,8.0,
2382,509.0,6.0,
2383,501.0,8.0,
2384,507.0,,
2385,502.0,8.0,
2386,503.0,8.0,
2387,411.0,8.0,
2388,504.0,6.0,
2389,510.0,5.0,
2390,507.0,6.0,
2391,507.0,8.0,
2392,505.0,6.0,
2393,502.0,8.0,
2394,507.0,8.0,
2395,500.0,5.0,
2396,504.0,6.0,
2397,503.0,6.0,
2398,503.0,8.0,
2399,506.0,6.0,
2400,506.0,7.0,
2401,501.0,6.0,
2402,509.0,6.0,
2403,502.0,6.0,
2404,600.0,8.0,
2405,504.0,6.0,
2406,601.0,6.0,
2407,508.0,1.0,
2408,507.0,1.0,
2409,500.0,6.0,
2410,506.0,6.0,
2411,509.0,7.0,
2412,505.0,1.0,
2413,500.0,1.0,
2414,505.0,5.0,
2415,600.0,8.0,
2416,510.0,8.0,
2417,603.0,8.0,
2418,507.0,6.0,
2419,504.0,8.0,
2420,504.0,3.0,
2421,506.0,6.0,
2422,506.0,5.0,
2423,600.0,6.0,
2424,506.0,5.0,
2425,507.0,6.0,
2426,500.0,6.0,
2427,509.0,8.0,
2428,602.0,6.0,
2429,601.0,6.0,
2430,611.0,,
2431,503.0,6.0,
2432,509.0,8.0,
2433,602.0,6.0,
2434,608.0,5.0,
2435,508.0,8.0,
2436,508.0,6.0,
2437,509.0,1.0,
2438,411.0,6.0,
2439,505.0,6.0,
2440,507.0,7.0,
2441,506.0,7.0,
2442,507.0,6.0,
2443,605.0,8.0,
2444,511.0,,
2445,507.0,5.0,
2446,600.0,6.0,
2447,508.0,8.0,
2448,508.0,2.0,
2449,504.0,6.0,
2450,503.0,6.0,
2451,504.0,6.0,
2452,502.0,6.0,
2453,502.0,4.0,
2454,503.0,8.0,
2455,509.0,6.0,
2456,511.0,8.0,
2457,502.0,6.0,
2458,500.0,6.0,
2459,503.0,6.0,
2460,510.0,5.0,
2461,511.0,4.0,
2462,506.0,6.0,
2463,506.0,6.0,
2464,506.0,6.0,
2465,603.0,7.0,
2466,504.0,8.0,
2467,507.0,6.0,
2468,507.0,8.0,
2469,507.0,6.0,
2470,506.0,6.0,
2471,501.0,6.0,
2472,502.0,6.0,
2473,504.0,8.0,
2474,507.0,7.0,
2475,510.0,6.0,
2476,508.0,8.0,
2477,511.0,8.0,
2478,505.0,1.0,
2479,508.0,6.0,
2480,511.0,8.0,
2481,510.0,6.0,
2482,509.0,6.0,
2483,510.0,6.0,
2484,503.0,6.0,
2485,504.0,6.0,
2486,505.0,6.0,
2487,511.0,8.0,
2488,504.0,6.0,
2489,602.0,8.0,
2490,508.0,1.0,
2491,502.0,8.0,
2492,506.0,7.0,
2493,501.0,6.0,
2494,508.0,8.0,
2495,500.0,1.0,
2496,508.0,8.0,
2497,404.0,6.0,
2498,503.0,5.0,
2499,503.0,6.0,
2500,600.0,6.0,
2501,504.0,6.0,
2502,502.0,8.0,
2503,511.0,6.0,
2504,600.0,8.0,
2505,506.0,8.0,
2506,509.0,7.0,
2507,601.0,6.0,
2508,507.0,6.0,
2509,504.0,7.0,
2510,502.0,4.0,
2511,505.0,4.0,
2512,602.0,3.0,
2513,504.0,8.0,
2514,510.0,6.0,
2515,600.0,6.0,
2516,410.0,8.0,
2517,510.0,1.0,
2518,509.0,6.0,
2519,503.0,1.0,
2520,509.0,8.0,
2521,502.0,6.0,
2522,507.0,6.0,
2523,508.0,6.0,
2524,504.0,8.0,
2525,602.0,7.0,
2526,602.0,7.0,
2527,510.0,4.0,
2528,603.0,,
2529,601.0,5.0,
2530,509.0,6.0,
2531,601.0,4.0,
2532,506.0,8.0,
2533,600.0,7.0,
2534,504.0,6.0,
2535,508.0,7.0,
2536,504.0,6.0,
2537,600.0,8.0,
2538,509.0,6.0,
2539,600.0,,
2540,600.0,5.0,
2541,506.0,8.0,
2542,711.0,,
2543,509.0,,
2544,504.0,7.0,
2545,504.0,8.0,
2546,600.0,6.0,
2547,505.0,8.0,
2548,503.0,6.0,
2549,506.0,1.0,
2550,506.0,6.0,
2551,711.0,8.0,
2552,509.0,8.0,
2553,502.0,6.0,
2554,507.0,6.0,
2555,505.0,8.0,
2556,502.0,,
2557,507.0,8.0,
2558,506.0,6.0,
2559,503.0,8.0,
2560,510.0,8.0,
2561,600.0,6.0,
2562,511.0,6.0,
2563,411.0,1.0,
2564,510.0,6.0,
2565,411.0,6.0,
2566,504.0,8.0,
2567,509.0,,
2568,511.0,8.0,
2569,506.0,6.0,
2570,510.0,4.0,
2571,511.0,6.0,
2572,507.0,8.0,
2573,601.0,6.0,
2574,504.0,5.0,
2575,511.0,6.0,
2576,411.0,8.0,
2577,711.0,1.0,
2578,500.0,6.0,
2579,505.0,6.0,
2580,501.0,7.0,
2581,602.0,7.0,
2582,508.0,,
2583,502.0,6.0,
2584,508.0,6.0,
2585,503.0,4.0,
2586,510.0,1.0,
2587,505.0,6.0,
2588,505.0,6.0,
2589,509.0,6.0,
2590,600.0,8.0,
2591,503.0,4.0,
2592,507.0,8.0,
2593,505.0,8.0,
2594,509.0,8.0,
2595,504.0,6.0,
2596,607.0,7.0,
2597,506.0,8.0,
2598,600.0,8.0,
2599,600.0,,
2600,502.0,,
2601,511.0,7.0,
2602,510.0,8.0,
2603,507.0,8.0,
2604,503.0,6.0,
2605,506.0,1.0,
2606,509.0,,
2607,504.0,6.0,
2608,603.0,5.0,
2609,507.0,5.0,
2610,511.0,6.0,
2611,,6.0,
2612,601.0,6.0,
2613,600.0,4.0,
2614,510.0,6.0,
2615,509.0,8.0,
2616,504.0,6.0,
2617,504.0,,
2618,503.0,1.0,
2619,504.0,8.0,
2620,510.0,6.0,
2621,504.0,6.0,
2622,411.0,4.0,
2623,511.0,6.0,
2624,501.0,8.0,
2625,504.0,8.0,
2626,504.0,,
2627,508.0,2.0,
2628,506.0,7.0,
2629,506.0,8.0,
2630,600.0,8.0,
2631,509.0,6.0,
2632,503.0,6.0,
2633,600.0,1.0,
2634,507.0,6.0,
2635,511.0,6.0,
2636,411.0,5.0,
2637,502.0,5.0,
2638,506.0,6.0,
2639,506.0,6.0,
2640,600.0,4.0,
2641,502.0,6.0,
2642,601.0,6.0,
2643,509.0,6.0,
2644,509.0,6.0,
2645,502.0,8.0,
2646,500.0,6.0,
2647,601.0,1.0,
2648,510.0,6.0,
2649,507.0,6.0,
2650,506.0,8.0,
2651,507.0,8.0,
2652,508.0,4.0,
2653,508.0,6.0,
2654,507.0,6.0,
2655,511.0,1.0,
2656,504.0,6.0,
2657,510.0,8.0,
2658,501.0,7.0,
2659,511.0,5.0,
2660,508.0,6.0,
2661,,6.0,
2662,508.0,8.0,
2663,504.0,6.0,
2664,501.0,6.0,
2665,601.0,6.0,
2666,510.0,8.0,
2667,504.0,8.0,
2668,508.0,5.0,
2669,502.0,6.0,
2670,501.0,6.0,
2671,501.0,7.0,
2672,510.0,1.0,
2673,506.0,1.0,
2674,503.0,3.0,
2675,602.0,7.0,
2676,301.0,1.0,
2677,510.0,2.0,
2678,501.0,2.0,
2679,602.0,6.0,
2680,411.0,8.0,
2681,500.0,8.0,
2682,509.0,6.0,
2683,504.0,6.0,
2684,603.0,6.0,
2685,508.0,6.0,
2686,511.0,8.0,
2687,600.0,8.0,
2688,502.0,6.0,
2689,600.0,6.0,
2690,509.0,6.0,
2691,510.0,5.0,
2692,507.0,6.0,
2693,503.0,6.0,
2694,509.0,6.0,
2695,510.0,5.0,
2696,506.0,6.0,
2697,506.0,6.0,
2698,511.0,4.0,
2699,507.0,7.0,
2700,506.0,8.0,
2701,510.0,8.0,
2702,508.0,4.0,
2703,505.0,4.0,
2704,507.0,8.0,
2705,504.0,6.0,
2706,500.0,6.0,
2707,510.0,1.0,
2708,503.0,8.0,
2709,406.0,6.0,
2710,602.0,4.0,
2711,500.0,4.0,
2712,503.0,5.0,
2713,500.0,6.0,
2714,503.0,6.0,
2715,507.0,7.0,
2716,503.0,6.0,
2717,707.0,7.0,
2718,504.0,8.0,
2719,411.0,6.0,
2720,507.0,8.0,
2721,500.0,1.0,
2722,411.0,8.0,
2723,509.0,6.0,
2724,502.0,3.0,
2725,600.0,6.0,
2726,501.0,6.0,
2727,504.0,8.0,
2728,503.0,2.0,
2729,504.0,7.0,
2730,504.0,8.0,
2731,509.0,6.0,
2732,508.0,8.0,
2733,502.0,6.0,
2734,503.0,6.0,
2735,507.0,6.0,
2736,503.0,6.0,
2737,708.0,8.0,
2738,509.0,8.0,
2739,510.0,8.0,
2740,504.0,8.0,
2741,507.0,3.0,
2742,600.0,8.0,
2743,601.0,6.0,
2744,508.0,8.0,
2745,510.0,4.0,
2746,501.0,8.0,
2747,503.0,6.0,
2748,409.0,8.0,
2749,504.0,6.0,
2750,500.0,8.0,
2751,511.0,6.0,
2752,,7.0,
2753,506.0,6.0,
2754,505.0,8.0,
2755,600.0,6.0,
2756,502.0,2.0,
2757,503.0,8.0,
2758,504.0,6.0,
2759,506.0,6.0,
2760,509.0,8.0,
2761,507.0,5.0,
2762,601.0,8.0,
2763,502.0,6.0,
2764,503.0,6.0,
2765,501.0,6.0,
2766,410.0,8.0,
2767,503.0,8.0,
2768,505.0,8.0,
2769,506.0,8.0,
2770,504.0,8.0,
2771,501.0,6.0,
2772,502.0,6.0,
2773,506.0,6.0,
2774,501.0,6.0,
2775,506.0,6.0,
2776,504.0,6.0,
2777,508.0,6.0,
2778,509.0,7.0,
2779,507.0,2.0,
2780,506.0,8.0,
2781,603.0,8.0,
2782,501.0,8.0,
2783,511.0,8.0,
2784,600.0,8.0,
2785,409.0,4.0,
2786,507.0,8.0,
2787,508.0,6.0,
2788,507.0,8.0,
2789,504.0,7.0,
2790,605.0,7.0,
2791,505.0,8.0,
2792,600.0,6.0,
2793,508.0,7.0,
2794,509.0,4.0,
2795,502.0,6.0,
2796,505.0,8.0,
2797,508.0,8.0,
2798,504.0,6.0,
2799,501.0,6.0,
2800,504.0,8.0,
2801,505.0,8.0,
2802,502.0,8.0,
2803,505.0,2.0,
2804,503.0,4.0,
2805,506.0,8.0,
2806,508.0,8.0,
2807,509.0,8.0,
2808,600.0,8.0,
2809,506.0,4.0,
2810,508.0,4.0,
2811,600.0,8.0,
2812,505.0,8.0,
2813,509.0,8.0,
2814,505.0,6.0,
2815,502.0,6.0,
2816,600.0,6.0,
2817,504.0,7.0,
2818,507.0,5.0,
2819,509.0,,
2820,509.0,4.0,
2821,502.0,6.0,
2822,506.0,8.0,
2823,502.0,5.0,
2824,502.0,,
2825,506.0,7.0,
2826,506.0,8.0,
2827,504.0,6.0,
2828,601.0,8.0,
2829,600.0,7.0,
2830,500.0,8.0,
2831,500.0,8.0,
2832,508.0,8.0,
2833,503.0,8.0,
2834,509.0,6.0,
2835,501.0,6.0,
2836,509.0,6.0,
2837,508.0,8.0,
2838,,6.0,
2839,504.0,7.0,
2840,600.0,8.0,
2841,600.0,4.0,
2842,507.0,4.0,
2843,409.0,5.0,
2844,603.0,5.0,
2845,502.0,8.0,
2846,500.0,5.0,
2847,504.0,8.0,
2848,504.0,6.0,
2849,508.0,8.0,
2850,502.0,6.0,
2851,600.0,6.0,
2852,501.0,3.0,
2853,505.0,3.0,
2854,503.0,8.0,
2855,510.0,7.0,
2856,509.0,6.0,
2857,605.0,6.0,
2858,600.0,8.0,
2859,504.0,8.0,
2860,511.0,8.0,
2861,502.0,8.0,
2862,505.0,8.0,
2863,,,
2864,506.0,4.0,
2865,502.0,8.0,
2866,501.0,7.0,
2867,500.0,8.0,
2868,502.0,5.0,
2869,507.0,5.0,
2870,507.0,8.0,
2871,604.0,8.0,
2872,511.0,6.0,
2873,508.0,6.0,
2874,502.0,8.0,
2875,506.0,8.0,
2876,607.0,6.0,
2877,505.0,8.0,
2878,501.0,8.0,
2879,509.0,8.0,
2880,506.0,8.0,
2881,504.0,4.0,
2882,510.0,8.0,
2883,501.0,6.0,
2884,508.0,4.0,
2885,411.0,8.0,
2886,506.0,1.0,
2887,606.0,4.0,
2888,505.0,8.0,
2889,508.0,8.0,
2890,502.0,6.0,
2891,504.0,8.0,
2892,509.0,6.0,
2893,502.0,6.0,
2894,506.0,8.0,
2895,507.0,,
2896,510.0,8.0,
2897,506.0,6.0,
2898,601.0,7.0,
2899,510.0,,
2900,509.0,6.0,
2901,510.0,4.0,
2902,600.0,2.0,
2903,500.0,8.0,
2904,509.0,6.0,
2905,500.0,6.0,
2906,505.0,8.0,
2907,504.0,4.0,
2908,509.0,1.0,
2909,502.0,6.0,
2910,506.0,8.0,
2911,504.0,6.0,
2912,506.0,1.0,
2913,600.0,8.0,
2914,508.0,2.0,
2915,507.0,6.0,
2916,504.0,8.0,
2917,511.0,5.0,
2918,506.0,7.0,
2919,510.0,8.0,
2920,502.0,6.0,
2921,604.0,6.0,
2922,506.0,8.0,
2923,601.0,8.0,
2924,411.0,8.0,
2925,411.0,4.0,
2926,606.0,8.0,
2927,602.0,8.0,
2928,511.0,1.0,
2929,503.0,6.0,
2930,508.0,6.0,
2931,510.0,2.0,
2932,506.0,7.0,
2933,506.0,6.0,
2934,508.0,5.0,
2935,507.0,6.0,
2936,507.0,2.0,
2937,507.0,8.0,
2938,509.0,8.0,
2939,602.0,6.0,
2940,508.0,6.0,
2941,507.0,8.0,
2942,507.0,6.0,
2943,505.0,8.0,
2944,502.0,5.0,
2945,503.0,8.0,
2946,504.0,6.0,
2947,501.0,6.0,
2948,508.0,5.0,
2949,,1.0,
2950,501.0,6.0,
2951,507.0,5.0,
2952,504.0,8.0,
2953,511.0,6.0,
2954,500.0,8.0,
2955,508.0,1.0,
2956,504.0,6.0,
2957,504.0,8.0,
2958,503.0,8.0,
2959,511.0,6.0,
2960,503.0,8.0,
2961,507.0,7.0,
2962,502.0,6.0,
2963,506.0,8.0,
2964,509.0,6.0,
2965,508.0,2.0,
2966,503.0,5.0,
2967,501.0,8.0,
2968,504.0,8.0,
2969,600.0,6.0,
2970,506.0,8.0,
2971,501.0,8.0,
2972,506.0,1.0,
2973,509.0,6.0,
2974,504.0,6.0,
2975,507.0,4.0,
2976,511.0,6.0,
2977,505.0,8.0,
2978,508.0,8.0,
2979,500.0,7.0,
2980,509.0,8.0,
2981,507.0,6.0,
2982,504.0,8.0,
2983,501.0,5.0,
2984,411.0,1.0,
2985,507.0,6.0,
2986,505.0,1.0,
2987,408.0,6.0,
2988,505.0,8.0,
2989,508.0,8.0,
2990,505.0,1.0,
2991,411.0,6.0,
2992,509.0,8.0,
2993,503.0,7.0,
2994,603.0,1.0,
2995,604.0,8.0,
2996,506.0,8.0,
2997,509.0,6.0,
2998,507.0,6.0,
2999,511.0,6.0,
3000,511.0,8.0,
3001,510.0,5.0,
3002,503.0,3.0,
3003,600.0,8.0,
3004,603.0,8.0,
3005,506.0,6.0,
3006,510.0,5.0,
3007,501.0,6.0,
3008,507.0,8.0,
3009,508.0,8.0,
3010,504.0,6.0,
3011,506.0,1.0,
3012,507.0,8.0,
3013,510.0,8.0,
3014,603.0,1.0,
3015,507.0,6.0,
3016,504.0,7.0,
3017,506.0,8.0,
3018,510.0,8.0,
3019,502.0,6.0,
3020,502.0,8.0,
3021,511.0,8.0,
3022,505.0,8.0,
3023,501.0,6.0,
3024,504.0,6.0,
3025,505.0,8.0,
3026,606.0,4.0,
3027,510.0,8.0,
3028,507.0,7.0,
3029,600.0,8.0,
3030,509.0,6.0,
3031,602.0,6.0,
3032,503.0,5.0,
3033,507.0,8.0,
3034,505.0,1.0,
3035,503.0,6.0,
3036,506.0,4.0,
3037,505.0,6.0,
3038,503.0,6.0,
3039,506.0,3.0,
3040,511.0,6.0,
3041,502.0,8.0,
3042,500.0,6.0,
3043,508.0,4.0,
3044,505.0,8.0,
3045,505.0,6.0,
3046,509.0,6.0,
3047,510.0,6.0,
3048,601.0,8.0,
3049,501.0,6.0,
3050,501.0,6.0,
3051,502.0,4.0,
3052,508.0,1.0,
3053,504.0,6.0,
3054,506.0,6.0,
3055,506.0,5.0,
3056,511.0,8.0,
3057,508.0,7.0,
3058,500.0,8.0,
3059,509.0,1.0,
3060,505.0,6.0,
3061,506.0,1.0,
3062,509.0,8.0,
3063,510.0,8.0,
3064,502.0,5.0,
3065,410.0,6.0,
3066,709.0,1.0,
3067,503.0,8.0,
3068,504.0,7.0,
3069,500.0,6.0,
3070,507.0,8.0,
3071,510.0,4.0,
3072,411.0,7.0,
3073,501.0,8.0,
3074,504.0,8.0,
3075,411.0,8.0,
3076,504.0,,
3077,503.0,6.0,
3078,700.0,,
3079,501.0,6.0,
3080,505.0,8.0,
3081,600.0,6.0,
3082,600.0,6.0,
3083,508.0,7.0,
3084,507.0,6.0,
3085,506.0,6.0,
3086,506.0,6.0,
3087,510.0,6.0,
3088,508.0,8.0,
3089,510.0,6.0,
3090,502.0,3.0,
3091,505.0,6.0,
3092,507.0,6.0,
3093,510.0,6.0,
3094,507.0,4.0,
3095,508.0,6.0,
3096,511.0,7.0,
3097,504.0,8.0,
3098,605.0,2.0,
3099,502.0,6.0,
3100,507.0,6.0,
3101,510.0,6.0,
3102,502.0,8.0,
3103,600.0,8.0,
3104,504.0,6.0,
3105,508.0,1.0,
3106,501.0,5.0,
3107,602.0,1.0,
3108,504.0,8.0,
3109,504.0,8.0,
3110,511.0,1.0,
3111,501.0,8.0,
3112,507.0,8.0,
3113,502.0,6.0,
3114,502.0,4.0,
3115,508.0,6.0,
3116,501.0,6.0,
3117,504.0,3.0,
3118,505.0,8.0,
3119,505.0,6.0,
3120,507.0,6.0,
3121,505.0,7.0,
3122,603.0,8.0,
3123,507.0,8.0,
3124,505.0,8.0,
3125,600.0,8.0,
3126,506.0,8.0,
3127,505.0,6.0,
3128,504.0,8.0,
3129,600.0,6.0,
3130,508.0,6.0,
3131,504.0,4.0,
3132,503.0,6.0,
3133,510.0,8.0,
3134,505.0,7.0,
3135,500.0,8.0,
3136,511.0,4.0,
3137,506.0,6.0,
3138,604.0,6.0,
3139,510.0,8.0,
3140,505.0,8.0,
3141,708.0,8.0,
3142,509.0,7.0,
3143,505.0,1.0,
3144,506.0,8.0,
3145,510.0,6.0,
3146,603.0,7.0,
3147,508.0,5.0,
3148,600.0,1.0,
3149,510.0,6.0,
3150,504.0,6.0,
3151,502.0,7.0,
3152,507.0,6.0,
3153,501.0,6.0,
3154,602.0,6.0,
3155,509.0,6.0,
3156,506.0,8.0,
3157,507.0,8.0,
3158,510.0,6.0,
3159,506.0,8.0,
3160,504.0,6.0,
3161,509.0,8.0,
3162,504.0,4.0,
3163,501.0,8.0,
3164,500.0,8.0,
3165,511.0,6.0,
3166,506.0,7.0,
3167,505.0,6.0,
3168,510.0,8.0,
3169,510.0,4.0,
3170,605.0,,
3171,505.0,4.0,
3172,600.0,1.0,
3173,600.0,4.0,
3174,510.0,6.0,
3175,511.0,6.0,
3176,507.0,6.0,
3177,503.0,8.0,
3178,500.0,6.0,
3179,502.0,6.0,
3180,508.0,8.0,
3181,504.0,6.0,
3182,500.0,8.0,
3183,508.0,6.0,
3184,,,
3185,601.0,6.0,
3186,504.0,8.0,
3187,411.0,6.0,
3188,506.0,8.0,
3189,510.0,6.0,
3190,507.0,3.0,
3191,411.0,6.0,
3192,509.0,8.0,
3193,510.0,6.0,
3194,502.0,8.0,
3195,505.0,8.0,
3196,504.0,6.0,
3197,510.0,8.0,
3198,504.0,6.0,
3199,502.0,6.0,
3200,505.0,6.0,
3201,511.0,6.0,
3202,509.0,6.0,
3203,600.0,8.0,
3204,509.0,6.0,
3205,506.0,6.0,
3206,500.0,6.0,
3207,602.0,5.0,
3208,506.0,6.0,
3209,503.0,7.0,
3210,505.0,1.0,
3211,507.0,5.0,
3212,501.0,6.0,
3213,600.0,8.0,
3214,511.0,8.0,
3215,505.0,8.0,
3216,507.0,8.0,
3217,510.0,6.0,
3218,503.0,8.0,
3219,504.0,1.0,
3220,507.0,1.0,
3221,601.0,8.0,
3222,505.0,6.0,
3223,601.0,,
3224,508.0,6.0,
3225,504.0,6.0,
3226,503.0,6.0,
3227,508.0,6.0,
3228,601.0,8.0,
3229,505.0,6.0,
3230,506.0,8.0,
3231,510.0,1.0,
3232,602.0,8.0,
3233,507.0,6.0,
3234,506.0,6.0,
3235,600.0,,
3236,510.0,6.0,
3237,504.0,6.0,
3238,505.0,8.0,
3239,509.0,6.0,
3240,501.0,6.0,
3241,505.0,6.0,
3242,510.0,4.0,
3243,505.0,6.0,
3244,504.0,8.0,
3245,501.0,8.0,
3246,511.0,6.0,
3247,502.0,6.0,
3248,502.0,8.0,
3249,600.0,6.0,
3250,603.0,8.0,
3251,503.0,,
3252,507.0,6.0,
3253,511.0,8.0,
3254,510.0,,
3255,502.0,6.0,
3256,508.0,8.0,
3257,501.0,6.0,
3258,503.0,8.0,
3259,502.0,6.0,
3260,502.0,6.0,
3261,511.0,6.0,
3262,507.0,6.0,
3263,509.0,6.0,
3264,509.0,7.0,
3265,509.0,6.0,
3266,408.0,6.0,
3267,500.0,6.0,
3268,504.0,6.0,
3269,505.0,6.0,
3270,604.0,7.0,
3271,507.0,6.0,
3272,506.0,8.0,
3273,411.0,8.0,
3274,509.0,8.0,
3275,506.0,8.0,
3276,411.0,8.0,
3277,511.0,5.0,
3278,508.0,1.0,
3279,500.0,8.0,
3280,603.0,6.0,
3281,601.0,,
3282,503.0,2.0,
3283,511.0,6.0,
3284,505.0,5.0,
3285,502.0,8.0,
3286,509.0,8.0,
3287,511.0,6.0,
3288,506.0,8.0,
3289,507.0,6.0,
3290,601.0,7.0,
3291,601.0,6.0,
3292,505.0,6.0,
3293,502.0,7.0,
3294,504.0,8.0,
3295,503.0,7.0,
3296,506.0,1.0,
3297,504.0,7.0,
3298,505.0,6.0,
3299,506.0,8.0,
3300,411.0,8.0,
3301,503.0,7.0,
3302,508.0,6.0,
3303,511.0,8.0,
3304,505.0,6.0,
3305,503.0,5.0,
3306,511.0,6.0,
3307,509.0,6.0,
3308,509.0,6.0,
3309,502.0,6.0,
3310,508.0,8.0,
3311,503.0,,
3312,504.0,6.0,
3313,507.0,5.0,
3314,504.0,6.0,
3315,600.0,5.0,
3316,504.0,6.0,
3317,509.0,8.0,
3318,502.0,6.0,
3319,511.0,8.0,
3320,502.0,8.0,
3321,508.0,,
3322,504.0,6.0,
3323,511.0,8.0,
3324,504.0,6.0,
3325,508.0,8.0,
3326,,1.0,
3327,503.0,8.0,
3328,506.0,8.0,
3329,508.0,8.0,
3330,502.0,8.0,
3331,501.0,6.0,
3332,510.0,5.0,
3333,602.0,7.0,
3334,506.0,6.0,
3335,502.0,8.0,
3336,504.0,8.0,
3337,505.0,6.0,
3338,600.0,8.0,
3339,601.0,4.0,
3340,600.0,6.0,
3341,411.0,6.0,
3342,502.0,8.0,
3343,505.0,5.0,
3344,600.0,6.0,
3345,600.0,6.0,
3346,602.0,6.0,
3347,510.0,8.0,
3348,511.0,8.0,
3349,507.0,8.0,
3350,502.0,6.0,
3351,507.0,8.0,
3352,503.0,8.0,
3353,506.0,6.0,
3354,508.0,6.0,
3355,506.0,3.0,
3356,506.0,6.0,
3357,502.0,8.0,
3358,506.0,1.0,
3359,503.0,6.0,
3360,504.0,4.0,
3361,509.0,6.0,
3362,504.0,2.0,
3363,600.0,2.0,
3364,500.0,8.0,
3365,508.0,5.0,
3366,509.0,6.0,
3367,504.0,8.0,
3368,600.0,1.0,
3369,501.0,6.0,
3370,603.0,1.0,
3371,511.0,6.0,
3372,506.0,6.0,
3373,506.0,6.0,
3374,505.0,5.0,
3375,508.0,2.0,
3376,504.0,6.0,
3377,600.0,8.0,
3378,602.0,6.0,
3379,601.0,8.0,
3380,511.0,8.0,
3381,508.0,8.0,
3382,502.0,8.0,
3383,600.0,8.0,
3384,511.0,6.0,
3385,503.0,5.0,
3386,508.0,6.0,
3387,508.0,6.0,
3388,509.0,1.0,
3389,509.0,8.0,
3390,507.0,1.0,
3391,505.0,6.0,
3392,504.0,8.0,
3393,509.0,6.0,
3394,506.0,6.0,
3395,511.0,7.0,
3396,503.0,8.0,
3397,509.0,6.0,
3398,507.0,6.0,
3399,601.0,6.0,
3400,510.0,6.0,
3401,504.0,6.0,
3402,502.0,2.0,
3403,507.0,1.0,
3404,504.0,6.0,
3405,506.0,8.0,
3406,501.0,6.0,
3407,509.0,6.0,
3408,601.0,8.0,
3409,511.0,8.0,
3410,506.0,6.0,
3411,509.0,6.0,
3412,601.0,8.0,
3413,507.0,8.0,
3414,510.0,4.0,
3415,600.0,6.0,
3416,507.0,8.0,
3417,600.0,6.0,
3418,603.0,6.0,
3419,603.0,,
3420,506.0,6.0,
3421,502.0,6.0,
3422,605.0,1.0,
3423,510.0,5.0,
3424,509.0,8.0,
3425,502.0,6.0,
3426,510.0,6.0,
3427,504.0,5.0,
3428,506.0,7.0,
3429,508.0,1.0,
3430,511.0,8.0,
3431,503.0,8.0,
3432,508.0,,
3433,506.0,6.0,
3434,503.0,1.0,
3435,505.0,6.0,
3436,507.0,5.0,
3437,503.0,6.0,
3438,502.0,6.0,
3439,604.0,8.0,
3440,508.0,8.0,
3441,510.0,6.0,
3442,511.0,6.0,
3443,503.0,6.0,
3444,508.0,8.0,
3445,411.0,6.0,
3446,600.0,5.0,
3447,508.0,6.0,
3448,507.0,3.0,
3449,506.0,2.0,
3450,600.0,5.0,
3451,504.0,6.0,
3452,706.0,8.0,
3453,504.0,8.0,
3454,502.0,6.0,
3455,604.0,7.0,
3456,508.0,8.0,
3457,508.0,8.0,
3458,505.0,6.0,
3459,504.0,5.0,
3460,507.0,8.0,
3461,503.0,5.0,
3462,510.0,7.0,
3463,500.0,6.0,
3464,502.0,6.0,
3465,510.0,7.0,
3466,507.0,6.0,
3467,505.0,7.0,
3468,503.0,8.0,
3469,509.0,8.0,
3470,600.0,7.0,
3471,500.0,5.0,
3472,509.0,6.0,
3473,600.0,6.0,
3474,508.0,6.0,
3475,602.0,6.0,
3476,511.0,8.0,
3477,504.0,8.0,
3478,600.0,5.0,
3479,511.0,6.0,
3480,511.0,8.0,
3481,508.0,8.0,
3482,500.0,,
3483,501.0,6.0,
3484,501.0,8.0,
3485,504.0,8.0,
3486,600.0,1.0,
3487,507.0,6.0,
3488,504.0,7.0,
3489,503.0,4.0,
3490,503.0,8.0,
3491,511.0,5.0,
3492,506.0,6.0,
3493,505.0,8.0,
3494,503.0,8.0,
3495,508.0,8.0,
3496,504.0,8.0,
3497,505.0,1.0,
3498,505.0,6.0,
3499,501.0,8.0,
3500,508.0,8.0,
3501,509.0,4.0,
3502,504.0,8.0,
3503,600.0,5.0,
3504,504.0,4.0,
3505,507.0,8.0,
3506,502.0,6.0,
3507,500.0,8.0,
3508,508.0,8.0,
3509,507.0,6.0,
3510,602.0,6.0,
3511,503.0,8.0,
3512,510.0,8.0,
3513,501.0,6.0,
3514,508.0,6.0,
3515,504.0,1.0,
3516,505.0,8.0,
3517,601.0,6.0,
3518,511.0,6.0,
3519,506.0,8.0,
3520,510.0,8.0,
3521,507.0,1.0,
3522,502.0,8.0,
3523,510.0,5.0,
3524,505.0,3.0,
3525,504.0,6.0,
3526,509.0,1.0,
3527,506.0,1.0,
3528,502.0,8.0,
3529,508.0,5.0,
3530,501.0,8.0,
3531,605.0,6.0,
3532,508.0,6.0,
3533,509.0,1.0,
3534,601.0,2.0,
3535,508.0,6.0,
3536,510.0,1.0,
3537,500.0,1.0,
3538,508.0,7.0,
3539,511.0,6.0,
3540,504.0,1.0,
3541,601.0,1.0,
3542,504.0,1.0,
3543,506.0,8.0,
3544,501.0,6.0,
3545,603.0,1.0,
3546,506.0,1.0,
3547,511.0,4.0,
3548,506.0,6.0,
3549,507.0,6.0,
3550,506.0,6.0,
3551,505.0,8.0,
3552,509.0,4.0,
3553,511.0,1.0,
3554,508.0,6.0,
3555,508.0,1.0,
3556,506.0,4.0,
3557,506.0,1.0,
3558,506.0,1.0,
3559,504.0,6.0,
3560,,6.0,
3561,502.0,1.0,
3562,504.0,1.0,
3563,600.0,5.0,
3564,509.0,6.0,
3565,510.0,6.0,
3566,508.0,6.0,
3567,,6.0,
3568,501.0,6.0,
3569,502.0,4.0,
3570,501.0,1.0,
3571,508.0,8.0,
3572,501.0,6.0,
3573,504.0,8.0,
3574,501.0,1.0,
3575,601.0,2.0,
3576,507.0,1.0,
3577,508.0,6.0,
3578,504.0,1.0,
3579,503.0,6.0,
3580,,6.0,
3581,709.0,4.0,
3582,509.0,6.0,
3583,501.0,6.0,
3584,600.0,2.0,
3585,506.0,8.0,
3586,506.0,8.0,
3587,602.0,6.0,
3588,505.0,8.0,
3589,600.0,1.0,
3590,601.0,6.0,
3591,600.0,4.0,
3592,505.0,6.0,
3593,503.0,4.0,
3594,600.0,8.0,
3595,504.0,5.0,
3596,600.0,7.0,
3597,508.0,5.0,
3598,506.0,8.0,
3599,508.0,1.0,
3600,603.0,6.0,
3601,600.0,4.0,
3602,604.0,,
3603,501.0,6.0,
3604,508.0,8.0,
3605,505.0,5.0,
3606,603.0,6.0,
3607,507.0,1.0,
3608,601.0,6.0,
3609,503.0,8.0,
3610,505.0,1.0,
3611,510.0,8.0,
3612,508.0,5.0,
3613,502.0,5.0,
3614,506.0,6.0,
3615,604.0,7.0,
3616,505.0,6.0,
3617,600.0,6.0,
3618,507.0,8.0,
3619,510.0,8.0,
3620,506.0,1.0,
3621,507.0,2.0,
3622,600.0,5.0,
3623,603.0,5.0,
3624,511.0,5.0,
3625,511.0,7.0,
3626,504.0,8.0,
3627,509.0,1.0,
3628,508.0,5.0,
3629,600.0,6.0,
3630,600.0,8.0,
3631,500.0,6.0,
3632,502.0,4.0,
3633,505.0,1.0,
3634,603.0,6.0,
3635,602.0,7.0,
3636,511.0,1.0,
3637,604.0,6.0,
3638,602.0,1.0,
3639,503.0,5.0,
3640,505.0,6.0,
3641,602.0,8.0,
3642,511.0,8.0,
3643,507.0,1.0,
3644,511.0,6.0,
3645,506.0,7.0,
3646,507.0,5.0,
3647,506.0,6.0,
3648,502.0,6.0,
3649,510.0,5.0,
3650,711.0,8.0,
3651,510.0,6.0,
3652,507.0,6.0,
3653,504.0,8.0,
3654,505.0,6.0,
3655,510.0,6.0,
3656,600.0,2.0,
3657,510.0,5.0,
3658,511.0,8.0,
3659,411.0,8.0,
3660,503.0,4.0,
3661,510.0,1.0,
3662,511.0,5.0,
3663,502.0,7.0,
3664,502.0,8.0,
3665,501.0,8.0,
3666,511.0,6.0,
3667,509.0,6.0,
3668,504.0,5.0,
3669,503.0,1.0,
3670,603.0,5.0,
3671,602.0,1.0,
3672,507.0,8.0,
3673,503.0,8.0,
3674,502.0,8.0,
3675,505.0,6.0,
3676,601.0,4.0,
3677,600.0,5.0,
3678,511.0,6.0,
3679,505.0,6.0,
3680,507.0,7.0,
3681,,1.0,
3682,506.0,1.0,
3683,507.0,1.0,
3684,504.0,6.0,
3685,510.0,5.0,
3686,600.0,4.0,
3687,511.0,6.0,
3688,507.0,6.0,
3689,600.0,8.0,
3690,600.0,8.0,
3691,603.0,8.0,
3692,,6.0,
3693,511.0,1.0,
3694,502.0,6.0,
3695,508.0,6.0,
3696,505.0,6.0,
3697,511.0,6.0,
3698,509.0,3.0,
3699,505.0,6.0,
3700,503.0,8.0,
3701,509.0,8.0,
3702,506.0,8.0,
3703,504.0,1.0,
3704,502.0,6.0,
3705,508.0,6.0,
3706,600.0,7.0,
3707,507.0,7.0,
3708,510.0,6.0,
3709,505.0,8.0,
3710,507.0,6.0,
3711,501.0,6.0,
3712,509.0,2.0,
3713,506.0,6.0,
3714,508.0,6.0,
3715,511.0,1.0,
3716,507.0,2.0,
3717,504.0,8.0,
3718,506.0,8.0,
3719,505.0,1.0,
3720,508.0,7.0,
3721,501.0,8.0,
3722,509.0,4.0,
3723,,6.0,
3724,600.0,8.0,
3725,502.0,8.0,
3726,602.0,2.0,
3727,502.0,6.0,
3728,607.0,5.0,
3729,502.0,8.0,
3730,609.0,8.0,
3731,508.0,6.0,
3732,610.0,,
3733,601.0,6.0,
3734,511.0,8.0,
3735,602.0,6.0,
3736,509.0,6.0,
3737,,1.0,
3738,602.0,6.0,
3739,511.0,6.0,
3740,508.0,5.0,
3741,508.0,6.0,
3742,509.0,8.0,
3743,511.0,1.0,
3744,507.0,4.0,
3745,509.0,4.0,
3746,606.0,2.0,
3747,507.0,6.0,
3748,600.0,,
3749,505.0,4.0,
3750,602.0,8.0,
3751,510.0,6.0,
3752,506.0,6.0,
3753,510.0,6.0,
3754,507.0,8.0,
3755,503.0,6.0,
3756,508.0,6.0,
3757,504.0,8.0,
3758,503.0,8.0,
3759,504.0,6.0,
3760,603.0,8.0,
3761,510.0,6.0,
3762,510.0,6.0,
3763,506.0,6.0,
3764,509.0,3.0,
3765,502.0,8.0,
3766,510.0,4.0,
3767,510.0,5.0,
3768,507.0,6.0,
3769,503.0,6.0,
3770,510.0,6.0,
3771,507.0,8.0,
3772,508.0,6.0,
3773,509.0,5.0,
3774,600.0,6.0,
3775,505.0,6.0,
3776,509.0,8.0,
3777,508.0,8.0,
3778,502.0,8.0,
3779,601.0,6.0,
3780,601.0,8.0,
3781,508.0,6.0,
3782,502.0,6.0,
3783,501.0,6.0,
3784,600.0,8.0,
3785,508.0,7.0,
3786,510.0,8.0,
3787,509.0,7.0,
3788,504.0,8.0,
3789,505.0,7.0,
3790,600.0,7.0,
3791,511.0,8.0,
3792,501.0,8.0,
3793,511.0,2.0,
3794,504.0,8.0,
3795,505.0,6.0,
3796,505.0,8.0,
3797,600.0,6.0,
3798,509.0,1.0,
3799,507.0,8.0,
3800,507.0,1.0,
3801,504.0,8.0,
3802,508.0,6.0,
3803,510.0,5.0,
3804,511.0,4.0,
3805,602.0,7.0,
3806,601.0,6.0,
3807,511.0,8.0,
3808,506.0,6.0,
3809,700.0,8.0,
3810,507.0,8.0,
3811,600.0,6.0,
3812,502.0,6.0,
3813,505.0,7.0,
3814,510.0,8.0,
3815,505.0,7.0,
3816,505.0,7.0,
3817,507.0,7.0,
3818,502.0,6.0,
3819,506.0,7.0,
3820,504.0,7.0,
3821,507.0,8.0,
3822,506.0,8.0,
3823,509.0,6.0,
3824,601.0,8.0,
3825,507.0,4.0,
3826,508.0,5.0,
3827,505.0,8.0,
3828,501.0,6.0,
3829,508.0,8.0,
3830,502.0,8.0,
3831,505.0,6.0,
3832,503.0,6.0,
3833,510.0,8.0,
3834,503.0,5.0,
3835,509.0,7.0,
3836,507.0,5.0,
3837,509.0,8.0,
3838,508.0,7.0,
3839,500.0,8.0,
3840,505.0,7.0,
3841,511.0,6.0,
3842,500.0,8.0,
3843,508.0,8.0,
3844,511.0,8.0,
3845,506.0,6.0,
3846,503.0,8.0,
3847,507.0,6.0,
3848,504.0,6.0,
3849,504.0,8.0,
3850,502.0,8.0,
3851,507.0,6.0,
3852,600.0,6.0,
3853,507.0,8.0,
3854,504.0,6.0,
3855,507.0,5.0,
3856,503.0,8.0,
3857,503.0,8.0,
3858,508.0,,
3859,504.0,6.0,
3860,600.0,8.0,
3861,506.0,6.0,
3862,509.0,5.0,
3863,511.0,6.0,
3864,600.0,,
3865,502.0,8.0,
3866,505.0,5.0,
3867,504.0,8.0,
3868,503.0,8.0,
3869,511.0,6.0,
3870,507.0,1.0,
3871,508.0,6.0,
3872,504.0,6.0,
3873,603.0,8.0,
3874,506.0,6.0,
3875,506.0,8.0,
3876,507.0,6.0,
3877,510.0,6.0,
3878,505.0,8.0,
3879,510.0,4.0,
3880,509.0,6.0,
3881,509.0,4.0,
3882,500.0,6.0,
3883,601.0,8.0,
3884,504.0,6.0,
3885,509.0,8.0,
3886,509.0,8.0,
3887,508.0,6.0,
3888,510.0,6.0,
3889,600.0,6.0,
3890,506.0,8.0,
3891,600.0,8.0,
3892,505.0,7.0,
3893,600.0,,
3894,500.0,8.0,
3895,504.0,6.0,
3896,506.0,6.0,
3897,510.0,6.0,
3898,503.0,6.0,
3899,605.0,5.0,
3900,600.0,5.0,
3901,601.0,6.0,
3902,505.0,6.0,
3903,507.0,6.0,
3904,504.0,6.0,
3905,511.0,8.0,
3906,600.0,8.0,
3907,503.0,6.0,
3908,511.0,6.0,
3909,500.0,8.0,
3910,505.0,3.0,
3911,511.0,4.0,
3912,511.0,8.0,
3913,509.0,1.0,
3914,507.0,8.0,
3915,506.0,8.0,
3916,510.0,6.0,
3917,508.0,8.0,
3918,506.0,4.0,
3919,500.0,8.0,
3920,508.0,6.0,
3921,510.0,6.0,
3922,507.0,,
3923,509.0,7.0,
3924,510.0,8.0,
3925,507.0,8.0,
3926,507.0,8.0,
3927,502.0,8.0,
3928,507.0,8.0,
3929,511.0,8.0,
3930,511.0,8.0,
3931,507.0,6.0,
3932,503.0,5.0,
3933,505.0,1.0,
3934,510.0,8.0,
3935,500.0,8.0,
3936,511.0,6.0,
3937,500.0,8.0,
3938,501.0,1.0,
3939,506.0,6.0,
3940,600.0,6.0,
3941,508.0,7.0,
3942,503.0,6.0,
3943,508.0,6.0,
3944,502.0,8.0,
3945,411.0,8.0,
3946,600.0,3.0,
3947,508.0,6.0,
3948,509.0,6.0,
3949,507.0,8.0,
3950,509.0,6.0,
3951,509.0,8.0,
3952,503.0,8.0,
3953,511.0,2.0,
3954,511.0,6.0,
3955,506.0,6.0,
3956,502.0,6.0,
3957,502.0,6.0,
3958,502.0,6.0,
3959,603.0,6.0,
3960,506.0,8.0,
3961,502.0,8.0,
3962,505.0,6.0,
3963,501.0,8.0,
3964,500.0,4.0,
3965,511.0,8.0,
3966,508.0,6.0,
3967,510.0,4.0,
3968,600.0,8.0,
3969,503.0,8.0,
3970,508.0,6.0,
3971,601.0,8.0,
3972,507.0,5.0,
3973,504.0,,
3974,504.0,6.0,
3975,502.0,8.0,
3976,505.0,8.0,
3977,509.0,8.0,
3978,510.0,6.0,
3979,510.0,8.0,
3980,502.0,1.0,
3981,506.0,7.0,
3982,603.0,8.0,
3983,506.0,6.0,
3984,601.0,6.0,
3985,501.0,6.0,
3986,511.0,8.0,
3987,602.0,6.0,
3988,506.0,6.0,
3989,509.0,6.0,
3990,510.0,7.0,
3991,506.0,2.0,
3992,510.0,8.0,
3993,508.0,6.0,
3994,507.0,6.0,
3995,600.0,1.0,
3996,510.0,,
3997,504.0,8.0,
3998,507.0,6.0,
3999,508.0,8.0,
4000,411.0,6.0,
4001,508.0,8.0,
4002,504.0,8.0,
4003,402.0,2.0,
4004,503.0,8.0,
4005,508.0,7.0,
4006,509.0,4.0,
4007,505.0,8.0,
4008,506.0,7.0,
4009,508.0,6.0,
4010,505.0,8.0,
4011,503.0,6.0,
4012,506.0,6.0,
4013,508.0,8.0,
4014,503.0,6.0,
4015,600.0,8.0,
4016,510.0,,
4017,510.0,6.0,
4018,511.0,6.0,
4019,505.0,8.0,
4020,505.0,5.0,
4021,508.0,7.0,
4022,505.0,8.0,
4023,504.0,2.0,
4024,509.0,6.0,
4025,507.0,8.0,
4026,500.0,6.0,
4027,506.0,4.0,
4028,601.0,,
4029,502.0,6.0,
4030,503.0,8.0,
4031,503.0,8.0,
4032,511.0,,
4033,,8.0,
4034,711.0,,
4035,708.0,2.0,
4036,,8.0,
4037,509.0,6.0,
4038,511.0,7.0,
4039,601.0,6.0,
4040,506.0,8.0,
4041,509.0,8.0,
4042,510.0,8.0,
4043,506.0,7.0,
4044,506.0,6.0,
4045,511.0,6.0,
4046,600.0,6.0,
4047,508.0,8.0,
4048,510.0,6.0,
4049,605.0,8.0,
4050,600.0,4.0,
4051,510.0,5.0,
4052,507.0,8.0,
4053,602.0,8.0,
4054,602.0,7.0,
4055,504.0,8.0,
4056,600.0,7.0,
4057,602.0,6.0,
4058,604.0,7.0,
4059,600.0,6.0,
4060,600.0,6.0,
4061,600.0,8.0,
4062,600.0,6.0,
4063,510.0,8.0,
4064,600.0,6.0,
4065,510.0,7.0,
4066,602.0,4.0,
4067,506.0,6.0,
4068,506.0,8.0,
4069,509.0,6.0,
4070,601.0,7.0,
4071,508.0,7.0,
4072,509.0,6.0,
4073,602.0,8.0,
4074,507.0,6.0,
4075,506.0,,
4076,602.0,8.0,
4077,,5.0,
4078,506.0,3.0,
4079,607.0,8.0,
4080,601.0,6.0,
4081,605.0,4.0,
4082,508.0,6.0,
4083,511.0,8.0,
4084,600.0,6.0,
4085,601.0,6.0,
4086,600.0,6.0,
4087,509.0,5.0,
4088,507.0,6.0,
4089,600.0,6.0,
4090,601.0,5.0,
4091,504.0,8.0,
4092,511.0,8.0,
4093,601.0,8.0,
4094,509.0,6.0,
4095,510.0,1.0,
4096,510.0,1.0,
4097,511.0,8.0,
4098,510.0,6.0,
4099,600.0,6.0,
4100,510.0,5.0,
4101,510.0,2.0,
4102,602.0,7.0,
4103,705.0,8.0,
4104,511.0,8.0,
4105,600.0,6.0,
4106,508.0,8.0,
4107,506.0,7.0,
4108,511.0,6.0,
4109,601.0,6.0,
4110,509.0,8.0,
4111,600.0,8.0,
4112,600.0,8.0,
4113,510.0,6.0,
4114,603.0,8.0,
4115,509.0,6.0,
4116,509.0,5.0,
4117,603.0,6.0,
4118,510.0,7.0,
4119,602.0,8.0,
4120,511.0,6.0,
4121,507.0,,
4122,605.0,6.0,
4123,604.0,6.0,
4124,508.0,1.0,
4125,600.0,7.0,
4126,507.0,7.0,
4127,507.0,5.0,
4128,511.0,8.0,
4129,603.0,5.0,
4130,505.0,1.0,
4131,602.0,6.0,
4132,506.0,6.0,
4133,511.0,7.0,
4134,505.0,8.0,
4135,411.0,4.0,
4136,600.0,6.0,
4137,510.0,6.0,
4138,502.0,8.0,
4139,509.0,4.0,
4140,506.0,6.0,
4141,503.0,8.0,
4142,506.0,8.0,
4143,602.0,6.0,
4144,506.0,8.0,
4145,505.0,8.0,
4146,510.0,5.0,
4147,509.0,8.0,
4148,503.0,6.0,
4149,507.0,8.0,
4150,505.0,6.0,
4151,,6.0,
4152,503.0,8.0,
4153,603.0,8.0,
4154,510.0,6.0,
4155,505.0,8.0,
4156,511.0,6.0,
4157,504.0,6.0,
4158,505.0,6.0,
4159,503.0,8.0,
4160,510.0,6.0,
4161,506.0,8.0,
4162,508.0,6.0,
4163,506.0,7.0,
4164,505.0,6.0,
4165,508.0,6.0,
4166,505.0,8.0,
4167,500.0,8.0,
4168,500.0,8.0,
4169,504.0,8.0,
4170,601.0,6.0,
4171,510.0,,
4172,510.0,6.0,
4173,508.0,8.0,
4174,508.0,6.0,
4175,601.0,8.0,
4176,601.0,6.0,
4177,510.0,4.0,
4178,509.0,6.0,
4179,509.0,6.0,
4180,503.0,1.0,
4181,506.0,6.0,
4182,506.0,6.0,
4183,602.0,3.0,
4184,500.0,6.0,
4185,509.0,8.0,
4186,508.0,8.0,
4187,507.0,6.0,
4188,503.0,6.0,
4189,508.0,8.0,
4190,510.0,6.0,
4191,504.0,8.0,
4192,509.0,8.0,
4193,506.0,8.0,
4194,509.0,6.0,
4195,602.0,6.0,
4196,711.0,,
4197,502.0,6.0,
4198,510.0,3.0,
4199,511.0,8.0,
4200,506.0,6.0,
4201,601.0,7.0,
4202,502.0,1.0,
4203,507.0,7.0,
4204,509.0,7.0,
4205,402.0,4.0,
4206,507.0,6.0,
4207,507.0,1.0,
4208,510.0,4.0,
4209,506.0,1.0,
4210,507.0,3.0,
4211,601.0,6.0,
4212,502.0,,
4213,509.0,7.0,
4214,600.0,6.0,
4215,510.0,8.0,
4216,505.0,8.0,
4217,504.0,8.0,
4218,507.0,6.0,
4219,511.0,6.0,
4220,507.0,6.0,
4221,601.0,4.0,
4222,509.0,7.0,
4223,600.0,6.0,
4224,510.0,5.0,
4225,504.0,8.0,
4226,600.0,6.0,
4227,601.0,8.0,
4228,503.0,6.0,
4229,511.0,6.0,
4230,510.0,6.0,
4231,509.0,6.0,
4232,509.0,6.0,
4233,510.0,6.0,
4234,600.0,8.0,
4235,504.0,6.0,
4236,510.0,8.0,
4237,504.0,8.0,
4238,601.0,6.0,
4239,508.0,8.0,
4240,601.0,5.0,
4241,509.0,8.0,
4242,508.0,6.0,
4243,506.0,6.0,
4244,504.0,6.0,
4245,506.0,8.0,
4246,507.0,8.0,
4247,504.0,6.0,
4248,508.0,6.0,
4249,509.0,6.0,
4250,502.0,6.0,
4251,504.0,7.0,
4252,511.0,1.0,
4253,511.0,8.0,
4254,507.0,6.0,
4255,507.0,6.0,
4256,503.0,6.0,
4257,508.0,6.0,
4258,504.0,6.0,
4259,508.0,6.0,
4260,503.0,7.0,
4261,507.0,6.0,
4262,604.0,6.0,
4263,510.0,6.0,
4264,505.0,7.0,
4265,504.0,7.0,
4266,,8.0,
4267,501.0,1.0,
4268,600.0,8.0,
4269,500.0,6.0,
4270,509.0,6.0,
4271,502.0,1.0,
4272,510.0,6.0,
4273,508.0,6.0,
4274,510.0,6.0,
4275,600.0,7.0,
4276,508.0,6.0,
4277,502.0,8.0,
4278,509.0,6.0,
4279,507.0,6.0,
4280,507.0,7.0,
4281,509.0,1.0,
4282,504.0,1.0,
4283,509.0,6.0,
4284,508.0,1.0,
4285,604.0,6.0,
4286,505.0,6.0,
4287,506.0,6.0,
4288,602.0,6.0,
4289,510.0,8.0,
4290,504.0,8.0,
4291,509.0,6.0,
4292,501.0,6.0,
4293,506.0,8.0,
4294,511.0,8.0,
4295,511.0,6.0,
4296,600.0,1.0,
4297,510.0,6.0,
4298,507.0,6.0,
4299,411.0,8.0,
4300,505.0,8.0,
4301,510.0,4.0,
4302,511.0,6.0,
4303,509.0,8.0,
4304,509.0,8.0,
4305,510.0,6.0,
4306,509.0,6.0,
4307,508.0,3.0,
4308,505.0,8.0,
4309,601.0,1.0,
4310,508.0,6.0,
4311,503.0,6.0,
4312,507.0,5.0,
4313,509.0,6.0,
4314,507.0,8.0,
4315,506.0,6.0,
4316,503.0,4.0,
4317,500.0,8.0,
4318,504.0,7.0,
4319,510.0,6.0,
4320,510.0,6.0,
4321,510.0,6.0,
4322,510.0,,
4323,508.0,6.0,
4324,503.0,8.0,
4325,509.0,1.0,
4326,502.0,8.0,
4327,602.0,8.0,
4328,507.0,7.0,
4329,508.0,8.0,
4330,610.0,1.0,
4331,511.0,8.0,
4332,506.0,7.0,
4333,511.0,6.0,
4334,601.0,8.0,
4335,410.0,8.0,
4336,507.0,8.0,
4337,505.0,5.0,
4338,604.0,6.0,
4339,510.0,4.0,
4340,510.0,6.0,
4341,506.0,6.0,
4342,506.0,6.0,
4343,509.0,8.0,
4344,504.0,2.0,
4345,504.0,,
4346,501.0,8.0,
4347,505.0,1.0,
4348,505.0,8.0,
4349,503.0,6.0,
4350,503.0,7.0,
4351,509.0,8.0,
4352,506.0,6.0,
4353,503.0,,
4354,508.0,8.0,
4355,510.0,8.0,
4356,511.0,8.0,
4357,507.0,8.0,
4358,502.0,3.0,
4359,509.0,6.0,
4360,508.0,,
4361,510.0,1.0,
4362,604.0,6.0,
4363,510.0,6.0,
4364,505.0,6.0,
4365,507.0,,
4366,502.0,6.0,
4367,507.0,6.0,
4368,506.0,6.0,
4369,600.0,8.0,
4370,509.0,6.0,
4371,710.0,8.0,
4372,502.0,7.0,
4373,511.0,6.0,
4374,505.0,8.0,
4375,502.0,,
4376,506.0,6.0,
4377,507.0,6.0,
4378,506.0,1.0,
4379,501.0,8.0,
4380,510.0,8.0,
4381,510.0,6.0,
4382,507.0,6.0,
4383,504.0,,
4384,503.0,6.0,
4385,508.0,8.0,
4386,510.0,6.0,
4387,502.0,8.0,
4388,501.0,6.0,
4389,601.0,8.0,
4390,511.0,6.0,
4391,504.0,,
4392,507.0,6.0,
4393,507.0,6.0,
4394,600.0,8.0,
4395,504.0,7.0,
4396,510.0,,
4397,504.0,8.0,
4398,507.0,7.0,
4399,,4.0,
4400,506.0,1.0,
4401,510.0,6.0,
4402,509.0,3.0,
4403,501.0,,
4404,508.0,8.0,
4405,508.0,7.0,
4406,610.0,1.0,
4407,507.0,8.0,
4408,600.0,6.0,
4409,503.0,6.0,
4410,504.0,7.0,
4411,509.0,,
4412,505.0,6.0,
4413,511.0,8.0,
4414,511.0,8.0,
4415,511.0,5.0,
4416,411.0,3.0,
4417,507.0,6.0,
4418,506.0,8.0,
4419,509.0,,
4420,507.0,8.0,
4421,507.0,8.0,
4422,509.0,4.0,
4423,510.0,8.0,
4424,602.0,8.0,
4425,503.0,,
4426,501.0,8.0,
4427,503.0,8.0,
4428,504.0,6.0,
4429,600.0,5.0,
4430,503.0,4.0,
4431,507.0,,
4432,600.0,6.0,
4433,509.0,6.0,
4434,504.0,5.0,
4435,506.0,6.0,
4436,600.0,1.0,
4437,602.0,,
4438,511.0,6.0,
4439,504.0,6.0,
4440,504.0,8.0,
4441,508.0,8.0,
4442,507.0,,
4443,711.0,8.0,
4444,600.0,6.0,
4445,,2.0,
4446,508.0,1.0,
4447,507.0,8.0,
4448,600.0,6.0,
4449,503.0,7.0,
4450,601.0,1.0,
4451,506.0,,
4452,507.0,8.0,
4453,507.0,5.0,
4454,506.0,8.0,
4455,502.0,6.0,
4456,505.0,,
4457,600.0,6.0,
4458,508.0,6.0,
4459,506.0,6.0,
4460,502.0,8.0,
4461,509.0,6.0,
4462,500.0,8.0,
4463,504.0,,
4464,509.0,8.0,
4465,501.0,1.0,
4466,504.0,8.0,
4467,509.0,8.0,
4468,502.0,6.0,
4469,507.0,5.0,
4470,508.0,,
4471,510.0,7.0,
4472,504.0,6.0,
4473,505.0,6.0,
4474,501.0,6.0,
4475,505.0,7.0,
4476,600.0,8.0,
4477,511.0,5.0,
4478,510.0,6.0,
4479,306.0,,
4480,506.0,6.0,
4481,506.0,6.0,
4482,509.0,6.0,
4483,603.0,1.0,
4484,500.0,4.0,
4485,510.0,3.0,
4486,509.0,,
4487,503.0,6.0,
4488,502.0,,
4489,506.0,8.0,
4490,507.0,8.0,
4491,511.0,8.0,
4492,603.0,7.0,
4493,506.0,,
4494,602.0,7.0,
4495,501.0,6.0,
4496,507.0,5.0,
4497,507.0,,
4498,503.0,8.0,
4499,508.0,8.0,
4500,600.0,1.0,
4501,508.0,8.0,
4502,506.0,8.0,
4503,600.0,6.0,
4504,503.0,6.0,
4505,600.0,4.0,
4506,602.0,6.0,
4507,508.0,1.0,
4508,503.0,1.0,
4509,507.0,6.0,
4510,506.0,8.0,
4511,506.0,6.0,
4512,503.0,6.0,
4513,600.0,5.0,
4514,507.0,,
4515,507.0,5.0,
4516,503.0,6.0,
4517,508.0,,
4518,510.0,7.0,
4519,507.0,6.0,
4520,,,
4521,510.0,6.0,
4522,508.0,6.0,
4523,600.0,1.0,
4524,504.0,6.0,
4525,506.0,6.0,
4526,509.0,1.0,
4527,501.0,,
4528,510.0,6.0,
4529,506.0,6.0,
4530,508.0,8.0,
4531,600.0,6.0,
4532,500.0,6.0,
4533,511.0,1.0,
4534,511.0,1.0,
4535,506.0,5.0,
4536,504.0,6.0,
4537,503.0,8.0,
4538,505.0,6.0,
4539,510.0,1.0,
4540,609.0,8.0,
4541,508.0,5.0,
4542,511.0,6.0,
4543,507.0,8.0,
4544,508.0,3.0,
4545,507.0,6.0,
4546,507.0,8.0,
4547,510.0,,
4548,509.0,6.0,
4549,506.0,8.0,
4550,502.0,8.0,
4551,502.0,4.0,
4552,601.0,6.0,
4553,505.0,7.0,
4554,507.0,8.0,
4555,505.0,3.0,
4556,500.0,6.0,
4557,510.0,7.0,
4558,504.0,1.0,
4559,504.0,6.0,
4560,511.0,8.0,
4561,504.0,8.0,
4562,507.0,6.0,
4563,601.0,5.0,
4564,504.0,1.0,
4565,501.0,6.0,
4566,501.0,8.0,
4567,511.0,6.0,
4568,504.0,8.0,
4569,502.0,7.0,
4570,503.0,8.0,
4571,502.0,6.0,
4572,503.0,7.0,
4573,603.0,8.0,
4574,504.0,6.0,
4575,504.0,6.0,
4576,504.0,8.0,
4577,505.0,6.0,
4578,502.0,8.0,
4579,503.0,8.0,
4580,600.0,1.0,
4581,502.0,8.0,
4582,502.0,6.0,
4583,500.0,6.0,
4584,504.0,2.0,
4585,508.0,7.0,
4586,508.0,8.0,
4587,505.0,6.0,
4588,511.0,6.0,
4589,510.0,6.0,
4590,602.0,6.0,
4591,508.0,5.0,
4592,508.0,4.0,
4593,710.0,,
4594,606.0,6.0,
4595,505.0,8.0,
4596,510.0,6.0,
4597,600.0,,
4598,411.0,7.0,
4599,501.0,6.0,
4600,502.0,8.0,
4601,508.0,8.0,
4602,501.0,,
4603,509.0,5.0,
4604,506.0,,
4605,504.0,8.0,
4606,509.0,2.0,
4607,505.0,5.0,
4608,510.0,,
4609,601.0,6.0,
4610,505.0,6.0,
4611,503.0,4.0,
4612,501.0,7.0,
4613,503.0,,
4614,501.0,6.0,
4615,501.0,8.0,
4616,501.0,8.0,
4617,509.0,6.0,
4618,503.0,,
4619,509.0,4.0,
4620,403.0,6.0,
4621,503.0,8.0,
4622,504.0,8.0,
4623,506.0,5.0,
4624,509.0,6.0,
4625,506.0,7.0,
4626,508.0,6.0,
4627,407.0,1.0,
4628,511.0,6.0,
4629,504.0,8.0,
4630,601.0,5.0,
4631,509.0,8.0,
4632,510.0,1.0,
4633,503.0,8.0,
4634,600.0,6.0,
4635,500.0,6.0,
4636,506.0,6.0,
4637,502.0,6.0,
4638,507.0,6.0,
4639,508.0,8.0,
4640,502.0,5.0,
4641,,6.0,
4642,500.0,1.0,
4643,506.0,7.0,
4644,507.0,6.0,
4645,507.0,6.0,
4646,600.0,6.0,
4647,507.0,5.0,
4648,504.0,8.0,
4649,508.0,6.0,
4650,507.0,8.0,
4651,505.0,6.0,
4652,505.0,8.0,
4653,510.0,6.0,
4654,505.0,8.0,
4655,506.0,8.0,
4656,505.0,4.0,
4657,509.0,8.0,
4658,600.0,6.0,
4659,600.0,8.0,
4660,600.0,6.0,
4661,504.0,6.0,
4662,504.0,8.0,
4663,511.0,6.0,
4664,505.0,6.0,
4665,504.0,6.0,
4666,507.0,6.0,
4667,507.0,6.0,
4668,509.0,6.0,
4669,503.0,8.0,
4670,506.0,6.0,
4671,505.0,8.0,
4672,600.0,8.0,
4673,502.0,8.0,
4674,508.0,1.0,
4675,506.0,6.0,
4676,510.0,8.0,
4677,507.0,8.0,
4678,509.0,6.0,
4679,504.0,8.0,
4680,509.0,8.0,
4681,505.0,8.0,
4682,502.0,6.0,
4683,601.0,7.0,
4684,504.0,2.0,
4685,503.0,6.0,
4686,508.0,5.0,
4687,503.0,6.0,
4688,501.0,8.0,
4689,506.0,6.0,
4690,603.0,8.0,
4691,502.0,6.0,
4692,509.0,8.0,
4693,504.0,8.0,
4694,502.0,6.0,
4695,506.0,6.0,
4696,507.0,7.0,
4697,501.0,7.0,
4698,501.0,6.0,
4699,507.0,8.0,
4700,511.0,4.0,
4701,510.0,6.0,
4702,506.0,8.0,
4703,502.0,6.0,
4704,508.0,8.0,
4705,601.0,6.0,
4706,507.0,5.0,
4707,508.0,6.0,
4708,600.0,8.0,
4709,503.0,6.0,
4710,507.0,8.0,
4711,601.0,1.0,
4712,505.0,8.0,
4713,501.0,6.0,
4714,502.0,7.0,
4715,507.0,8.0,
4716,506.0,8.0,
4717,511.0,6.0,
4718,507.0,6.0,
4719,506.0,6.0,
4720,507.0,8.0,
4721,602.0,8.0,
4722,507.0,6.0,
4723,503.0,8.0,
4724,610.0,6.0,
4725,502.0,6.0,
4726,604.0,6.0,
4727,600.0,6.0,
4728,507.0,3.0,
4729,505.0,6.0,
4730,603.0,8.0,
4731,510.0,3.0,
4732,503.0,6.0,
4733,502.0,6.0,
4734,510.0,5.0,
4735,510.0,6.0,
4736,506.0,5.0,
4737,502.0,1.0,
4738,511.0,8.0,
4739,501.0,8.0,
4740,502.0,6.0,
4741,505.0,8.0,
4742,509.0,8.0,
4743,510.0,8.0,
4744,600.0,8.0,
4745,411.0,1.0,
4746,504.0,6.0,
4747,501.0,8.0,
4748,508.0,8.0,
4749,503.0,8.0,
4750,600.0,8.0,
4751,509.0,8.0,
4752,601.0,8.0,
4753,604.0,8.0,
4754,510.0,5.0,
4755,508.0,8.0,
4756,700.0,8.0,
4757,507.0,6.0,
4758,503.0,8.0,
4759,605.0,5.0,
4760,500.0,8.0,
4761,601.0,8.0,
4762,,8.0,
4763,505.0,6.0,
4764,604.0,6.0,
4765,600.0,5.0,
4766,507.0,8.0,
4767,504.0,5.0,
4768,411.0,6.0,
4769,502.0,6.0,
4770,611.0,8.0,
4771,600.0,2.0,
4772,505.0,8.0,
4773,507.0,8.0,
4774,508.0,6.0,
4775,506.0,6.0,
4776,505.0,5.0,
4777,602.0,6.0,
4778,504.0,6.0,
4779,502.0,6.0,
4780,503.0,4.0,
4781,603.0,8.0,
4782,602.0,7.0,
4783,511.0,8.0,
4784,507.0,6.0,
4785,600.0,7.0,
4786,506.0,6.0,
4787,502.0,6.0,
4788,511.0,5.0,
4789,504.0,6.0,
4790,507.0,6.0,
4791,603.0,1.0,
4792,600.0,8.0,
4793,508.0,7.0,
4794,511.0,6.0,
4795,501.0,6.0,
4796,502.0,5.0,
4797,605.0,6.0,
4798,503.0,6.0,
4799,502.0,7.0,
4800,,,
4801,506.0,8.0,
4802,605.0,6.0,
4803,507.0,5.0,
4804,509.0,6.0,
4805,501.0,7.0,
4806,511.0,6.0,
4807,600.0,6.0,
4808,502.0,6.0,
4809,508.0,7.0,
4810,508.0,6.0,
4811,505.0,6.0,
4812,503.0,6.0,
4813,510.0,6.0,
4814,505.0,7.0,
4815,508.0,5.0,
4816,506.0,8.0,
4817,502.0,8.0,
4818,600.0,2.0,
4819,502.0,7.0,
4820,505.0,8.0,
4821,506.0,8.0,
4822,502.0,8.0,
4823,503.0,6.0,
4824,502.0,8.0,
4825,601.0,8.0,
4826,511.0,6.0,
4827,503.0,7.0,
4828,506.0,6.0,
4829,509.0,6.0,
4830,511.0,6.0,
4831,506.0,8.0,
4832,600.0,8.0,
4833,508.0,6.0,
4834,600.0,1.0,
4835,502.0,8.0,
4836,600.0,5.0,
4837,601.0,6.0,
4838,504.0,8.0,
4839,507.0,5.0,
4840,600.0,8.0,
4841,711.0,8.0,
4842,507.0,8.0,
4843,505.0,5.0,
4844,510.0,6.0,
4845,511.0,1.0,
4846,600.0,8.0,
4847,502.0,6.0,
4848,504.0,2.0,
4849,505.0,5.0,
4850,505.0,,
4851,511.0,6.0,
4852,600.0,4.0,
4853,600.0,6.0,
4854,502.0,6.0,
4855,506.0,6.0,
4856,504.0,6.0,
4857,504.0,1.0,
4858,503.0,4.0,
4859,506.0,6.0,
4860,504.0,1.0,
4861,509.0,6.0,
4862,502.0,8.0,
4863,503.0,7.0,
4864,510.0,8.0,
4865,508.0,,
4866,507.0,7.0,
4867,509.0,5.0,
4868,510.0,1.0,
4869,503.0,7.0,
4870,504.0,6.0,
4871,504.0,,
4872,600.0,6.0,
4873,505.0,6.0,
4874,504.0,8.0,
4875,507.0,6.0,
4876,600.0,8.0,
4877,504.0,5.0,
4878,504.0,8.0,
4879,504.0,6.0,
4880,510.0,6.0,
4881,602.0,6.0,
4882,509.0,8.0,
4883,600.0,5.0,
4884,507.0,6.0,
4885,506.0,8.0,
4886,506.0,8.0,
4887,511.0,6.0,
4888,509.0,2.0,
4889,504.0,8.0,
4890,505.0,8.0,
4891,508.0,6.0,
4892,510.0,7.0,
4893,503.0,8.0,
4894,508.0,8.0,
4895,503.0,7.0,
4896,603.0,8.0,
4897,504.0,1.0,
4898,509.0,5.0,
4899,502.0,6.0,
4900,505.0,6.0,
4901,505.0,8.0,
4902,504.0,6.0,
4903,509.0,6.0,
4904,500.0,6.0,
4905,600.0,6.0,
4906,600.0,8.0,
4907,502.0,8.0,
4908,511.0,6.0,
4909,505.0,8.0,
4910,600.0,6.0,
4911,510.0,6.0,
4912,506.0,6.0,
4913,511.0,4.0,
4914,600.0,6.0,
4915,507.0,8.0,
4916,507.0,7.0,
4917,505.0,8.0,
4918,506.0,8.0,
4919,504.0,6.0,
4920,509.0,6.0,
4921,505.0,1.0,
4922,503.0,6.0,
4923,508.0,7.0,
4924,511.0,8.0,
4925,601.0,8.0,
4926,602.0,6.0,
4927,600.0,6.0,
4928,601.0,6.0,
4929,502.0,7.0,
4930,506.0,6.0,
4931,505.0,8.0,
4932,504.0,6.0,
4933,510.0,8.0,
4934,506.0,5.0,
4935,508.0,6.0,
4936,503.0,5.0,
4937,602.0,8.0,
4938,511.0,4.0,
4939,511.0,6.0,
4940,509.0,5.0,
4941,507.0,6.0,
4942,510.0,6.0,
4943,503.0,5.0,
4944,511.0,7.0,
4945,504.0,8.0,
4946,503.0,8.0,
4947,509.0,5.0,
4948,504.0,8.0,
4949,506.0,8.0,
4950,505.0,6.0,
4951,507.0,6.0,
4952,508.0,6.0,
4953,504.0,6.0,
4954,509.0,7.0,
4955,505.0,6.0,
4956,506.0,6.0,
4957,503.0,8.0,
4958,504.0,6.0,
4959,506.0,4.0,
4960,510.0,6.0,
4961,502.0,7.0,
4962,509.0,7.0,
4963,504.0,6.0,
4964,506.0,8.0,
4965,503.0,5.0,
4966,506.0,6.0,
4967,507.0,6.0,
4968,603.0,7.0,
4969,504.0,7.0,
4970,507.0,5.0,
4971,600.0,6.0,
4972,503.0,8.0,
4973,504.0,7.0,
4974,505.0,7.0,
4975,508.0,7.0,
4976,506.0,7.0,5.0
4977,600.0,8.0,
4978,505.0,3.0,
4979,505.0,4.0,
4980,502.0,6.0,
4981,507.0,1.0,
4982,507.0,6.0,
4983,,2.0,
4984,509.0,6.0,
4985,502.0,2.0,
4986,704.0,1.0,
4987,506.0,8.0,
4988,600.0,8.0,
4989,601.0,6.0,
4990,504.0,6.0,
4991,506.0,8.0,
4992,504.0,8.0,
4993,501.0,6.0,
4994,504.0,6.0,
4995,503.0,5.0,
4996,502.0,6.0,
4997,508.0,8.0,
4998,504.0,8.0,
4999,409.0,8.0,
5000,508.0,6.0,
5001,511.0,4.0,
5002,507.0,6.0,
5003,507.0,6.0,
5004,509.0,8.0,
5005,511.0,2.0,
5006,510.0,8.0,
5007,501.0,6.0,
5008,508.0,2.0,
5009,,8.0,
5010,505.0,6.0,
5011,507.0,4.0,
5012,506.0,4.0,
5013,510.0,8.0,
5014,601.0,6.0,
5015,600.0,6.0,
5016,508.0,8.0,
5017,504.0,8.0,
5018,607.0,1.0,
5019,503.0,8.0,
5020,600.0,8.0,
5021,505.0,6.0,
5022,507.0,6.0,
5023,604.0,8.0,
5024,510.0,6.0,
5025,508.0,7.0,
5026,602.0,6.0,
5027,504.0,6.0,
5028,502.0,8.0,
5029,511.0,8.0,
5030,500.0,8.0,
5031,508.0,5.0,
5032,502.0,6.0,
5033,501.0,8.0,
5034,606.0,8.0,
5035,706.0,,
5036,505.0,8.0,
5037,510.0,3.0,
5038,601.0,8.0,
5039,510.0,6.0,
5040,506.0,,
5041,508.0,8.0,
5042,507.0,8.0,
5043,511.0,8.0,
5044,505.0,6.0,
5045,500.0,2.0,
5046,510.0,7.0,
5047,511.0,8.0,
5048,507.0,8.0,
5049,,8.0,
5050,501.0,4.0,
5051,510.0,6.0,
5052,504.0,8.0,
5053,506.0,6.0,
5054,504.0,6.0,
5055,508.0,8.0,
5056,502.0,8.0,
5057,600.0,6.0,
5058,507.0,8.0,
5059,601.0,5.0,
5060,506.0,1.0,
5061,504.0,8.0,
5062,508.0,6.0,
5063,600.0,4.0,
5064,511.0,1.0,
5065,504.0,6.0,
5066,600.0,8.0,
5067,510.0,4.0,
5068,501.0,8.0,
5069,602.0,8.0,
5070,509.0,8.0,
5071,504.0,6.0,
5072,506.0,6.0,
5073,508.0,8.0,
5074,602.0,6.0,
5075,601.0,8.0,
5076,507.0,6.0,
5077,503.0,6.0,
5078,502.0,8.0,
5079,603.0,8.0,
5080,509.0,8.0,
5081,600.0,6.0,
5082,509.0,8.0,
5083,508.0,8.0,
5084,506.0,8.0,
5085,508.0,6.0,
5086,508.0,6.0,
5087,507.0,6.0,
5088,603.0,7.0,
5089,505.0,5.0,
5090,510.0,3.0,
5091,504.0,6.0,
5092,506.0,8.0,
5093,507.0,6.0,
5094,504.0,8.0,
5095,511.0,8.0,
5096,510.0,7.0,
5097,511.0,6.0,
5098,510.0,,
5099,510.0,,
5100,510.0,6.0,
5101,506.0,8.0,
5102,506.0,8.0,
5103,603.0,6.0,
5104,506.0,8.0,
5105,505.0,6.0,
5106,503.0,7.0,
5107,504.0,6.0,
5108,602.0,,
5109,506.0,6.0,
5110,711.0,8.0,
5111,505.0,6.0,
5112,508.0,6.0,
5113,506.0,5.0,
5114,506.0,4.0,
5115,502.0,6.0,
5116,504.0,6.0,
5117,500.0,3.0,
5118,504.0,8.0,
5119,601.0,1.0,
5120,505.0,6.0,
5121,504.0,6.0,
5122,506.0,5.0,
5123,511.0,8.0,
5124,503.0,8.0,
5125,502.0,8.0,
5126,510.0,6.0,
5127,507.0,6.0,
5128,507.0,6.0,
5129,511.0,6.0,
5130,506.0,2.0,
5131,503.0,8.0,
5132,502.0,8.0,
5133,511.0,6.0,
5134,502.0,8.0,
5135,600.0,6.0,
5136,503.0,8.0,
5137,605.0,1.0,
5138,507.0,6.0,
5139,507.0,7.0,
5140,508.0,4.0,
5141,507.0,7.0,
5142,503.0,8.0,
5143,502.0,6.0,
5144,506.0,8.0,
5145,508.0,7.0,
5146,503.0,8.0,
5147,511.0,6.0,
5148,602.0,6.0,
5149,505.0,6.0,
5150,503.0,8.0,
5151,505.0,8.0,
5152,600.0,6.0,
5153,503.0,6.0,
5154,601.0,6.0,
5155,501.0,8.0,
5156,511.0,2.0,
5157,508.0,6.0,
5158,510.0,8.0,
5159,603.0,4.0,
5160,502.0,6.0,
5161,507.0,6.0,
5162,506.0,3.0,
5163,411.0,2.0,
5164,600.0,6.0,
5165,505.0,8.0,
5166,503.0,8.0,
5167,511.0,6.0,
5168,506.0,6.0,
5169,509.0,1.0,
5170,503.0,6.0,
5171,602.0,8.0,
5172,604.0,6.0,
5173,503.0,5.0,
5174,600.0,5.0,
5175,600.0,8.0,
5176,503.0,6.0,
5177,506.0,8.0,
5178,510.0,6.0,
5179,411.0,4.0,
5180,505.0,6.0,
5181,503.0,8.0,
5182,510.0,6.0,
5183,507.0,6.0,
5184,511.0,8.0,
5185,508.0,8.0,
5186,507.0,4.0,
5187,501.0,5.0,
5188,506.0,1.0,
5189,505.0,8.0,
5190,506.0,8.0,
5191,500.0,6.0,
5192,504.0,6.0,
5193,600.0,6.0,
5194,511.0,6.0,
5195,510.0,8.0,
5196,504.0,8.0,
5197,511.0,6.0,
5198,600.0,8.0,
5199,503.0,6.0,
5200,600.0,,
5201,506.0,6.0,
5202,601.0,8.0,
5203,504.0,5.0,
5204,508.0,5.0,
5205,601.0,6.0,
5206,504.0,8.0,
5207,508.0,6.0,
5208,602.0,8.0,
5209,505.0,6.0,
5210,505.0,7.0,
5211,510.0,8.0,
5212,600.0,8.0,
5213,601.0,6.0,
5214,510.0,6.0,
5215,510.0,6.0,
5216,508.0,1.0,
5217,508.0,6.0,
5218,508.0,6.0,
5219,500.0,6.0,
5220,600.0,7.0,
5221,511.0,6.0,
5222,507.0,6.0,
5223,507.0,6.0,
5224,505.0,5.0,
5225,503.0,6.0,
5226,501.0,6.0,
5227,507.0,1.0,
5228,502.0,6.0,
5229,506.0,8.0,
5230,510.0,6.0,
5231,601.0,8.0,
5232,510.0,4.0,
5233,507.0,8.0,
5234,505.0,6.0,
5235,601.0,6.0,
5236,602.0,6.0,
5237,600.0,1.0,
5238,507.0,7.0,
5239,504.0,5.0,
5240,508.0,6.0,
5241,502.0,6.0,
5242,510.0,6.0,
5243,511.0,8.0,
5244,510.0,8.0,
5245,509.0,8.0,
5246,604.0,6.0,
5247,506.0,6.0,
5248,509.0,6.0,
5249,507.0,1.0,
5250,600.0,6.0,
5251,603.0,7.0,
5252,507.0,6.0,
5253,502.0,8.0,
5254,508.0,8.0,
5255,303.0,8.0,
5256,503.0,8.0,
5257,511.0,6.0,
5258,602.0,5.0,
5259,601.0,8.0,
5260,502.0,6.0,
5261,504.0,7.0,
5262,505.0,8.0,
5263,500.0,8.0,
5264,500.0,1.0,
5265,506.0,5.0,
5266,511.0,1.0,
5267,510.0,8.0,
5268,600.0,7.0,
5269,504.0,6.0,
5270,600.0,1.0,
5271,511.0,2.0,
5272,500.0,8.0,
5273,504.0,,
5274,504.0,8.0,
5275,505.0,8.0,
5276,502.0,6.0,
5277,603.0,8.0,
5278,501.0,8.0,
5279,504.0,6.0,
5280,505.0,6.0,
5281,509.0,7.0,
5282,504.0,6.0,
5283,510.0,3.0,
5284,505.0,8.0,
5285,601.0,1.0,
5286,601.0,6.0,
5287,601.0,8.0,
5288,511.0,8.0,
5289,501.0,6.0,
5290,508.0,6.0,
5291,508.0,8.0,
5292,509.0,8.0,
5293,603.0,2.0,
5294,509.0,8.0,
5295,511.0,6.0,
5296,510.0,6.0,
5297,507.0,4.0,
5298,503.0,4.0,
5299,506.0,7.0,
5300,504.0,6.0,
5301,506.0,6.0,
5302,507.0,6.0,
5303,504.0,5.0,
5304,503.0,1.0,
5305,510.0,8.0,
5306,505.0,8.0,
5307,509.0,6.0,
5308,510.0,6.0,
5309,508.0,8.0,
5310,600.0,8.0,5.0
5311,510.0,6.0,
5312,504.0,7.0,
5313,507.0,8.0,
5314,509.0,6.0,
5315,506.0,6.0,
5316,600.0,5.0,
5317,602.0,8.0,
5318,500.0,8.0,
5319,502.0,8.0,
5320,509.0,6.0,
5321,510.0,6.0,
5322,505.0,8.0,
5323,510.0,6.0,
5324,711.0,,
5325,509.0,1.0,
5326,508.0,8.0,
5327,510.0,8.0,
5328,504.0,5.0,
5329,502.0,8.0,
5330,507.0,2.0,
5331,511.0,1.0,
5332,600.0,8.0,
5333,509.0,8.0,
5334,509.0,8.0,
5335,505.0,6.0,
5336,511.0,4.0,
5337,510.0,6.0,
5338,506.0,6.0,
5339,508.0,1.0,
5340,503.0,,
5341,504.0,8.0,
5342,511.0,6.0,
5343,507.0,5.0,
5344,510.0,6.0,
5345,507.0,6.0,
5346,500.0,8.0,
5347,604.0,6.0,
5348,502.0,6.0,
5349,509.0,6.0,
5350,503.0,8.0,
5351,504.0,8.0,
5352,502.0,6.0,
5353,503.0,8.0,
5354,508.0,6.0,
5355,508.0,8.0,
5356,507.0,4.0,
5357,508.0,8.0,
5358,502.0,8.0,
5359,600.0,5.0,
5360,508.0,7.0,
5361,509.0,6.0,
5362,,6.0,
5363,508.0,6.0,
5364,506.0,8.0,
5365,507.0,7.0,
5366,503.0,6.0,
5367,505.0,7.0,
5368,602.0,6.0,
5369,511.0,1.0,
5370,510.0,5.0,
5371,,,
5372,510.0,6.0,
5373,600.0,6.0,
5374,509.0,8.0,
5375,511.0,8.0,
5376,600.0,7.0,
5377,506.0,6.0,
5378,605.0,5.0,
5379,601.0,8.0,
5380,600.0,8.0,
5381,507.0,5.0,
5382,600.0,6.0,
5383,506.0,8.0,
5384,508.0,8.0,
5385,503.0,6.0,
5386,501.0,6.0,
5387,505.0,7.0,
5388,601.0,8.0,
5389,503.0,6.0,
5390,507.0,6.0,
5391,507.0,8.0,
5392,410.0,4.0,
5393,510.0,8.0,
5394,508.0,7.0,
5395,510.0,8.0,
5396,600.0,8.0,
5397,504.0,4.0,
5398,507.0,4.0,
5399,511.0,8.0,
5400,509.0,8.0,
5401,505.0,6.0,
5402,506.0,4.0,
5403,505.0,6.0,
5404,509.0,5.0,
5405,600.0,7.0,
5406,602.0,7.0,
5407,505.0,6.0,
5408,601.0,2.0,
5409,504.0,6.0,
5410,600.0,8.0,
5411,511.0,6.0,
5412,600.0,8.0,
5413,502.0,1.0,
5414,506.0,8.0,
5415,600.0,6.0,
5416,508.0,1.0,
5417,508.0,8.0,
5418,506.0,6.0,
5419,509.0,6.0,
5420,504.0,6.0,
5421,504.0,8.0,
5422,501.0,7.0,
5423,602.0,7.0,
5424,601.0,6.0,
5425,600.0,8.0,
5426,507.0,6.0,
5427,601.0,7.0,
5428,509.0,8.0,
5429,507.0,6.0,
5430,508.0,6.0,
5431,507.0,7.0,
5432,502.0,7.0,
5433,510.0,6.0,
5434,601.0,5.0,
5435,510.0,8.0,
5436,600.0,6.0,
5437,509.0,8.0,
5438,504.0,8.0,
5439,508.0,4.0,
5440,509.0,5.0,
5441,508.0,6.0,
5442,510.0,7.0,
5443,510.0,6.0,
5444,600.0,6.0,
5445,511.0,8.0,
5446,510.0,6.0,
5447,510.0,4.0,
5448,507.0,8.0,
5449,500.0,8.0,
5450,509.0,8.0,
5451,511.0,3.0,
5452,502.0,6.0,
5453,507.0,6.0,
5454,411.0,7.0,
5455,601.0,6.0,
5456,600.0,5.0,
5457,504.0,7.0,
5458,508.0,4.0,
5459,507.0,8.0,
5460,504.0,8.0,
5461,507.0,7.0,
5462,510.0,6.0,
5463,600.0,2.0,
5464,411.0,2.0,
5465,510.0,5.0,
5466,511.0,8.0,
5467,503.0,4.0,
5468,505.0,6.0,
5469,507.0,6.0,
5470,500.0,1.0,
5471,600.0,1.0,
5472,503.0,6.0,
5473,602.0,5.0,
5474,507.0,6.0,
5475,504.0,8.0,
5476,508.0,5.0,
5477,602.0,7.0,
5478,504.0,6.0,
5479,505.0,6.0,
5480,504.0,6.0,
5481,503.0,6.0,
5482,504.0,6.0,
5483,601.0,6.0,
5484,505.0,,
5485,505.0,8.0,
5486,506.0,6.0,
5487,507.0,8.0,
5488,511.0,8.0,
5489,507.0,8.0,
5490,508.0,1.0,
5491,510.0,6.0,
5492,507.0,6.0,
5493,500.0,6.0,
5494,507.0,6.0,
5495,506.0,6.0,
5496,600.0,6.0,
5497,505.0,4.0,
5498,600.0,8.0,
5499,505.0,8.0,
5500,504.0,5.0,
5501,508.0,6.0,
5502,601.0,7.0,
5503,502.0,5.0,
5504,600.0,4.0,
5505,505.0,6.0,
5506,608.0,6.0,
5507,603.0,8.0,
5508,508.0,6.0,
5509,600.0,6.0,
5510,505.0,6.0,
5511,501.0,8.0,
5512,711.0,,
5513,509.0,7.0,
5514,511.0,6.0,
5515,508.0,6.0,
5516,602.0,6.0,
5517,501.0,6.0,
5518,505.0,4.0,
5519,507.0,5.0,
5520,503.0,6.0,
5521,506.0,4.0,
5522,503.0,6.0,
5523,700.0,8.0,
5524,508.0,8.0,
5525,511.0,5.0,
5526,601.0,8.0,
5527,503.0,4.0,
5528,509.0,1.0,
5529,507.0,8.0,
5530,507.0,6.0,
5531,505.0,8.0,
5532,503.0,8.0,
5533,510.0,6.0,
5534,506.0,7.0,
5535,504.0,8.0,
5536,600.0,1.0,
5537,609.0,6.0,
5538,510.0,7.0,
5539,511.0,6.0,
5540,509.0,8.0,
5541,505.0,6.0,
5542,509.0,6.0,
5543,509.0,6.0,
5544,503.0,8.0,
5545,508.0,6.0,
5546,502.0,6.0,
5547,511.0,6.0,
5548,508.0,6.0,
5549,502.0,8.0,
5550,505.0,6.0,
5551,507.0,6.0,
5552,509.0,6.0,
5553,511.0,8.0,
5554,510.0,5.0,
5555,507.0,5.0,
5556,504.0,6.0,
5557,410.0,8.0,
5558,500.0,6.0,
5559,509.0,7.0,
5560,509.0,8.0,
5561,501.0,6.0,
5562,508.0,6.0,
5563,502.0,6.0,
5564,600.0,8.0,
5565,507.0,8.0,
5566,602.0,8.0,
5567,505.0,8.0,
5568,511.0,6.0,
5569,504.0,8.0,
5570,509.0,8.0,
5571,600.0,1.0,
5572,507.0,8.0,
5573,508.0,6.0,
5574,507.0,6.0,
5575,506.0,,
5576,511.0,6.0,
5577,507.0,6.0,
5578,502.0,6.0,
5579,503.0,8.0,
5580,507.0,6.0,
5581,411.0,6.0,
5582,511.0,,
5583,510.0,6.0,
5584,506.0,7.0,
5585,508.0,8.0,
5586,507.0,6.0,
5587,600.0,1.0,
5588,506.0,6.0,
5589,506.0,1.0,
5590,509.0,6.0,
5591,503.0,5.0,
5592,600.0,6.0,
5593,508.0,6.0,
5594,504.0,6.0,
5595,508.0,2.0,
5596,506.0,6.0,
5597,505.0,6.0,
5598,505.0,6.0,
5599,505.0,6.0,
5600,504.0,7.0,
5601,509.0,6.0,
5602,501.0,6.0,
5603,505.0,4.0,
5604,503.0,6.0,
5605,502.0,7.0,
5606,507.0,6.0,
5607,507.0,6.0,
5608,509.0,8.0,
5609,502.0,8.0,
5610,507.0,8.0,
5611,506.0,8.0,
5612,508.0,6.0,
5613,510.0,5.0,
5614,510.0,6.0,
5615,602.0,1.0,
5616,509.0,8.0,
5617,504.0,,
5618,505.0,1.0,
5619,503.0,6.0,
5620,511.0,7.0,
5621,600.0,6.0,
5622,505.0,7.0,
5623,501.0,6.0,
5624,510.0,8.0,
5625,509.0,8.0,
5626,601.0,8.0,
5627,504.0,8.0,
5628,509.0,1.0,
5629,501.0,6.0,
5630,503.0,6.0,
5631,511.0,7.0,
5632,510.0,8.0,
5633,505.0,6.0,
5634,503.0,8.0,
5635,505.0,6.0,
5636,601.0,8.0,
5637,505.0,6.0,
5638,509.0,5.0,
5639,508.0,6.0,
5640,600.0,8.0,
5641,500.0,1.0,
5642,509.0,7.0,
5643,502.0,4.0,
5644,504.0,1.0,
5645,506.0,6.0,
5646,502.0,6.0,
5647,504.0,6.0,
5648,511.0,6.0,
5649,500.0,8.0,
5650,506.0,7.0,
5651,509.0,6.0,
5652,506.0,5.0,
5653,601.0,6.0,
5654,603.0,5.0,
5655,502.0,1.0,
5656,600.0,7.0,
5657,503.0,8.0,
5658,511.0,6.0,
5659,505.0,6.0,
5660,504.0,6.0,
5661,510.0,5.0,
5662,509.0,6.0,
5663,505.0,7.0,
5664,504.0,6.0,
5665,510.0,7.0,
5666,504.0,6.0,
5667,504.0,6.0,
5668,506.0,5.0,
5669,504.0,6.0,
5670,506.0,2.0,
5671,510.0,6.0,
5672,509.0,7.0,
5673,510.0,6.0,
5674,508.0,6.0,
5675,510.0,7.0,
5676,506.0,8.0,
5677,506.0,6.0,
5678,601.0,7.0,
5679,506.0,6.0,
5680,505.0,4.0,
5681,510.0,8.0,
5682,508.0,6.0,
5683,503.0,8.0,
5684,511.0,6.0,
5685,601.0,6.0,
5686,509.0,8.0,
5687,504.0,6.0,
5688,509.0,6.0,
5689,604.0,6.0,
5690,504.0,6.0,
5691,504.0,8.0,
5692,507.0,6.0,
5693,510.0,7.0,
5694,504.0,8.0,
5695,602.0,6.0,
5696,505.0,6.0,
5697,504.0,6.0,
5698,508.0,2.0,
5699,507.0,7.0,
5700,504.0,8.0,
5701,505.0,6.0,
5702,601.0,6.0,
5703,503.0,6.0,
5704,509.0,6.0,
5705,507.0,6.0,
5706,502.0,8.0,
5707,508.0,7.0,
5708,508.0,7.0,
5709,506.0,6.0,
5710,507.0,7.0,
5711,,6.0,
5712,509.0,5.0,
5713,510.0,6.0,
5714,506.0,6.0,
5715,601.0,8.0,
5716,507.0,6.0,
5717,509.0,6.0,
5718,501.0,6.0,
5719,411.0,6.0,
5720,507.0,7.0,
5721,509.0,7.0,
5722,511.0,8.0,
5723,509.0,6.0,
5724,505.0,8.0,
5725,602.0,6.0,
5726,508.0,6.0,
5727,503.0,8.0,
5728,509.0,6.0,
5729,507.0,5.0,
5730,504.0,4.0,
5731,505.0,6.0,
5732,,6.0,
5733,503.0,8.0,
5734,505.0,7.0,
5735,508.0,6.0,
5736,505.0,5.0,
5737,601.0,8.0,
5738,507.0,6.0,
5739,510.0,6.0,
5740,510.0,6.0,
5741,510.0,6.0,
5742,602.0,5.0,
5743,505.0,7.0,
5744,504.0,8.0,
5745,600.0,6.0,
5746,603.0,1.0,
5747,510.0,6.0,
5748,509.0,6.0,
5749,502.0,5.0,
5750,503.0,7.0,
5751,506.0,6.0,
5752,502.0,6.0,
5753,605.0,6.0,
5754,503.0,6.0,
5755,506.0,7.0,
5756,601.0,6.0,
5757,505.0,6.0,
5758,504.0,8.0,
5759,503.0,8.0,
5760,503.0,6.0,
5761,503.0,7.0,
5762,508.0,6.0,
5763,600.0,2.0,
5764,502.0,6.0,
5765,504.0,8.0,
5766,511.0,6.0,
5767,508.0,6.0,
5768,510.0,6.0,
5769,410.0,8.0,
5770,508.0,5.0,
5771,509.0,7.0,
5772,502.0,8.0,
5773,511.0,6.0,
5774,509.0,5.0,
5775,504.0,,
5776,503.0,6.0,
5777,507.0,6.0,
5778,508.0,6.0,
5779,502.0,3.0,
5780,506.0,6.0,
5781,505.0,1.0,
5782,504.0,8.0,
5783,604.0,1.0,
5784,508.0,6.0,
5785,505.0,5.0,
5786,410.0,8.0,
5787,506.0,,
5788,600.0,6.0,
5789,504.0,8.0,
5790,603.0,7.0,
5791,507.0,8.0,
5792,504.0,8.0,
5793,506.0,8.0,
5794,510.0,7.0,
5795,508.0,6.0,
5796,507.0,6.0,
5797,506.0,8.0,
5798,510.0,6.0,
5799,501.0,7.0,
5800,,8.0,
5801,508.0,5.0,
5802,600.0,6.0,
5803,600.0,1.0,
5804,504.0,8.0,
5805,507.0,6.0,
5806,505.0,3.0,
5807,601.0,6.0,
5808,506.0,5.0,
5809,411.0,5.0,
5810,511.0,5.0,
5811,502.0,8.0,
5812,504.0,6.0,
5813,500.0,6.0,
5814,600.0,6.0,
5815,507.0,6.0,
5816,507.0,8.0,
5817,510.0,6.0,
5818,602.0,6.0,
5819,602.0,8.0,
5820,505.0,1.0,
5821,511.0,7.0,
5822,502.0,6.0,
5823,601.0,6.0,
5824,502.0,7.0,
5825,509.0,5.0,
5826,508.0,6.0,
5827,,8.0,
5828,507.0,6.0,
5829,503.0,,
5830,504.0,1.0,
5831,511.0,3.0,
5832,510.0,6.0,
5833,511.0,1.0,
5834,507.0,8.0,
5835,503.0,6.0,
5836,500.0,8.0,
5837,507.0,2.0,
5838,510.0,6.0,
5839,506.0,6.0,
5840,506.0,6.0,
5841,505.0,8.0,
5842,506.0,8.0,
5843,511.0,6.0,
5844,503.0,4.0,
5845,600.0,8.0,
5846,511.0,6.0,
5847,510.0,8.0,
5848,510.0,6.0,
5849,503.0,8.0,
5850,508.0,5.0,
5851,511.0,6.0,
5852,504.0,8.0,
5853,500.0,8.0,
5854,509.0,6.0,
5855,605.0,8.0,
5856,504.0,8.0,
5857,509.0,8.0,
5858,505.0,5.0,
5859,504.0,6.0,
5860,508.0,8.0,
5861,510.0,2.0,
5862,602.0,7.0,
5863,502.0,8.0,
5864,600.0,6.0,
5865,504.0,6.0,
5866,511.0,6.0,
5867,502.0,6.0,
5868,509.0,6.0,
5869,505.0,7.0,
5870,505.0,8.0,
5871,504.0,6.0,
5872,511.0,5.0,
5873,502.0,6.0,
5874,507.0,,
5875,510.0,6.0,
5876,506.0,6.0,
5877,508.0,8.0,
5878,510.0,6.0,
5879,509.0,8.0,
5880,506.0,8.0,
5881,603.0,7.0,
5882,607.0,2.0,
5883,503.0,6.0,
5884,601.0,8.0,
5885,502.0,6.0,
5886,600.0,7.0,
5887,506.0,7.0,
5888,502.0,8.0,
5889,506.0,8.0,
5890,510.0,6.0,
5891,502.0,8.0,
5892,511.0,7.0,
5893,506.0,8.0,
5894,502.0,6.0,
5895,501.0,6.0,
5896,509.0,6.0,
5897,502.0,6.0,
5898,507.0,7.0,
5899,500.0,5.0,
5900,500.0,8.0,
5901,500.0,7.0,
5902,501.0,8.0,
5903,503.0,8.0,
5904,504.0,8.0,
5905,411.0,8.0,
5906,510.0,7.0,
5907,511.0,8.0,
5908,503.0,6.0,
5909,507.0,8.0,
5910,507.0,8.0,
5911,509.0,8.0,
5912,504.0,8.0,
5913,502.0,6.0,
5914,503.0,6.0,
5915,506.0,8.0,
5916,503.0,4.0,
5917,503.0,6.0,
5918,501.0,8.0,
5919,505.0,5.0,
5920,509.0,7.0,
5921,510.0,3.0,
5922,508.0,6.0,
5923,600.0,8.0,
5924,510.0,6.0,
5925,510.0,2.0,
5926,508.0,8.0,
5927,509.0,8.0,
5928,506.0,1.0,
5929,507.0,6.0,
5930,511.0,8.0,
5931,504.0,6.0,
5932,500.0,8.0,
5933,502.0,8.0,
5934,510.0,8.0,
5935,507.0,6.0,
5936,505.0,8.0,
5937,509.0,6.0,
5938,511.0,8.0,
5939,502.0,8.0,
5940,505.0,8.0,
5941,,8.0,
5942,,6.0,
5943,502.0,8.0,
5944,507.0,8.0,
5945,506.0,7.0,
5946,508.0,8.0,
5947,503.0,1.0,
5948,509.0,1.0,
5949,501.0,6.0,
5950,507.0,8.0,
5951,504.0,8.0,
5952,507.0,8.0,
5953,506.0,6.0,
5954,511.0,5.0,
5955,502.0,6.0,
5956,507.0,6.0,
5957,506.0,6.0,
5958,505.0,6.0,
5959,501.0,8.0,
5960,500.0,6.0,
5961,411.0,5.0,
5962,505.0,6.0,
5963,503.0,7.0,
5964,500.0,6.0,
5965,503.0,1.0,
5966,501.0,6.0,
5967,507.0,8.0,
5968,411.0,8.0,
5969,508.0,8.0,
5970,508.0,8.0,
5971,411.0,,
5972,503.0,6.0,
5973,505.0,6.0,
5974,502.0,6.0,
5975,511.0,8.0,
5976,508.0,6.0,
5977,506.0,6.0,
5978,506.0,8.0,
5979,505.0,,
5980,503.0,8.0,
5981,510.0,,
5982,502.0,8.0,
5983,506.0,6.0,
5984,503.0,8.0,
5985,508.0,8.0,
5986,509.0,6.0,
5987,502.0,1.0,
5988,508.0,6.0,
5989,501.0,6.0,
5990,511.0,8.0,
5991,411.0,7.0,
5992,503.0,8.0,
5993,502.0,6.0,
5994,503.0,8.0,
5995,503.0,8.0,
5996,507.0,8.0,
5997,506.0,5.0,
5998,508.0,6.0,
5999,502.0,8.0,
6000,502.0,8.0,
6001,507.0,7.0,
6002,501.0,8.0,
6003,509.0,8.0,
6004,600.0,6.0,
6005,502.0,8.0,
6006,502.0,8.0,
6007,503.0,8.0,
6008,500.0,7.0,
6009,507.0,8.0,
6010,505.0,8.0,
6011,502.0,8.0,
6012,601.0,6.0,
6013,510.0,6.0,
6014,509.0,1.0,
6015,601.0,8.0,
6016,504.0,8.0,
6017,508.0,8.0,
6018,506.0,8.0,
6019,510.0,7.0,
6020,509.0,8.0,
6021,500.0,8.0,
6022,601.0,6.0,
6023,504.0,8.0,
6024,411.0,6.0,
6025,600.0,4.0,
6026,503.0,6.0,
6027,508.0,8.0,
6028,508.0,5.0,
6029,503.0,7.0,
6030,507.0,6.0,
6031,510.0,7.0,
6032,705.0,6.0,
6033,504.0,6.0,
6034,601.0,7.0,
6035,506.0,1.0,
6036,508.0,6.0,
6037,511.0,6.0,
6038,503.0,8.0,
6039,503.0,6.0,
6040,504.0,8.0,
6041,503.0,6.0,
6042,502.0,,
6043,503.0,8.0,
6044,411.0,8.0,
6045,500.0,6.0,
6046,409.0,8.0,
6047,502.0,6.0,
6048,508.0,8.0,
6049,504.0,4.0,
6050,509.0,8.0,
6051,411.0,8.0,
6052,503.0,6.0,
6053,506.0,8.0,
6054,501.0,8.0,
6055,508.0,1.0,
6056,509.0,6.0,
6057,508.0,5.0,
6058,504.0,6.0,
6059,510.0,8.0,
6060,711.0,8.0,
6061,507.0,2.0,
6062,502.0,8.0,
6063,505.0,6.0,
6064,507.0,8.0,
6065,,6.0,
6066,504.0,6.0,
6067,504.0,8.0,
6068,502.0,8.0,
6069,504.0,8.0,
6070,502.0,6.0,
6071,509.0,6.0,
6072,601.0,7.0,
6073,501.0,8.0,
6074,503.0,,
6075,502.0,8.0,
6076,504.0,1.0,
6077,505.0,6.0,
6078,505.0,6.0,
6079,508.0,6.0,
6080,501.0,6.0,
6081,508.0,6.0,
6082,502.0,7.0,
6083,510.0,8.0,
6084,509.0,6.0,
6085,508.0,6.0,
6086,,8.0,
6087,505.0,8.0,
6088,505.0,8.0,
6089,503.0,4.0,
6090,502.0,6.0,
6091,510.0,7.0,
6092,508.0,6.0,
6093,603.0,6.0,
6094,502.0,6.0,
6095,604.0,8.0,
6096,507.0,6.0,
6097,507.0,5.0,
6098,506.0,7.0,
6099,508.0,8.0,
6100,411.0,8.0,
6101,508.0,7.0,
6102,505.0,8.0,
6103,509.0,2.0,
6104,507.0,7.0,
6105,508.0,6.0,
6106,508.0,8.0,
6107,502.0,6.0,
6108,600.0,2.0,
6109,507.0,6.0,
6110,505.0,8.0,
6111,501.0,7.0,
6112,503.0,6.0,
6113,506.0,6.0,
6114,510.0,6.0,
6115,507.0,8.0,
6116,510.0,6.0,
6117,600.0,7.0,
6118,503.0,8.0,
6119,511.0,6.0,
6120,505.0,8.0,
6121,,8.0,
6122,,,
6123,600.0,4.0,
6124,407.0,6.0,
6125,511.0,6.0,
6126,601.0,5.0,
6127,500.0,8.0,
6128,508.0,7.0,
6129,511.0,7.0,
6130,501.0,8.0,
6131,511.0,8.0,
6132,601.0,8.0,
6133,603.0,5.0,
6134,600.0,8.0,
6135,505.0,8.0,
6136,503.0,8.0,
6137,502.0,6.0,
6138,500.0,8.0,
6139,506.0,4.0,
6140,503.0,6.0,
6141,504.0,8.0,
6142,506.0,7.0,
6143,506.0,6.0,
6144,507.0,8.0,
6145,505.0,3.0,
6146,506.0,8.0,
6147,605.0,6.0,
6148,502.0,7.0,
6149,503.0,8.0,
6150,511.0,8.0,
6151,510.0,8.0,
6152,509.0,6.0,
6153,508.0,8.0,
6154,510.0,8.0,
6155,600.0,1.0,
6156,504.0,6.0,
6157,600.0,6.0,
6158,504.0,4.0,
6159,502.0,8.0,
6160,504.0,8.0,
6161,508.0,4.0,
6162,504.0,8.0,
6163,505.0,8.0,
6164,509.0,8.0,
6165,503.0,8.0,
6166,504.0,8.0,
6167,511.0,7.0,
6168,510.0,6.0,
6169,505.0,5.0,
6170,507.0,7.0,
6171,510.0,7.0,
6172,506.0,8.0,
6173,502.0,8.0,
6174,511.0,6.0,
6175,600.0,6.0,
6176,509.0,8.0,
6177,505.0,4.0,
6178,505.0,6.0,
6179,507.0,6.0,
6180,505.0,,
6181,507.0,6.0,
6182,507.0,4.0,
6183,506.0,5.0,
6184,510.0,7.0,
6185,405.0,,
6186,511.0,6.0,
6187,507.0,1.0,
6188,511.0,5.0,
6189,507.0,6.0,
6190,505.0,6.0,
6191,505.0,3.0,
6192,508.0,8.0,
6193,600.0,6.0,
6194,510.0,8.0,
6195,504.0,1.0,
6196,502.0,6.0,
6197,501.0,6.0,
6198,501.0,6.0,
6199,503.0,8.0,
6200,501.0,8.0,
6201,508.0,8.0,
6202,503.0,6.0,
6203,509.0,6.0,
6204,502.0,5.0,
6205,510.0,7.0,
6206,504.0,6.0,
6207,507.0,8.0,
6208,509.0,6.0,
6209,510.0,6.0,
6210,501.0,6.0,
6211,504.0,8.0,
6212,705.0,7.0,
6213,507.0,8.0,
6214,506.0,6.0,
6215,508.0,8.0,
6216,510.0,6.0,
6217,505.0,8.0,
6218,508.0,6.0,
6219,506.0,6.0,
6220,506.0,1.0,
6221,505.0,6.0,
6222,501.0,6.0,
6223,507.0,5.0,
6224,503.0,4.0,
6225,600.0,6.0,
6226,502.0,5.0,
6227,503.0,6.0,
6228,505.0,6.0,
6229,411.0,8.0,
6230,505.0,6.0,
6231,509.0,8.0,
6232,505.0,8.0,
6233,504.0,1.0,
6234,501.0,6.0,
6235,505.0,6.0,
6236,504.0,8.0,
6237,511.0,6.0,
6238,506.0,6.0,
6239,600.0,6.0,
6240,601.0,8.0,
6241,509.0,8.0,
6242,509.0,6.0,
6243,301.0,8.0,
6244,511.0,8.0,
6245,601.0,8.0,
6246,508.0,6.0,
6247,502.0,8.0,
6248,503.0,6.0,
6249,502.0,6.0,
6250,509.0,8.0,
6251,508.0,4.0,
6252,504.0,8.0,
6253,505.0,7.0,
6254,502.0,8.0,
6255,504.0,8.0,
6256,,6.0,
6257,605.0,,
6258,504.0,,
6259,504.0,4.0,
6260,504.0,6.0,
6261,,1.0,
6262,508.0,,
6263,503.0,7.0,
6264,502.0,,
6265,500.0,1.0,
6266,500.0,,
6267,502.0,8.0,
6268,500.0,,
6269,509.0,6.0,
6270,503.0,,
6271,503.0,,
6272,504.0,8.0,
6273,509.0,6.0,
6274,509.0,5.0,
6275,502.0,,
6276,503.0,,
6277,504.0,6.0,
6278,509.0,,
6279,504.0,,
6280,510.0,,
6281,602.0,4.0,
6282,501.0,,
6283,506.0,6.0,
6284,506.0,,
6285,508.0,6.0,
6286,504.0,,
6287,510.0,6.0,
6288,500.0,,
6289,505.0,2.0,
6290,509.0,6.0,
6291,505.0,,
6292,,,
6293,410.0,,
6294,508.0,,
6295,600.0,,
6296,510.0,,
6297,506.0,,
6298,510.0,1.0,
6299,509.0,1.0,
6300,509.0,4.0,
6301,507.0,,
6302,,6.0,
6303,508.0,6.0,
6304,502.0,,
6305,510.0,8.0,
6306,508.0,,
6307,504.0,6.0,
6308,504.0,,
6309,604.0,,
6310,508.0,8.0,
6311,,,
6312,503.0,,
6313,501.0,,
6314,502.0,6.0,
6315,509.0,8.0,
6316,503.0,6.0,
6317,511.0,5.0,
6318,508.0,7.0,
6319,508.0,7.0,
6320,,8.0,
6321,504.0,6.0,
6322,502.0,,
6323,600.0,8.0,
6324,502.0,6.0,
6325,504.0,4.0,
6326,409.0,,
6327,508.0,,
6328,504.0,,
6329,504.0,6.0,
6330,504.0,1.0,
6331,508.0,,
6332,510.0,,
6333,510.0,7.0,
6334,502.0,,
6335,511.0,,
6336,508.0,,
6337,508.0,4.0,
6338,505.0,,
6339,506.0,5.0,
6340,511.0,,
6341,511.0,5.0,
6342,508.0,,
6343,506.0,6.0,
6344,507.0,,
6345,502.0,8.0,
6346,,,
6347,411.0,,
6348,511.0,1.0,
6349,504.0,,
6350,504.0,,
6351,603.0,6.0,
6352,503.0,,
6353,506.0,8.0,
6354,411.0,,
6355,600.0,2.0,
6356,509.0,,
6357,505.0,,
6358,600.0,,
6359,502.0,,
6360,508.0,,
6361,502.0,5.0,
6362,603.0,6.0,
6363,510.0,6.0,
6364,505.0,7.0,
6365,505.0,6.0,
6366,510.0,8.0,
6367,501.0,8.0,
6368,507.0,5.0,
6369,504.0,8.0,
6370,505.0,8.0,
6371,510.0,6.0,
6372,505.0,5.0,
6373,600.0,7.0,
6374,507.0,8.0,
6375,504.0,5.0,
6376,509.0,3.0,
6377,507.0,8.0,
6378,511.0,2.0,
6379,600.0,,
6380,505.0,1.0,
6381,505.0,8.0,
6382,502.0,8.0,
6383,503.0,6.0,
6384,505.0,8.0,
6385,508.0,6.0,
6386,705.0,8.0,
6387,508.0,7.0,
6388,504.0,6.0,
6389,506.0,6.0,
6390,500.0,8.0,
6391,503.0,8.0,
6392,503.0,8.0,
6393,505.0,6.0,
6394,,,
6395,506.0,8.0,
6396,503.0,6.0,
6397,508.0,7.0,
6398,600.0,6.0,
6399,511.0,7.0,
6400,509.0,7.0,
6401,507.0,8.0,
6402,505.0,7.0,
6403,511.0,5.0,
6404,507.0,8.0,
6405,510.0,8.0,
6406,509.0,6.0,
6407,502.0,8.0,
6408,508.0,8.0,
6409,502.0,6.0,
6410,,6.0,
6411,508.0,6.0,
6412,510.0,6.0,
6413,504.0,6.0,
6414,500.0,4.0,
6415,504.0,7.0,
6416,508.0,1.0,
6417,509.0,1.0,
6418,603.0,8.0,
6419,503.0,6.0,
6420,509.0,6.0,
6421,601.0,6.0,
6422,503.0,6.0,
6423,504.0,6.0,
6424,503.0,6.0,
6425,509.0,7.0,
6426,601.0,6.0,
6427,510.0,6.0,
6428,510.0,6.0,
6429,506.0,5.0,
6430,501.0,8.0,
6431,508.0,6.0,
6432,506.0,6.0,
6433,502.0,6.0,
6434,504.0,8.0,
6435,600.0,6.0,
6436,503.0,,
6437,507.0,6.0,
6438,509.0,6.0,
6439,511.0,1.0,
6440,508.0,6.0,
6441,509.0,8.0,
6442,507.0,1.0,
6443,509.0,2.0,
6444,508.0,6.0,
6445,508.0,6.0,
6446,500.0,1.0,
6447,506.0,8.0,
6448,509.0,8.0,
6449,505.0,8.0,
6450,508.0,8.0,
6451,510.0,1.0,
6452,507.0,6.0,
6453,508.0,4.0,
6454,511.0,8.0,
6455,508.0,6.0,
6456,504.0,6.0,
6457,503.0,8.0,
6458,509.0,6.0,
6459,504.0,8.0,
6460,508.0,7.0,
6461,601.0,5.0,
6462,504.0,6.0,
6463,506.0,8.0,
6464,600.0,6.0,
6465,506.0,2.0,
6466,502.0,8.0,
6467,510.0,8.0,
6468,511.0,8.0,
6469,501.0,8.0,
6470,506.0,8.0,
6471,507.0,4.0,
6472,302.0,8.0,
6473,502.0,8.0,
6474,705.0,5.0,
6475,602.0,5.0,
6476,505.0,6.0,
6477,506.0,8.0,
6478,500.0,,
6479,506.0,6.0,
6480,509.0,6.0,
6481,510.0,4.0,
6482,507.0,7.0,
6483,508.0,8.0,
6484,504.0,7.0,
6485,508.0,8.0,
6486,600.0,8.0,
6487,508.0,6.0,
6488,505.0,8.0,
6489,506.0,8.0,
6490,504.0,8.0,
6491,502.0,6.0,
6492,508.0,8.0,
6493,508.0,1.0,
6494,507.0,6.0,
6495,502.0,8.0,
6496,502.0,,
6497,506.0,6.0,
6498,511.0,5.0,
6499,506.0,4.0,
6500,507.0,5.0,
6501,503.0,7.0,
6502,510.0,6.0,
6503,508.0,,
6504,511.0,,
6505,507.0,8.0,
6506,504.0,8.0,
6507,503.0,8.0,
6508,507.0,6.0,
6509,510.0,6.0,
6510,408.0,2.0,
6511,506.0,8.0,
6512,503.0,6.0,
6513,711.0,5.0,
6514,503.0,8.0,
6515,508.0,6.0,
6516,500.0,8.0,
6517,504.0,6.0,
6518,600.0,6.0,
6519,507.0,6.0,
6520,509.0,8.0,
6521,506.0,8.0,
6522,511.0,6.0,
6523,508.0,5.0,
6524,501.0,8.0,
6525,510.0,8.0,
6526,509.0,3.0,
6527,501.0,6.0,
6528,511.0,5.0,
6529,602.0,6.0,
6530,601.0,6.0,
6531,500.0,,
6532,504.0,8.0,
6533,600.0,4.0,
6534,511.0,2.0,
6535,505.0,,
6536,504.0,5.0,
6537,601.0,8.0,
6538,510.0,6.0,
6539,509.0,6.0,
6540,511.0,6.0,
6541,510.0,6.0,
6542,503.0,6.0,
6543,511.0,,
6544,502.0,6.0,
6545,501.0,6.0,
6546,503.0,6.0,
6547,506.0,8.0,
6548,508.0,2.0,
6549,504.0,8.0,
6550,504.0,6.0,
6551,502.0,3.0,
6552,511.0,6.0,
6553,602.0,1.0,
6554,600.0,5.0,
6555,502.0,6.0,
6556,505.0,8.0,
6557,508.0,6.0,
6558,505.0,8.0,
6559,511.0,4.0,
6560,502.0,8.0,
6561,510.0,,
6562,509.0,8.0,
6563,608.0,7.0,
6564,511.0,5.0,
6565,503.0,7.0,
6566,507.0,,
6567,700.0,6.0,
6568,504.0,6.0,
6569,506.0,5.0,
6570,511.0,8.0,
6571,511.0,1.0,
6572,510.0,6.0,
6573,600.0,6.0,
6574,508.0,3.0,
6575,503.0,8.0,
6576,509.0,2.0,
6577,501.0,7.0,
6578,502.0,6.0,
6579,504.0,6.0,
6580,510.0,8.0,
6581,506.0,6.0,
6582,302.0,,
6583,503.0,4.0,
6584,506.0,7.0,
6585,508.0,6.0,
6586,511.0,3.0,
6587,504.0,6.0,
6588,504.0,8.0,
6589,508.0,6.0,
6590,505.0,8.0,
6591,500.0,8.0,
6592,503.0,6.0,
6593,502.0,8.0,
6594,510.0,6.0,
6595,505.0,6.0,
6596,608.0,7.0,
6597,505.0,8.0,
6598,600.0,1.0,
6599,510.0,,
6600,501.0,,
6601,601.0,,
6602,511.0,1.0,
6603,501.0,4.0,
6604,505.0,6.0,
6605,504.0,8.0,
6606,511.0,6.0,
6607,508.0,8.0,
6608,510.0,1.0,
6609,501.0,6.0,
6610,505.0,5.0,
6611,506.0,4.0,
6612,,4.0,
6613,501.0,8.0,
6614,508.0,6.0,
6615,502.0,,
6616,506.0,8.0,
6617,506.0,8.0,
6618,,8.0,
6619,500.0,8.0,
6620,503.0,,
6621,502.0,6.0,
6622,604.0,4.0,
6623,508.0,5.0,
6624,502.0,,
6625,506.0,8.0,
6626,508.0,6.0,
6627,502.0,8.0,
6628,503.0,6.0,
6629,500.0,7.0,
6630,511.0,8.0,
6631,600.0,6.0,
6632,500.0,4.0,
6633,507.0,8.0,
6634,510.0,8.0,
6635,511.0,4.0,
6636,602.0,4.0,
6637,503.0,7.0,
6638,507.0,7.0,
6639,505.0,8.0,
6640,507.0,8.0,
6641,502.0,2.0,
6642,511.0,4.0,
6643,503.0,6.0,
6644,500.0,8.0,
6645,508.0,1.0,
6646,504.0,6.0,
6647,507.0,,
6648,505.0,6.0,
6649,511.0,2.0,
6650,510.0,7.0,
6651,504.0,8.0,
6652,510.0,7.0,
6653,511.0,6.0,
6654,,8.0,
6655,510.0,5.0,
6656,502.0,8.0,
6657,508.0,8.0,
6658,605.0,1.0,
6659,507.0,,
6660,509.0,8.0,
6661,509.0,,
6662,509.0,4.0,
6663,506.0,6.0,
6664,502.0,7.0,
6665,505.0,4.0,
6666,507.0,7.0,
6667,,5.0,
6668,509.0,,
6669,501.0,4.0,
6670,504.0,,
6671,506.0,6.0,
6672,504.0,8.0,
6673,505.0,6.0,
6674,508.0,6.0,
6675,510.0,6.0,
6676,504.0,6.0,
6677,506.0,6.0,
6678,506.0,6.0,
6679,506.0,5.0,
6680,503.0,6.0,
6681,510.0,8.0,
6682,507.0,6.0,
6683,502.0,8.0,
6684,503.0,6.0,
6685,605.0,2.0,
6686,502.0,4.0,
6687,503.0,6.0,
6688,510.0,2.0,
6689,508.0,,
6690,603.0,6.0,
6691,510.0,8.0,
6692,506.0,6.0,
6693,508.0,6.0,
6694,505.0,8.0,
6695,506.0,3.0,
6696,505.0,6.0,
6697,501.0,2.0,
6698,509.0,1.0,
6699,502.0,8.0,
6700,602.0,,
6701,600.0,8.0,
6702,601.0,6.0,
6703,506.0,8.0,
6704,505.0,4.0,
6705,510.0,6.0,
6706,503.0,6.0,
6707,504.0,6.0,
6708,502.0,6.0,
6709,504.0,5.0,
6710,504.0,,
6711,410.0,8.0,
6712,502.0,2.0,
6713,500.0,6.0,
6714,709.0,1.0,
6715,508.0,6.0,
6716,600.0,8.0,
6717,504.0,8.0,
6718,511.0,6.0,
6719,500.0,8.0,
6720,509.0,8.0,
6721,505.0,2.0,
6722,602.0,8.0,
6723,509.0,8.0,
6724,504.0,4.0,
6725,509.0,,
6726,504.0,8.0,
6727,508.0,8.0,
6728,509.0,5.0,
6729,503.0,4.0,
6730,505.0,,
6731,602.0,8.0,
6732,507.0,8.0,
6733,508.0,,
6734,509.0,8.0,
6735,506.0,6.0,
6736,504.0,4.0,
6737,509.0,4.0,
6738,503.0,6.0,
6739,601.0,6.0,
6740,503.0,8.0,
6741,505.0,8.0,
6742,509.0,8.0,
6743,509.0,,
6744,611.0,5.0,
6745,600.0,6.0,
6746,503.0,6.0,
6747,503.0,8.0,
6748,509.0,2.0,
6749,506.0,6.0,
6750,508.0,6.0,
6751,,6.0,
6752,600.0,7.0,
6753,601.0,4.0,
6754,505.0,3.0,
6755,,8.0,
6756,507.0,8.0,
6757,506.0,5.0,
6758,508.0,8.0,
6759,504.0,,
6760,504.0,,5.0
6761,509.0,,
6762,510.0,8.0,
6763,510.0,6.0,
6764,502.0,4.0,
6765,511.0,4.0,
6766,507.0,1.0,
6767,502.0,8.0,
6768,505.0,4.0,
6769,500.0,,
6770,505.0,6.0,
6771,508.0,,
6772,508.0,5.0,
6773,508.0,8.0,
6774,508.0,,
6775,600.0,,
6776,507.0,8.0,
6777,500.0,6.0,
6778,502.0,,
6779,508.0,5.0,
6780,509.0,5.0,
6781,510.0,,
6782,511.0,5.0,
6783,509.0,,
6784,503.0,4.0,
6785,503.0,8.0,
6786,508.0,4.0,
6787,510.0,7.0,
6788,600.0,8.0,
6789,506.0,2.0,
6790,,6.0,
6791,503.0,6.0,
6792,506.0,6.0,
6793,505.0,6.0,
6794,,6.0,
6795,502.0,6.0,
6796,507.0,6.0,
6797,502.0,6.0,
6798,502.0,8.0,
6799,504.0,5.0,
6800,505.0,7.0,
6801,502.0,2.0,
6802,506.0,4.0,
6803,505.0,,
6804,507.0,6.0,
6805,511.0,3.0,
6806,,1.0,
6807,508.0,6.0,
6808,502.0,6.0,
6809,510.0,8.0,
6810,506.0,6.0,
6811,501.0,7.0,
6812,504.0,6.0,
6813,503.0,8.0,
6814,510.0,6.0,
6815,510.0,6.0,
6816,504.0,2.0,
6817,511.0,4.0,
6818,505.0,,
6819,502.0,6.0,
6820,504.0,1.0,
6821,504.0,8.0,
6822,502.0,7.0,
6823,510.0,7.0,
6824,509.0,,
6825,510.0,6.0,
6826,603.0,6.0,
6827,505.0,8.0,
6828,505.0,8.0,
6829,,4.0,
6830,508.0,,
6831,504.0,7.0,
6832,506.0,6.0,
6833,509.0,4.0,
6834,502.0,6.0,
6835,600.0,6.0,
6836,504.0,,
6837,504.0,8.0,
6838,600.0,6.0,
6839,506.0,6.0,
6840,502.0,6.0,
6841,511.0,6.0,
6842,504.0,6.0,
6843,504.0,6.0,
6844,506.0,6.0,
6845,502.0,6.0,
6846,600.0,8.0,
6847,504.0,4.0,
6848,504.0,5.0,
6849,611.0,4.0,
6850,503.0,4.0,
6851,502.0,6.0,
6852,502.0,6.0,
6853,,3.0,
6854,505.0,6.0,
6855,508.0,8.0,
6856,511.0,8.0,
6857,509.0,7.0,
6858,505.0,6.0,
6859,508.0,5.0,
6860,504.0,7.0,
6861,505.0,7.0,
6862,503.0,8.0,
6863,505.0,6.0,
6864,509.0,1.0,
6865,504.0,8.0,
6866,509.0,5.0,
6867,505.0,4.0,
6868,507.0,6.0,
6869,506.0,5.0,
6870,505.0,2.0,
6871,503.0,8.0,
6872,503.0,4.0,
6873,604.0,1.0,
6874,503.0,1.0,
6875,509.0,5.0,
6876,509.0,5.0,
6877,508.0,1.0,
6878,507.0,4.0,
6879,503.0,6.0,
6880,503.0,6.0,
6881,509.0,8.0,
6882,508.0,8.0,
6883,500.0,6.0,
6884,508.0,8.0,
6885,505.0,6.0,
6886,511.0,8.0,
6887,503.0,3.0,
6888,600.0,1.0,
6889,511.0,6.0,
6890,500.0,6.0,
6891,501.0,8.0,
6892,509.0,6.0,
6893,505.0,6.0,
6894,,,
6895,600.0,8.0,
6896,507.0,6.0,
6897,505.0,8.0,
6898,507.0,2.0,
6899,503.0,,
6900,411.0,8.0,
6901,506.0,6.0,
6902,504.0,6.0,
6903,504.0,8.0,
6904,509.0,6.0,
6905,501.0,7.0,
6906,501.0,7.0,
6907,500.0,8.0,
6908,503.0,8.0,
6909,502.0,8.0,
6910,600.0,8.0,
6911,503.0,6.0,
6912,505.0,6.0,
6913,604.0,5.0,
6914,503.0,8.0,
6915,502.0,6.0,
6916,509.0,6.0,
6917,506.0,7.0,
6918,502.0,1.0,
6919,504.0,8.0,
6920,504.0,6.0,
6921,502.0,8.0,
6922,503.0,8.0,
6923,500.0,6.0,
6924,507.0,8.0,
6925,503.0,6.0,
6926,601.0,8.0,
6927,411.0,8.0,
6928,602.0,4.0,
6929,510.0,8.0,
6930,503.0,1.0,
6931,506.0,6.0,
6932,509.0,,
6933,506.0,8.0,
6934,508.0,6.0,
6935,505.0,4.0,
6936,510.0,8.0,
6937,600.0,2.0,
6938,508.0,8.0,
6939,504.0,6.0,
6940,502.0,6.0,
6941,503.0,8.0,
6942,511.0,8.0,
6943,511.0,8.0,
6944,503.0,6.0,
6945,602.0,8.0,
6946,506.0,6.0,
6947,503.0,,
6948,509.0,1.0,
6949,504.0,6.0,
6950,502.0,1.0,
6951,501.0,2.0,
6952,509.0,8.0,
6953,509.0,6.0,
6954,501.0,8.0,
6955,504.0,8.0,
6956,500.0,6.0,
6957,502.0,6.0,
6958,507.0,8.0,
6959,602.0,8.0,
6960,503.0,,
6961,411.0,8.0,
6962,505.0,8.0,
6963,502.0,6.0,
6964,500.0,6.0,
6965,505.0,6.0,
6966,600.0,6.0,
6967,501.0,3.0,
6968,502.0,8.0,
6969,503.0,6.0,
6970,508.0,8.0,
6971,510.0,8.0,
6972,509.0,2.0,
6973,509.0,,
6974,510.0,6.0,
6975,509.0,,
6976,602.0,7.0,
6977,504.0,5.0,
6978,711.0,1.0,
6979,505.0,8.0,
6980,506.0,6.0,
6981,507.0,5.0,
6982,510.0,8.0,
6983,503.0,,
6984,507.0,2.0,
6985,600.0,4.0,
6986,503.0,1.0,
6987,506.0,5.0,
6988,505.0,6.0,
6989,603.0,8.0,
6990,,1.0,
6991,506.0,8.0,
6992,605.0,,
6993,506.0,8.0,
6994,600.0,6.0,
6995,506.0,8.0,
6996,510.0,8.0,
6997,508.0,4.0,
6998,504.0,8.0,
6999,603.0,8.0,
7000,505.0,6.0,
7001,501.0,6.0,
7002,502.0,8.0,
7003,506.0,8.0,
7004,506.0,8.0,
7005,509.0,6.0,
7006,505.0,6.0,
7007,502.0,,
7008,506.0,,
7009,508.0,6.0,
7010,511.0,8.0,
7011,504.0,3.0,
7012,510.0,6.0,
7013,508.0,4.0,
7014,502.0,,
7015,604.0,3.0,
7016,510.0,4.0,
7017,601.0,8.0,
7018,511.0,,
7019,511.0,8.0,
7020,508.0,,
7021,503.0,8.0,
7022,600.0,8.0,
7023,404.0,1.0,
7024,500.0,4.0,
7025,503.0,8.0,
7026,301.0,,
7027,502.0,8.0,
7028,509.0,6.0,
7029,407.0,8.0,
7030,509.0,6.0,
7031,600.0,8.0,
7032,507.0,6.0,
7033,508.0,6.0,
7034,502.0,8.0,
7035,505.0,8.0,
7036,501.0,8.0,
7037,511.0,8.0,
7038,601.0,8.0,
7039,,2.0,
7040,507.0,8.0,
7041,504.0,3.0,
7042,501.0,6.0,
7043,510.0,5.0,
7044,506.0,6.0,
7045,600.0,6.0,
7046,503.0,,
7047,600.0,8.0,
7048,507.0,6.0,
7049,411.0,6.0,
7050,509.0,6.0,
7051,505.0,8.0,
7052,507.0,8.0,
7053,505.0,6.0,
7054,506.0,8.0,
7055,508.0,6.0,
7056,508.0,8.0,
7057,511.0,2.0,
7058,507.0,5.0,
7059,501.0,6.0,
7060,505.0,6.0,
7061,,1.0,
7062,511.0,2.0,
7063,504.0,6.0,
7064,502.0,6.0,
7065,508.0,6.0,
7066,600.0,6.0,
7067,506.0,6.0,
7068,601.0,1.0,
7069,505.0,8.0,
7070,509.0,6.0,
7071,601.0,4.0,
7072,502.0,4.0,
7073,506.0,3.0,
7074,510.0,2.0,
7075,,,
7076,507.0,8.0,
7077,409.0,2.0,
7078,,5.0,
7079,411.0,,
7080,506.0,6.0,
7081,602.0,6.0,
7082,508.0,6.0,
7083,505.0,4.0,
7084,504.0,8.0,
7085,506.0,8.0,
7086,510.0,5.0,
7087,509.0,8.0,
7088,507.0,6.0,
7089,509.0,6.0,
7090,500.0,6.0,
7091,503.0,8.0,
7092,506.0,8.0,
7093,503.0,8.0,
7094,411.0,8.0,
7095,,2.0,
7096,508.0,5.0,
7097,602.0,7.0,
7098,505.0,8.0,
7099,511.0,6.0,
7100,505.0,8.0,
7101,505.0,6.0,
7102,411.0,8.0,
7103,508.0,1.0,
7104,506.0,8.0,
7105,506.0,7.0,
7106,501.0,7.0,
7107,505.0,6.0,
7108,502.0,8.0,
7109,501.0,8.0,
7110,510.0,6.0,
7111,510.0,1.0,
7112,508.0,6.0,
7113,411.0,6.0,
7114,510.0,5.0,
7115,506.0,,
7116,501.0,8.0,
7117,502.0,6.0,
7118,504.0,8.0,
7119,505.0,8.0,
7120,511.0,6.0,
7121,507.0,8.0,
7122,503.0,6.0,
7123,503.0,6.0,
7124,507.0,8.0,
7125,506.0,6.0,
7126,506.0,8.0,
7127,504.0,8.0,
7128,501.0,7.0,
7129,506.0,7.0,
7130,506.0,7.0,
7131,508.0,1.0,
7132,504.0,8.0,
7133,507.0,,
7134,503.0,8.0,
7135,504.0,4.0,
7136,507.0,,
7137,505.0,8.0,
7138,505.0,,
7139,501.0,,
7140,507.0,6.0,
7141,503.0,6.0,
7142,508.0,6.0,
7143,501.0,8.0,
7144,408.0,6.0,
7145,,6.0,
7146,502.0,8.0,
7147,508.0,6.0,
7148,500.0,4.0,
7149,408.0,4.0,
7150,503.0,6.0,
7151,506.0,8.0,
7152,505.0,8.0,
7153,500.0,8.0,
7154,411.0,7.0,
7155,411.0,7.0,
7156,502.0,6.0,
7157,509.0,6.0,
7158,509.0,6.0,
7159,508.0,6.0,
7160,501.0,6.0,
7161,507.0,6.0,
7162,506.0,,
7163,509.0,2.0,
7164,,8.0,
7165,601.0,4.0,
7166,503.0,6.0,
7167,,,
7168,510.0,,
7169,409.0,6.0,
7170,708.0,6.0,
7171,502.0,,
7172,504.0,8.0,
7173,605.0,,
7174,500.0,1.0,
7175,505.0,,
7176,505.0,,
7177,508.0,1.0,
7178,506.0,4.0,
7179,503.0,8.0,
7180,502.0,8.0,
7181,502.0,3.0,
7182,506.0,6.0,
7183,600.0,6.0,
7184,503.0,8.0,
7185,411.0,6.0,
7186,503.0,8.0,
7187,411.0,8.0,
7188,502.0,8.0,
7189,601.0,8.0,
7190,411.0,6.0,
7191,503.0,8.0,
7192,500.0,6.0,
7193,502.0,6.0,
7194,506.0,6.0,
7195,410.0,8.0,
7196,506.0,1.0,
7197,508.0,8.0,
7198,,8.0,
7199,500.0,6.0,
7200,504.0,,
7201,503.0,5.0,
7202,505.0,1.0,
7203,503.0,7.0,
7204,508.0,7.0,
7205,504.0,8.0,
7206,506.0,6.0,
7207,505.0,8.0,
7208,508.0,8.0,
7209,502.0,,
7210,504.0,8.0,
7211,503.0,8.0,
7212,508.0,,
7213,,8.0,
7214,507.0,8.0,
7215,511.0,8.0,
7216,503.0,5.0,
7217,506.0,8.0,
7218,500.0,7.0,
7219,505.0,6.0,
7220,503.0,8.0,
7221,501.0,8.0,
7222,501.0,8.0,
7223,507.0,6.0,
7224,504.0,6.0,
7225,505.0,,
7226,502.0,,
7227,503.0,8.0,
7228,504.0,6.0,
7229,508.0,6.0,
7230,602.0,6.0,
7231,509.0,8.0,
7232,510.0,8.0,
7233,506.0,7.0,
7234,506.0,8.0,
7235,503.0,8.0,
7236,511.0,8.0,
7237,503.0,7.0,
7238,511.0,6.0,
7239,507.0,1.0,
7240,509.0,6.0,
7241,503.0,7.0,
7242,,6.0,
7243,600.0,5.0,
7244,600.0,8.0,
7245,510.0,,
7246,509.0,8.0,
7247,502.0,7.0,
7248,505.0,6.0,
7249,605.0,4.0,
7250,502.0,1.0,
7251,501.0,6.0,
7252,602.0,8.0,
7253,503.0,6.0,
7254,300.0,2.0,
7255,505.0,6.0,
7256,503.0,6.0,
7257,507.0,6.0,
7258,507.0,6.0,
7259,507.0,6.0,
7260,505.0,8.0,
7261,507.0,6.0,
7262,611.0,6.0,
7263,503.0,8.0,
7264,508.0,6.0,
7265,508.0,6.0,
7266,508.0,6.0,
7267,511.0,6.0,
7268,509.0,6.0,
7269,605.0,5.0,
7270,500.0,8.0,
7271,600.0,,
7272,506.0,6.0,
7273,501.0,8.0,
7274,603.0,8.0,
7275,504.0,6.0,
7276,504.0,8.0,
7277,506.0,8.0,
7278,601.0,1.0,
7279,502.0,8.0,
7280,505.0,6.0,
7281,510.0,6.0,
7282,505.0,6.0,
7283,510.0,4.0,
7284,504.0,8.0,
7285,500.0,6.0,
7286,506.0,6.0,
7287,600.0,8.0,
7288,504.0,6.0,
7289,508.0,8.0,
7290,604.0,6.0,
7291,507.0,6.0,
7292,504.0,6.0,
7293,510.0,6.0,
7294,501.0,8.0,
7295,502.0,8.0,
7296,503.0,8.0,
7297,510.0,7.0,
7298,509.0,8.0,
7299,600.0,6.0,
7300,500.0,8.0,
7301,502.0,8.0,
7302,502.0,6.0,
7303,401.0,,
7304,510.0,5.0,
7305,508.0,1.0,
7306,509.0,8.0,
7307,600.0,8.0,
7308,507.0,8.0,
7309,509.0,8.0,
7310,605.0,6.0,
7311,510.0,6.0,
7312,509.0,4.0,
7313,505.0,8.0,
7314,509.0,7.0,
7315,508.0,8.0,
7316,510.0,7.0,
7317,507.0,8.0,
7318,601.0,8.0,
7319,503.0,6.0,
7320,511.0,5.0,
7321,511.0,8.0,
7322,504.0,6.0,
7323,503.0,6.0,
7324,504.0,6.0,
7325,500.0,6.0,
7326,510.0,6.0,
7327,506.0,6.0,
7328,411.0,8.0,
7329,505.0,8.0,
7330,504.0,8.0,
7331,600.0,6.0,
7332,511.0,1.0,
7333,509.0,6.0,
7334,509.0,8.0,
7335,501.0,4.0,
7336,509.0,1.0,
7337,505.0,6.0,
7338,510.0,6.0,
7339,501.0,6.0,
7340,506.0,6.0,
7341,508.0,8.0,
7342,507.0,6.0,
7343,504.0,6.0,
7344,502.0,8.0,
7345,505.0,6.0,
7346,508.0,6.0,
7347,509.0,6.0,
7348,510.0,1.0,
7349,,6.0,
7350,504.0,6.0,
7351,502.0,8.0,
7352,500.0,8.0,
7353,506.0,8.0,
7354,500.0,7.0,
7355,505.0,8.0,
7356,503.0,6.0,
7357,506.0,6.0,
7358,505.0,,
7359,501.0,8.0,
7360,506.0,8.0,
7361,508.0,8.0,
7362,511.0,6.0,
7363,509.0,2.0,
7364,504.0,8.0,
7365,503.0,6.0,
7366,600.0,6.0,
7367,503.0,6.0,
7368,,,
7369,510.0,1.0,
7370,509.0,6.0,
7371,403.0,5.0,
7372,603.0,8.0,
7373,506.0,8.0,
7374,502.0,8.0,
7375,504.0,6.0,
7376,511.0,6.0,
7377,508.0,4.0,
7378,507.0,6.0,
7379,502.0,7.0,
7380,500.0,6.0,
7381,510.0,6.0,
7382,600.0,7.0,
7383,506.0,6.0,
7384,501.0,6.0,
7385,504.0,6.0,
7386,502.0,6.0,
7387,504.0,6.0,
7388,506.0,1.0,
7389,508.0,1.0,
7390,505.0,6.0,
7391,505.0,6.0,
7392,509.0,6.0,
7393,503.0,6.0,
7394,503.0,6.0,
7395,505.0,7.0,
7396,506.0,8.0,
7397,510.0,6.0,
7398,503.0,6.0,
7399,501.0,6.0,
7400,600.0,8.0,
7401,500.0,6.0,
7402,511.0,8.0,
7403,505.0,4.0,
7404,511.0,8.0,
7405,511.0,7.0,
7406,506.0,8.0,
7407,511.0,,
7408,505.0,6.0,
7409,502.0,6.0,
7410,502.0,8.0,
7411,507.0,8.0,
7412,511.0,8.0,
7413,501.0,8.0,
7414,507.0,6.0,
7415,505.0,6.0,
7416,500.0,6.0,
7417,600.0,8.0,
7418,502.0,6.0,
7419,508.0,6.0,
7420,509.0,6.0,
7421,601.0,,
7422,603.0,5.0,
7423,500.0,6.0,
7424,510.0,6.0,
7425,505.0,,
7426,601.0,6.0,
7427,502.0,6.0,
7428,511.0,8.0,
7429,509.0,6.0,
7430,510.0,8.0,
7431,603.0,,
7432,704.0,1.0,
7433,504.0,6.0,
7434,511.0,8.0,
7435,503.0,1.0,
7436,507.0,4.0,
7437,509.0,5.0,
7438,508.0,6.0,
7439,507.0,4.0,
7440,503.0,6.0,
7441,505.0,6.0,
7442,503.0,6.0,
7443,509.0,6.0,
7444,411.0,6.0,
7445,505.0,6.0,
7446,510.0,8.0,
7447,509.0,8.0,
7448,502.0,6.0,
7449,509.0,6.0,
7450,505.0,7.0,
7451,504.0,8.0,
7452,504.0,5.0,
7453,510.0,7.0,
7454,509.0,8.0,
7455,502.0,6.0,
7456,501.0,6.0,
7457,501.0,6.0,
7458,507.0,1.0,
7459,502.0,6.0,
7460,507.0,4.0,
7461,511.0,8.0,
7462,511.0,1.0,
7463,507.0,1.0,
7464,503.0,6.0,
7465,505.0,,
7466,502.0,6.0,
7467,505.0,6.0,
7468,506.0,7.0,
7469,509.0,6.0,
7470,601.0,7.0,
7471,601.0,6.0,
7472,506.0,6.0,
7473,506.0,2.0,
7474,507.0,2.0,
7475,502.0,8.0,
7476,502.0,6.0,
7477,507.0,5.0,
7478,505.0,4.0,
7479,504.0,6.0,
7480,508.0,2.0,
7481,501.0,8.0,
7482,510.0,6.0,
7483,600.0,5.0,
7484,509.0,8.0,
7485,602.0,1.0,
7486,510.0,2.0,
7487,503.0,8.0,
7488,502.0,8.0,
7489,503.0,8.0,
7490,602.0,8.0,
7491,508.0,6.0,
7492,507.0,1.0,
7493,509.0,4.0,
7494,710.0,6.0,
7495,,,
7496,502.0,6.0,
7497,504.0,8.0,
7498,600.0,8.0,
7499,503.0,8.0,
7500,502.0,6.0,
7501,511.0,5.0,
7502,508.0,8.0,
7503,500.0,7.0,
7504,504.0,8.0,
7505,506.0,6.0,
7506,510.0,8.0,
7507,508.0,8.0,
7508,507.0,8.0,
7509,506.0,6.0,
7510,,,
7511,507.0,6.0,
7512,506.0,5.0,
7513,504.0,8.0,
7514,504.0,8.0,
7515,503.0,1.0,
7516,502.0,6.0,
7517,505.0,6.0,
7518,511.0,8.0,
7519,509.0,6.0,
7520,503.0,6.0,
7521,504.0,5.0,
7522,506.0,6.0,
7523,502.0,6.0,
7524,502.0,3.0,
7525,507.0,3.0,
7526,507.0,8.0,
7527,602.0,,
7528,508.0,6.0,
7529,504.0,6.0,
7530,503.0,8.0,
7531,503.0,8.0,
7532,601.0,8.0,
7533,505.0,3.0,
7534,503.0,6.0,
7535,601.0,8.0,
7536,503.0,6.0,
7537,506.0,8.0,
7538,,1.0,
7539,601.0,6.0,
7540,504.0,5.0,
7541,510.0,6.0,
7542,502.0,7.0,
7543,601.0,8.0,
7544,506.0,8.0,
7545,510.0,6.0,
7546,506.0,5.0,
7547,510.0,8.0,
7548,411.0,4.0,
7549,509.0,6.0,
7550,505.0,6.0,
7551,601.0,8.0,
7552,505.0,1.0,
7553,507.0,3.0,
7554,501.0,6.0,
7555,504.0,6.0,
7556,505.0,6.0,
7557,507.0,7.0,
7558,507.0,4.0,
7559,505.0,5.0,
7560,511.0,6.0,
7561,601.0,2.0,
7562,507.0,6.0,
7563,600.0,3.0,
7564,508.0,6.0,
7565,508.0,2.0,
7566,506.0,8.0,
7567,503.0,5.0,
7568,505.0,6.0,
7569,509.0,6.0,
7570,506.0,8.0,
7571,503.0,6.0,
7572,503.0,6.0,
7573,507.0,2.0,
7574,507.0,6.0,
7575,505.0,4.0,
7576,507.0,6.0,
7577,510.0,8.0,
7578,506.0,6.0,
7579,507.0,6.0,
7580,510.0,4.0,
7581,506.0,6.0,
7582,504.0,6.0,
7583,509.0,8.0,
7584,504.0,6.0,
7585,509.0,6.0,
7586,503.0,6.0,
7587,510.0,8.0,
7588,502.0,6.0,
7589,502.0,4.0,
7590,505.0,6.0,
7591,505.0,8.0,
7592,503.0,8.0,
7593,504.0,6.0,
7594,505.0,6.0,
7595,505.0,6.0,
7596,508.0,8.0,
7597,505.0,8.0,
7598,502.0,7.0,
7599,500.0,6.0,
7600,510.0,1.0,
7601,508.0,8.0,
7602,505.0,6.0,
7603,509.0,6.0,
7604,510.0,5.0,
7605,600.0,7.0,
7606,507.0,4.0,
7607,503.0,8.0,
7608,502.0,4.0,
7609,505.0,8.0,
7610,503.0,6.0,
7611,504.0,6.0,
7612,411.0,6.0,
7613,503.0,6.0,
7614,509.0,6.0,
7615,602.0,7.0,
7616,506.0,6.0,
7617,505.0,6.0,
7618,507.0,,
7619,502.0,6.0,
7620,504.0,6.0,
7621,503.0,6.0,
7622,500.0,3.0,
7623,504.0,6.0,
7624,501.0,7.0,
7625,411.0,6.0,
7626,503.0,6.0,
7627,503.0,4.0,
7628,504.0,6.0,
7629,504.0,6.0,
7630,600.0,6.0,
7631,500.0,6.0,
7632,503.0,6.0,
7633,600.0,5.0,
7634,503.0,8.0,
7635,505.0,7.0,
7636,510.0,6.0,
7637,508.0,6.0,
7638,505.0,7.0,
7639,504.0,6.0,
7640,507.0,6.0,
7641,506.0,8.0,
7642,508.0,5.0,
7643,503.0,6.0,
7644,602.0,6.0,
7645,511.0,6.0,
7646,503.0,6.0,
7647,506.0,6.0,
7648,506.0,8.0,
7649,506.0,2.0,
7650,509.0,6.0,
7651,507.0,6.0,
7652,506.0,8.0,
7653,508.0,6.0,
7654,504.0,6.0,
7655,505.0,6.0,
7656,610.0,8.0,
7657,509.0,6.0,
7658,508.0,6.0,
7659,501.0,4.0,
7660,502.0,,
7661,503.0,6.0,
7662,508.0,8.0,
7663,603.0,6.0,
7664,504.0,6.0,
7665,509.0,2.0,
7666,503.0,8.0,
7667,509.0,6.0,
7668,507.0,,
7669,507.0,6.0,
7670,508.0,8.0,
7671,505.0,6.0,
7672,504.0,1.0,
7673,509.0,2.0,
7674,506.0,2.0,
7675,601.0,6.0,
7676,503.0,6.0,
7677,603.0,6.0,
7678,503.0,6.0,
7679,508.0,6.0,
7680,508.0,4.0,
7681,504.0,,
7682,503.0,6.0,
7683,602.0,6.0,
7684,409.0,8.0,
7685,508.0,6.0,
7686,503.0,6.0,
7687,510.0,6.0,
7688,603.0,6.0,
7689,505.0,8.0,
7690,509.0,,
7691,505.0,5.0,
7692,505.0,6.0,
7693,601.0,5.0,
7694,506.0,6.0,
7695,509.0,1.0,
7696,505.0,6.0,
7697,508.0,8.0,
7698,508.0,8.0,
7699,507.0,6.0,
7700,509.0,5.0,
7701,507.0,1.0,
7702,504.0,6.0,
7703,510.0,6.0,
7704,501.0,8.0,
7705,507.0,7.0,
7706,510.0,6.0,
7707,509.0,3.0,
7708,505.0,7.0,
7709,505.0,6.0,
7710,503.0,4.0,
7711,509.0,6.0,
7712,511.0,7.0,
7713,502.0,8.0,
7714,505.0,6.0,
7715,504.0,8.0,
7716,501.0,6.0,
7717,504.0,8.0,
7718,509.0,8.0,
7719,503.0,8.0,
7720,600.0,6.0,
7721,509.0,7.0,
7722,600.0,,
7723,502.0,,
7724,509.0,6.0,
7725,507.0,6.0,
7726,504.0,1.0,
7727,510.0,5.0,
7728,501.0,8.0,
7729,505.0,6.0,
7730,510.0,,
7731,504.0,8.0,
7732,600.0,,
7733,502.0,7.0,
7734,505.0,5.0,
7735,505.0,5.0,
7736,602.0,6.0,
7737,506.0,1.0,
7738,507.0,6.0,
7739,506.0,5.0,
7740,504.0,4.0,
7741,501.0,8.0,
7742,506.0,,
7743,506.0,6.0,
7744,503.0,2.0,
7745,506.0,8.0,
7746,601.0,6.0,
7747,507.0,6.0,
7748,507.0,6.0,
7749,509.0,6.0,
7750,509.0,8.0,
7751,504.0,7.0,
7752,507.0,6.0,
7753,503.0,6.0,
7754,507.0,1.0,
7755,503.0,6.0,
7756,508.0,2.0,
7757,505.0,1.0,
7758,506.0,5.0,
7759,507.0,,
7760,506.0,5.0,
7761,508.0,1.0,
7762,603.0,8.0,
7763,510.0,7.0,
7764,510.0,5.0,
7765,507.0,1.0,
7766,508.0,8.0,
7767,600.0,6.0,
7768,602.0,3.0,
7769,506.0,6.0,
7770,509.0,1.0,
7771,511.0,2.0,
7772,502.0,6.0,
7773,506.0,6.0,
7774,509.0,1.0,
7775,510.0,1.0,
7776,507.0,1.0,
7777,505.0,6.0,
7778,509.0,8.0,
7779,508.0,8.0,
7780,510.0,6.0,
7781,505.0,8.0,
7782,509.0,6.0,
7783,510.0,7.0,
7784,501.0,5.0,
7785,601.0,7.0,
7786,600.0,8.0,
7787,600.0,8.0,
7788,602.0,4.0,
7789,507.0,7.0,
7790,503.0,4.0,
7791,511.0,6.0,
7792,600.0,7.0,
7793,508.0,7.0,
7794,511.0,4.0,
7795,,3.0,
7796,502.0,5.0,
7797,604.0,6.0,
7798,506.0,6.0,
7799,507.0,6.0,
7800,505.0,6.0,
7801,504.0,6.0,
7802,507.0,8.0,
7803,506.0,3.0,
7804,503.0,1.0,
7805,507.0,,
7806,502.0,6.0,
7807,601.0,,
7808,,6.0,
7809,506.0,8.0,
7810,508.0,,
7811,501.0,5.0,
7812,503.0,6.0,
7813,511.0,4.0,
7814,511.0,8.0,
7815,506.0,8.0,
7816,502.0,6.0,
7817,510.0,6.0,
7818,509.0,8.0,
7819,503.0,6.0,
7820,601.0,8.0,
7821,505.0,,
7822,509.0,6.0,
7823,601.0,1.0,
7824,508.0,8.0,
7825,505.0,6.0,
7826,705.0,,
7827,500.0,8.0,
7828,503.0,8.0,
7829,405.0,,
7830,505.0,4.0,
7831,500.0,6.0,
7832,603.0,6.0,
7833,507.0,5.0,
7834,508.0,7.0,
7835,602.0,8.0,
7836,507.0,4.0,
7837,506.0,4.0,
7838,509.0,4.0,
7839,506.0,6.0,
7840,505.0,6.0,
7841,507.0,2.0,
7842,505.0,,
7843,507.0,6.0,
7844,600.0,5.0,
7845,507.0,1.0,
7846,501.0,,
7847,,2.0,
7848,500.0,7.0,
7849,505.0,8.0,
7850,508.0,5.0,
7851,507.0,1.0,
7852,600.0,8.0,
7853,508.0,1.0,
7854,602.0,8.0,
7855,602.0,6.0,
7856,506.0,1.0,
7857,511.0,6.0,
7858,507.0,4.0,
7859,600.0,6.0,
7860,504.0,1.0,
7861,507.0,6.0,
7862,503.0,4.0,
7863,601.0,8.0,
7864,510.0,6.0,
7865,507.0,7.0,
7866,502.0,6.0,
7867,502.0,6.0,
7868,505.0,8.0,
7869,501.0,6.0,
7870,506.0,3.0,
7871,506.0,8.0,
7872,502.0,5.0,
7873,501.0,6.0,
7874,506.0,5.0,
7875,601.0,8.0,
7876,504.0,6.0,
7877,505.0,4.0,
7878,500.0,6.0,
7879,510.0,2.0,
7880,405.0,8.0,
7881,510.0,6.0,
7882,505.0,6.0,
7883,509.0,6.0,
7884,508.0,1.0,
7885,504.0,6.0,
7886,503.0,8.0,
7887,509.0,6.0,
7888,500.0,5.0,
7889,509.0,8.0,
7890,508.0,6.0,
7891,503.0,6.0,
7892,506.0,6.0,
7893,600.0,6.0,
7894,600.0,8.0,
7895,510.0,6.0,
7896,510.0,8.0,
7897,501.0,7.0,
7898,509.0,8.0,
7899,507.0,8.0,
7900,411.0,2.0,
7901,511.0,6.0,
7902,501.0,5.0,
7903,500.0,8.0,
7904,505.0,8.0,
7905,511.0,6.0,
7906,407.0,8.0,
7907,503.0,7.0,
7908,506.0,8.0,
7909,508.0,6.0,
7910,504.0,8.0,
7911,503.0,5.0,
7912,506.0,6.0,
7913,503.0,5.0,
7914,505.0,6.0,
7915,507.0,6.0,
7916,502.0,6.0,
7917,505.0,8.0,
7918,511.0,6.0,
7919,503.0,1.0,
7920,505.0,8.0,
7921,501.0,6.0,
7922,605.0,1.0,
7923,511.0,8.0,
7924,509.0,6.0,
7925,505.0,6.0,
7926,507.0,1.0,
7927,508.0,3.0,
7928,506.0,2.0,
7929,510.0,4.0,
7930,505.0,6.0,
7931,600.0,6.0,
7932,501.0,7.0,
7933,602.0,7.0,
7934,409.0,8.0,
7935,510.0,6.0,
7936,502.0,,
7937,502.0,6.0,
7938,509.0,,
7939,507.0,6.0,
7940,506.0,3.0,
7941,411.0,8.0,
7942,509.0,6.0,
7943,402.0,8.0,
7944,509.0,,
7945,507.0,4.0,
7946,510.0,,
7947,502.0,,
7948,509.0,8.0,
7949,504.0,8.0,
7950,507.0,6.0,
7951,600.0,,
7952,510.0,,
7953,509.0,1.0,
7954,507.0,6.0,
7955,504.0,8.0,
7956,411.0,8.0,
7957,600.0,8.0,
7958,600.0,8.0,
7959,510.0,,
7960,507.0,6.0,
7961,503.0,,
7962,511.0,8.0,
7963,508.0,6.0,
7964,507.0,6.0,
7965,510.0,8.0,
7966,508.0,6.0,
7967,511.0,8.0,
7968,505.0,8.0,
7969,503.0,8.0,
7970,606.0,1.0,
7971,603.0,,
7972,604.0,8.0,
7973,411.0,6.0,
7974,508.0,8.0,
7975,511.0,1.0,
7976,602.0,6.0,
7977,503.0,8.0,
7978,500.0,5.0,
7979,501.0,8.0,
7980,508.0,7.0,
7981,502.0,,
7982,502.0,8.0,
7983,506.0,6.0,
7984,504.0,,
7985,509.0,8.0,
7986,511.0,4.0,5.0
7987,504.0,5.0,
7988,510.0,,
7989,505.0,8.0,
7990,510.0,4.0,
7991,502.0,6.0,
7992,508.0,,
7993,600.0,6.0,
7994,511.0,8.0,
7995,505.0,6.0,
7996,505.0,6.0,
7997,506.0,7.0,
7998,600.0,8.0,
7999,411.0,8.0,
8000,507.0,8.0,
8001,510.0,1.0,
8002,507.0,8.0,
8003,503.0,6.0,
8004,509.0,5.0,
8005,500.0,8.0,
8006,,8.0,
8007,508.0,6.0,
8008,511.0,6.0,
8009,504.0,2.0,
8010,509.0,1.0,
8011,509.0,8.0,
8012,504.0,6.0,
8013,601.0,,
8014,505.0,6.0,
8015,507.0,6.0,
8016,510.0,6.0,
8017,506.0,6.0,
8018,705.0,8.0,
8019,510.0,6.0,
8020,508.0,2.0,
8021,509.0,6.0,
8022,501.0,6.0,
8023,507.0,6.0,
8024,505.0,6.0,
8025,509.0,8.0,
8026,501.0,6.0,
8027,508.0,5.0,
8028,602.0,6.0,
8029,506.0,8.0,
8030,505.0,6.0,
8031,600.0,6.0,
8032,501.0,8.0,
8033,510.0,8.0,
8034,601.0,8.0,
8035,600.0,1.0,
8036,506.0,8.0,
8037,411.0,6.0,
8038,508.0,1.0,
8039,600.0,8.0,
8040,507.0,8.0,
8041,509.0,6.0,
8042,503.0,8.0,
8043,507.0,8.0,
8044,601.0,1.0,
8045,600.0,8.0,
8046,503.0,8.0,
8047,511.0,1.0,
8048,507.0,6.0,
8049,602.0,1.0,
8050,501.0,,
8051,600.0,,
8052,507.0,8.0,
8053,501.0,8.0,
8054,508.0,6.0,
8055,504.0,,
8056,509.0,8.0,
8057,600.0,6.0,
8058,600.0,6.0,
8059,507.0,6.0,
8060,508.0,8.0,
8061,504.0,8.0,
8062,502.0,8.0,
8063,509.0,6.0,
8064,503.0,6.0,
8065,508.0,4.0,
8066,510.0,2.0,
8067,500.0,6.0,
8068,510.0,,
8069,511.0,7.0,
8070,504.0,6.0,
8071,601.0,6.0,
8072,600.0,6.0,
8073,503.0,6.0,
8074,504.0,6.0,
8075,507.0,,
8076,504.0,4.0,
8077,600.0,4.0,
8078,600.0,8.0,
8079,507.0,6.0,
8080,509.0,6.0,
8081,500.0,5.0,
8082,504.0,6.0,
8083,508.0,8.0,
8084,500.0,1.0,
8085,508.0,1.0,
8086,500.0,6.0,
8087,705.0,,
8088,511.0,,
8089,507.0,6.0,
8090,502.0,8.0,
8091,509.0,6.0,
8092,510.0,7.0,
8093,504.0,6.0,
8094,503.0,6.0,
8095,504.0,8.0,
8096,510.0,8.0,
8097,509.0,5.0,
8098,507.0,8.0,
8099,506.0,6.0,
8100,510.0,7.0,
8101,605.0,8.0,
8102,501.0,8.0,
8103,510.0,6.0,
8104,503.0,2.0,
8105,507.0,8.0,
8106,506.0,8.0,
8107,507.0,8.0,
8108,504.0,6.0,
8109,504.0,8.0,
8110,511.0,,
8111,507.0,8.0,
8112,605.0,6.0,
8113,511.0,,
8114,511.0,8.0,
8115,511.0,5.0,
8116,510.0,1.0,
8117,506.0,8.0,
8118,507.0,7.0,
8119,505.0,6.0,
8120,506.0,8.0,
8121,505.0,6.0,
8122,504.0,8.0,
8123,508.0,8.0,
8124,502.0,,
8125,505.0,6.0,
8126,504.0,8.0,
8127,505.0,6.0,
8128,503.0,8.0,
8129,601.0,8.0,
8130,511.0,8.0,
8131,500.0,8.0,
8132,,,
8133,502.0,6.0,
8134,605.0,6.0,
8135,502.0,6.0,
8136,505.0,6.0,
8137,502.0,6.0,
8138,503.0,6.0,
8139,506.0,5.0,
8140,500.0,,
8141,505.0,8.0,
8142,509.0,8.0,
8143,504.0,6.0,
8144,500.0,3.0,
8145,509.0,4.0,
8146,501.0,6.0,
8147,503.0,5.0,
8148,506.0,6.0,
8149,601.0,8.0,
8150,511.0,6.0,
8151,502.0,,
8152,511.0,,
8153,601.0,6.0,
8154,601.0,8.0,
8155,508.0,6.0,
8156,511.0,6.0,
8157,502.0,3.0,
8158,507.0,7.0,
8159,510.0,5.0,
8160,510.0,6.0,
8161,504.0,6.0,
8162,509.0,8.0,
8163,502.0,7.0,
8164,511.0,5.0,
8165,503.0,8.0,
8166,507.0,5.0,
8167,506.0,8.0,
8168,506.0,8.0,
8169,602.0,6.0,
8170,503.0,6.0,
8171,504.0,6.0,
8172,509.0,6.0,
8173,505.0,8.0,
8174,508.0,2.0,
8175,603.0,7.0,
8176,509.0,8.0,
8177,508.0,7.0,
8178,507.0,8.0,
8179,502.0,8.0,
8180,600.0,6.0,
8181,507.0,4.0,
8182,505.0,8.0,
8183,504.0,6.0,
8184,507.0,8.0,
8185,602.0,8.0,
8186,503.0,8.0,
8187,506.0,6.0,
8188,504.0,6.0,
8189,503.0,3.0,
8190,507.0,8.0,
8191,507.0,6.0,
8192,505.0,8.0,
8193,607.0,7.0,
8194,507.0,8.0,
8195,600.0,5.0,
8196,506.0,4.0,
8197,504.0,8.0,
8198,603.0,6.0,
8199,511.0,1.0,
8200,507.0,2.0,
8201,503.0,8.0,
8202,600.0,6.0,
8203,400.0,,
8204,504.0,8.0,
8205,503.0,6.0,
8206,511.0,8.0,
8207,,,
8208,510.0,3.0,
8209,505.0,4.0,
8210,601.0,5.0,
8211,602.0,6.0,
8212,509.0,6.0,
8213,506.0,8.0,
8214,508.0,8.0,
8215,511.0,6.0,
8216,509.0,5.0,
8217,502.0,6.0,
8218,410.0,6.0,
8219,506.0,8.0,
8220,510.0,6.0,
8221,602.0,8.0,
8222,505.0,6.0,
8223,601.0,8.0,
8224,603.0,6.0,
8225,505.0,6.0,
8226,506.0,6.0,
8227,501.0,5.0,
8228,604.0,6.0,
8229,511.0,8.0,
8230,508.0,6.0,
8231,509.0,6.0,
8232,511.0,4.0,
8233,508.0,8.0,
8234,602.0,6.0,
8235,507.0,8.0,
8236,602.0,8.0,
8237,504.0,7.0,
8238,504.0,8.0,
8239,507.0,6.0,
8240,505.0,5.0,
8241,509.0,5.0,
8242,505.0,6.0,
8243,501.0,6.0,
8244,502.0,6.0,
8245,603.0,7.0,
8246,509.0,6.0,
8247,504.0,6.0,
8248,501.0,8.0,
8249,603.0,6.0,
8250,509.0,6.0,
8251,503.0,7.0,
8252,,6.0,
8253,501.0,4.0,
8254,509.0,8.0,
8255,507.0,5.0,
8256,503.0,6.0,
8257,511.0,8.0,
8258,508.0,6.0,
8259,509.0,6.0,
8260,511.0,6.0,
8261,506.0,6.0,
8262,409.0,8.0,
8263,511.0,6.0,
8264,503.0,8.0,
8265,506.0,2.0,
8266,509.0,3.0,
8267,601.0,6.0,
8268,501.0,6.0,
8269,600.0,6.0,
8270,603.0,6.0,
8271,502.0,8.0,
8272,503.0,6.0,
8273,600.0,6.0,
8274,510.0,7.0,
8275,506.0,6.0,
8276,507.0,6.0,
8277,505.0,8.0,
8278,508.0,7.0,
8279,509.0,6.0,
8280,504.0,6.0,
8281,502.0,6.0,
8282,510.0,4.0,
8283,504.0,8.0,
8284,504.0,4.0,
8285,600.0,6.0,
8286,503.0,1.0,
8287,508.0,7.0,
8288,504.0,8.0,
8289,507.0,6.0,
8290,503.0,6.0,
8291,600.0,5.0,
8292,505.0,4.0,
8293,507.0,8.0,
8294,505.0,6.0,
8295,509.0,8.0,
8296,510.0,6.0,
8297,503.0,6.0,
8298,508.0,6.0,
8299,507.0,5.0,
8300,509.0,6.0,
8301,,6.0,
8302,507.0,6.0,
8303,506.0,5.0,
8304,507.0,6.0,
8305,511.0,,
8306,506.0,2.0,
8307,511.0,6.0,
8308,508.0,6.0,
8309,411.0,6.0,
8310,501.0,6.0,
8311,505.0,6.0,
8312,506.0,6.0,
8313,600.0,6.0,
8314,506.0,2.0,
8315,601.0,8.0,
8316,504.0,8.0,
8317,510.0,5.0,
8318,510.0,6.0,
8319,508.0,4.0,
8320,505.0,6.0,
8321,501.0,8.0,
8322,601.0,5.0,
8323,511.0,7.0,
8324,506.0,6.0,
8325,604.0,8.0,
8326,502.0,5.0,
8327,510.0,6.0,
8328,505.0,1.0,
8329,510.0,1.0,
8330,509.0,8.0,
8331,505.0,8.0,
8332,602.0,6.0,
8333,504.0,6.0,
8334,510.0,2.0,
8335,503.0,3.0,
8336,509.0,8.0,
8337,503.0,8.0,
8338,505.0,8.0,
8339,508.0,6.0,
8340,502.0,8.0,
8341,506.0,6.0,
8342,411.0,6.0,
8343,601.0,7.0,
8344,505.0,8.0,
8345,511.0,6.0,
8346,601.0,4.0,
8347,505.0,,
8348,510.0,8.0,
8349,503.0,6.0,
8350,510.0,8.0,
8351,601.0,6.0,
8352,511.0,6.0,
8353,507.0,6.0,
8354,505.0,8.0,
8355,505.0,8.0,
8356,508.0,8.0,
8357,511.0,,
8358,509.0,5.0,
8359,507.0,8.0,
8360,503.0,6.0,
8361,508.0,8.0,
8362,300.0,8.0,
8363,601.0,6.0,
8364,601.0,5.0,
8365,502.0,8.0,
8366,505.0,,
8367,502.0,1.0,
8368,506.0,8.0,
8369,507.0,8.0,
8370,506.0,1.0,
8371,508.0,3.0,
8372,502.0,6.0,
8373,601.0,6.0,
8374,504.0,6.0,
8375,509.0,8.0,
8376,508.0,6.0,
8377,508.0,6.0,
8378,501.0,8.0,
8379,502.0,6.0,
8380,507.0,8.0,
8381,500.0,6.0,
8382,505.0,8.0,
8383,507.0,6.0,
8384,506.0,,
8385,507.0,1.0,
8386,602.0,6.0,
8387,508.0,8.0,
8388,507.0,6.0,
8389,511.0,6.0,
8390,504.0,6.0,
8391,505.0,7.0,
8392,506.0,6.0,
8393,604.0,6.0,
8394,504.0,4.0,
8395,507.0,5.0,
8396,508.0,6.0,
8397,300.0,1.0,
8398,601.0,6.0,
8399,502.0,6.0,
8400,500.0,4.0,
8401,511.0,1.0,
8402,505.0,4.0,
8403,506.0,6.0,
8404,503.0,7.0,
8405,502.0,8.0,
8406,503.0,8.0,
8407,508.0,8.0,
8408,505.0,8.0,
8409,503.0,7.0,
8410,506.0,5.0,
8411,504.0,6.0,
8412,600.0,1.0,
8413,502.0,6.0,
8414,508.0,8.0,
8415,509.0,8.0,
8416,506.0,8.0,
8417,503.0,6.0,
8418,510.0,8.0,
8419,510.0,4.0,
8420,503.0,7.0,
8421,507.0,,
8422,510.0,5.0,
8423,504.0,5.0,
8424,509.0,7.0,
8425,600.0,5.0,
8426,701.0,8.0,
8427,507.0,8.0,
8428,503.0,6.0,
8429,,1.0,
8430,503.0,8.0,
8431,510.0,5.0,
8432,506.0,8.0,
8433,506.0,6.0,
8434,601.0,8.0,
8435,502.0,2.0,
8436,511.0,8.0,
8437,510.0,6.0,
8438,509.0,6.0,
8439,511.0,8.0,
8440,600.0,6.0,
8441,600.0,6.0,
8442,505.0,8.0,
8443,507.0,3.0,
8444,503.0,7.0,
8445,504.0,6.0,
8446,506.0,6.0,
8447,507.0,8.0,
8448,603.0,8.0,
8449,507.0,2.0,
8450,507.0,6.0,
8451,502.0,8.0,
8452,508.0,3.0,
8453,602.0,6.0,
8454,509.0,5.0,
8455,506.0,6.0,
8456,502.0,8.0,
8457,511.0,8.0,
8458,505.0,6.0,
8459,601.0,6.0,
8460,509.0,8.0,
8461,501.0,8.0,
8462,511.0,6.0,
8463,602.0,5.0,
8464,509.0,8.0,
8465,601.0,8.0,
8466,507.0,6.0,
8467,507.0,3.0,
8468,510.0,5.0,
8469,601.0,8.0,
8470,504.0,8.0,
8471,601.0,,
8472,500.0,6.0,
8473,511.0,3.0,
8474,600.0,7.0,
8475,505.0,1.0,
8476,600.0,6.0,
8477,508.0,8.0,
8478,508.0,1.0,
8479,506.0,1.0,
8480,503.0,6.0,
8481,505.0,8.0,
8482,503.0,5.0,
8483,505.0,6.0,
8484,510.0,8.0,
8485,409.0,8.0,
8486,504.0,2.0,
8487,505.0,1.0,
8488,506.0,2.0,
8489,507.0,,
8490,508.0,8.0,
8491,508.0,3.0,
8492,509.0,5.0,
8493,502.0,6.0,
8494,510.0,6.0,
8495,511.0,1.0,
8496,509.0,8.0,
8497,510.0,6.0,
8498,511.0,6.0,
8499,510.0,8.0,
8500,509.0,7.0,
8501,508.0,1.0,
8502,505.0,6.0,
8503,510.0,6.0,
8504,508.0,5.0,
8505,601.0,8.0,
8506,502.0,6.0,
8507,502.0,6.0,
8508,602.0,8.0,
8509,507.0,6.0,
8510,602.0,8.0,
8511,505.0,5.0,
8512,511.0,1.0,
8513,509.0,8.0,
8514,504.0,6.0,
8515,507.0,8.0,
8516,509.0,6.0,
8517,501.0,6.0,
8518,502.0,6.0,
8519,601.0,6.0,
8520,510.0,6.0,
8521,508.0,8.0,
8522,506.0,4.0,
8523,601.0,5.0,
8524,504.0,6.0,
8525,502.0,8.0,
8526,507.0,6.0,
8527,504.0,6.0,
8528,507.0,6.0,
8529,506.0,5.0,
8530,510.0,6.0,
8531,507.0,6.0,
8532,509.0,7.0,
8533,508.0,8.0,
8534,509.0,,
8535,505.0,8.0,
8536,602.0,8.0,
8537,507.0,7.0,
8538,506.0,6.0,
8539,510.0,8.0,
8540,501.0,6.0,
8541,510.0,7.0,
8542,506.0,6.0,
8543,506.0,7.0,
8544,411.0,6.0,
8545,505.0,8.0,
8546,509.0,8.0,
8547,508.0,6.0,
8548,506.0,1.0,
8549,508.0,8.0,
8550,508.0,6.0,
8551,602.0,5.0,
8552,501.0,8.0,
8553,508.0,8.0,
8554,502.0,8.0,
8555,509.0,7.0,
8556,500.0,6.0,
8557,509.0,6.0,
8558,505.0,7.0,
8559,509.0,6.0,
8560,508.0,6.0,
8561,508.0,7.0,
8562,505.0,8.0,
8563,509.0,6.0,
8564,510.0,6.0,
8565,502.0,6.0,
8566,507.0,8.0,
8567,505.0,1.0,
8568,507.0,6.0,
8569,509.0,,
8570,507.0,8.0,
8571,505.0,6.0,
8572,505.0,1.0,
8573,510.0,6.0,
8574,508.0,8.0,
8575,504.0,8.0,
8576,509.0,8.0,
8577,511.0,1.0,
8578,507.0,5.0,
8579,600.0,8.0,
8580,509.0,,
8581,504.0,8.0,
8582,502.0,6.0,
8583,601.0,8.0,
8584,511.0,6.0,
8585,503.0,8.0,
8586,509.0,8.0,
8587,504.0,6.0,
8588,508.0,7.0,
8589,505.0,8.0,
8590,502.0,6.0,
8591,600.0,8.0,
8592,509.0,6.0,
8593,509.0,6.0,
8594,507.0,6.0,
8595,500.0,8.0,
8596,505.0,8.0,
8597,600.0,8.0,
8598,602.0,6.0,
8599,600.0,6.0,
8600,603.0,2.0,
8601,511.0,6.0,
8602,600.0,6.0,
8603,506.0,6.0,
8604,602.0,8.0,
8605,506.0,8.0,
8606,600.0,8.0,
8607,601.0,4.0,
8608,606.0,8.0,
8609,504.0,6.0,
8610,500.0,6.0,
8611,510.0,8.0,
8612,510.0,6.0,
8613,510.0,6.0,
8614,604.0,8.0,
8615,506.0,8.0,
8616,600.0,6.0,
8617,502.0,6.0,
8618,504.0,6.0,
8619,505.0,8.0,
8620,601.0,6.0,
8621,502.0,4.0,
8622,508.0,5.0,
8623,503.0,6.0,
8624,507.0,8.0,
8625,600.0,7.0,
8626,507.0,6.0,
8627,503.0,6.0,
8628,502.0,8.0,
8629,506.0,8.0,
8630,511.0,8.0,
8631,510.0,5.0,
8632,411.0,8.0,
8633,511.0,8.0,
8634,601.0,8.0,
8635,504.0,8.0,
8636,602.0,6.0,
8637,505.0,8.0,
8638,504.0,3.0,
8639,511.0,4.0,
8640,501.0,5.0,
8641,508.0,6.0,
8642,508.0,6.0,
8643,301.0,1.0,
8644,511.0,6.0,
8645,507.0,6.0,
8646,511.0,8.0,
8647,601.0,4.0,
8648,509.0,8.0,
8649,505.0,6.0,
8650,502.0,6.0,
8651,504.0,6.0,
8652,503.0,5.0,
8653,506.0,6.0,
8654,601.0,8.0,
8655,504.0,6.0,
8656,505.0,8.0,
8657,507.0,1.0,
8658,411.0,4.0,
8659,502.0,6.0,
8660,510.0,6.0,
8661,504.0,8.0,
8662,510.0,7.0,
8663,503.0,6.0,
8664,600.0,4.0,
8665,508.0,4.0,
8666,602.0,8.0,
8667,603.0,5.0,
8668,507.0,7.0,
8669,506.0,8.0,
8670,600.0,3.0,
8671,503.0,8.0,
8672,600.0,8.0,
8673,600.0,6.0,
8674,503.0,8.0,
8675,504.0,8.0,
8676,508.0,8.0,
8677,600.0,8.0,
8678,506.0,8.0,
8679,500.0,6.0,
8680,505.0,6.0,
8681,505.0,6.0,
8682,406.0,2.0,
8683,504.0,8.0,
8684,502.0,8.0,
8685,511.0,8.0,
8686,409.0,8.0,
8687,601.0,8.0,
8688,510.0,6.0,
8689,502.0,4.0,
8690,510.0,6.0,
8691,504.0,8.0,
8692,603.0,8.0,
8693,500.0,6.0,
8694,509.0,6.0,
8695,510.0,6.0,
8696,503.0,6.0,
8697,510.0,7.0,
8698,508.0,6.0,
8699,510.0,8.0,
8700,505.0,6.0,
8701,509.0,7.0,
8702,504.0,6.0,
8703,505.0,4.0,
8704,507.0,,
8705,505.0,6.0,
8706,504.0,6.0,
8707,504.0,8.0,
8708,608.0,8.0,
8709,509.0,5.0,
8710,,,
8711,,1.0,
8712,602.0,8.0,
8713,506.0,6.0,
8714,502.0,8.0,
8715,511.0,6.0,
8716,501.0,6.0,
8717,600.0,5.0,
8718,509.0,8.0,
8719,503.0,8.0,
8720,509.0,8.0,
8721,508.0,8.0,
8722,510.0,5.0,
8723,505.0,6.0,
8724,505.0,8.0,
8725,600.0,2.0,
8726,502.0,6.0,
8727,505.0,6.0,
8728,509.0,8.0,
8729,510.0,6.0,
8730,511.0,8.0,
8731,505.0,6.0,
8732,603.0,6.0,
8733,502.0,8.0,
8734,506.0,8.0,
8735,506.0,6.0,
8736,507.0,4.0,
8737,507.0,8.0,
8738,510.0,8.0,
8739,507.0,8.0,
8740,510.0,6.0,
8741,503.0,5.0,
8742,600.0,3.0,
8743,504.0,6.0,
8744,511.0,6.0,
8745,510.0,6.0,
8746,507.0,1.0,
8747,,,
8748,505.0,8.0,
8749,505.0,6.0,
8750,504.0,2.0,
8751,505.0,6.0,
8752,505.0,6.0,
8753,508.0,6.0,
8754,502.0,8.0,
8755,600.0,2.0,
8756,507.0,8.0,
8757,506.0,6.0,
8758,508.0,5.0,
8759,508.0,6.0,
8760,501.0,1.0,
8761,602.0,7.0,
8762,504.0,6.0,
8763,600.0,6.0,
8764,600.0,8.0,
8765,602.0,6.0,
8766,506.0,8.0,
8767,508.0,8.0,
8768,600.0,8.0,
8769,510.0,6.0,
8770,600.0,5.0,
8771,501.0,8.0,
8772,511.0,6.0,
8773,511.0,8.0,
8774,506.0,6.0,
8775,511.0,6.0,
8776,508.0,6.0,
8777,510.0,8.0,
8778,706.0,,
8779,506.0,6.0,
8780,600.0,1.0,
8781,500.0,8.0,
8782,507.0,6.0,
8783,510.0,6.0,
8784,505.0,6.0,
8785,505.0,8.0,
8786,711.0,,
8787,502.0,6.0,
8788,603.0,6.0,
8789,506.0,1.0,
8790,511.0,8.0,
8791,506.0,8.0,
8792,600.0,8.0,
8793,,7.0,
8794,503.0,7.0,
8795,,4.0,
8796,509.0,8.0,
8797,503.0,8.0,
8798,504.0,1.0,
8799,602.0,8.0,
8800,502.0,6.0,
8801,511.0,6.0,
8802,706.0,6.0,
8803,502.0,7.0,
8804,505.0,8.0,
8805,507.0,6.0,
8806,507.0,8.0,
8807,508.0,8.0,
8808,411.0,,
8809,600.0,7.0,
8810,510.0,6.0,
8811,504.0,6.0,
8812,505.0,8.0,
8813,508.0,6.0,
8814,,2.0,
8815,411.0,6.0,
8816,600.0,6.0,
8817,508.0,7.0,
8818,503.0,8.0,
8819,509.0,8.0,
8820,501.0,6.0,
8821,601.0,,
8822,504.0,6.0,
8823,505.0,6.0,
8824,504.0,1.0,
8825,501.0,8.0,
8826,502.0,3.0,
8827,504.0,6.0,
8828,504.0,6.0,
8829,509.0,8.0,
8830,600.0,8.0,
8831,508.0,6.0,
8832,511.0,8.0,
8833,510.0,8.0,
8834,510.0,6.0,
8835,506.0,8.0,
8836,607.0,6.0,
8837,503.0,6.0,
8838,511.0,8.0,
8839,505.0,1.0,
8840,510.0,8.0,
8841,600.0,6.0,
8842,511.0,8.0,
8843,509.0,6.0,
8844,604.0,7.0,
8845,411.0,8.0,
8846,600.0,7.0,
8847,605.0,6.0,
8848,504.0,5.0,
8849,601.0,4.0,
8850,506.0,8.0,
8851,504.0,8.0,
8852,601.0,6.0,
8853,600.0,1.0,
8854,504.0,5.0,
8855,506.0,7.0,
8856,509.0,8.0,
8857,611.0,4.0,
8858,600.0,6.0,
8859,507.0,6.0,
8860,506.0,5.0,
8861,711.0,1.0,
8862,505.0,6.0,
8863,300.0,6.0,
8864,503.0,8.0,
8865,508.0,6.0,
8866,509.0,6.0,
8867,504.0,6.0,
8868,505.0,8.0,
8869,504.0,1.0,
8870,509.0,8.0,
8871,507.0,7.0,
8872,511.0,8.0,
8873,500.0,6.0,
8874,511.0,7.0,
8875,607.0,1.0,
8876,504.0,6.0,
8877,502.0,5.0,
8878,509.0,2.0,
8879,503.0,1.0,
8880,511.0,6.0,
8881,602.0,6.0,
8882,505.0,8.0,
8883,510.0,6.0,
8884,511.0,6.0,
8885,501.0,6.0,
8886,601.0,8.0,
8887,600.0,6.0,
8888,504.0,4.0,
8889,506.0,1.0,
8890,505.0,3.0,
8891,600.0,1.0,
8892,508.0,6.0,
8893,505.0,8.0,
8894,603.0,7.0,
8895,510.0,6.0,
8896,601.0,7.0,
8897,509.0,5.0,
8898,507.0,8.0,
8899,500.0,6.0,
8900,501.0,6.0,
8901,504.0,6.0,
8902,510.0,6.0,
8903,504.0,8.0,
8904,507.0,7.0,
8905,510.0,8.0,
8906,600.0,8.0,
8907,600.0,7.0,
8908,505.0,6.0,
8909,507.0,8.0,
8910,511.0,6.0,
8911,602.0,8.0,
8912,501.0,4.0,
8913,507.0,1.0,
8914,600.0,6.0,
8915,601.0,6.0,
8916,501.0,1.0,
8917,506.0,8.0,
8918,511.0,8.0,
8919,509.0,7.0,
8920,510.0,8.0,
8921,505.0,8.0,
8922,505.0,8.0,
8923,507.0,8.0,
8924,504.0,6.0,
8925,506.0,6.0,
8926,510.0,6.0,
8927,506.0,5.0,
8928,502.0,6.0,
8929,600.0,8.0,
8930,507.0,6.0,
8931,602.0,8.0,
8932,502.0,8.0,
8933,500.0,8.0,
8934,505.0,8.0,
8935,602.0,6.0,
8936,508.0,7.0,
8937,503.0,8.0,
8938,502.0,1.0,
8939,504.0,8.0,
8940,504.0,6.0,
8941,507.0,6.0,
8942,510.0,6.0,
8943,506.0,6.0,
8944,505.0,8.0,
8945,603.0,6.0,
8946,602.0,6.0,
8947,506.0,,
8948,411.0,8.0,
8949,504.0,6.0,
8950,507.0,5.0,
8951,505.0,6.0,
8952,507.0,7.0,
8953,504.0,6.0,
8954,504.0,7.0,
8955,508.0,1.0,
8956,500.0,7.0,
8957,507.0,5.0,
8958,604.0,6.0,
8959,503.0,8.0,
8960,503.0,6.0,
8961,504.0,1.0,
8962,506.0,6.0,
8963,507.0,6.0,
8964,506.0,8.0,
8965,503.0,7.0,
8966,503.0,7.0,
8967,505.0,8.0,
8968,602.0,6.0,
8969,509.0,7.0,
8970,506.0,6.0,
8971,506.0,8.0,
8972,510.0,8.0,
8973,504.0,6.0,
8974,601.0,6.0,
8975,508.0,1.0,
8976,500.0,6.0,
8977,510.0,,
8978,507.0,8.0,
8979,604.0,8.0,
8980,504.0,6.0,
8981,602.0,4.0,
8982,511.0,3.0,
8983,502.0,8.0,
8984,600.0,6.0,
8985,511.0,8.0,
8986,502.0,8.0,
8987,600.0,6.0,
8988,505.0,4.0,
8989,507.0,8.0,
8990,507.0,8.0,
8991,509.0,8.0,
8992,502.0,1.0,
8993,501.0,6.0,
8994,506.0,6.0,
8995,601.0,5.0,
8996,500.0,7.0,
8997,509.0,4.0,
8998,602.0,5.0,
8999,507.0,1.0,
9000,600.0,8.0,
9001,502.0,6.0,
9002,510.0,8.0,
9003,611.0,8.0,
9004,504.0,8.0,
9005,505.0,8.0,
9006,510.0,8.0,
9007,507.0,8.0,
9008,700.0,6.0,
9009,504.0,8.0,
9010,505.0,8.0,
9011,503.0,4.0,
9012,504.0,8.0,
9013,604.0,4.0,
9014,511.0,6.0,
9015,501.0,8.0,
9016,500.0,8.0,
9017,604.0,6.0,
9018,508.0,7.0,
9019,509.0,6.0,
9020,504.0,8.0,
9021,507.0,8.0,
9022,502.0,8.0,
9023,511.0,6.0,
9024,506.0,6.0,
9025,500.0,8.0,
9026,601.0,6.0,
9027,503.0,6.0,
9028,508.0,6.0,
9029,504.0,6.0,
9030,511.0,8.0,
9031,602.0,8.0,
9032,505.0,6.0,
9033,509.0,8.0,
9034,508.0,6.0,
9035,508.0,6.0,
9036,506.0,5.0,
9037,503.0,6.0,
9038,508.0,8.0,
9039,503.0,8.0,
9040,508.0,6.0,
9041,505.0,6.0,
9042,607.0,6.0,
9043,504.0,8.0,
9044,600.0,6.0,
9045,510.0,6.0,
9046,503.0,6.0,
9047,503.0,6.0,
9048,507.0,8.0,
9049,601.0,6.0,
9050,504.0,6.0,
9051,600.0,6.0,
9052,508.0,6.0,
9053,504.0,1.0,
9054,505.0,8.0,
9055,506.0,8.0,
9056,508.0,6.0,
9057,601.0,4.0,
9058,504.0,8.0,
9059,510.0,1.0,
9060,601.0,8.0,
9061,505.0,6.0,
9062,600.0,8.0,
9063,506.0,6.0,
9064,508.0,6.0,
9065,505.0,8.0,
9066,501.0,6.0,
9067,505.0,8.0,
9068,503.0,7.0,
9069,509.0,8.0,
9070,602.0,8.0,
9071,500.0,8.0,
9072,502.0,8.0,
9073,507.0,8.0,
9074,606.0,8.0,
9075,509.0,6.0,
9076,511.0,6.0,
9077,505.0,6.0,
9078,411.0,6.0,
9079,511.0,8.0,
9080,601.0,6.0,
9081,501.0,8.0,
9082,600.0,2.0,
9083,506.0,6.0,
9084,511.0,8.0,
9085,506.0,8.0,
9086,505.0,,
9087,501.0,6.0,
9088,506.0,8.0,
9089,509.0,6.0,
9090,502.0,6.0,
9091,603.0,4.0,
9092,508.0,8.0,
9093,502.0,8.0,
9094,507.0,8.0,
9095,600.0,4.0,
9096,508.0,,
9097,509.0,8.0,
9098,504.0,6.0,
9099,507.0,8.0,
9100,505.0,6.0,
9101,506.0,6.0,
9102,510.0,8.0,
9103,508.0,8.0,
9104,508.0,6.0,
9105,504.0,4.0,
9106,508.0,8.0,
9107,504.0,6.0,
9108,600.0,6.0,
9109,411.0,8.0,
9110,511.0,7.0,
9111,509.0,8.0,
9112,502.0,6.0,
9113,504.0,6.0,
9114,506.0,7.0,
9115,507.0,8.0,
9116,506.0,8.0,
9117,506.0,6.0,
9118,503.0,6.0,
9119,502.0,6.0,
9120,504.0,8.0,
9121,508.0,6.0,
9122,508.0,1.0,
9123,503.0,6.0,
9124,510.0,8.0,
9125,508.0,5.0,
9126,503.0,8.0,
9127,511.0,6.0,
9128,600.0,6.0,
9129,502.0,1.0,
9130,502.0,6.0,
9131,507.0,8.0,
9132,508.0,5.0,
9133,507.0,1.0,
9134,507.0,6.0,
9135,503.0,6.0,
9136,505.0,6.0,
9137,503.0,6.0,
9138,501.0,6.0,
9139,507.0,6.0,
9140,600.0,7.0,
9141,507.0,8.0,
9142,510.0,6.0,
9143,510.0,8.0,
9144,505.0,8.0,
9145,503.0,6.0,
9146,502.0,6.0,
9147,506.0,6.0,
9148,601.0,4.0,5.0
9149,504.0,8.0,
9150,507.0,8.0,
9151,502.0,5.0,
9152,509.0,8.0,
9153,502.0,6.0,
9154,508.0,8.0,
9155,504.0,1.0,
9156,502.0,6.0,
9157,502.0,1.0,
9158,600.0,8.0,
9159,600.0,7.0,
9160,600.0,6.0,
9161,508.0,8.0,
9162,510.0,8.0,
9163,502.0,8.0,
9164,511.0,6.0,
9165,507.0,7.0,
9166,510.0,7.0,
9167,511.0,8.0,
9168,507.0,8.0,
9169,601.0,,
9170,510.0,6.0,
9171,602.0,6.0,
9172,504.0,6.0,
9173,503.0,8.0,
9174,,5.0,
9175,504.0,6.0,
9176,505.0,6.0,
9177,606.0,6.0,
9178,505.0,5.0,
9179,505.0,8.0,
9180,511.0,7.0,
9181,600.0,6.0,
9182,502.0,8.0,
9183,506.0,8.0,
9184,511.0,8.0,
9185,503.0,6.0,
9186,600.0,6.0,
9187,504.0,6.0,
9188,503.0,6.0,
9189,506.0,6.0,
9190,500.0,8.0,
9191,601.0,5.0,
9192,510.0,6.0,
9193,507.0,6.0,
9194,502.0,1.0,
9195,511.0,8.0,
9196,507.0,5.0,
9197,507.0,6.0,
9198,506.0,6.0,
9199,600.0,7.0,
9200,507.0,,
9201,505.0,8.0,
9202,510.0,8.0,
9203,509.0,5.0,
9204,505.0,7.0,
9205,505.0,7.0,
9206,505.0,7.0,
9207,503.0,6.0,
9208,511.0,6.0,
9209,503.0,6.0,
9210,502.0,6.0,
9211,504.0,8.0,
9212,509.0,6.0,
9213,508.0,6.0,
9214,502.0,5.0,
9215,510.0,6.0,
9216,507.0,8.0,
9217,602.0,8.0,
9218,503.0,6.0,
9219,511.0,8.0,
9220,503.0,8.0,
9221,507.0,8.0,
9222,505.0,8.0,
9223,501.0,8.0,
9224,506.0,,
9225,511.0,8.0,
9226,510.0,8.0,
9227,507.0,6.0,
9228,602.0,2.0,
9229,502.0,8.0,
9230,410.0,8.0,
9231,600.0,6.0,
9232,502.0,8.0,
9233,503.0,7.0,
9234,507.0,6.0,
9235,504.0,4.0,
9236,505.0,6.0,
9237,502.0,6.0,
9238,504.0,8.0,
9239,509.0,8.0,
9240,711.0,5.0,
9241,602.0,8.0,
9242,510.0,6.0,
9243,505.0,5.0,
9244,509.0,7.0,
9245,511.0,8.0,
9246,505.0,8.0,
9247,508.0,8.0,
9248,505.0,8.0,
9249,506.0,6.0,
9250,504.0,8.0,
9251,509.0,6.0,
9252,508.0,4.0,
9253,411.0,2.0,
9254,511.0,6.0,
9255,509.0,6.0,
9256,502.0,8.0,
9257,600.0,6.0,
9258,511.0,8.0,
9259,500.0,8.0,
9260,502.0,8.0,
9261,506.0,6.0,
9262,508.0,6.0,
9263,506.0,8.0,
9264,602.0,6.0,
9265,500.0,8.0,
9266,510.0,6.0,
9267,508.0,7.0,
9268,600.0,3.0,
9269,600.0,8.0,
9270,508.0,8.0,
9271,411.0,4.0,
9272,602.0,6.0,
9273,602.0,5.0,
9274,603.0,8.0,
9275,507.0,1.0,
9276,505.0,8.0,
9277,506.0,7.0,
9278,509.0,6.0,
9279,501.0,1.0,
9280,503.0,7.0,
9281,603.0,6.0,
9282,504.0,5.0,
9283,508.0,8.0,
9284,506.0,6.0,
9285,507.0,1.0,
9286,509.0,6.0,
9287,506.0,6.0,
9288,510.0,7.0,
9289,505.0,6.0,
9290,505.0,8.0,
9291,508.0,7.0,
9292,506.0,8.0,
9293,602.0,6.0,
9294,505.0,8.0,
9295,608.0,7.0,
9296,604.0,4.0,
9297,503.0,8.0,
9298,507.0,8.0,
9299,601.0,7.0,
9300,608.0,3.0,
9301,505.0,1.0,
9302,508.0,2.0,
9303,504.0,7.0,
9304,501.0,8.0,
9305,510.0,4.0,
9306,508.0,8.0,
9307,503.0,1.0,
9308,502.0,6.0,
9309,506.0,8.0,
9310,409.0,8.0,
9311,505.0,7.0,
9312,503.0,8.0,
9313,510.0,1.0,
9314,507.0,6.0,
9315,507.0,5.0,
9316,501.0,8.0,
9317,604.0,8.0,
9318,503.0,7.0,
9319,600.0,2.0,
9320,510.0,7.0,
9321,511.0,8.0,
9322,703.0,8.0,
9323,507.0,6.0,
9324,600.0,,
9325,500.0,6.0,
9326,602.0,8.0,
9327,510.0,8.0,
9328,507.0,7.0,
9329,507.0,6.0,
9330,505.0,6.0,
9331,507.0,2.0,
9332,505.0,6.0,
9333,600.0,2.0,
9334,609.0,2.0,
9335,501.0,8.0,
9336,605.0,5.0,
9337,508.0,8.0,
9338,508.0,6.0,
9339,503.0,4.0,
9340,506.0,8.0,
9341,505.0,8.0,
9342,507.0,6.0,
9343,510.0,8.0,
9344,505.0,1.0,
9345,510.0,8.0,
9346,503.0,7.0,
9347,504.0,6.0,
9348,509.0,8.0,
9349,510.0,8.0,
9350,510.0,8.0,
9351,601.0,6.0,
9352,504.0,7.0,
9353,503.0,6.0,
9354,508.0,8.0,
9355,510.0,8.0,
9356,511.0,1.0,
9357,502.0,8.0,
9358,506.0,4.0,
9359,601.0,6.0,
9360,508.0,6.0,
9361,505.0,8.0,
9362,503.0,8.0,
9363,511.0,6.0,
9364,509.0,8.0,
9365,506.0,8.0,
9366,507.0,8.0,
9367,508.0,4.0,
9368,511.0,4.0,
9369,502.0,6.0,
9370,505.0,7.0,
9371,506.0,8.0,
9372,509.0,8.0,
9373,500.0,6.0,
9374,505.0,6.0,
9375,505.0,8.0,
9376,602.0,8.0,
9377,510.0,6.0,
9378,504.0,6.0,
9379,505.0,6.0,
9380,600.0,1.0,
9381,510.0,6.0,
9382,500.0,6.0,
9383,509.0,7.0,
9384,600.0,6.0,
9385,506.0,6.0,
9386,503.0,8.0,
9387,602.0,1.0,
9388,600.0,6.0,
9389,508.0,6.0,
9390,508.0,6.0,
9391,600.0,8.0,
9392,509.0,1.0,
9393,509.0,8.0,
9394,502.0,6.0,
9395,505.0,8.0,
9396,502.0,5.0,
9397,503.0,6.0,
9398,603.0,5.0,
9399,411.0,8.0,
9400,405.0,8.0,
9401,507.0,8.0,
9402,506.0,6.0,
9403,603.0,7.0,
9404,602.0,2.0,
9405,508.0,6.0,
9406,508.0,6.0,
9407,505.0,,
9408,506.0,6.0,
9409,600.0,6.0,
9410,508.0,8.0,
9411,509.0,8.0,
9412,508.0,6.0,
9413,506.0,6.0,
9414,503.0,7.0,
9415,511.0,8.0,
9416,602.0,6.0,
9417,508.0,1.0,
9418,508.0,7.0,
9419,503.0,6.0,
9420,604.0,6.0,
9421,508.0,8.0,
9422,505.0,8.0,
9423,509.0,8.0,
9424,506.0,5.0,
9425,508.0,8.0,
9426,600.0,6.0,
9427,505.0,8.0,
9428,600.0,2.0,
9429,600.0,6.0,
9430,504.0,6.0,
9431,505.0,1.0,
9432,503.0,6.0,
9433,510.0,1.0,
9434,600.0,1.0,
9435,505.0,8.0,
9436,602.0,5.0,
9437,507.0,6.0,
9438,506.0,6.0,
9439,600.0,1.0,
9440,602.0,8.0,
9441,508.0,2.0,
9442,508.0,4.0,
9443,501.0,8.0,
9444,508.0,6.0,
9445,506.0,6.0,
9446,602.0,6.0,
9447,503.0,6.0,
9448,503.0,8.0,
9449,504.0,6.0,
9450,408.0,6.0,
9451,509.0,6.0,
9452,508.0,2.0,
9453,507.0,8.0,
9454,511.0,6.0,
9455,508.0,6.0,
9456,509.0,6.0,
9457,508.0,6.0,
9458,505.0,6.0,
9459,600.0,7.0,
9460,501.0,6.0,
9461,600.0,1.0,
9462,505.0,6.0,
9463,508.0,6.0,
9464,504.0,8.0,
9465,601.0,6.0,
9466,500.0,8.0,
9467,505.0,6.0,
9468,508.0,5.0,
9469,503.0,6.0,
9470,509.0,2.0,
9471,505.0,1.0,
9472,,6.0,
9473,507.0,6.0,
9474,509.0,7.0,
9475,,6.0,
9476,506.0,6.0,
9477,504.0,6.0,
9478,508.0,6.0,
9479,507.0,8.0,
9480,508.0,6.0,
9481,504.0,7.0,
9482,506.0,8.0,
9483,503.0,2.0,
9484,509.0,4.0,
9485,503.0,8.0,
9486,502.0,4.0,
9487,507.0,6.0,
9488,506.0,8.0,
9489,606.0,6.0,
9490,503.0,8.0,
9491,508.0,6.0,
9492,504.0,8.0,
9493,411.0,1.0,
9494,706.0,6.0,
9495,501.0,5.0,
9496,503.0,5.0,
9497,711.0,8.0,
9498,502.0,6.0,
9499,509.0,8.0,
9500,506.0,8.0,
9501,503.0,8.0,
9502,508.0,5.0,
9503,600.0,6.0,
9504,504.0,1.0,
9505,601.0,5.0,
9506,508.0,6.0,
9507,507.0,,
9508,507.0,6.0,
9509,507.0,8.0,
9510,505.0,6.0,
9511,507.0,6.0,
9512,608.0,2.0,
9513,509.0,1.0,
9514,505.0,6.0,
9515,505.0,8.0,
9516,502.0,8.0,
9517,508.0,,
9518,603.0,6.0,
9519,504.0,6.0,
9520,503.0,,
9521,511.0,6.0,
9522,505.0,6.0,
9523,508.0,8.0,
9524,502.0,8.0,
9525,501.0,7.0,
9526,507.0,8.0,
9527,503.0,1.0,
9528,500.0,6.0,
9529,504.0,5.0,
9530,507.0,8.0,
9531,504.0,6.0,
9532,511.0,7.0,
9533,510.0,8.0,
9534,500.0,6.0,
9535,506.0,6.0,
9536,506.0,8.0,
9537,510.0,,
9538,501.0,6.0,
9539,508.0,6.0,
9540,504.0,8.0,
9541,411.0,6.0,
9542,505.0,6.0,
9543,601.0,,
9544,506.0,8.0,
9545,506.0,8.0,
9546,605.0,8.0,
9547,507.0,8.0,
9548,510.0,8.0,
9549,501.0,8.0,
9550,500.0,6.0,
9551,600.0,8.0,
9552,506.0,8.0,
9553,511.0,8.0,
9554,600.0,8.0,
9555,507.0,6.0,
9556,507.0,6.0,
9557,502.0,6.0,
9558,,8.0,
9559,600.0,5.0,
9560,600.0,8.0,
9561,701.0,8.0,
9562,504.0,6.0,
9563,510.0,6.0,
9564,508.0,6.0,
9565,505.0,6.0,
9566,507.0,6.0,
9567,506.0,8.0,
9568,601.0,6.0,
9569,510.0,4.0,
9570,504.0,3.0,
9571,601.0,7.0,
9572,602.0,8.0,
9573,507.0,8.0,
9574,508.0,8.0,
9575,507.0,6.0,
9576,502.0,6.0,
9577,502.0,6.0,
9578,510.0,8.0,
9579,503.0,8.0,
9580,511.0,1.0,
9581,510.0,8.0,
9582,506.0,8.0,
9583,502.0,1.0,
9584,502.0,6.0,
9585,507.0,8.0,
9586,503.0,6.0,
9587,511.0,6.0,
9588,503.0,7.0,
9589,510.0,4.0,
9590,602.0,6.0,
9591,700.0,6.0,
9592,600.0,4.0,
9593,610.0,7.0,
9594,600.0,4.0,
9595,504.0,8.0,
9596,503.0,8.0,
9597,511.0,7.0,
9598,504.0,8.0,
9599,600.0,4.0,
9600,601.0,6.0,
9601,507.0,8.0,
9602,506.0,6.0,
9603,506.0,8.0,
9604,603.0,6.0,
9605,507.0,6.0,
9606,509.0,8.0,
9607,508.0,8.0,
9608,,8.0,
9609,502.0,2.0,
9610,506.0,8.0,
9611,505.0,6.0,
9612,508.0,3.0,
9613,601.0,,
9614,502.0,8.0,
9615,506.0,6.0,
9616,504.0,6.0,
9617,502.0,8.0,
9618,503.0,8.0,
9619,501.0,,
9620,502.0,6.0,
9621,601.0,4.0,
9622,510.0,8.0,
9623,505.0,8.0,
9624,508.0,7.0,
9625,507.0,8.0,
9626,502.0,2.0,
9627,510.0,6.0,
9628,503.0,5.0,
9629,504.0,8.0,
9630,501.0,6.0,
9631,502.0,,
9632,503.0,6.0,
9633,506.0,6.0,
9634,507.0,8.0,
9635,601.0,8.0,
9636,506.0,6.0,
9637,600.0,6.0,
9638,507.0,6.0,
9639,511.0,4.0,
9640,511.0,8.0,
9641,603.0,7.0,
9642,509.0,8.0,
9643,510.0,5.0,
9644,508.0,6.0,
9645,601.0,6.0,
9646,502.0,6.0,
9647,507.0,8.0,
9648,510.0,6.0,
9649,600.0,6.0,
9650,509.0,6.0,
9651,511.0,6.0,
9652,504.0,6.0,
9653,709.0,4.0,
9654,506.0,2.0,
9655,509.0,8.0,
9656,502.0,8.0,
9657,503.0,8.0,
9658,505.0,7.0,
9659,502.0,4.0,
9660,504.0,8.0,
9661,502.0,6.0,
9662,501.0,5.0,
9663,511.0,1.0,
9664,602.0,4.0,
9665,508.0,8.0,
9666,508.0,6.0,
9667,506.0,1.0,
9668,506.0,6.0,
9669,504.0,6.0,
9670,503.0,8.0,
9671,503.0,8.0,
9672,,1.0,
9673,504.0,8.0,
9674,507.0,2.0,
9675,505.0,8.0,
9676,600.0,8.0,
9677,504.0,6.0,
9678,504.0,1.0,
9679,503.0,8.0,
9680,603.0,5.0,
9681,509.0,7.0,
9682,503.0,8.0,
9683,506.0,8.0,
9684,603.0,7.0,
9685,503.0,6.0,
9686,507.0,6.0,
9687,503.0,8.0,
9688,507.0,8.0,
9689,503.0,6.0,
9690,508.0,7.0,
9691,509.0,7.0,
9692,503.0,8.0,
9693,510.0,8.0,
9694,502.0,8.0,
9695,506.0,6.0,
9696,501.0,6.0,
9697,502.0,8.0,
9698,502.0,6.0,
9699,509.0,8.0,
9700,502.0,8.0,
9701,505.0,6.0,
9702,504.0,8.0,
9703,,1.0,
9704,503.0,6.0,
9705,504.0,7.0,
9706,507.0,6.0,
9707,502.0,8.0,
9708,501.0,6.0,
9709,601.0,6.0,
9710,501.0,8.0,
9711,502.0,,
9712,600.0,8.0,
9713,601.0,6.0,
9714,506.0,6.0,
9715,510.0,,
9716,509.0,8.0,
9717,507.0,6.0,
9718,510.0,4.0,
9719,501.0,8.0,
9720,503.0,6.0,
9721,505.0,8.0,
9722,503.0,7.0,
9723,509.0,8.0,
9724,504.0,8.0,
9725,502.0,6.0,
9726,503.0,6.0,
9727,506.0,6.0,
9728,603.0,5.0,
9729,509.0,6.0,
9730,511.0,8.0,
9731,508.0,8.0,
9732,510.0,6.0,
9733,506.0,6.0,
9734,505.0,6.0,
9735,502.0,8.0,
9736,509.0,1.0,
9737,,1.0,
9738,504.0,5.0,
9739,507.0,8.0,
9740,602.0,8.0,
9741,503.0,1.0,
9742,607.0,6.0,
9743,511.0,5.0,
9744,510.0,7.0,
9745,504.0,1.0,
9746,507.0,6.0,
9747,503.0,6.0,
9748,502.0,6.0,
9749,504.0,6.0,
9750,507.0,8.0,
9751,508.0,6.0,
9752,504.0,1.0,
9753,506.0,6.0,
9754,510.0,8.0,
9755,510.0,8.0,
9756,507.0,1.0,
9757,501.0,4.0,
9758,511.0,8.0,
9759,602.0,6.0,
9760,507.0,6.0,
9761,505.0,,
9762,503.0,6.0,
9763,507.0,8.0,
9764,504.0,6.0,
9765,600.0,8.0,
9766,504.0,8.0,
9767,509.0,6.0,
9768,510.0,8.0,
9769,501.0,8.0,
9770,600.0,8.0,
9771,510.0,4.0,
9772,510.0,6.0,
9773,506.0,8.0,
9774,510.0,1.0,
9775,603.0,1.0,
9776,605.0,1.0,
9777,603.0,6.0,
9778,506.0,5.0,
9779,505.0,6.0,
9780,503.0,8.0,
9781,600.0,5.0,
9782,500.0,7.0,
9783,505.0,6.0,
9784,507.0,7.0,
9785,503.0,6.0,
9786,509.0,5.0,
9787,500.0,8.0,
9788,510.0,8.0,
9789,602.0,5.0,
9790,505.0,1.0,
9791,506.0,6.0,
9792,502.0,1.0,
9793,506.0,4.0,
9794,504.0,6.0,
9795,600.0,6.0,
9796,504.0,1.0,
9797,501.0,7.0,
9798,502.0,6.0,
9799,507.0,6.0,
9800,506.0,1.0,
9801,508.0,8.0,
9802,506.0,6.0,
9803,511.0,6.0,
9804,504.0,7.0,
9805,500.0,1.0,
9806,502.0,6.0,
9807,411.0,6.0,
9808,506.0,6.0,
9809,507.0,6.0,
9810,503.0,6.0,
9811,600.0,8.0,
9812,506.0,4.0,
9813,603.0,8.0,
9814,507.0,8.0,
9815,601.0,7.0,
9816,504.0,7.0,
9817,509.0,8.0,
9818,500.0,6.0,
9819,501.0,8.0,
9820,503.0,6.0,
9821,503.0,6.0,
9822,502.0,6.0,
9823,503.0,8.0,
9824,601.0,6.0,
9825,507.0,6.0,
9826,504.0,8.0,
9827,508.0,1.0,
9828,502.0,8.0,
9829,504.0,,
9830,511.0,7.0,
9831,506.0,8.0,
9832,503.0,6.0,
9833,509.0,6.0,
9834,601.0,8.0,
9835,508.0,6.0,
9836,508.0,4.0,
9837,506.0,1.0,
9838,508.0,8.0,
9839,504.0,7.0,
9840,508.0,8.0,
9841,502.0,8.0,
9842,511.0,7.0,
9843,504.0,6.0,
9844,504.0,6.0,
9845,503.0,8.0,
9846,508.0,4.0,
9847,505.0,8.0,
9848,511.0,6.0,
9849,504.0,8.0,
9850,600.0,8.0,
9851,407.0,8.0,
9852,509.0,8.0,
9853,509.0,1.0,
9854,602.0,6.0,
9855,504.0,6.0,
9856,504.0,6.0,
9857,601.0,5.0,
9858,502.0,6.0,
9859,507.0,7.0,
9860,504.0,,
9861,508.0,6.0,
9862,505.0,3.0,
9863,608.0,8.0,
9864,508.0,6.0,
9865,600.0,6.0,
9866,509.0,1.0,
9867,510.0,6.0,
9868,601.0,3.0,
9869,600.0,5.0,
9870,503.0,,
9871,600.0,1.0,
9872,511.0,6.0,
9873,509.0,6.0,
9874,508.0,4.0,
9875,503.0,2.0,
9876,601.0,7.0,
9877,501.0,8.0,
9878,602.0,6.0,
9879,508.0,6.0,
9880,,1.0,
9881,511.0,8.0,
9882,600.0,6.0,
9883,504.0,6.0,
9884,600.0,5.0,
9885,511.0,8.0,
9886,601.0,7.0,
9887,501.0,7.0,
9888,505.0,1.0,
9889,511.0,8.0,
9890,600.0,8.0,
9891,510.0,2.0,
9892,505.0,6.0,
9893,510.0,6.0,
9894,502.0,7.0,
9895,505.0,6.0,
9896,510.0,6.0,
9897,603.0,8.0,
9898,505.0,,
9899,504.0,8.0,
9900,602.0,6.0,
9901,503.0,6.0,
9902,506.0,4.0,
9903,503.0,2.0,
9904,600.0,6.0,
9905,603.0,2.0,
9906,504.0,8.0,
9907,502.0,8.0,
9908,510.0,8.0,
9909,602.0,1.0,
9910,504.0,8.0,
9911,504.0,8.0,
9912,601.0,8.0,
9913,507.0,8.0,
9914,507.0,6.0,
9915,603.0,5.0,
9916,507.0,6.0,
9917,507.0,6.0,
9918,510.0,6.0,
9919,600.0,6.0,
9920,603.0,8.0,
9921,509.0,7.0,
9922,510.0,8.0,
9923,505.0,8.0,
9924,503.0,8.0,
9925,508.0,1.0,
9926,600.0,8.0,
9927,502.0,,
9928,501.0,8.0,
9929,510.0,6.0,
9930,510.0,6.0,
9931,500.0,6.0,
9932,501.0,8.0,
9933,505.0,8.0,
9934,509.0,6.0,
9935,510.0,6.0,
9936,509.0,8.0,
9937,506.0,6.0,
9938,502.0,8.0,
9939,502.0,3.0,
9940,505.0,1.0,
9941,605.0,6.0,
9942,503.0,8.0,
9943,503.0,6.0,
9944,503.0,8.0,
9945,500.0,6.0,
9946,507.0,8.0,
9947,411.0,6.0,
9948,511.0,5.0,
9949,500.0,6.0,
9950,503.0,4.0,
9951,505.0,1.0,
9952,600.0,5.0,
9953,600.0,6.0,
9954,507.0,8.0,
9955,500.0,6.0,
9956,505.0,8.0,
9957,300.0,8.0,
9958,505.0,8.0,
9959,600.0,6.0,
9960,506.0,4.0,
9961,503.0,8.0,
9962,510.0,1.0,
9963,508.0,1.0,
9964,507.0,6.0,
9965,505.0,8.0,
9966,503.0,8.0,
9967,509.0,2.0,
9968,504.0,6.0,
9969,504.0,8.0,
9970,504.0,4.0,
9971,503.0,6.0,
9972,509.0,6.0,
9973,503.0,6.0,
9974,508.0,6.0,
9975,503.0,8.0,
9976,510.0,1.0,
9977,509.0,8.0,
9978,504.0,6.0,
9979,504.0,8.0,
9980,505.0,6.0,
9981,508.0,8.0,
9982,505.0,6.0,
9983,508.0,6.0,
9984,511.0,6.0,
9985,511.0,8.0,
9986,511.0,7.0,
9987,600.0,7.0,
9988,507.0,6.0,
9989,507.0,6.0,
9990,604.0,6.0,
9991,504.0,6.0,
9992,501.0,8.0,
9993,503.0,8.0,
9994,600.0,8.0,
9995,511.0,8.0,
9996,,8.0,
9997,510.0,,
9998,603.0,6.0,
9999,504.0,1.0,
10000,502.0,8.0,
10001,504.0,8.0,
10002,504.0,8.0,
10003,510.0,6.0,
10004,506.0,8.0,
10005,600.0,6.0,
10006,506.0,6.0,
10007,602.0,6.0,
10008,602.0,1.0,
10009,504.0,8.0,
10010,601.0,6.0,
10011,507.0,8.0,
10012,511.0,6.0,
10013,506.0,7.0,
10014,501.0,5.0,
10015,511.0,6.0,
10016,511.0,8.0,
10017,507.0,8.0,
10018,510.0,8.0,
10019,501.0,6.0,
10020,504.0,6.0,
10021,506.0,6.0,
10022,507.0,8.0,
10023,502.0,6.0,
10024,510.0,6.0,
10025,510.0,6.0,
10026,711.0,1.0,
10027,500.0,8.0,
10028,500.0,8.0,
10029,602.0,2.0,
10030,502.0,6.0,
10031,603.0,1.0,
10032,505.0,8.0,
10033,509.0,6.0,
10034,507.0,6.0,
10035,509.0,8.0,
10036,502.0,8.0,
10037,510.0,7.0,
10038,505.0,8.0,
10039,502.0,8.0,
10040,510.0,3.0,
10041,510.0,8.0,
10042,509.0,3.0,
10043,604.0,7.0,
10044,502.0,8.0,
10045,,4.0,
10046,500.0,8.0,
10047,507.0,6.0,
10048,601.0,6.0,
10049,511.0,8.0,
10050,508.0,8.0,
10051,509.0,,
10052,606.0,8.0,
10053,508.0,8.0,
10054,503.0,8.0,
10055,508.0,6.0,
10056,505.0,8.0,
10057,608.0,8.0,
10058,511.0,6.0,
10059,508.0,6.0,
10060,504.0,4.0,
10061,505.0,2.0,
10062,506.0,6.0,
10063,510.0,1.0,
10064,510.0,8.0,
10065,511.0,7.0,
10066,502.0,2.0,
10067,602.0,5.0,
10068,510.0,7.0,
10069,508.0,6.0,
10070,509.0,8.0,
10071,603.0,,
10072,603.0,6.0,
10073,603.0,2.0,
10074,505.0,8.0,
10075,600.0,6.0,
10076,505.0,8.0,
10077,600.0,8.0,
10078,706.0,8.0,
10079,510.0,6.0,
10080,507.0,6.0,
10081,600.0,6.0,
10082,504.0,8.0,
10083,502.0,8.0,
10084,502.0,4.0,
10085,508.0,4.0,
10086,600.0,6.0,
10087,511.0,2.0,
10088,601.0,,
10089,505.0,6.0,
10090,606.0,1.0,
10091,504.0,1.0,
10092,604.0,,
10093,505.0,8.0,
10094,507.0,6.0,
10095,600.0,8.0,
10096,505.0,8.0,
10097,603.0,6.0,
10098,603.0,5.0,
10099,509.0,6.0,
10100,502.0,6.0,
10101,511.0,8.0,
10102,508.0,8.0,
10103,501.0,8.0,
10104,503.0,7.0,
10105,411.0,6.0,
10106,507.0,8.0,
10107,506.0,4.0,
10108,505.0,8.0,
10109,501.0,6.0,
10110,509.0,8.0,
10111,601.0,8.0,
10112,506.0,8.0,
10113,511.0,8.0,
10114,511.0,6.0,
10115,505.0,6.0,
10116,510.0,6.0,
10117,508.0,8.0,
10118,510.0,7.0,
10119,600.0,8.0,
10120,502.0,8.0,
10121,501.0,8.0,
10122,506.0,6.0,
10123,510.0,8.0,
10124,502.0,6.0,
10125,602.0,8.0,
10126,510.0,6.0,
10127,504.0,6.0,
10128,504.0,8.0,
10129,600.0,7.0,
10130,300.0,8.0,
10131,511.0,7.0,
10132,509.0,7.0,
10133,510.0,8.0,
10134,502.0,4.0,
10135,503.0,7.0,
10136,601.0,1.0,
10137,500.0,6.0,
10138,503.0,8.0,
10139,509.0,6.0,
10140,507.0,5.0,
10141,507.0,6.0,
10142,508.0,4.0,
10143,600.0,6.0,
10144,501.0,6.0,
10145,503.0,8.0,
10146,509.0,8.0,
10147,509.0,6.0,
10148,501.0,6.0,
10149,509.0,6.0,
10150,502.0,8.0,
10151,507.0,1.0,
10152,411.0,7.0,
10153,505.0,8.0,
10154,508.0,6.0,
10155,510.0,7.0,
10156,510.0,7.0,
10157,508.0,6.0,
10158,510.0,8.0,
10159,506.0,6.0,
10160,600.0,8.0,
10161,510.0,8.0,
10162,506.0,8.0,
10163,600.0,6.0,
10164,601.0,8.0,
10165,604.0,4.0,
10166,501.0,4.0,
10167,503.0,6.0,
10168,505.0,6.0,
10169,511.0,6.0,
10170,508.0,6.0,
10171,505.0,,
10172,600.0,8.0,
10173,506.0,5.0,
10174,501.0,7.0,
10175,504.0,6.0,
10176,603.0,8.0,
10177,410.0,6.0,
10178,510.0,7.0,
10179,510.0,8.0,
10180,504.0,6.0,
10181,601.0,6.0,
10182,504.0,6.0,
10183,511.0,6.0,
10184,503.0,8.0,
10185,,6.0,
10186,602.0,6.0,
10187,509.0,8.0,
10188,603.0,6.0,
10189,506.0,1.0,
10190,506.0,8.0,
10191,600.0,8.0,
10192,511.0,4.0,
10193,503.0,8.0,
10194,509.0,6.0,
10195,506.0,8.0,
10196,509.0,8.0,
10197,503.0,8.0,
10198,603.0,7.0,
10199,503.0,6.0,
10200,505.0,6.0,
10201,507.0,6.0,
10202,511.0,1.0,
10203,506.0,8.0,
10204,506.0,6.0,
10205,510.0,,
10206,601.0,6.0,
10207,500.0,6.0,
10208,600.0,5.0,
10209,600.0,,
10210,504.0,6.0,
10211,507.0,6.0,
10212,507.0,7.0,
10213,509.0,8.0,
10214,410.0,6.0,
10215,508.0,8.0,
10216,409.0,8.0,
10217,502.0,6.0,
10218,505.0,6.0,
10219,600.0,6.0,
10220,505.0,8.0,
10221,600.0,6.0,
10222,510.0,6.0,
10223,501.0,1.0,
10224,508.0,8.0,
10225,600.0,6.0,
10226,509.0,1.0,
10227,507.0,8.0,
10228,506.0,6.0,
10229,506.0,5.0,
10230,506.0,8.0,
10231,507.0,8.0,
10232,506.0,8.0,
10233,501.0,6.0,
10234,505.0,8.0,
10235,504.0,6.0,
10236,411.0,6.0,
10237,503.0,8.0,
10238,501.0,6.0,
10239,506.0,8.0,
10240,506.0,6.0,
10241,504.0,8.0,
10242,601.0,8.0,
10243,511.0,1.0,
10244,507.0,8.0,
10245,501.0,6.0,
10246,508.0,6.0,
10247,511.0,6.0,
10248,600.0,8.0,
10249,507.0,6.0,
10250,601.0,7.0,
10251,507.0,4.0,
10252,510.0,6.0,
10253,500.0,6.0,
10254,510.0,8.0,
10255,504.0,5.0,
10256,409.0,8.0,
10257,503.0,6.0,
10258,504.0,6.0,
10259,505.0,8.0,
10260,411.0,8.0,
10261,511.0,6.0,
10262,507.0,6.0,
10263,508.0,8.0,
10264,502.0,6.0,
10265,508.0,7.0,
10266,502.0,6.0,
10267,511.0,6.0,
10268,508.0,6.0,
10269,505.0,8.0,
10270,503.0,6.0,
10271,602.0,1.0,
10272,405.0,8.0,
10273,505.0,6.0,
10274,602.0,2.0,
10275,503.0,7.0,
10276,508.0,6.0,
10277,510.0,4.0,
10278,508.0,6.0,
10279,600.0,6.0,
10280,411.0,6.0,
10281,511.0,8.0,
10282,504.0,8.0,
10283,508.0,8.0,
10284,601.0,6.0,
10285,504.0,5.0,
10286,510.0,8.0,
10287,503.0,8.0,
10288,509.0,4.0,
10289,508.0,6.0,
10290,511.0,8.0,
10291,506.0,6.0,
10292,507.0,6.0,
10293,504.0,6.0,
10294,502.0,6.0,
10295,501.0,7.0,
10296,508.0,6.0,
10297,508.0,1.0,
10298,502.0,8.0,
10299,509.0,4.0,
10300,,6.0,
10301,504.0,6.0,
10302,603.0,,
10303,503.0,6.0,
10304,509.0,8.0,
10305,509.0,6.0,
10306,409.0,6.0,
10307,508.0,8.0,
10308,507.0,5.0,
10309,506.0,8.0,
10310,503.0,8.0,
10311,508.0,6.0,
10312,503.0,8.0,
10313,504.0,8.0,
10314,600.0,8.0,
10315,500.0,8.0,
10316,508.0,6.0,
10317,504.0,8.0,
10318,603.0,6.0,
10319,500.0,1.0,
10320,509.0,8.0,
10321,507.0,6.0,
10322,507.0,1.0,
10323,507.0,7.0,
10324,503.0,6.0,
10325,601.0,4.0,
10326,504.0,2.0,
10327,506.0,8.0,
10328,506.0,6.0,
10329,507.0,6.0,
10330,601.0,4.0,
10331,505.0,6.0,
10332,508.0,6.0,
10333,600.0,8.0,
10334,508.0,6.0,
10335,506.0,6.0,
10336,503.0,4.0,
10337,,6.0,
10338,507.0,1.0,
10339,506.0,8.0,
10340,510.0,4.0,
10341,503.0,8.0,
10342,506.0,6.0,
10343,504.0,8.0,
10344,508.0,8.0,
10345,,8.0,
10346,511.0,6.0,
10347,511.0,6.0,
10348,510.0,8.0,
10349,602.0,8.0,
10350,502.0,6.0,
10351,507.0,6.0,
10352,,6.0,
10353,503.0,8.0,
10354,506.0,5.0,
10355,509.0,6.0,
10356,503.0,6.0,
10357,600.0,1.0,
10358,504.0,8.0,
10359,505.0,6.0,
10360,510.0,7.0,
10361,502.0,8.0,
10362,503.0,7.0,
10363,508.0,8.0,
10364,604.0,6.0,
10365,411.0,6.0,
10366,600.0,8.0,
10367,600.0,8.0,
10368,511.0,8.0,
10369,502.0,8.0,
10370,501.0,6.0,
10371,504.0,8.0,
10372,502.0,6.0,
10373,504.0,7.0,
10374,705.0,8.0,
10375,507.0,5.0,
10376,505.0,8.0,
10377,507.0,6.0,
10378,507.0,8.0,
10379,504.0,2.0,
10380,503.0,6.0,
10381,504.0,6.0,
10382,505.0,8.0,
10383,508.0,5.0,
10384,508.0,8.0,
10385,510.0,2.0,
10386,600.0,6.0,
10387,509.0,6.0,
10388,511.0,8.0,
10389,508.0,8.0,
10390,506.0,6.0,
10391,600.0,6.0,
10392,507.0,8.0,
10393,506.0,8.0,
10394,605.0,8.0,
10395,509.0,8.0,
10396,508.0,7.0,
10397,411.0,6.0,
10398,508.0,,
10399,600.0,6.0,
10400,506.0,6.0,
10401,509.0,8.0,
10402,502.0,8.0,
10403,304.0,6.0,
10404,506.0,6.0,
10405,600.0,5.0,
10406,509.0,8.0,
10407,505.0,6.0,
10408,411.0,8.0,
10409,602.0,8.0,
10410,505.0,8.0,
10411,508.0,7.0,
10412,507.0,6.0,
10413,503.0,6.0,
10414,511.0,6.0,
10415,508.0,4.0,
10416,504.0,8.0,
10417,505.0,8.0,
10418,505.0,6.0,
10419,600.0,6.0,
10420,505.0,6.0,
10421,503.0,6.0,
10422,505.0,6.0,
10423,509.0,6.0,
10424,510.0,8.0,
10425,503.0,8.0,
10426,510.0,1.0,
10427,504.0,6.0,
10428,509.0,6.0,
10429,506.0,6.0,
10430,504.0,6.0,
10431,504.0,6.0,
10432,505.0,8.0,
10433,508.0,8.0,
10434,603.0,7.0,
10435,600.0,8.0,
10436,504.0,4.0,
10437,503.0,6.0,
10438,506.0,8.0,
10439,509.0,,
10440,503.0,8.0,
10441,502.0,8.0,
10442,506.0,8.0,
10443,507.0,8.0,
10444,503.0,6.0,
10445,504.0,5.0,
10446,508.0,6.0,
10447,504.0,8.0,
10448,511.0,8.0,
10449,601.0,8.0,
10450,505.0,4.0,
10451,411.0,1.0,
10452,600.0,8.0,
10453,506.0,7.0,
10454,510.0,4.0,
10455,507.0,6.0,
10456,507.0,1.0,
10457,504.0,6.0,
10458,503.0,8.0,
10459,511.0,5.0,
10460,511.0,1.0,
10461,602.0,5.0,
10462,504.0,8.0,
10463,503.0,8.0,
10464,504.0,2.0,
10465,507.0,8.0,
10466,600.0,6.0,
10467,600.0,8.0,
10468,510.0,6.0,
10469,603.0,4.0,
10470,511.0,7.0,
10471,503.0,6.0,
10472,502.0,8.0,
10473,504.0,6.0,
10474,511.0,6.0,
10475,503.0,6.0,
10476,503.0,6.0,
10477,510.0,7.0,
10478,504.0,5.0,
10479,508.0,6.0,
10480,503.0,6.0,
10481,506.0,7.0,
10482,601.0,6.0,
10483,508.0,6.0,
10484,507.0,8.0,
10485,603.0,8.0,
10486,509.0,6.0,
10487,511.0,8.0,
10488,605.0,6.0,
10489,507.0,1.0,
10490,509.0,1.0,
10491,502.0,8.0,
10492,503.0,8.0,
10493,601.0,8.0,
10494,600.0,2.0,
10495,505.0,6.0,
10496,506.0,6.0,
10497,601.0,7.0,
10498,502.0,8.0,
10499,507.0,8.0,
10500,511.0,4.0,
10501,509.0,8.0,
10502,602.0,8.0,
10503,505.0,8.0,
10504,609.0,8.0,
10505,506.0,2.0,
10506,508.0,5.0,
10507,510.0,6.0,
10508,503.0,5.0,
10509,602.0,,
10510,507.0,6.0,
10511,508.0,8.0,
10512,511.0,8.0,
10513,510.0,4.0,
10514,508.0,6.0,
10515,508.0,6.0,
10516,508.0,8.0,
10517,500.0,1.0,
10518,600.0,8.0,
10519,511.0,5.0,
10520,600.0,1.0,
10521,505.0,5.0,
10522,510.0,6.0,
10523,506.0,6.0,
10524,510.0,6.0,
10525,504.0,7.0,
10526,508.0,7.0,
10527,505.0,8.0,
10528,504.0,7.0,
10529,510.0,8.0,
10530,504.0,8.0,
10531,508.0,6.0,
10532,503.0,1.0,
10533,503.0,8.0,
10534,511.0,6.0,
10535,505.0,8.0,
10536,507.0,8.0,
10537,600.0,6.0,
10538,504.0,8.0,
10539,502.0,1.0,
10540,604.0,6.0,
10541,505.0,8.0,
10542,505.0,5.0,
10543,507.0,8.0,
10544,508.0,6.0,
10545,505.0,8.0,
10546,505.0,4.0,
10547,600.0,6.0,
10548,510.0,8.0,
10549,600.0,5.0,
10550,506.0,6.0,
10551,500.0,6.0,
10552,506.0,8.0,
10553,,7.0,
10554,600.0,6.0,
10555,601.0,6.0,
10556,509.0,6.0,
10557,506.0,6.0,
10558,603.0,8.0,
10559,506.0,5.0,
10560,503.0,6.0,
10561,500.0,8.0,
10562,600.0,6.0,
10563,506.0,6.0,
10564,511.0,6.0,
10565,600.0,6.0,
10566,503.0,8.0,
10567,506.0,6.0,
10568,504.0,6.0,
10569,507.0,6.0,
10570,509.0,6.0,
10571,,8.0,
10572,600.0,6.0,
10573,502.0,8.0,
10574,502.0,8.0,
10575,509.0,8.0,
10576,505.0,6.0,
10577,507.0,8.0,
10578,508.0,6.0,
10579,506.0,6.0,
10580,506.0,8.0,
10581,503.0,7.0,
10582,508.0,1.0,
10583,510.0,1.0,
10584,506.0,6.0,
10585,501.0,8.0,
10586,511.0,8.0,
10587,508.0,4.0,
10588,508.0,5.0,
10589,601.0,6.0,
10590,501.0,8.0,
10591,510.0,6.0,
10592,600.0,7.0,
10593,600.0,6.0,
10594,600.0,7.0,
10595,505.0,8.0,
10596,506.0,8.0,
10597,506.0,6.0,
10598,504.0,6.0,
10599,602.0,1.0,
10600,508.0,6.0,
10601,510.0,7.0,
10602,509.0,6.0,
10603,500.0,8.0,
10604,410.0,6.0,
10605,508.0,6.0,
10606,602.0,6.0,
10607,505.0,6.0,
10608,510.0,6.0,
10609,510.0,1.0,
10610,508.0,,
10611,507.0,4.0,
10612,600.0,6.0,
10613,506.0,6.0,
10614,600.0,6.0,
10615,500.0,8.0,
10616,510.0,6.0,
10617,507.0,5.0,
10618,500.0,6.0,
10619,505.0,6.0,
10620,600.0,8.0,
10621,506.0,6.0,
10622,505.0,8.0,
10623,506.0,8.0,
10624,507.0,7.0,
10625,507.0,4.0,
10626,507.0,8.0,
10627,507.0,6.0,
10628,508.0,8.0,
10629,508.0,6.0,
10630,502.0,6.0,
10631,601.0,8.0,
10632,511.0,6.0,
10633,509.0,1.0,
10634,600.0,6.0,
10635,509.0,6.0,
10636,505.0,6.0,
10637,507.0,2.0,
10638,501.0,8.0,
10639,507.0,6.0,
10640,506.0,6.0,
10641,511.0,6.0,
10642,508.0,8.0,
10643,601.0,6.0,
10644,502.0,2.0,
10645,510.0,8.0,
10646,501.0,6.0,
10647,500.0,,
10648,502.0,6.0,
10649,511.0,6.0,
10650,603.0,6.0,
10651,503.0,8.0,
10652,503.0,6.0,
10653,300.0,8.0,
10654,510.0,7.0,
10655,507.0,8.0,
10656,505.0,8.0,
10657,504.0,6.0,
10658,503.0,2.0,
10659,511.0,1.0,
10660,601.0,8.0,
10661,602.0,6.0,
10662,506.0,8.0,
10663,508.0,6.0,
10664,506.0,6.0,
10665,508.0,6.0,
10666,504.0,6.0,
10667,510.0,6.0,
10668,511.0,7.0,
10669,504.0,6.0,
10670,508.0,6.0,
10671,505.0,6.0,
10672,601.0,1.0,
10673,601.0,8.0,
10674,507.0,6.0,
10675,600.0,2.0,
10676,609.0,4.0,
10677,507.0,6.0,
10678,600.0,6.0,
10679,503.0,8.0,
10680,606.0,8.0,
10681,505.0,6.0,
10682,511.0,6.0,
10683,504.0,6.0,
10684,506.0,6.0,
10685,506.0,6.0,
10686,504.0,1.0,
10687,411.0,6.0,
10688,500.0,1.0,
10689,602.0,8.0,
10690,505.0,8.0,
10691,510.0,7.0,
10692,502.0,,
10693,502.0,3.0,
10694,509.0,6.0,
10695,510.0,1.0,
10696,502.0,6.0,
10697,503.0,7.0,
10698,506.0,8.0,
10699,508.0,6.0,
10700,510.0,,
10701,504.0,8.0,
10702,605.0,7.0,
10703,510.0,8.0,
10704,603.0,8.0,
10705,602.0,1.0,
10706,509.0,5.0,
10707,503.0,6.0,
10708,502.0,6.0,
10709,600.0,8.0,
10710,508.0,8.0,
10711,503.0,8.0,
10712,511.0,8.0,
10713,511.0,7.0,
10714,511.0,3.0,
10715,603.0,5.0,
10716,506.0,4.0,
10717,505.0,8.0,
10718,502.0,8.0,
10719,501.0,1.0,
10720,,,
10721,600.0,6.0,
10722,507.0,1.0,
10723,508.0,8.0,
10724,503.0,8.0,
10725,504.0,8.0,
10726,504.0,6.0,
10727,501.0,6.0,
10728,505.0,1.0,
10729,600.0,6.0,
10730,503.0,8.0,
10731,509.0,6.0,
10732,409.0,,
10733,501.0,6.0,
10734,505.0,6.0,
10735,604.0,,
10736,601.0,1.0,
10737,411.0,7.0,
10738,506.0,6.0,
10739,511.0,6.0,
10740,505.0,8.0,
10741,511.0,7.0,
10742,505.0,8.0,
10743,601.0,8.0,
10744,600.0,6.0,
10745,508.0,6.0,
10746,504.0,6.0,
10747,502.0,6.0,
10748,508.0,5.0,
10749,505.0,6.0,
10750,507.0,8.0,
10751,506.0,6.0,
10752,510.0,8.0,
10753,504.0,5.0,
10754,506.0,,
10755,510.0,7.0,
10756,508.0,8.0,
10757,504.0,5.0,
10758,506.0,6.0,
10759,504.0,8.0,
10760,510.0,8.0,
10761,510.0,5.0,
10762,509.0,8.0,
10763,510.0,6.0,
10764,600.0,8.0,
10765,403.0,6.0,
10766,504.0,8.0,
10767,501.0,6.0,
10768,505.0,6.0,
10769,600.0,5.0,
10770,511.0,6.0,
10771,509.0,6.0,
10772,506.0,6.0,
10773,507.0,8.0,
10774,501.0,8.0,
10775,504.0,8.0,
10776,504.0,8.0,
10777,600.0,6.0,
10778,506.0,6.0,
10779,503.0,8.0,
10780,504.0,6.0,
10781,504.0,6.0,
10782,508.0,6.0,
10783,410.0,8.0,
10784,505.0,8.0,
10785,508.0,6.0,
10786,508.0,7.0,
10787,502.0,8.0,
10788,606.0,6.0,
10789,506.0,8.0,
10790,601.0,6.0,
10791,507.0,5.0,
10792,506.0,8.0,
10793,505.0,6.0,
10794,603.0,4.0,
10795,708.0,3.0,
10796,508.0,8.0,
10797,509.0,6.0,
10798,600.0,7.0,
10799,705.0,8.0,
10800,505.0,6.0,
10801,505.0,5.0,
10802,508.0,1.0,
10803,510.0,6.0,
10804,600.0,6.0,
10805,505.0,8.0,
10806,511.0,6.0,
10807,411.0,8.0,
10808,503.0,6.0,5.0
10809,501.0,8.0,
10810,503.0,6.0,
10811,504.0,8.0,
10812,505.0,8.0,
10813,500.0,,
10814,502.0,7.0,
10815,502.0,6.0,
10816,600.0,8.0,
10817,507.0,6.0,
10818,509.0,6.0,
10819,504.0,6.0,
10820,502.0,6.0,
10821,511.0,7.0,
10822,503.0,6.0,
10823,503.0,7.0,
10824,511.0,7.0,
10825,602.0,8.0,
10826,502.0,4.0,
10827,503.0,7.0,
10828,602.0,8.0,
10829,600.0,6.0,
10830,505.0,8.0,
10831,503.0,5.0,
10832,505.0,6.0,
10833,507.0,8.0,
10834,602.0,7.0,
10835,511.0,8.0,
10836,503.0,6.0,
10837,506.0,6.0,
10838,510.0,,
10839,501.0,6.0,
10840,601.0,6.0,
10841,509.0,8.0,
10842,606.0,,
10843,601.0,2.0,
10844,504.0,6.0,
10845,505.0,8.0,
10846,503.0,8.0,
10847,603.0,2.0,
10848,511.0,6.0,
10849,510.0,6.0,
10850,600.0,3.0,
10851,711.0,6.0,
10852,501.0,6.0,
10853,505.0,1.0,
10854,711.0,8.0,
10855,505.0,8.0,
10856,711.0,8.0,
10857,502.0,8.0,
10858,603.0,8.0,
10859,508.0,8.0,
10860,500.0,6.0,
10861,506.0,6.0,
10862,507.0,8.0,
10863,601.0,7.0,
10864,510.0,7.0,
10865,505.0,6.0,
10866,600.0,,
10867,503.0,4.0,
10868,510.0,6.0,
10869,,1.0,
10870,511.0,,
10871,503.0,8.0,
10872,507.0,7.0,
10873,505.0,6.0,
10874,507.0,5.0,
10875,509.0,8.0,
10876,509.0,4.0,
10877,509.0,6.0,
10878,507.0,7.0,
10879,502.0,8.0,
10880,506.0,8.0,
10881,601.0,8.0,
10882,507.0,5.0,
10883,,1.0,
10884,600.0,5.0,
10885,506.0,,
10886,511.0,6.0,
10887,505.0,6.0,
10888,505.0,6.0,
10889,507.0,6.0,
10890,504.0,6.0,
10891,510.0,,
10892,510.0,,
10893,511.0,7.0,
10894,602.0,5.0,
10895,501.0,,
10896,504.0,7.0,
10897,510.0,6.0,
10898,507.0,6.0,
10899,507.0,8.0,
10900,600.0,7.0,
10901,511.0,8.0,
10902,502.0,6.0,
10903,511.0,,
10904,602.0,1.0,
10905,511.0,6.0,
10906,503.0,1.0,
10907,600.0,,
10908,508.0,8.0,
10909,504.0,8.0,
10910,,,
10911,511.0,4.0,
10912,509.0,6.0,
10913,506.0,5.0,
10914,510.0,8.0,
10915,510.0,8.0,
10916,602.0,8.0,
10917,509.0,8.0,
10918,501.0,5.0,
10919,509.0,6.0,
10920,507.0,8.0,
10921,504.0,8.0,
10922,509.0,6.0,
10923,511.0,1.0,
10924,503.0,6.0,
10925,511.0,5.0,
10926,603.0,1.0,
10927,506.0,8.0,
10928,504.0,8.0,
10929,506.0,8.0,
10930,508.0,6.0,
10931,511.0,7.0,
10932,506.0,6.0,
10933,510.0,8.0,
10934,507.0,7.0,
10935,510.0,8.0,
10936,509.0,8.0,
10937,502.0,7.0,
10938,600.0,5.0,
10939,504.0,6.0,
10940,602.0,8.0,
10941,611.0,6.0,
10942,510.0,8.0,
10943,508.0,8.0,
10944,407.0,8.0,
10945,504.0,5.0,
10946,508.0,8.0,
10947,711.0,8.0,
10948,509.0,8.0,
10949,511.0,,
10950,511.0,6.0,
10951,508.0,6.0,
10952,505.0,7.0,
10953,509.0,1.0,
10954,511.0,6.0,
10955,601.0,6.0,
10956,508.0,7.0,
10957,603.0,2.0,
10958,601.0,,
10959,504.0,6.0,
10960,503.0,1.0,
10961,409.0,8.0,
10962,508.0,6.0,
10963,508.0,6.0,
10964,501.0,8.0,
10965,602.0,7.0,
10966,502.0,8.0,
10967,502.0,6.0,
10968,502.0,4.0,
10969,511.0,1.0,
10970,504.0,8.0,
10971,507.0,4.0,
10972,507.0,8.0,
10973,,,
10974,605.0,8.0,
10975,506.0,,
10976,600.0,5.0,
10977,509.0,4.0,
10978,507.0,,
10979,510.0,8.0,
10980,501.0,4.0,
10981,711.0,5.0,
10982,503.0,8.0,
10983,507.0,6.0,
10984,600.0,2.0,
10985,507.0,8.0,
10986,509.0,8.0,
10987,501.0,8.0,
10988,511.0,,
10989,505.0,6.0,
10990,500.0,8.0,
10991,503.0,6.0,
10992,605.0,1.0,
10993,503.0,6.0,
10994,,6.0,
10995,705.0,,
10996,500.0,6.0,
10997,602.0,4.0,
10998,511.0,,
10999,507.0,8.0,
11000,510.0,4.0,
11001,605.0,3.0,
11002,,8.0,
11003,508.0,8.0,
11004,503.0,7.0,
11005,507.0,1.0,
11006,509.0,6.0,
11007,500.0,6.0,
11008,711.0,4.0,
11009,500.0,1.0,
11010,506.0,6.0,
11011,504.0,5.0,
11012,504.0,8.0,
11013,503.0,6.0,
11014,504.0,6.0,
11015,506.0,5.0,
11016,503.0,6.0,
11017,501.0,3.0,
11018,503.0,6.0,
11019,503.0,6.0,
11020,504.0,6.0,
11021,507.0,4.0,
11022,504.0,6.0,
11023,504.0,5.0,
11024,402.0,,
11025,505.0,8.0,
11026,507.0,6.0,
11027,505.0,,
11028,501.0,6.0,
11029,501.0,3.0,
11030,601.0,5.0,
11031,507.0,,
11032,506.0,8.0,
11033,506.0,6.0,
11034,511.0,6.0,
11035,601.0,6.0,
11036,510.0,8.0,
11037,504.0,8.0,
11038,605.0,8.0,
11039,508.0,6.0,
11040,503.0,6.0,
11041,411.0,4.0,
11042,411.0,8.0,
11043,504.0,8.0,
11044,503.0,6.0,
11045,504.0,6.0,
11046,508.0,8.0,
11047,603.0,6.0,
11048,502.0,8.0,
11049,506.0,2.0,
11050,505.0,8.0,
11051,604.0,4.0,
11052,506.0,6.0,
11053,500.0,8.0,
11054,511.0,7.0,
11055,602.0,6.0,
11056,505.0,8.0,
11057,501.0,7.0,
11058,501.0,6.0,
11059,407.0,8.0,
11060,505.0,8.0,
11061,508.0,5.0,
11062,510.0,6.0,
11063,500.0,8.0,
11064,511.0,7.0,
11065,500.0,6.0,
11066,509.0,8.0,
11067,504.0,6.0,
11068,600.0,6.0,
11069,506.0,8.0,
11070,507.0,8.0,
11071,504.0,6.0,
11072,504.0,8.0,
11073,506.0,8.0,
11074,507.0,6.0,
11075,600.0,8.0,
11076,507.0,8.0,
11077,508.0,6.0,
11078,505.0,5.0,
11079,508.0,6.0,
11080,505.0,6.0,
11081,509.0,8.0,
11082,511.0,6.0,
11083,600.0,6.0,
11084,504.0,8.0,
11085,507.0,8.0,
11086,504.0,8.0,
11087,504.0,8.0,
11088,508.0,6.0,
11089,502.0,8.0,
11090,600.0,6.0,
11091,504.0,6.0,
11092,506.0,,
11093,511.0,5.0,
11094,503.0,6.0,
11095,502.0,6.0,
11096,503.0,6.0,
11097,503.0,8.0,
11098,506.0,6.0,
11099,502.0,6.0,
11100,502.0,8.0,
11101,507.0,6.0,
11102,602.0,6.0,
11103,503.0,6.0,
11104,500.0,8.0,
11105,505.0,6.0,
11106,508.0,8.0,
11107,602.0,8.0,
11108,502.0,6.0,
11109,602.0,2.0,
11110,601.0,6.0,
11111,508.0,8.0,
11112,511.0,6.0,
11113,505.0,6.0,
11114,502.0,8.0,
11115,506.0,8.0,
11116,509.0,8.0,
11117,509.0,7.0,
11118,507.0,1.0,
11119,504.0,1.0,
11120,503.0,6.0,
11121,506.0,6.0,
11122,511.0,8.0,
11123,411.0,8.0,
11124,503.0,8.0,
11125,504.0,6.0,
11126,508.0,6.0,
11127,507.0,6.0,
11128,601.0,5.0,
11129,600.0,6.0,
11130,509.0,6.0,
11131,504.0,5.0,
11132,509.0,7.0,
11133,601.0,,
11134,510.0,1.0,
11135,600.0,6.0,
11136,501.0,8.0,
11137,509.0,7.0,
11138,602.0,8.0,
11139,503.0,8.0,
11140,508.0,8.0,
11141,504.0,6.0,
11142,600.0,7.0,
11143,511.0,8.0,
11144,510.0,4.0,
11145,509.0,7.0,
11146,506.0,8.0,
11147,506.0,8.0,
11148,500.0,7.0,
11149,500.0,6.0,
11150,509.0,7.0,
11151,602.0,6.0,
11152,504.0,6.0,
11153,503.0,8.0,
11154,501.0,6.0,
11155,507.0,7.0,
11156,508.0,2.0,
11157,601.0,4.0,
11158,509.0,8.0,
11159,505.0,6.0,
11160,504.0,6.0,
11161,507.0,8.0,
11162,507.0,6.0,
11163,505.0,6.0,
11164,511.0,8.0,
11165,508.0,6.0,
11166,505.0,3.0,
11167,502.0,8.0,
11168,602.0,8.0,
11169,503.0,6.0,
11170,504.0,8.0,
11171,502.0,6.0,
11172,604.0,1.0,
11173,504.0,8.0,
11174,503.0,6.0,
11175,508.0,6.0,
11176,600.0,4.0,
11177,411.0,6.0,
11178,506.0,6.0,
11179,509.0,1.0,
11180,507.0,7.0,
11181,507.0,6.0,
11182,600.0,6.0,
11183,509.0,6.0,
11184,508.0,6.0,
11185,600.0,8.0,
11186,511.0,1.0,
11187,604.0,6.0,
11188,500.0,6.0,
11189,503.0,5.0,
11190,505.0,6.0,
11191,501.0,8.0,
11192,503.0,6.0,
11193,600.0,,
11194,601.0,1.0,
11195,600.0,7.0,
11196,602.0,8.0,
11197,604.0,4.0,
11198,509.0,6.0,
11199,509.0,8.0,
11200,506.0,6.0,
11201,507.0,6.0,
11202,507.0,7.0,
11203,506.0,6.0,
11204,504.0,8.0,
11205,508.0,8.0,
11206,506.0,8.0,
11207,506.0,6.0,
11208,509.0,6.0,
11209,511.0,5.0,
11210,601.0,8.0,
11211,602.0,7.0,
11212,511.0,6.0,
11213,505.0,8.0,
11214,505.0,6.0,
11215,503.0,6.0,
11216,,2.0,
11217,509.0,6.0,
11218,506.0,5.0,
11219,600.0,8.0,
11220,504.0,6.0,
11221,503.0,6.0,
11222,506.0,6.0,
11223,504.0,8.0,
11224,503.0,6.0,
11225,503.0,8.0,
11226,507.0,8.0,
11227,511.0,6.0,
11228,503.0,6.0,
11229,505.0,6.0,
11230,510.0,6.0,
11231,509.0,6.0,
11232,504.0,6.0,
11233,504.0,5.0,
11234,606.0,6.0,
11235,509.0,6.0,
11236,508.0,5.0,
11237,509.0,5.0,
11238,509.0,6.0,
11239,600.0,8.0,
11240,600.0,5.0,
11241,506.0,6.0,
11242,502.0,4.0,
11243,411.0,6.0,
11244,603.0,6.0,
11245,501.0,7.0,
11246,605.0,6.0,
11247,510.0,7.0,
11248,510.0,8.0,
11249,504.0,5.0,
11250,504.0,6.0,
11251,503.0,6.0,
11252,505.0,5.0,
11253,502.0,6.0,
11254,507.0,6.0,
11255,400.0,3.0,
11256,504.0,8.0,
11257,505.0,7.0,
11258,507.0,1.0,
11259,501.0,5.0,
11260,603.0,8.0,
11261,600.0,8.0,
11262,602.0,,
11263,506.0,6.0,
11264,408.0,6.0,
11265,504.0,3.0,
11266,500.0,8.0,
11267,507.0,8.0,
11268,501.0,,
11269,602.0,6.0,
11270,509.0,1.0,
11271,507.0,4.0,
11272,711.0,8.0,
11273,504.0,1.0,
11274,601.0,6.0,
11275,509.0,,
11276,504.0,6.0,
11277,511.0,6.0,
11278,504.0,6.0,
11279,505.0,6.0,
11280,508.0,8.0,
11281,,,
11282,600.0,,
11283,511.0,6.0,
11284,505.0,6.0,
11285,500.0,6.0,
11286,600.0,1.0,
11287,506.0,,
11288,509.0,,
11289,502.0,6.0,
11290,506.0,8.0,
11291,506.0,4.0,
11292,506.0,4.0,
11293,510.0,6.0,
11294,511.0,,
11295,508.0,5.0,
11296,503.0,,
11297,500.0,6.0,
11298,500.0,6.0,
11299,500.0,,
11300,509.0,6.0,
11301,502.0,,
11302,510.0,,
11303,503.0,6.0,
11304,501.0,1.0,
11305,504.0,8.0,
11306,502.0,1.0,
11307,502.0,6.0,
11308,606.0,5.0,
11309,507.0,,
11310,503.0,8.0,
11311,500.0,7.0,
11312,500.0,6.0,
11313,602.0,7.0,
11314,502.0,6.0,
11315,503.0,6.0,
11316,507.0,6.0,
11317,505.0,7.0,
11318,411.0,7.0,
11319,511.0,4.0,
11320,511.0,1.0,
11321,505.0,8.0,
11322,506.0,8.0,
11323,508.0,8.0,
11324,503.0,6.0,
11325,511.0,8.0,
11326,509.0,6.0,
11327,508.0,8.0,
11328,502.0,8.0,
11329,510.0,6.0,
11330,505.0,6.0,
11331,510.0,8.0,
11332,503.0,,
11333,510.0,6.0,
11334,511.0,8.0,
11335,600.0,7.0,
11336,503.0,,
11337,505.0,6.0,
11338,507.0,8.0,
11339,600.0,8.0,
11340,510.0,6.0,
11341,502.0,8.0,
11342,509.0,8.0,
11343,508.0,6.0,
11344,501.0,7.0,
11345,600.0,8.0,
11346,509.0,6.0,
11347,506.0,8.0,
11348,509.0,8.0,
11349,506.0,6.0,
11350,507.0,6.0,
11351,,8.0,
11352,506.0,8.0,
11353,502.0,6.0,
11354,503.0,6.0,
11355,506.0,8.0,
11356,601.0,8.0,
11357,502.0,6.0,
11358,501.0,8.0,
11359,508.0,6.0,
11360,504.0,5.0,
11361,501.0,7.0,
11362,501.0,8.0,
11363,503.0,8.0,
11364,511.0,8.0,
11365,500.0,8.0,
11366,601.0,6.0,
11367,504.0,6.0,
11368,603.0,1.0,
11369,503.0,6.0,
11370,501.0,6.0,
11371,504.0,6.0,
11372,506.0,8.0,
11373,509.0,8.0,
11374,600.0,6.0,
11375,503.0,8.0,
11376,505.0,7.0,
11377,509.0,,
11378,508.0,1.0,
11379,502.0,8.0,
11380,503.0,6.0,
11381,601.0,8.0,
11382,600.0,6.0,
11383,508.0,6.0,
11384,510.0,2.0,
11385,506.0,6.0,
11386,504.0,7.0,
11387,508.0,6.0,
11388,503.0,6.0,
11389,709.0,8.0,
11390,600.0,5.0,
11391,502.0,6.0,
11392,506.0,7.0,
11393,506.0,8.0,
11394,602.0,7.0,
11395,505.0,6.0,
11396,504.0,7.0,
11397,606.0,3.0,
11398,506.0,7.0,
11399,510.0,6.0,
11400,510.0,5.0,
11401,503.0,8.0,
11402,510.0,6.0,
11403,505.0,6.0,
11404,505.0,7.0,
11405,508.0,6.0,
11406,602.0,6.0,
11407,510.0,7.0,
11408,700.0,1.0,
11409,503.0,7.0,
11410,505.0,6.0,
11411,508.0,6.0,
11412,511.0,8.0,
11413,601.0,,
11414,503.0,4.0,
11415,508.0,6.0,
11416,509.0,6.0,
11417,509.0,6.0,
11418,505.0,7.0,
11419,505.0,8.0,
11420,507.0,6.0,
11421,510.0,6.0,
11422,504.0,6.0,
11423,509.0,8.0,
11424,507.0,6.0,
11425,511.0,6.0,
11426,506.0,2.0,
11427,500.0,8.0,
11428,504.0,7.0,
11429,508.0,8.0,
11430,503.0,4.0,
11431,508.0,8.0,
11432,509.0,8.0,
11433,503.0,8.0,
11434,600.0,7.0,
11435,502.0,8.0,
11436,505.0,,
11437,500.0,,
11438,506.0,8.0,
11439,503.0,8.0,
11440,501.0,6.0,
11441,504.0,7.0,
11442,504.0,6.0,
11443,507.0,2.0,
11444,510.0,6.0,
11445,600.0,1.0,
11446,510.0,8.0,
11447,509.0,8.0,
11448,508.0,6.0,
11449,604.0,6.0,
11450,506.0,8.0,
11451,511.0,1.0,
11452,510.0,3.0,
11453,604.0,8.0,
11454,509.0,8.0,
11455,504.0,8.0,
11456,601.0,1.0,
11457,508.0,1.0,
11458,600.0,1.0,
11459,503.0,1.0,
11460,510.0,6.0,
11461,509.0,7.0,
11462,511.0,8.0,
11463,509.0,6.0,
11464,601.0,8.0,
11465,507.0,8.0,
11466,504.0,6.0,
11467,507.0,5.0,
11468,,6.0,
11469,504.0,6.0,
11470,505.0,,
11471,600.0,6.0,
11472,501.0,6.0,
11473,500.0,7.0,
11474,505.0,6.0,
11475,505.0,6.0,
11476,501.0,8.0,
11477,505.0,8.0,
11478,509.0,1.0,
11479,506.0,7.0,
11480,506.0,8.0,
11481,501.0,8.0,
11482,505.0,2.0,
11483,411.0,1.0,
11484,407.0,6.0,
11485,5.0,6.0,
11486,510.0,4.0,
11487,604.0,8.0,
11488,511.0,6.0,
11489,508.0,,
11490,504.0,1.0,
11491,509.0,6.0,
11492,502.0,6.0,
11493,506.0,2.0,
11494,503.0,6.0,
11495,509.0,4.0,
11496,509.0,5.0,
11497,501.0,2.0,
11498,,8.0,
11499,502.0,7.0,
11500,511.0,5.0,
11501,500.0,6.0,
11502,509.0,1.0,
11503,503.0,8.0,
11504,510.0,4.0,
11505,502.0,1.0,
11506,503.0,6.0,
11507,503.0,6.0,
11508,511.0,1.0,
11509,506.0,1.0,
11510,511.0,6.0,
11511,504.0,6.0,
11512,508.0,8.0,
11513,507.0,2.0,
11514,500.0,8.0,
11515,602.0,7.0,
11516,500.0,6.0,
11517,510.0,1.0,
11518,504.0,7.0,
11519,502.0,1.0,
11520,508.0,1.0,
11521,5.0,8.0,
11522,502.0,6.0,
11523,503.0,8.0,
11524,506.0,,
11525,508.0,4.0,
11526,502.0,1.0,
11527,508.0,8.0,
11528,508.0,8.0,
11529,506.0,8.0,
11530,503.0,7.0,
11531,503.0,6.0,
11532,500.0,8.0,
11533,601.0,6.0,
11534,506.0,2.0,
11535,500.0,1.0,
11536,411.0,6.0,
11537,511.0,,
11538,602.0,6.0,
11539,504.0,8.0,
11540,510.0,8.0,
11541,502.0,8.0,
11542,504.0,8.0,
11543,501.0,8.0,
11544,503.0,8.0,
11545,511.0,8.0,
11546,510.0,6.0,
11547,504.0,6.0,
11548,411.0,6.0,
11549,504.0,7.0,
11550,508.0,6.0,
11551,511.0,4.0,
11552,502.0,6.0,
11553,504.0,7.0,
11554,508.0,6.0,
11555,506.0,6.0,
11556,511.0,1.0,
11557,506.0,7.0,
11558,509.0,6.0,
11559,509.0,8.0,
11560,501.0,8.0,
11561,507.0,3.0,
11562,504.0,4.0,
11563,508.0,8.0,
11564,503.0,5.0,
11565,502.0,6.0,
11566,602.0,6.0,
11567,502.0,7.0,
11568,511.0,6.0,
11569,503.0,6.0,
11570,507.0,6.0,
11571,601.0,6.0,
11572,503.0,6.0,
11573,411.0,6.0,
11574,503.0,1.0,
11575,510.0,6.0,
11576,510.0,6.0,
11577,505.0,6.0,
11578,502.0,6.0,
11579,509.0,6.0,
11580,600.0,8.0,
11581,509.0,6.0,
11582,504.0,6.0,
11583,508.0,7.0,
11584,603.0,5.0,
11585,508.0,6.0,
11586,601.0,8.0,
11587,502.0,6.0,
11588,511.0,1.0,
11589,508.0,8.0,
11590,502.0,1.0,
11591,600.0,2.0,
11592,506.0,4.0,
11593,506.0,1.0,
11594,508.0,8.0,
11595,507.0,3.0,
11596,509.0,7.0,
11597,504.0,7.0,
11598,502.0,6.0,
11599,505.0,8.0,
11600,504.0,8.0,
11601,507.0,7.0,
11602,507.0,1.0,
11603,506.0,3.0,
11604,507.0,6.0,
11605,510.0,,
11606,500.0,8.0,
11607,600.0,6.0,
11608,,2.0,
11609,,8.0,
11610,510.0,6.0,
11611,,8.0,
11612,,6.0,
11613,506.0,1.0,
11614,600.0,8.0,
11615,508.0,6.0,
11616,505.0,6.0,
11617,505.0,1.0,
11618,510.0,6.0,
11619,504.0,7.0,
11620,510.0,6.0,
11621,506.0,1.0,
11622,507.0,5.0,
11623,508.0,7.0,
11624,7.0,1.0,
11625,504.0,1.0,
11626,506.0,8.0,
11627,511.0,7.0,
11628,,,
11629,609.0,6.0,
11630,510.0,,
11631,601.0,5.0,
11632,600.0,8.0,
11633,506.0,1.0,
11634,504.0,8.0,
11635,601.0,6.0,
11636,506.0,4.0,
11637,510.0,1.0,
11638,504.0,8.0,
11639,508.0,6.0,
11640,,7.0,
11641,,8.0,
11642,,3.0,
11643,,6.0,
11644,508.0,,
11645,510.0,8.0,
11646,503.0,2.0,
11647,503.0,8.0,
11648,508.0,,
11649,509.0,6.0,
11650,,6.0,
11651,506.0,7.0,
11652,,6.0,
11653,601.0,1.0,
11654,509.0,6.0,
11655,508.0,5.0,
11656,503.0,8.0,
11657,511.0,6.0,
11658,507.0,8.0,
11659,600.0,,
11660,504.0,6.0,
11661,507.0,1.0,
11662,501.0,,
11663,509.0,8.0,
11664,503.0,6.0,
11665,508.0,7.0,
11666,600.0,7.0,
11667,510.0,8.0,
11668,508.0,6.0,
11669,509.0,7.0,
11670,503.0,6.0,
11671,502.0,8.0,
11672,409.0,6.0,
11673,508.0,1.0,
11674,501.0,3.0,
11675,601.0,6.0,
11676,600.0,7.0,
11677,506.0,,
11678,510.0,,
11679,504.0,5.0,
11680,505.0,7.0,
11681,504.0,6.0,
11682,510.0,6.0,
11683,506.0,8.0,
11684,411.0,8.0,
11685,510.0,6.0,
11686,509.0,8.0,
11687,505.0,8.0,
11688,500.0,8.0,
11689,503.0,6.0,
11690,506.0,2.0,
11691,504.0,6.0,
11692,504.0,6.0,
11693,503.0,8.0,
11694,504.0,8.0,
11695,507.0,2.0,
11696,502.0,6.0,
11697,500.0,6.0,
11698,600.0,8.0,
11699,503.0,1.0,
11700,507.0,,
11701,504.0,8.0,
11702,504.0,6.0,
11703,600.0,1.0,
11704,503.0,4.0,
11705,502.0,7.0,
11706,507.0,7.0,
11707,506.0,4.0,
11708,511.0,6.0,
11709,508.0,6.0,
11710,510.0,1.0,
11711,506.0,8.0,
11712,509.0,8.0,
11713,505.0,6.0,
11714,503.0,5.0,
11715,505.0,5.0,
11716,602.0,1.0,
11717,505.0,4.0,
11718,505.0,8.0,
11719,300.0,7.0,
11720,505.0,7.0,
11721,509.0,6.0,
11722,511.0,6.0,
11723,504.0,8.0,
11724,510.0,7.0,
11725,511.0,1.0,
11726,604.0,8.0,
11727,509.0,6.0,
11728,508.0,8.0,
11729,505.0,6.0,
11730,504.0,8.0,
11731,502.0,8.0,
11732,510.0,1.0,
11733,507.0,6.0,
11734,509.0,8.0,
11735,507.0,7.0,
11736,506.0,1.0,
11737,503.0,6.0,
11738,504.0,6.0,
11739,511.0,5.0,
11740,600.0,7.0,
11741,507.0,6.0,
11742,511.0,1.0,
11743,601.0,8.0,
11744,511.0,6.0,
11745,507.0,6.0,
11746,507.0,8.0,
11747,502.0,7.0,
11748,510.0,6.0,
11749,511.0,7.0,
11750,601.0,8.0,
11751,504.0,1.0,
11752,502.0,6.0,
11753,601.0,1.0,
11754,504.0,1.0,
11755,503.0,1.0,
11756,510.0,1.0,
11757,502.0,5.0,
11758,501.0,8.0,
11759,603.0,1.0,
11760,504.0,6.0,
11761,602.0,4.0,
11762,601.0,6.0,
11763,507.0,8.0,
11764,602.0,8.0,
11765,502.0,8.0,
11766,504.0,6.0,
11767,505.0,8.0,
11768,501.0,2.0,
11769,601.0,6.0,
11770,502.0,7.0,
11771,510.0,6.0,
11772,506.0,8.0,
11773,500.0,8.0,
11774,508.0,6.0,
11775,603.0,4.0,
11776,600.0,5.0,
11777,601.0,1.0,
11778,500.0,8.0,
11779,510.0,7.0,
11780,,6.0,
11781,,6.0,
11782,,1.0,
11783,,7.0,
11784,,8.0,
11785,,8.0,
11786,602.0,7.0,
11787,508.0,8.0,
11788,5.0,4.0,
11789,600.0,1.0,
11790,602.0,8.0,
11791,505.0,6.0,
11792,511.0,5.0,
11793,600.0,5.0,
11794,501.0,4.0,
11795,502.0,4.0,
11796,504.0,7.0,
11797,506.0,6.0,
11798,506.0,1.0,
11799,508.0,1.0,
11800,601.0,3.0,
11801,504.0,6.0,
11802,504.0,5.0,
11803,511.0,1.0,
11804,507.0,6.0,
11805,508.0,8.0,
11806,602.0,1.0,
11807,,1.0,
11808,,8.0,
11809,506.0,6.0,
11810,,8.0,
11811,604.0,6.0,
11812,,4.0,
11813,,3.0,
11814,503.0,8.0,
11815,508.0,8.0,
11816,,8.0,
11817,505.0,8.0,
11818,506.0,8.0,
11819,5.0,6.0,
11820,507.0,8.0,
11821,510.0,1.0,
11822,511.0,1.0,
11823,504.0,8.0,
11824,511.0,6.0,
11825,504.0,6.0,
11826,506.0,1.0,
11827,509.0,5.0,
11828,503.0,6.0,
11829,510.0,6.0,
11830,509.0,8.0,
11831,504.0,8.0,
11832,511.0,2.0,
11833,509.0,2.0,
11834,509.0,8.0,
11835,510.0,6.0,
11836,502.0,6.0,
11837,506.0,4.0,
11838,510.0,6.0,
11839,411.0,8.0,
11840,511.0,2.0,
11841,510.0,8.0,
11842,506.0,6.0,
11843,600.0,6.0,
11844,602.0,4.0,
11845,505.0,8.0,
11846,600.0,8.0,
11847,506.0,7.0,
11848,501.0,8.0,
11849,507.0,6.0,
11850,,4.0,
11851,506.0,8.0,
11852,508.0,7.0,
11853,503.0,8.0,
11854,507.0,8.0,
11855,507.0,6.0,
11856,506.0,6.0,
11857,600.0,1.0,
11858,,6.0,
11859,508.0,6.0,
11860,600.0,7.0,
11861,510.0,8.0,
11862,507.0,6.0,
11863,504.0,8.0,
11864,503.0,6.0,
11865,711.0,5.0,
11866,506.0,8.0,
11867,503.0,8.0,
11868,600.0,6.0,
11869,510.0,8.0,
11870,506.0,8.0,
11871,600.0,7.0,
11872,507.0,6.0,
11873,601.0,6.0,
11874,502.0,6.0,
11875,510.0,1.0,
11876,500.0,8.0,
11877,505.0,6.0,
11878,503.0,8.0,
11879,505.0,8.0,
11880,505.0,1.0,
11881,507.0,8.0,
11882,505.0,8.0,
11883,501.0,8.0,
11884,511.0,6.0,
11885,504.0,8.0,
11886,508.0,6.0,
11887,411.0,4.0,
11888,600.0,1.0,
11889,508.0,4.0,
11890,511.0,7.0,
11891,511.0,1.0,
11892,500.0,,
11893,600.0,8.0,
11894,509.0,7.0,
11895,407.0,2.0,
11896,5.0,1.0,
11897,506.0,6.0,
11898,511.0,5.0,
11899,602.0,1.0,
11900,506.0,8.0,
11901,508.0,6.0,
11902,508.0,6.0,
11903,,6.0,
11904,508.0,8.0,
11905,510.0,8.0,
11906,602.0,8.0,
11907,510.0,8.0,
11908,503.0,6.0,
11909,504.0,5.0,
11910,503.0,7.0,
11911,506.0,8.0,
11912,504.0,6.0,
11913,505.0,8.0,
11914,502.0,6.0,
11915,504.0,7.0,
11916,505.0,2.0,
11917,505.0,6.0,
11918,502.0,1.0,
11919,506.0,8.0,
11920,600.0,6.0,
11921,503.0,5.0,
11922,507.0,8.0,
11923,509.0,6.0,
11924,505.0,6.0,
11925,602.0,1.0,
11926,503.0,1.0,
11927,503.0,8.0,
11928,505.0,8.0,
11929,601.0,6.0,
11930,501.0,2.0,
11931,507.0,5.0,
11932,601.0,1.0,
11933,504.0,3.0,
11934,603.0,,
11935,507.0,6.0,
11936,502.0,8.0,
11937,508.0,6.0,
11938,505.0,6.0,
11939,501.0,7.0,
11940,511.0,8.0,
11941,600.0,8.0,
11942,504.0,1.0,
11943,509.0,8.0,
11944,507.0,8.0,
11945,510.0,8.0,
11946,511.0,6.0,
11947,504.0,6.0,
11948,505.0,7.0,
11949,504.0,6.0,
11950,600.0,7.0,
11951,503.0,8.0,
11952,511.0,8.0,
11953,600.0,8.0,
11954,505.0,3.0,
11955,600.0,6.0,
11956,504.0,1.0,
11957,600.0,1.0,
11958,508.0,6.0,
11959,502.0,8.0,
11960,600.0,4.0,
11961,501.0,6.0,
11962,602.0,4.0,
11963,508.0,6.0,
11964,507.0,6.0,
11965,600.0,8.0,
11966,507.0,1.0,
11967,509.0,3.0,
11968,507.0,2.0,
11969,508.0,6.0,
11970,506.0,2.0,
11971,503.0,8.0,
11972,510.0,8.0,
11973,409.0,8.0,
11974,507.0,6.0,
11975,507.0,6.0,
11976,502.0,6.0,
11977,505.0,6.0,
11978,507.0,6.0,
11979,505.0,8.0,
11980,509.0,6.0,
11981,506.0,8.0,
11982,511.0,6.0,
11983,500.0,8.0,
11984,600.0,7.0,
11985,508.0,8.0,
11986,506.0,7.0,
11987,504.0,7.0,
11988,507.0,8.0,
11989,506.0,7.0,
11990,505.0,6.0,
11991,505.0,1.0,
11992,509.0,7.0,
11993,505.0,6.0,
11994,502.0,6.0,
11995,505.0,6.0,
11996,511.0,6.0,
11997,504.0,6.0,
11998,504.0,7.0,
11999,507.0,7.0,
12000,507.0,6.0,
12001,506.0,8.0,
12002,504.0,5.0,
12003,503.0,7.0,
12004,509.0,6.0,
12005,501.0,6.0,
12006,501.0,8.0,
12007,508.0,6.0,
12008,509.0,1.0,
12009,502.0,8.0,
12010,411.0,8.0,
12011,,6.0,
12012,509.0,,
12013,506.0,7.0,
12014,501.0,6.0,
12015,505.0,8.0,
12016,503.0,2.0,
12017,509.0,6.0,
12018,509.0,,
12019,507.0,6.0,
12020,506.0,6.0,
12021,501.0,1.0,
12022,508.0,6.0,
12023,509.0,1.0,
12024,501.0,6.0,
12025,510.0,1.0,
12026,508.0,,
12027,502.0,2.0,
12028,509.0,1.0,
12029,509.0,1.0,
12030,502.0,1.0,
12031,502.0,8.0,
12032,506.0,7.0,
12033,501.0,2.0,
12034,501.0,6.0,
12035,511.0,6.0,
12036,503.0,5.0,
12037,501.0,6.0,
12038,600.0,6.0,
12039,603.0,8.0,
12040,503.0,6.0,
12041,504.0,8.0,
12042,507.0,7.0,
12043,600.0,8.0,
12044,602.0,6.0,
12045,504.0,6.0,
12046,505.0,6.0,
12047,503.0,6.0,
12048,509.0,6.0,
12049,507.0,,
12050,510.0,6.0,
12051,506.0,1.0,
12052,601.0,8.0,
12053,506.0,6.0,
12054,507.0,4.0,
12055,509.0,1.0,
12056,500.0,6.0,
12057,505.0,2.0,
12058,603.0,1.0,
12059,502.0,8.0,
12060,506.0,6.0,
12061,600.0,6.0,
12062,511.0,6.0,
12063,508.0,6.0,
12064,509.0,6.0,
12065,600.0,8.0,
12066,503.0,1.0,
12067,510.0,6.0,
12068,6.0,1.0,
12069,502.0,8.0,
12070,501.0,5.0,
12071,511.0,6.0,
12072,509.0,7.0,
12073,502.0,1.0,
12074,510.0,7.0,
12075,502.0,3.0,
12076,503.0,6.0,
12077,505.0,1.0,
12078,503.0,,
12079,504.0,8.0,
12080,502.0,6.0,
12081,509.0,8.0,
12082,510.0,8.0,
12083,509.0,1.0,
12084,604.0,6.0,
12085,511.0,6.0,
12086,506.0,8.0,
12087,502.0,8.0,
12088,503.0,5.0,
12089,511.0,6.0,
12090,,1.0,
12091,510.0,6.0,
12092,511.0,1.0,
12093,506.0,7.0,
12094,507.0,4.0,
12095,511.0,6.0,
12096,511.0,8.0,
12097,,5.0,
12098,600.0,6.0,
12099,510.0,6.0,
12100,508.0,7.0,
12101,506.0,5.0,
12102,506.0,6.0,
12103,507.0,6.0,
12104,508.0,7.0,
12105,510.0,7.0,
12106,411.0,6.0,
12107,509.0,8.0,
12108,503.0,6.0,
12109,504.0,5.0,
12110,504.0,4.0,
12111,505.0,4.0,
12112,505.0,6.0,
12113,505.0,6.0,
12114,506.0,5.0,
12115,502.0,5.0,
12116,504.0,6.0,
12117,507.0,5.0,
12118,,6.0,
12119,502.0,8.0,
12120,504.0,4.0,
12121,603.0,,
12122,503.0,8.0,
12123,,6.0,
12124,,5.0,
12125,,8.0,
12126,,1.0,
12127,600.0,7.0,
12128,507.0,3.0,
12129,503.0,,
12130,502.0,4.0,
12131,502.0,8.0,
12132,503.0,2.0,
12133,507.0,7.0,
12134,507.0,6.0,
12135,608.0,6.0,
12136,601.0,6.0,
12137,506.0,8.0,
12138,,6.0,
12139,507.0,2.0,
12140,508.0,4.0,
12141,510.0,1.0,
12142,503.0,,
12143,509.0,8.0,
12144,503.0,8.0,
12145,508.0,1.0,
12146,508.0,6.0,
12147,506.0,6.0,
12148,502.0,1.0,
12149,507.0,6.0,
12150,507.0,6.0,
12151,600.0,2.0,
12152,505.0,8.0,
12153,509.0,4.0,
12154,601.0,3.0,
12155,510.0,8.0,
12156,508.0,7.0,
12157,507.0,8.0,
12158,508.0,5.0,
12159,509.0,6.0,
12160,,6.0,
12161,508.0,1.0,
12162,507.0,6.0,
12163,509.0,8.0,
12164,501.0,7.0,
12165,508.0,8.0,
12166,411.0,6.0,
12167,506.0,1.0,
12168,504.0,8.0,
12169,511.0,1.0,
12170,506.0,7.0,
12171,507.0,6.0,
12172,509.0,1.0,
12173,600.0,8.0,
12174,507.0,5.0,
12175,509.0,6.0,
12176,510.0,8.0,
12177,600.0,1.0,
12178,602.0,8.0,
12179,505.0,8.0,
12180,502.0,8.0,
12181,502.0,6.0,
12182,503.0,6.0,
12183,606.0,6.0,
12184,505.0,8.0,
12185,508.0,5.0,
12186,504.0,8.0,
12187,503.0,6.0,
12188,511.0,6.0,
12189,510.0,8.0,
12190,503.0,6.0,
12191,600.0,8.0,
12192,501.0,8.0,
12193,506.0,6.0,
12194,600.0,7.0,
12195,500.0,8.0,
12196,506.0,8.0,
12197,507.0,8.0,
12198,511.0,6.0,
12199,411.0,6.0,
12200,511.0,5.0,
12201,503.0,8.0,
12202,500.0,6.0,
12203,602.0,6.0,
12204,505.0,6.0,
12205,500.0,8.0,
12206,501.0,7.0,
12207,511.0,6.0,
12208,506.0,4.0,
12209,506.0,3.0,
12210,504.0,8.0,
12211,506.0,6.0,
12212,411.0,6.0,
12213,508.0,8.0,
12214,503.0,6.0,
12215,504.0,7.0,
12216,505.0,6.0,
12217,511.0,6.0,
12218,511.0,4.0,
12219,600.0,4.0,
12220,503.0,8.0,
12221,500.0,8.0,
12222,502.0,8.0,
12223,502.0,7.0,
12224,507.0,6.0,
12225,506.0,6.0,
12226,,6.0,
12227,509.0,6.0,
12228,603.0,8.0,
12229,511.0,8.0,
12230,506.0,6.0,
12231,503.0,7.0,
12232,501.0,8.0,
12233,411.0,8.0,
12234,506.0,7.0,
12235,503.0,8.0,
12236,507.0,6.0,
12237,511.0,8.0,
12238,508.0,6.0,
12239,503.0,8.0,
12240,505.0,6.0,
12241,506.0,6.0,
12242,505.0,8.0,
12243,503.0,7.0,
12244,507.0,8.0,
12245,510.0,8.0,
12246,511.0,6.0,
12247,507.0,5.0,
12248,506.0,6.0,
12249,510.0,6.0,
12250,505.0,6.0,
12251,511.0,8.0,
12252,601.0,8.0,
12253,509.0,8.0,
12254,508.0,6.0,
12255,502.0,5.0,
12256,505.0,8.0,
12257,511.0,2.0,
12258,504.0,1.0,
12259,508.0,7.0,
12260,504.0,7.0,
12261,508.0,6.0,
12262,503.0,6.0,
12263,508.0,6.0,
12264,505.0,6.0,
12265,500.0,6.0,
12266,601.0,8.0,
12267,500.0,8.0,
12268,505.0,8.0,
12269,505.0,4.0,
12270,503.0,8.0,
12271,509.0,6.0,
12272,506.0,8.0,
12273,502.0,6.0,
12274,507.0,8.0,
12275,506.0,6.0,
12276,506.0,5.0,
12277,503.0,6.0,
12278,505.0,8.0,
12279,506.0,8.0,
12280,510.0,5.0,
12281,505.0,8.0,
12282,504.0,8.0,
12283,508.0,6.0,
12284,510.0,,
12285,503.0,6.0,
12286,504.0,6.0,
12287,510.0,8.0,
12288,506.0,8.0,
12289,509.0,5.0,
12290,505.0,6.0,
12291,509.0,8.0,
12292,500.0,8.0,
12293,600.0,8.0,
12294,502.0,6.0,
12295,505.0,6.0,
12296,505.0,6.0,
12297,510.0,7.0,
12298,504.0,6.0,
12299,504.0,7.0,
12300,504.0,8.0,
12301,506.0,8.0,
12302,600.0,6.0,
12303,601.0,6.0,
12304,506.0,6.0,
12305,506.0,6.0,
12306,503.0,8.0,
12307,510.0,6.0,
12308,505.0,8.0,
12309,506.0,8.0,
12310,605.0,6.0,
12311,507.0,4.0,
12312,503.0,8.0,
12313,500.0,6.0,
12314,505.0,7.0,
12315,509.0,6.0,
12316,502.0,6.0,
12317,600.0,7.0,
12318,600.0,6.0,
12319,501.0,8.0,
12320,,6.0,
12321,502.0,6.0,
12322,,6.0,
12323,502.0,6.0,
12324,,7.0,
12325,,8.0,
12326,,6.0,
12327,507.0,8.0,
12328,502.0,6.0,
12329,505.0,6.0,
12330,502.0,6.0,
12331,507.0,6.0,
12332,508.0,6.0,
12333,510.0,8.0,
12334,509.0,8.0,
12335,502.0,8.0,
12336,602.0,6.0,
12337,503.0,8.0,
12338,505.0,8.0,
12339,505.0,8.0,
12340,500.0,8.0,
12341,504.0,7.0,
12342,504.0,6.0,
12343,510.0,7.0,
12344,506.0,7.0,
12345,503.0,5.0,
12346,600.0,5.0,
12347,502.0,8.0,
12348,506.0,8.0,
12349,503.0,6.0,
12350,411.0,8.0,
12351,500.0,8.0,
12352,508.0,6.0,
12353,501.0,8.0,
12354,508.0,6.0,
12355,506.0,8.0,
12356,507.0,6.0,
12357,500.0,8.0,
12358,505.0,6.0,
12359,505.0,8.0,
12360,507.0,8.0,
12361,501.0,6.0,
12362,504.0,6.0,
12363,506.0,7.0,
12364,,4.0,
12365,509.0,8.0,
12366,506.0,5.0,
12367,507.0,6.0,
12368,506.0,6.0,
12369,503.0,8.0,
12370,506.0,8.0,
12371,603.0,8.0,
12372,506.0,6.0,
12373,500.0,8.0,
12374,510.0,6.0,
12375,503.0,8.0,
12376,507.0,8.0,
12377,509.0,6.0,
12378,600.0,7.0,
12379,508.0,6.0,
12380,502.0,8.0,
12381,511.0,3.0,
12382,604.0,5.0,
12383,507.0,6.0,
12384,506.0,6.0,
12385,506.0,8.0,
12386,506.0,6.0,
12387,500.0,7.0,
12388,510.0,8.0,
12389,502.0,6.0,
12390,503.0,8.0,
12391,509.0,8.0,
12392,506.0,7.0,
12393,505.0,4.0,
12394,,6.0,
12395,508.0,7.0,
12396,508.0,8.0,
12397,507.0,6.0,
12398,503.0,7.0,
12399,510.0,7.0,
12400,504.0,8.0,
12401,502.0,8.0,
12402,508.0,6.0,
12403,504.0,8.0,
12404,503.0,8.0,
12405,505.0,3.0,
12406,508.0,8.0,
12407,506.0,6.0,
12408,502.0,6.0,
12409,507.0,7.0,
12410,502.0,6.0,
12411,502.0,8.0,
12412,504.0,6.0,
12413,507.0,7.0,
12414,511.0,6.0,
12415,505.0,4.0,
12416,506.0,6.0,
12417,509.0,6.0,
12418,506.0,6.0,
12419,503.0,6.0,
12420,507.0,1.0,
12421,505.0,8.0,
12422,504.0,6.0,
12423,603.0,7.0,
12424,506.0,7.0,
12425,504.0,1.0,
12426,503.0,8.0,
12427,509.0,7.0,
12428,600.0,2.0,
12429,600.0,6.0,
12430,602.0,6.0,
12431,509.0,6.0,
12432,506.0,6.0,
12433,511.0,8.0,
12434,505.0,1.0,
12435,507.0,1.0,
12436,507.0,5.0,
12437,508.0,8.0,
12438,601.0,8.0,
12439,501.0,8.0,
12440,501.0,6.0,
12441,501.0,6.0,
12442,511.0,8.0,
12443,411.0,6.0,
12444,506.0,6.0,
12445,508.0,1.0,
12446,507.0,5.0,
12447,506.0,6.0,
12448,509.0,2.0,
12449,503.0,8.0,
12450,504.0,8.0,
12451,505.0,5.0,
12452,508.0,6.0,
12453,511.0,6.0,
12454,510.0,7.0,
12455,502.0,6.0,
12456,605.0,2.0,
12457,511.0,8.0,
12458,411.0,6.0,
12459,508.0,1.0,
12460,510.0,8.0,
12461,503.0,8.0,
12462,600.0,6.0,
12463,504.0,5.0,
12464,502.0,8.0,
12465,503.0,8.0,
12466,510.0,8.0,
12467,510.0,3.0,
12468,509.0,6.0,
12469,503.0,8.0,
12470,505.0,6.0,
12471,505.0,6.0,
12472,508.0,6.0,
12473,507.0,6.0,
12474,509.0,7.0,
12475,607.0,8.0,
12476,501.0,8.0,
12477,506.0,8.0,
12478,511.0,2.0,
12479,506.0,6.0,
12480,507.0,8.0,
12481,502.0,1.0,
12482,503.0,6.0,
12483,506.0,6.0,
12484,503.0,8.0,
12485,507.0,8.0,
12486,,8.0,
12487,511.0,4.0,
12488,503.0,8.0,
12489,502.0,6.0,
12490,510.0,1.0,
12491,502.0,8.0,
12492,505.0,8.0,
12493,603.0,8.0,
12494,504.0,8.0,
12495,506.0,8.0,
12496,510.0,8.0,
12497,610.0,6.0,
12498,511.0,6.0,
12499,506.0,6.0,
12500,505.0,1.0,
12501,504.0,8.0,
12502,504.0,6.0,
12503,502.0,8.0,
12504,510.0,6.0,
12505,503.0,8.0,
12506,507.0,8.0,
12507,511.0,6.0,
12508,600.0,6.0,
12509,508.0,8.0,
12510,,8.0,
12511,502.0,8.0,
12512,507.0,8.0,
12513,600.0,7.0,
12514,410.0,5.0,
12515,509.0,6.0,
12516,411.0,4.0,
12517,600.0,6.0,
12518,508.0,6.0,
12519,503.0,5.0,
12520,507.0,7.0,
12521,600.0,6.0,
12522,509.0,1.0,
12523,501.0,8.0,
12524,500.0,6.0,
12525,601.0,6.0,
12526,502.0,8.0,
12527,510.0,8.0,
12528,509.0,8.0,
12529,509.0,8.0,
12530,502.0,8.0,
12531,510.0,6.0,
12532,505.0,8.0,
12533,502.0,8.0,
12534,506.0,8.0,
12535,506.0,6.0,
12536,600.0,6.0,
12537,510.0,1.0,
12538,505.0,6.0,
12539,507.0,8.0,
12540,503.0,8.0,
12541,505.0,8.0,
12542,511.0,8.0,
12543,509.0,8.0,
12544,600.0,8.0,
12545,504.0,7.0,
12546,507.0,8.0,
12547,511.0,6.0,
12548,603.0,8.0,
12549,508.0,2.0,
12550,502.0,5.0,
12551,411.0,8.0,
12552,503.0,8.0,
12553,507.0,8.0,
12554,508.0,7.0,
12555,506.0,8.0,
12556,509.0,6.0,
12557,508.0,8.0,
12558,600.0,8.0,
12559,505.0,4.0,
12560,510.0,4.0,
12561,510.0,6.0,
12562,,8.0,
12563,711.0,8.0,
12564,411.0,7.0,
12565,508.0,8.0,
12566,502.0,8.0,
12567,,5.0,
12568,601.0,1.0,
12569,504.0,6.0,
12570,602.0,8.0,
12571,508.0,6.0,
12572,505.0,6.0,
12573,600.0,6.0,
12574,509.0,3.0,
12575,602.0,8.0,
12576,510.0,4.0,
12577,600.0,8.0,
12578,502.0,8.0,
12579,504.0,6.0,
12580,501.0,8.0,
12581,508.0,6.0,
12582,507.0,6.0,
12583,502.0,6.0,
12584,502.0,1.0,
12585,510.0,6.0,
12586,505.0,8.0,
12587,600.0,6.0,
12588,508.0,1.0,
12589,502.0,6.0,
12590,503.0,8.0,
12591,507.0,5.0,
12592,506.0,3.0,
12593,500.0,6.0,
12594,505.0,3.0,
12595,500.0,1.0,
12596,504.0,6.0,
12597,506.0,6.0,
12598,509.0,6.0,
12599,510.0,7.0,
12600,600.0,7.0,
12601,503.0,1.0,
12602,601.0,6.0,
12603,506.0,8.0,
12604,502.0,7.0,
12605,506.0,8.0,
12606,503.0,8.0,
12607,505.0,1.0,
12608,508.0,8.0,
12609,508.0,6.0,
12610,507.0,6.0,
12611,505.0,6.0,
12612,510.0,3.0,
12613,510.0,6.0,
12614,501.0,6.0,
12615,600.0,,
12616,507.0,1.0,
12617,508.0,8.0,
12618,503.0,2.0,
12619,600.0,2.0,
12620,502.0,6.0,
12621,504.0,6.0,
12622,504.0,8.0,
12623,600.0,8.0,
12624,504.0,8.0,
12625,501.0,6.0,
12626,507.0,7.0,
12627,502.0,8.0,
12628,500.0,,
12629,602.0,1.0,
12630,509.0,2.0,
12631,503.0,8.0,
12632,507.0,8.0,
12633,508.0,6.0,
12634,606.0,4.0,
12635,602.0,7.0,
12636,502.0,6.0,
12637,505.0,6.0,
12638,506.0,6.0,
12639,506.0,8.0,
12640,601.0,6.0,
12641,503.0,5.0,
12642,510.0,8.0,
12643,505.0,6.0,
12644,504.0,6.0,
12645,502.0,6.0,
12646,509.0,8.0,
12647,604.0,7.0,
12648,509.0,8.0,
12649,508.0,7.0,
12650,508.0,6.0,
12651,503.0,8.0,
12652,503.0,8.0,
12653,509.0,6.0,
12654,510.0,6.0,
12655,600.0,6.0,
12656,501.0,8.0,
12657,503.0,6.0,
12658,501.0,8.0,
12659,510.0,6.0,
12660,504.0,6.0,
12661,507.0,6.0,
12662,508.0,5.0,
12663,603.0,4.0,
12664,503.0,8.0,
12665,506.0,,
12666,511.0,7.0,
12667,501.0,6.0,
12668,603.0,6.0,
12669,508.0,6.0,
12670,503.0,8.0,
12671,505.0,5.0,
12672,601.0,6.0,
12673,506.0,8.0,
12674,600.0,1.0,
12675,503.0,6.0,
12676,504.0,6.0,
12677,507.0,7.0,
12678,502.0,6.0,
12679,509.0,8.0,
12680,411.0,1.0,
12681,504.0,8.0,
12682,506.0,6.0,
12683,607.0,6.0,
12684,505.0,1.0,
12685,503.0,6.0,
12686,510.0,6.0,
12687,505.0,6.0,
12688,503.0,6.0,
12689,509.0,8.0,
12690,510.0,1.0,
12691,503.0,6.0,
12692,511.0,1.0,
12693,,6.0,
12694,502.0,7.0,
12695,505.0,1.0,
12696,,6.0,
12697,500.0,8.0,
12698,503.0,6.0,
12699,510.0,8.0,
12700,509.0,8.0,
12701,502.0,8.0,
12702,504.0,6.0,
12703,602.0,6.0,
12704,511.0,8.0,
12705,503.0,8.0,
12706,,6.0,
12707,510.0,8.0,
12708,511.0,6.0,
12709,502.0,6.0,
12710,601.0,8.0,
12711,509.0,1.0,
12712,507.0,6.0,
12713,511.0,8.0,
12714,505.0,6.0,
12715,504.0,8.0,
12716,506.0,4.0,
12717,600.0,5.0,
12718,505.0,6.0,
12719,509.0,8.0,
12720,511.0,6.0,
12721,508.0,6.0,
12722,505.0,6.0,
12723,410.0,4.0,
12724,507.0,8.0,
12725,506.0,6.0,
12726,601.0,8.0,
12727,,1.0,
12728,500.0,5.0,
12729,510.0,2.0,
12730,506.0,8.0,
12731,501.0,6.0,
12732,510.0,2.0,
12733,505.0,8.0,
12734,502.0,6.0,
12735,505.0,2.0,
12736,505.0,1.0,
12737,,6.0,
12738,501.0,1.0,
12739,503.0,6.0,
12740,,8.0,
12741,507.0,8.0,
12742,509.0,5.0,
12743,503.0,5.0,
12744,600.0,8.0,
12745,511.0,8.0,
12746,509.0,6.0,
12747,503.0,7.0,
12748,501.0,7.0,
12749,504.0,5.0,
12750,505.0,4.0,
12751,503.0,6.0,
12752,503.0,8.0,
12753,505.0,8.0,
12754,500.0,8.0,
12755,502.0,6.0,
12756,503.0,4.0,
12757,506.0,6.0,
12758,507.0,8.0,
12759,503.0,8.0,
12760,504.0,8.0,
12761,501.0,8.0,
12762,503.0,6.0,
12763,504.0,8.0,
12764,504.0,8.0,
12765,505.0,6.0,
12766,,6.0,
12767,506.0,6.0,
12768,509.0,8.0,
12769,508.0,8.0,
12770,503.0,8.0,
12771,511.0,8.0,
12772,508.0,6.0,
12773,502.0,6.0,
12774,510.0,8.0,
12775,503.0,6.0,
12776,511.0,7.0,
12777,502.0,,
12778,504.0,,
12779,600.0,8.0,
12780,503.0,8.0,
12781,507.0,6.0,
12782,509.0,6.0,
12783,507.0,6.0,
12784,511.0,6.0,
12785,508.0,7.0,
12786,511.0,8.0,
12787,508.0,7.0,
12788,505.0,2.0,
12789,601.0,6.0,
12790,502.0,6.0,
12791,502.0,3.0,
12792,502.0,8.0,
12793,601.0,1.0,
12794,600.0,8.0,
12795,510.0,8.0,
12796,600.0,8.0,
12797,601.0,8.0,
12798,600.0,7.0,
12799,503.0,6.0,
12800,508.0,7.0,
12801,508.0,8.0,
12802,507.0,3.0,
12803,500.0,5.0,
12804,502.0,4.0,
12805,507.0,5.0,
12806,509.0,5.0,
12807,506.0,5.0,
12808,500.0,8.0,
12809,601.0,2.0,
12810,501.0,6.0,
12811,507.0,1.0,
12812,503.0,6.0,
12813,711.0,1.0,
12814,506.0,5.0,
12815,505.0,5.0,
12816,508.0,2.0,
12817,509.0,6.0,
12818,504.0,8.0,
12819,600.0,7.0,
12820,502.0,7.0,
12821,506.0,6.0,
12822,511.0,1.0,
12823,502.0,8.0,
12824,501.0,8.0,
12825,506.0,3.0,
12826,505.0,6.0,
12827,502.0,6.0,
12828,509.0,5.0,
12829,501.0,5.0,
12830,507.0,5.0,
12831,509.0,8.0,
12832,509.0,2.0,
12833,509.0,8.0,
12834,507.0,8.0,
12835,500.0,6.0,
12836,601.0,5.0,
12837,,1.0,
12838,510.0,6.0,
12839,601.0,2.0,
12840,503.0,4.0,
12841,508.0,8.0,
12842,504.0,8.0,
12843,501.0,8.0,
12844,507.0,7.0,
12845,511.0,8.0,
12846,506.0,7.0,
12847,,8.0,
12848,508.0,7.0,
12849,507.0,2.0,
12850,600.0,8.0,
12851,502.0,8.0,
12852,600.0,2.0,
12853,503.0,1.0,
12854,502.0,,
12855,505.0,5.0,
12856,507.0,6.0,
12857,504.0,6.0,
12858,509.0,1.0,
12859,509.0,8.0,
12860,500.0,7.0,
12861,501.0,8.0,
12862,507.0,6.0,
12863,506.0,7.0,
12864,507.0,8.0,
12865,510.0,8.0,
12866,504.0,,
12867,507.0,1.0,
12868,501.0,6.0,
12869,505.0,8.0,
12870,505.0,6.0,
12871,504.0,6.0,
12872,510.0,6.0,
12873,508.0,1.0,
12874,602.0,7.0,
12875,502.0,8.0,
12876,600.0,6.0,
12877,502.0,8.0,
12878,600.0,6.0,
12879,511.0,6.0,
12880,505.0,6.0,
12881,603.0,6.0,
12882,500.0,7.0,
12883,502.0,1.0,
12884,506.0,6.0,
12885,601.0,5.0,
12886,507.0,8.0,
12887,511.0,6.0,
12888,500.0,8.0,
12889,507.0,1.0,
12890,511.0,2.0,
12891,507.0,6.0,
12892,508.0,4.0,
12893,504.0,6.0,
12894,505.0,1.0,
12895,503.0,6.0,
12896,501.0,8.0,
12897,506.0,7.0,
12898,508.0,8.0,
12899,505.0,1.0,
12900,505.0,2.0,
12901,505.0,8.0,
12902,505.0,6.0,
12903,504.0,5.0,
12904,410.0,5.0,
12905,501.0,6.0,
12906,502.0,6.0,
12907,502.0,8.0,
12908,510.0,1.0,
12909,503.0,8.0,
12910,508.0,6.0,
12911,508.0,6.0,
12912,508.0,6.0,
12913,503.0,2.0,
12914,410.0,3.0,
12915,506.0,6.0,
12916,507.0,,
12917,504.0,7.0,
12918,500.0,8.0,
12919,411.0,8.0,
12920,505.0,6.0,
12921,506.0,6.0,
12922,508.0,1.0,
12923,500.0,8.0,
12924,506.0,1.0,
12925,507.0,5.0,
12926,508.0,5.0,
12927,507.0,7.0,
12928,501.0,4.0,
12929,,8.0,
12930,501.0,7.0,
12931,504.0,1.0,
12932,508.0,7.0,
12933,505.0,6.0,
12934,504.0,8.0,
12935,502.0,8.0,
12936,504.0,6.0,
12937,504.0,6.0,
12938,500.0,1.0,
12939,505.0,8.0,
12940,508.0,6.0,
12941,509.0,8.0,
12942,508.0,6.0,
12943,501.0,8.0,
12944,507.0,6.0,
12945,505.0,6.0,
12946,506.0,6.0,
12947,509.0,7.0,
12948,600.0,7.0,
12949,506.0,8.0,
12950,505.0,8.0,
12951,508.0,8.0,
12952,600.0,1.0,
12953,503.0,6.0,
12954,508.0,6.0,
12955,511.0,7.0,
12956,507.0,8.0,
12957,505.0,6.0,
12958,502.0,6.0,
12959,506.0,1.0,
12960,501.0,8.0,
12961,505.0,8.0,
12962,505.0,6.0,
12963,506.0,6.0,
12964,509.0,8.0,
12965,411.0,8.0,
12966,500.0,8.0,
12967,503.0,8.0,
12968,506.0,6.0,
12969,506.0,5.0,
12970,507.0,8.0,
12971,506.0,8.0,
12972,505.0,8.0,
12973,500.0,7.0,
12974,507.0,7.0,
12975,510.0,6.0,
12976,508.0,8.0,
12977,510.0,6.0,
12978,508.0,8.0,
12979,509.0,1.0,
12980,508.0,6.0,
12981,502.0,8.0,
12982,510.0,8.0,
12983,509.0,7.0,
12984,510.0,1.0,
12985,507.0,6.0,
12986,511.0,4.0,
12987,507.0,8.0,
12988,509.0,8.0,
12989,501.0,8.0,
12990,408.0,8.0,
12991,411.0,6.0,
12992,502.0,8.0,
12993,504.0,6.0,
12994,505.0,6.0,
12995,501.0,6.0,
12996,509.0,6.0,
12997,505.0,5.0,
12998,506.0,8.0,
12999,411.0,6.0,
13000,503.0,8.0,
13001,500.0,6.0,
13002,409.0,8.0,
13003,500.0,8.0,
13004,500.0,,
13005,503.0,,
13006,504.0,1.0,
13007,500.0,8.0,
13008,507.0,6.0,
13009,504.0,6.0,
13010,500.0,8.0,
13011,500.0,6.0,
13012,504.0,8.0,
13013,505.0,6.0,
13014,505.0,4.0,
13015,506.0,4.0,
13016,505.0,2.0,
13017,504.0,6.0,
13018,507.0,6.0,
13019,500.0,1.0,
13020,501.0,6.0,
13021,507.0,5.0,
13022,600.0,6.0,
13023,411.0,8.0,
13024,409.0,6.0,
13025,411.0,6.0,
13026,504.0,8.0,
13027,411.0,6.0,
13028,500.0,6.0,
13029,501.0,8.0,
13030,502.0,6.0,
13031,502.0,8.0,
13032,505.0,8.0,
13033,506.0,6.0,
13034,504.0,7.0,
13035,511.0,6.0,
13036,600.0,8.0,
13037,501.0,6.0,
13038,501.0,6.0,
13039,506.0,8.0,
13040,508.0,2.0,
13041,510.0,5.0,
13042,510.0,7.0,
13043,507.0,6.0,
13044,503.0,6.0,
13045,504.0,8.0,
13046,410.0,6.0,
13047,501.0,8.0,
13048,505.0,6.0,
13049,602.0,4.0,
13050,508.0,8.0,
13051,510.0,6.0,
13052,503.0,6.0,
13053,600.0,8.0,
13054,505.0,8.0,
13055,508.0,8.0,
13056,509.0,1.0,
13057,603.0,1.0,
13058,502.0,6.0,
13059,506.0,6.0,
13060,510.0,4.0,
13061,506.0,6.0,
13062,6.0,1.0,
13063,501.0,8.0,
13064,508.0,6.0,
13065,505.0,1.0,
13066,504.0,6.0,
13067,503.0,8.0,
13068,504.0,8.0,
13069,601.0,6.0,
13070,505.0,6.0,
13071,504.0,6.0,
13072,511.0,6.0,
13073,511.0,6.0,
13074,506.0,6.0,
13075,502.0,6.0,
13076,509.0,6.0,
13077,5.0,8.0,
13078,510.0,4.0,
13079,605.0,5.0,
13080,507.0,3.0,
13081,502.0,8.0,
13082,502.0,8.0,
13083,503.0,6.0,
13084,411.0,5.0,
13085,506.0,6.0,
13086,601.0,6.0,
13087,507.0,8.0,
13088,502.0,1.0,
13089,502.0,8.0,
13090,502.0,,
13091,506.0,5.0,
13092,603.0,6.0,
13093,506.0,8.0,
13094,509.0,,
13095,505.0,1.0,
13096,506.0,6.0,
13097,,6.0,
13098,600.0,6.0,
13099,503.0,6.0,
13100,504.0,8.0,
13101,507.0,8.0,
13102,507.0,6.0,
13103,510.0,5.0,
13104,509.0,6.0,
13105,509.0,4.0,
13106,510.0,1.0,
13107,510.0,4.0,
13108,602.0,7.0,
13109,603.0,5.0,
13110,601.0,6.0,
13111,511.0,6.0,
13112,411.0,3.0,
13113,505.0,6.0,
13114,508.0,8.0,
13115,510.0,6.0,
13116,504.0,6.0,
13117,510.0,5.0,
13118,600.0,6.0,
13119,602.0,4.0,
13120,408.0,6.0,
13121,503.0,6.0,
13122,504.0,6.0,
13123,511.0,6.0,
13124,605.0,7.0,
13125,507.0,6.0,
13126,505.0,8.0,
13127,506.0,6.0,
13128,411.0,,
13129,501.0,6.0,
13130,601.0,7.0,
13131,508.0,8.0,
13132,505.0,1.0,
13133,509.0,6.0,
13134,508.0,6.0,
13135,411.0,6.0,
13136,411.0,1.0,
13137,505.0,2.0,
13138,508.0,8.0,
13139,504.0,8.0,
13140,600.0,8.0,
13141,507.0,1.0,
13142,504.0,1.0,
13143,506.0,3.0,
13144,500.0,2.0,
13145,507.0,8.0,
13146,500.0,,
13147,,,
13148,506.0,,
13149,411.0,,
13150,508.0,8.0,
13151,508.0,8.0,
13152,401.0,,
13153,505.0,8.0,
13154,505.0,1.0,
13155,505.0,6.0,
13156,503.0,3.0,
13157,602.0,3.0,
13158,511.0,5.0,
13159,505.0,2.0,
13160,600.0,2.0,
13161,509.0,1.0,
13162,508.0,4.0,
13163,602.0,5.0,
13164,503.0,5.0,
13165,408.0,5.0,
13166,509.0,4.0,
13167,505.0,4.0,
13168,509.0,3.0,
13169,504.0,,
13170,508.0,3.0,
13171,501.0,,
13172,502.0,,
13173,504.0,2.0,
13174,411.0,2.0,
13175,605.0,3.0,
13176,502.0,8.0,
13177,506.0,8.0,
13178,,2.0,
13179,510.0,6.0,
13180,506.0,1.0,
13181,510.0,1.0,
13182,505.0,7.0,
13183,506.0,7.0,
13184,509.0,5.0,
13185,500.0,6.0,
13186,507.0,3.0,
13187,503.0,6.0,
13188,502.0,8.0,
13189,506.0,8.0,
13190,502.0,8.0,
13191,509.0,6.0,
13192,505.0,8.0,
13193,511.0,8.0,
13194,503.0,1.0,
13195,506.0,,
13196,501.0,4.0,
13197,502.0,6.0,
13198,511.0,8.0,
13199,509.0,7.0,
13200,511.0,6.0,
13201,507.0,6.0,
13202,508.0,1.0,
13203,501.0,6.0,
13204,511.0,,
13205,503.0,2.0,
13206,503.0,2.0,
13207,502.0,2.0,
13208,501.0,1.0,
13209,502.0,1.0,
13210,504.0,8.0,
13211,500.0,4.0,
13212,504.0,1.0,
13213,502.0,8.0,
13214,507.0,1.0,
13215,501.0,2.0,
13216,411.0,1.0,
13217,504.0,3.0,
13218,500.0,1.0,
13219,501.0,8.0,
13220,504.0,6.0,
13221,500.0,8.0,
13222,506.0,1.0,
13223,508.0,3.0,
13224,506.0,6.0,
13225,506.0,8.0,
13226,504.0,6.0,
13227,510.0,4.0,
13228,507.0,4.0,
13229,502.0,8.0,
13230,506.0,8.0,
13231,504.0,8.0,
13232,506.0,8.0,
13233,502.0,1.0,
13234,600.0,1.0,
13235,410.0,6.0,
13236,502.0,8.0,
13237,505.0,8.0,
13238,506.0,6.0,
13239,410.0,8.0,
13240,507.0,2.0,
13241,507.0,2.0,
13242,403.0,1.0,
13243,507.0,8.0,
13244,506.0,6.0,
13245,405.0,1.0,
13246,500.0,,
13247,505.0,6.0,
13248,411.0,6.0,
13249,506.0,8.0,
13250,505.0,8.0,
13251,507.0,4.0,
13252,508.0,7.0,
13253,504.0,1.0,
13254,503.0,8.0,
13255,508.0,6.0,
13256,505.0,2.0,
13257,505.0,8.0,
13258,500.0,6.0,
13259,,3.0,
13260,502.0,1.0,
13261,502.0,8.0,
13262,501.0,1.0,
13263,509.0,4.0,
13264,511.0,1.0,
13265,305.0,6.0,
13266,506.0,8.0,
13267,503.0,1.0,
13268,411.0,1.0,
13269,502.0,1.0,
13270,503.0,1.0,
13271,411.0,5.0,
13272,501.0,1.0,
13273,501.0,4.0,
13274,500.0,3.0,
13275,501.0,1.0,
13276,500.0,1.0,
13277,502.0,2.0,
13278,501.0,4.0,
13279,501.0,2.0,
13280,505.0,1.0,
13281,504.0,2.0,
13282,603.0,2.0,
13283,605.0,5.0,
13284,501.0,3.0,
13285,507.0,1.0,
13286,411.0,2.0,
13287,504.0,6.0,
13288,502.0,2.0,
13289,500.0,2.0,
13290,506.0,,
13291,600.0,,
13292,504.0,,
13293,508.0,,
13294,503.0,,
13295,504.0,,
13296,510.0,,
13297,601.0,,
13298,505.0,,
13299,502.0,,
13300,503.0,,
13301,510.0,,
13302,507.0,,
13303,507.0,,
13304,411.0,,
13305,505.0,,
13306,603.0,,
13307,506.0,,
13308,509.0,,
13309,504.0,,
13310,506.0,,
13311,503.0,,
13312,600.0,,
13313,504.0,,
13314,506.0,,
13315,601.0,,
13316,501.0,,
13317,502.0,,
13318,511.0,,
13319,602.0,,
13320,5.0,,
13321,505.0,,
13322,504.0,,
13323,503.0,,
13324,509.0,,
13325,603.0,,
13326,507.0,,
13327,509.0,,
13328,507.0,,
13329,600.0,,
13330,508.0,,
13331,509.0,,
13332,602.0,,
13333,505.0,,
13334,503.0,,
13335,509.0,,
13336,511.0,,
13337,505.0,,
13338,600.0,,
13339,505.0,,
13340,504.0,,
13341,505.0,,
13342,600.0,,
13343,503.0,,
13344,504.0,,
13345,604.0,,
13346,711.0,,
13347,509.0,,
13348,602.0,,
13349,509.0,,
13350,507.0,,
13351,504.0,,
13352,501.0,,
13353,503.0,,
13354,502.0,,
13355,507.0,,
13356,501.0,,
13357,502.0,,
13358,510.0,,
13359,508.0,,
13360,510.0,,
13361,501.0,,
13362,510.0,,
13363,505.0,,
13364,601.0,,
13365,505.0,,
13366,510.0,,
13367,504.0,,
13368,510.0,,
13369,600.0,,
13370,600.0,,
13371,510.0,,
13372,510.0,,
13373,500.0,,
13374,600.0,,
13375,,,
13376,507.0,,
13377,509.0,,
13378,509.0,,
13379,506.0,,
13380,503.0,,
13381,509.0,,
13382,510.0,,
13383,602.0,,
13384,509.0,,
13385,504.0,,
13386,504.0,,
13387,508.0,,
13388,506.0,,
13389,507.0,,
13390,603.0,,
13391,504.0,,
13392,510.0,,
13393,506.0,,
13394,604.0,,
13395,600.0,,
13396,503.0,,
13397,511.0,,
13398,601.0,,
13399,603.0,,
13400,508.0,,
13401,502.0,,
13402,600.0,,
13403,503.0,,
13404,601.0,,
13405,507.0,,
13406,511.0,,
13407,502.0,,
13408,504.0,,
13409,501.0,,
13410,504.0,,
13411,410.0,,
13412,5.0,,
13413,509.0,,
13414,510.0,,
13415,507.0,,
13416,511.0,,
13417,601.0,,
13418,502.0,,
13419,508.0,,
13420,505.0,,
13421,507.0,,
13422,511.0,,
13423,602.0,,
13424,608.0,,
13425,601.0,,
13426,506.0,,
13427,509.0,,
13428,507.0,,
13429,502.0,,
13430,505.0,,
13431,708.0,,
13432,507.0,,
13433,509.0,,
13434,600.0,,
13435,505.0,,
13436,506.0,,
13437,506.0,,
13438,510.0,,
13439,508.0,,
13440,503.0,,
13441,510.0,,
13442,601.0,,
13443,508.0,,
13444,510.0,,
13445,602.0,,
13446,506.0,,
13447,503.0,,
13448,602.0,,
13449,508.0,,
13450,510.0,,
13451,505.0,,
13452,504.0,,
13453,506.0,,
13454,503.0,,
13455,502.0,,
13456,608.0,,
13457,510.0,,
13458,610.0,,
13459,603.0,,
13460,504.0,,
13461,509.0,,
13462,510.0,,
13463,507.0,,
13464,506.0,,
13465,300.0,,
13466,510.0,,
13467,504.0,,
13468,505.0,,
13469,502.0,,
13470,300.0,,
13471,507.0,,
13472,601.0,,
13473,508.0,,
13474,501.0,,
13475,507.0,,
13476,603.0,,
13477,502.0,,
13478,511.0,,
13479,511.0,,
13480,507.0,,
13481,505.0,,
13482,510.0,,
13483,600.0,,
13484,508.0,,
13485,507.0,,
13486,605.0,,
13487,510.0,,
13488,505.0,,
13489,509.0,,
13490,506.0,,
13491,601.0,,
13492,606.0,,
13493,501.0,,
13494,507.0,,
13495,506.0,,
13496,503.0,,
13497,502.0,,
13498,504.0,,
13499,506.0,,
13500,504.0,,
13501,601.0,,
13502,507.0,,
13503,602.0,,
13504,509.0,,
13505,510.0,,
13506,509.0,,
13507,505.0,,
13508,511.0,,
13509,605.0,,
13510,506.0,,
13511,503.0,,
13512,711.0,,
13513,509.0,,
13514,600.0,,
13515,411.0,,
13516,602.0,,
13517,605.0,,
13518,511.0,,
13519,600.0,,
13520,602.0,,
13521,600.0,,
13522,507.0,,
13523,410.0,,
13524,507.0,,
13525,508.0,,
13526,507.0,,
13527,509.0,,
13528,509.0,,
13529,409.0,,
13530,602.0,,
13531,507.0,,
13532,603.0,,
13533,602.0,,
13534,603.0,,
13535,601.0,,
13536,505.0,,
13537,510.0,,
13538,700.0,,
13539,600.0,,
13540,500.0,,
13541,511.0,,
13542,505.0,,
13543,511.0,,
13544,501.0,,
13545,511.0,,
13546,505.0,,
13547,510.0,,
13548,508.0,,
13549,509.0,,
13550,504.0,,
13551,508.0,,
13552,507.0,,
13553,507.0,,
13554,501.0,,
13555,509.0,,
13556,510.0,,
13557,506.0,,
13558,504.0,,
13559,509.0,,
13560,508.0,,
13561,602.0,,
13562,501.0,,
13563,503.0,,
13564,507.0,,
13565,504.0,,
13566,503.0,,
13567,,,
13568,600.0,,
13569,505.0,,
13570,510.0,,
13571,511.0,,
13572,600.0,,
13573,511.0,,
13574,506.0,,
13575,504.0,,
13576,509.0,,
13577,505.0,,
13578,503.0,,
13579,508.0,,
13580,507.0,,
13581,508.0,,
13582,503.0,,
13583,510.0,,
13584,500.0,,
13585,506.0,,
13586,509.0,,
13587,510.0,,
13588,504.0,,
13589,506.0,,
13590,511.0,,
13591,506.0,,
13592,510.0,,
13593,506.0,,
13594,604.0,,
13595,507.0,,
13596,508.0,,
13597,506.0,,
13598,,,
13599,504.0,,
13600,507.0,,
13601,503.0,,
13602,600.0,,
13603,503.0,,
13604,506.0,,
13605,600.0,,
13606,411.0,,
13607,504.0,,
13608,506.0,,
13609,505.0,,
13610,508.0,,
13611,504.0,,
13612,508.0,,
13613,401.0,,
13614,511.0,,
13615,507.0,,
13616,507.0,,
13617,505.0,,
13618,603.0,,
13619,502.0,,
13620,,,
13621,509.0,,
13622,508.0,,
13623,500.0,,
13624,507.0,,
13625,504.0,,
13626,502.0,,
13627,511.0,,
13628,510.0,,
13629,302.0,,
13630,507.0,,
13631,511.0,,
13632,505.0,,
13633,503.0,,
13634,509.0,,
13635,507.0,,
13636,601.0,,
13637,505.0,,
13638,510.0,,
13639,506.0,,
13640,501.0,,
13641,505.0,,
13642,411.0,,
13643,509.0,,
13644,505.0,,
13645,500.0,,
13646,502.0,,
13647,506.0,,
13648,500.0,,
13649,503.0,,
13650,502.0,,
13651,510.0,,
13652,507.0,,
13653,510.0,,
13654,501.0,,
13655,602.0,,
13656,505.0,,
13657,402.0,,
13658,506.0,,
13659,507.0,,
13660,607.0,,
13661,502.0,,
13662,501.0,,
13663,507.0,,
13664,503.0,,
13665,507.0,,
13666,502.0,,
13667,502.0,,
13668,410.0,,
13669,508.0,,
13670,504.0,,
13671,511.0,,
13672,504.0,,
13673,501.0,,
13674,506.0,,
13675,,,
13676,511.0,,
13677,505.0,,
13678,510.0,,
13679,602.0,,
13680,411.0,,
13681,504.0,,
13682,505.0,,
13683,601.0,,
13684,504.0,,
13685,601.0,,
13686,503.0,,
13687,602.0,,
13688,511.0,,
13689,600.0,,
13690,501.0,,
13691,603.0,,
13692,508.0,,
13693,510.0,,
13694,710.0,,
13695,508.0,,
13696,502.0,,
13697,603.0,,
13698,507.0,,
13699,601.0,,
13700,505.0,,
13701,504.0,,
13702,503.0,,
13703,506.0,,
13704,502.0,,
13705,503.0,,
13706,506.0,,
13707,509.0,,
13708,508.0,,
13709,508.0,,
13710,503.0,,
13711,502.0,,
13712,507.0,,
13713,508.0,,
13714,500.0,,
13715,509.0,,
13716,511.0,,
13717,503.0,,
13718,510.0,,
13719,510.0,,
13720,510.0,,
13721,600.0,,
13722,508.0,,
13723,509.0,,
13724,503.0,,
13725,508.0,,
13726,411.0,,
13727,506.0,,
13728,505.0,,
13729,510.0,,
13730,510.0,,
13731,505.0,,
13732,507.0,,
13733,510.0,,
13734,509.0,,
13735,506.0,,
13736,506.0,,
13737,505.0,,
13738,600.0,,
13739,510.0,,
13740,507.0,,
13741,703.0,,
13742,,,
13743,,,
13744,508.0,,
13745,503.0,,
13746,503.0,,
13747,503.0,,
13748,511.0,,
13749,709.0,,
13750,504.0,,
13751,505.0,,
13752,506.0,,
13753,501.0,,
13754,509.0,,
13755,510.0,,
13756,504.0,,
13757,503.0,,
13758,510.0,,
13759,711.0,,
13760,601.0,,
13761,510.0,,
13762,506.0,,
13763,603.0,,
13764,508.0,,
13765,504.0,,
13766,503.0,,
13767,506.0,,
13768,503.0,,
13769,509.0,,
13770,600.0,,
13771,510.0,,
13772,601.0,,
13773,508.0,,
13774,600.0,,
13775,602.0,,
13776,506.0,,
13777,401.0,,
13778,507.0,,
13779,600.0,,
13780,505.0,,
13781,506.0,,
13782,511.0,,
13783,507.0,,
13784,507.0,,
13785,503.0,,
13786,510.0,,
13787,504.0,,
13788,600.0,,
13789,503.0,,
13790,502.0,,
13791,601.0,,
13792,501.0,,
13793,508.0,,
13794,507.0,,
13795,,6.0,
13796,502.0,,
13797,504.0,,
13798,509.0,,
13799,506.0,,
13800,508.0,,
13801,506.0,,
13802,510.0,,
13803,507.0,,
13804,509.0,,
13805,503.0,,
13806,604.0,,
13807,502.0,,
13808,503.0,,
13809,504.0,,
13810,507.0,,
13811,510.0,,
13812,506.0,,
13813,508.0,,
13814,507.0,,
13815,509.0,,
13816,508.0,,
13817,505.0,,
13818,506.0,,
13819,504.0,,
13820,510.0,,
13821,506.0,,
13822,507.0,,
13823,504.0,,
13824,506.0,,
13825,506.0,,
13826,510.0,,
13827,504.0,,
13828,506.0,,
13829,504.0,,
13830,507.0,,
13831,511.0,,
13832,600.0,,
13833,507.0,,
13834,505.0,,
13835,505.0,,
13836,504.0,,
13837,505.0,,
13838,411.0,,
13839,502.0,,
13840,503.0,,
13841,503.0,,
13842,503.0,,
13843,509.0,,
13844,600.0,,
13845,505.0,,
13846,508.0,,
13847,509.0,,
13848,509.0,,
13849,509.0,,
13850,511.0,,
13851,506.0,,
13852,503.0,,
13853,500.0,,
13854,503.0,,
13855,508.0,,
13856,509.0,,
13857,505.0,,
13858,602.0,,
13859,506.0,,
13860,510.0,,
13861,505.0,,
13862,503.0,,
13863,504.0,,
13864,6.0,,
13865,600.0,,
13866,503.0,,
13867,502.0,,
13868,507.0,,
13869,508.0,,
13870,504.0,,
13871,511.0,,
13872,502.0,,
13873,508.0,,
13874,506.0,,
13875,600.0,,
13876,507.0,,
13877,507.0,,
13878,504.0,,
13879,503.0,,
13880,503.0,,
13881,507.0,,
13882,502.0,,
13883,502.0,,
13884,503.0,,
13885,607.0,,
13886,5.0,,
13887,510.0,,
13888,,,
13889,506.0,,
13890,601.0,,
13891,711.0,,
13892,504.0,,
13893,508.0,,
13894,509.0,,
13895,509.0,,
13896,511.0,,
13897,507.0,,
13898,601.0,,
13899,511.0,,
13900,,,
13901,503.0,,
13902,507.0,,
13903,505.0,,
13904,504.0,,
13905,503.0,,
13906,504.0,,
13907,508.0,,
13908,511.0,,
13909,511.0,,
13910,509.0,,
13911,505.0,,
13912,,,
13913,502.0,,
13914,505.0,,
13915,507.0,,
13916,503.0,,
13917,505.0,,
13918,410.0,,
13919,505.0,,
13920,600.0,,
13921,507.0,,
13922,601.0,,
13923,501.0,,
13924,506.0,,
13925,506.0,,
13926,508.0,,
13927,506.0,,
13928,509.0,,
13929,508.0,,
13930,505.0,,
13931,504.0,,
13932,509.0,,
13933,505.0,,
13934,707.0,,
13935,504.0,,
13936,600.0,,
13937,507.0,,
13938,505.0,,
13939,510.0,,
13940,510.0,,
13941,508.0,,
13942,511.0,,
13943,505.0,,
13944,502.0,,
13945,503.0,,
13946,511.0,,
13947,510.0,,
13948,508.0,,
13949,508.0,,
13950,505.0,,
13951,507.0,,
13952,509.0,,
13953,507.0,,
13954,7.0,,
13955,510.0,,
13956,604.0,,
13957,602.0,,
13958,511.0,,
13959,502.0,,
13960,510.0,,
13961,600.0,,
13962,601.0,,
13963,600.0,,
13964,508.0,,
13965,504.0,,
13966,506.0,,
13967,508.0,,
13968,500.0,,
13969,505.0,,
13970,505.0,,
13971,502.0,,
13972,504.0,,
13973,505.0,,
13974,506.0,,
13975,609.0,,
13976,500.0,,
13977,711.0,,
13978,509.0,,
13979,503.0,,
13980,504.0,,
13981,509.0,,
13982,600.0,,
13983,505.0,,
13984,600.0,,
13985,603.0,,
13986,600.0,,
13987,6.0,,
13988,600.0,,
13989,510.0,,
13990,600.0,,
13991,509.0,,
13992,503.0,,
13993,505.0,,
13994,502.0,,
13995,500.0,,
13996,505.0,,
13997,506.0,,
13998,,,
13999,603.0,,
14000,510.0,,
14001,600.0,,
14002,502.0,,
14003,511.0,,
14004,503.0,,
14005,507.0,,
14006,506.0,,
14007,601.0,,
14008,511.0,,
14009,507.0,,
14010,604.0,,
14011,505.0,,
14012,508.0,,
14013,,,
14014,509.0,,
14015,505.0,,
14016,503.0,,
14017,502.0,,
14018,511.0,,
14019,600.0,,
14020,507.0,,
14021,502.0,,
14022,506.0,,
14023,601.0,,
14024,501.0,,
14025,505.0,,
14026,509.0,,
14027,507.0,,
14028,509.0,,
14029,506.0,,
14030,503.0,,
14031,501.0,,
14032,511.0,,
14033,602.0,,
14034,507.0,,
14035,601.0,,
14036,507.0,,
14037,508.0,,
14038,507.0,,
14039,511.0,,
14040,505.0,,
14041,508.0,,
14042,506.0,,
14043,507.0,,
14044,511.0,,
14045,508.0,,
14046,503.0,,
14047,508.0,,
14048,502.0,,
14049,506.0,,
14050,501.0,,
14051,505.0,,
14052,505.0,,
14053,504.0,,
14054,510.0,,
14055,600.0,,
14056,600.0,,
14057,600.0,,
14058,504.0,,
14059,504.0,,
14060,507.0,,
14061,508.0,,
14062,411.0,,
14063,602.0,,
14064,505.0,,
14065,502.0,,
14066,502.0,,
14067,602.0,,
14068,506.0,,
14069,504.0,,
14070,507.0,,
14071,511.0,,
14072,503.0,,
14073,411.0,,
14074,510.0,,
14075,510.0,,
14076,508.0,,
14077,408.0,,
14078,506.0,,
14079,502.0,,
14080,504.0,,
14081,505.0,,
14082,502.0,,
14083,501.0,,
14084,501.0,,
14085,502.0,,
14086,511.0,,
14087,,,
14088,506.0,,
14089,505.0,,
14090,503.0,,
14091,505.0,,
14092,504.0,,
14093,505.0,,
14094,510.0,,
14095,503.0,,
14096,604.0,,
14097,505.0,,
14098,500.0,,
14099,502.0,,
14100,506.0,,
14101,601.0,,
14102,506.0,,
14103,510.0,,
14104,506.0,,
14105,503.0,,
14106,507.0,,
14107,505.0,,
14108,604.0,,
14109,510.0,,
14110,600.0,,
14111,502.0,,
14112,508.0,,
14113,506.0,,
14114,507.0,,
14115,505.0,,
14116,501.0,,
14117,504.0,,
14118,501.0,,
14119,5.0,,
14120,602.0,,
14121,505.0,,
14122,,,
14123,505.0,,
14124,507.0,,
14125,511.0,,
14126,505.0,,
14127,508.0,,
14128,504.0,,
14129,502.0,,
14130,507.0,,
14131,509.0,,
14132,500.0,,
14133,506.0,,
14134,507.0,,
14135,506.0,,
14136,506.0,,
14137,506.0,,
14138,502.0,,
14139,504.0,,
14140,505.0,,
14141,7.0,,
14142,508.0,,
14143,506.0,,
14144,506.0,,
14145,504.0,,
14146,505.0,,
14147,503.0,,
14148,504.0,,
14149,508.0,,
14150,410.0,,
14151,507.0,,
14152,508.0,,
14153,,,
14154,501.0,,
14155,501.0,,
14156,504.0,,
14157,507.0,,
14158,502.0,,
14159,509.0,,
14160,506.0,,
14161,505.0,,
14162,502.0,,
14163,506.0,,
14164,506.0,,
14165,511.0,,
14166,506.0,,
14167,508.0,,
14168,503.0,,
14169,508.0,,
14170,506.0,,
14171,510.0,,
14172,600.0,,
14173,502.0,,
14174,602.0,,
14175,501.0,,
14176,501.0,,
14177,511.0,,
14178,505.0,,
14179,509.0,,
14180,600.0,,
14181,600.0,,
14182,502.0,,
14183,509.0,,
14184,503.0,,
14185,506.0,,
14186,500.0,,
14187,503.0,,
14188,510.0,,
14189,500.0,,
14190,503.0,,
14191,501.0,,
14192,508.0,,
14193,509.0,,
14194,602.0,,
14195,507.0,,
14196,,,
14197,502.0,,
14198,504.0,,
14199,509.0,,
14200,,,
14201,504.0,,
14202,503.0,,
14203,,,
14204,500.0,,
14205,507.0,,
14206,507.0,,
14207,503.0,,
14208,503.0,,
14209,500.0,,
14210,511.0,,
14211,504.0,,
14212,502.0,,
14213,506.0,,
14214,,,
14215,506.0,,
14216,507.0,,
14217,507.0,,
14218,511.0,,
14219,502.0,,
14220,711.0,,
14221,600.0,,
14222,600.0,,
14223,510.0,,
14224,507.0,,
14225,511.0,,
14226,506.0,,
14227,510.0,,
14228,506.0,,
14229,508.0,,
14230,507.0,,
14231,600.0,,
14232,511.0,,
14233,502.0,,
14234,509.0,,
14235,507.0,,
14236,508.0,,
14237,511.0,,
14238,600.0,,
14239,503.0,,
14240,508.0,,
14241,501.0,,
14242,506.0,,
14243,601.0,,
14244,510.0,,
14245,506.0,,
14246,501.0,,
14247,502.0,,
14248,504.0,,
14249,509.0,,
14250,505.0,,
14251,,,
14252,506.0,,
14253,509.0,,
14254,510.0,,
14255,504.0,,
14256,501.0,,
14257,502.0,,
14258,504.0,,
14259,502.0,,
14260,502.0,,
14261,503.0,,
14262,504.0,,
14263,505.0,,
14264,511.0,,
14265,506.0,,
14266,600.0,,
14267,508.0,,
14268,511.0,,
14269,503.0,,
14270,506.0,,
14271,508.0,,
14272,503.0,,
14273,507.0,,
14274,603.0,,
14275,508.0,,
14276,509.0,,
14277,502.0,,
14278,502.0,,
14279,504.0,,
14280,507.0,,
14281,603.0,,
14282,505.0,,
14283,501.0,,
14284,603.0,,
14285,505.0,,
14286,,,
14287,,,
14288,410.0,,
14289,600.0,,
14290,506.0,,
14291,,,
14292,504.0,,
14293,504.0,,
14294,600.0,,
14295,508.0,,
14296,507.0,,
14297,507.0,,
14298,503.0,,
14299,507.0,,
14300,503.0,,
14301,505.0,,
14302,505.0,,
14303,505.0,,
14304,510.0,,
14305,504.0,,
14306,505.0,,
14307,508.0,,
14308,501.0,,
14309,601.0,,
14310,502.0,,
14311,508.0,,
14312,505.0,,
14313,600.0,,
14314,711.0,,
14315,600.0,,
14316,507.0,,
14317,508.0,,
14318,602.0,,
14319,411.0,,
14320,507.0,,
14321,511.0,,
14322,503.0,,
14323,510.0,,
14324,600.0,,
14325,410.0,,
14326,508.0,,
14327,605.0,,
14328,502.0,,
14329,,,
14330,503.0,,
14331,506.0,,
14332,501.0,,
14333,500.0,,
14334,504.0,,
14335,511.0,,
14336,511.0,,
14337,601.0,,
14338,504.0,,
14339,506.0,,
14340,602.0,,
14341,504.0,,
14342,,,
14343,504.0,,
14344,510.0,,
14345,603.0,,
14346,510.0,,
14347,500.0,,
14348,505.0,,
14349,411.0,,
14350,601.0,,
14351,511.0,,
14352,505.0,,
14353,600.0,,
14354,509.0,,
14355,507.0,,
14356,503.0,,
14357,507.0,,
14358,500.0,,
14359,503.0,,
14360,411.0,,
14361,,,
14362,409.0,,
14363,506.0,,
14364,502.0,,
14365,508.0,,
14366,502.0,,
14367,600.0,,
14368,511.0,,
14369,404.0,,
14370,504.0,,
14371,510.0,,
14372,505.0,,
14373,507.0,,
14374,507.0,,
14375,508.0,,
14376,511.0,,
14377,510.0,,
14378,600.0,,
14379,600.0,,
14380,508.0,,
14381,504.0,,
14382,,,
14383,502.0,,
14384,602.0,,
14385,411.0,,
14386,,,
14387,507.0,,
14388,507.0,,
14389,509.0,,
14390,504.0,,
14391,405.0,,
14392,509.0,,
14393,305.0,,
14394,505.0,,
14395,500.0,,
14396,,,
14397,506.0,,
14398,511.0,,
14399,501.0,,
14400,500.0,,
14401,411.0,,
14402,706.0,,
14403,609.0,,
14404,,,
14405,504.0,,
14406,504.0,,
14407,509.0,,
14408,508.0,,
14409,503.0,,
14410,,,
14411,506.0,,
14412,504.0,,
14413,501.0,,
14414,503.0,,
14415,509.0,,
14416,502.0,,
14417,411.0,,
14418,502.0,,
14419,505.0,,
14420,508.0,,
14421,600.0,,
14422,511.0,,
14423,509.0,,
14424,511.0,,
14425,503.0,,
14426,411.0,,
14427,411.0,,
14428,502.0,,
14429,508.0,,
14430,501.0,,
14431,508.0,,
14432,504.0,,
14433,504.0,,
14434,505.0,,
14435,5.0,,
14436,506.0,,
14437,,,
14438,503.0,,
14439,502.0,,
14440,,,
14441,503.0,,
14442,502.0,,
14443,705.0,,
14444,504.0,,
14445,509.0,,
14446,604.0,,
14447,503.0,,
14448,508.0,,
14449,511.0,,
14450,510.0,,
14451,502.0,,
14452,500.0,,
14453,603.0,,
14454,311.0,,
14455,509.0,,
14456,506.0,,
14457,604.0,,
14458,600.0,,
14459,510.0,,
14460,509.0,,
14461,507.0,,
14462,603.0,,
14463,511.0,,
14464,506.0,,
14465,502.0,,
14466,601.0,,
14467,504.0,,
14468,511.0,,
14469,501.0,,
14470,503.0,,
14471,300.0,,
14472,507.0,,
14473,503.0,,
14474,502.0,,
14475,502.0,,
14476,506.0,,
14477,506.0,,
14478,505.0,,
14479,,,
14480,503.0,,
14481,511.0,,
14482,503.0,,
14483,507.0,,
14484,,,
14485,,,
14486,502.0,,
14487,600.0,,
14488,503.0,,
14489,510.0,,
14490,503.0,,
14491,504.0,,
14492,509.0,,
14493,600.0,,
14494,507.0,,
14495,507.0,,
14496,508.0,,
14497,510.0,,
14498,510.0,,
14499,706.0,,
14500,601.0,,
14501,501.0,,
14502,,,
14503,504.0,,
14504,505.0,,
14505,600.0,,
14506,501.0,,
14507,502.0,,
14508,510.0,,
14509,511.0,,
14510,506.0,,
14511,505.0,,
14512,505.0,,
14513,504.0,,
14514,600.0,,
14515,601.0,,
14516,501.0,,
14517,511.0,,
14518,507.0,,
14519,509.0,,
14520,502.0,,
14521,504.0,,
14522,502.0,,
14523,504.0,,
14524,503.0,,
14525,601.0,,
14526,504.0,,
14527,601.0,,
14528,411.0,,
14529,508.0,,
14530,507.0,,
14531,501.0,,
14532,504.0,,
14533,511.0,,
14534,506.0,,
14535,502.0,,
14536,508.0,,
14537,510.0,,
14538,600.0,,
14539,509.0,,
14540,509.0,,
14541,507.0,,
14542,503.0,,
14543,503.0,,
14544,502.0,,
14545,503.0,,
14546,510.0,,
14547,503.0,,
14548,503.0,,
14549,503.0,,
14550,709.0,,
14551,509.0,,
14552,506.0,,
14553,501.0,,
14554,501.0,,
14555,510.0,,
14556,508.0,,
14557,502.0,,
14558,505.0,,
14559,504.0,,
14560,505.0,,
14561,501.0,,
14562,509.0,,
14563,507.0,,
14564,503.0,,
14565,506.0,,
14566,508.0,,
14567,602.0,,
14568,506.0,,
14569,511.0,,
14570,506.0,,
14571,,,
14572,600.0,,
14573,511.0,,
14574,511.0,,
14575,600.0,,
14576,506.0,,
14577,506.0,,
14578,600.0,,
14579,504.0,,
14580,603.0,,
14581,503.0,,
14582,509.0,,
14583,711.0,,
14584,603.0,,
14585,601.0,,
14586,508.0,,
14587,600.0,,
14588,600.0,,
14589,508.0,,
14590,504.0,,
14591,502.0,,
14592,704.0,,
14593,306.0,,
14594,707.0,,
14595,500.0,,
14596,501.0,,
14597,503.0,,
14598,505.0,,
14599,508.0,,
14600,503.0,,
14601,601.0,,
14602,,,
14603,502.0,,
14604,407.0,,
14605,508.0,,
14606,510.0,,
14607,503.0,,
14608,506.0,,
14609,509.0,,
14610,504.0,,
14611,508.0,,
14612,509.0,,
14613,508.0,,
14614,510.0,,
14615,508.0,,
14616,506.0,,
14617,508.0,,
14618,502.0,,
14619,604.0,,
14620,510.0,,
14621,603.0,,
14622,510.0,,
14623,506.0,,
14624,505.0,,
14625,508.0,,
14626,507.0,,
14627,504.0,,
14628,507.0,,
14629,511.0,,
14630,511.0,,
14631,505.0,,
14632,602.0,,
14633,,,
14634,505.0,,
14635,411.0,,
14636,502.0,,
14637,500.0,,
14638,500.0,,
14639,507.0,,
14640,,,
14641,602.0,,
14642,511.0,,
14643,511.0,,
14644,508.0,,
14645,504.0,,
14646,,,
14647,505.0,,
14648,604.0,,
14649,507.0,,
14650,507.0,,
14651,510.0,,
14652,602.0,,
14653,511.0,,
14654,507.0,,
14655,511.0,,
14656,506.0,,
14657,508.0,,
14658,507.0,,
14659,602.0,,
14660,504.0,,
14661,510.0,,
14662,601.0,,
14663,501.0,,
14664,504.0,,
14665,507.0,,
14666,503.0,,
14667,,,
14668,510.0,,
14669,506.0,,
14670,509.0,,
14671,410.0,,
14672,504.0,,
14673,507.0,,
14674,507.0,,
14675,510.0,,
14676,508.0,,
14677,502.0,,
14678,503.0,,
14679,506.0,,
14680,410.0,,
14681,506.0,,
14682,502.0,,
14683,506.0,,
14684,504.0,,
14685,504.0,,
14686,505.0,,
14687,506.0,,
14688,601.0,,
14689,510.0,,
14690,509.0,,
14691,6.0,,
14692,501.0,,
14693,504.0,,
14694,502.0,,
14695,507.0,,
14696,507.0,,
14697,600.0,,
14698,506.0,,
14699,502.0,,
14700,503.0,,
14701,603.0,,
14702,507.0,,
14703,506.0,,
14704,508.0,,
14705,510.0,,
14706,502.0,,
14707,510.0,,
14708,506.0,,
14709,509.0,,
14710,504.0,,
14711,600.0,,
14712,510.0,,
14713,500.0,,
14714,511.0,,
14715,505.0,,
14716,501.0,,
14717,507.0,,
14718,600.0,,
14719,506.0,,
14720,600.0,,
14721,502.0,,
14722,503.0,,
14723,504.0,,
14724,505.0,,
14725,505.0,,
14726,506.0,,
14727,503.0,,
14728,510.0,,
14729,305.0,,
14730,507.0,,
14731,506.0,,
14732,504.0,,
14733,507.0,,
14734,510.0,,
14735,5.0,,
14736,506.0,,
14737,508.0,,
14738,502.0,,
14739,503.0,,
14740,504.0,,
14741,506.0,,
14742,508.0,,
14743,501.0,,
14744,410.0,,
14745,506.0,,
14746,600.0,,
14747,508.0,,
14748,506.0,,
14749,502.0,,
14750,507.0,,
14751,508.0,,
14752,510.0,,
14753,508.0,,
14754,603.0,,
14755,510.0,,
14756,506.0,,
14757,509.0,,
14758,504.0,,
14759,504.0,,
14760,504.0,,
14761,502.0,,
14762,411.0,,
14763,509.0,,
14764,504.0,,
14765,511.0,,
14766,510.0,,
14767,504.0,,
14768,504.0,,
14769,505.0,,
14770,510.0,,
14771,600.0,,
14772,509.0,,
14773,503.0,,
14774,511.0,,
14775,505.0,,
14776,601.0,,
14777,503.0,,
14778,511.0,,
14779,600.0,,
14780,505.0,,
14781,508.0,,
14782,504.0,,
14783,506.0,,
14784,503.0,,
14785,506.0,,
14786,501.0,,
14787,504.0,,
14788,601.0,,
14789,510.0,,
14790,504.0,,
14791,602.0,,
14792,501.0,,
14793,600.0,,
14794,510.0,,
14795,500.0,,
14796,510.0,,
14797,511.0,,
14798,506.0,,
14799,,,
14800,507.0,,
14801,509.0,,
14802,507.0,,
14803,504.0,,
14804,509.0,,
14805,602.0,,
14806,508.0,,
14807,507.0,,
14808,502.0,,
14809,508.0,,
14810,505.0,,
14811,507.0,,
14812,504.0,,
14813,504.0,,
14814,509.0,,
14815,505.0,,
14816,600.0,,
14817,511.0,,
14818,510.0,,
14819,600.0,,
14820,700.0,,
14821,504.0,,
14822,510.0,,
14823,510.0,,
14824,506.0,,
14825,508.0,,
14826,603.0,,
14827,508.0,,
14828,601.0,,
14829,509.0,,
14830,509.0,,
14831,503.0,,
14832,509.0,,
14833,506.0,,
14834,508.0,,
14835,506.0,,
14836,506.0,,
14837,410.0,,
14838,507.0,,
14839,602.0,,
14840,503.0,,
14841,600.0,,
14842,509.0,,
14843,504.0,,
14844,504.0,,
14845,508.0,,
14846,510.0,,
14847,601.0,,
14848,508.0,,
14849,600.0,,
14850,601.0,,
14851,500.0,,
14852,702.0,,
14853,711.0,,
14854,,,
14855,505.0,,
14856,507.0,,
14857,505.0,,
14858,502.0,,
14859,505.0,,
14860,507.0,,
14861,504.0,,
14862,506.0,,
14863,500.0,,
14864,503.0,,
14865,505.0,,
14866,508.0,,
14867,411.0,,
14868,509.0,,
14869,507.0,,
14870,503.0,,
14871,504.0,,
14872,,,
14873,503.0,,
14874,500.0,,
14875,502.0,,
14876,604.0,,
14877,504.0,,
14878,506.0,,
14879,603.0,,
14880,504.0,,
14881,503.0,,
14882,600.0,,
14883,503.0,,
14884,505.0,,
14885,600.0,,
14886,510.0,,
14887,508.0,,
14888,508.0,,
14889,502.0,,
14890,600.0,,
14891,505.0,,
14892,511.0,,
14893,501.0,,
14894,507.0,,
14895,600.0,,
14896,511.0,,
14897,,,
14898,503.0,,
14899,506.0,,
14900,600.0,,
14901,504.0,,
14902,510.0,,
14903,507.0,,
14904,508.0,,
14905,506.0,,
14906,601.0,,
14907,600.0,,
14908,600.0,,
14909,600.0,,
14910,508.0,,
14911,510.0,,
14912,600.0,,
14913,504.0,,
14914,507.0,,
14915,600.0,,
14916,602.0,,
14917,507.0,,
14918,509.0,,
14919,507.0,,
14920,506.0,,
14921,511.0,,
14922,510.0,,
14923,600.0,,
14924,509.0,,
14925,508.0,,
14926,509.0,,
14927,511.0,,
14928,511.0,,
14929,501.0,,
14930,501.0,,
14931,504.0,,
14932,500.0,,
14933,505.0,,
14934,506.0,,
14935,507.0,,
14936,507.0,,
14937,506.0,,
14938,501.0,,
14939,502.0,,
14940,509.0,,
14941,503.0,,
14942,504.0,,
14943,511.0,1.0,
14944,511.0,,
14945,503.0,,
14946,507.0,,
14947,505.0,,
14948,505.0,,
14949,510.0,,
14950,508.0,,
14951,502.0,,
14952,505.0,,
14953,508.0,,
14954,511.0,,
14955,506.0,,
14956,503.0,,
14957,509.0,,
14958,411.0,,
14959,510.0,,
14960,511.0,,
14961,411.0,,
14962,503.0,,
14963,503.0,,
14964,502.0,,
14965,502.0,,
14966,506.0,,
14967,411.0,,
14968,503.0,,
14969,508.0,,
14970,503.0,,
14971,508.0,,
14972,504.0,,
14973,502.0,,
14974,511.0,,
14975,503.0,,
14976,507.0,,
14977,500.0,,
14978,411.0,,
14979,508.0,,
14980,602.0,,
14981,507.0,,
14982,506.0,,
14983,509.0,,
14984,506.0,,
14985,507.0,,
14986,508.0,,
14987,503.0,,
14988,605.0,,
14989,504.0,,
14990,500.0,,
14991,510.0,,
14992,507.0,,
14993,,,
14994,504.0,,
14995,511.0,,
14996,510.0,,
14997,501.0,,
14998,502.0,,
14999,601.0,,
15000,510.0,,
15001,411.0,,
15002,503.0,,
15003,503.0,,
15004,503.0,,
15005,508.0,,
15006,503.0,,
15007,503.0,,
15008,503.0,,
15009,506.0,,
15010,505.0,,
15011,510.0,,
15012,511.0,,
15013,503.0,,
15014,600.0,,
15015,502.0,,
15016,509.0,,
15017,508.0,,
15018,507.0,,
15019,507.0,,
15020,507.0,,
15021,509.0,,
15022,501.0,,
15023,501.0,,
15024,500.0,,
15025,510.0,,
15026,504.0,,
15027,505.0,,
15028,411.0,,
15029,507.0,,
15030,,,
15031,504.0,,
15032,503.0,,
15033,504.0,,
15034,500.0,,
15035,501.0,,
15036,,,
15037,502.0,,
15038,507.0,,
15039,501.0,,
15040,506.0,,
15041,508.0,,
15042,503.0,,
15043,,,
15044,508.0,,
15045,510.0,,
15046,503.0,,
15047,508.0,,
15048,411.0,,
15049,504.0,,
15050,506.0,,
15051,600.0,,
15052,502.0,,
15053,507.0,,
15054,504.0,,
15055,600.0,,
15056,507.0,,
15057,505.0,,
15058,507.0,,
15059,511.0,,
15060,500.0,,
15061,510.0,,
15062,504.0,,
15063,508.0,,
15064,600.0,,
15065,511.0,,
15066,509.0,,
15067,600.0,,
15068,507.0,,
15069,703.0,,
15070,507.0,,
15071,,,
15072,500.0,,
15073,503.0,,
15074,508.0,,
15075,511.0,,
15076,604.0,,
15077,508.0,,
15078,504.0,,
15079,508.0,,
15080,507.0,,
15081,509.0,,
15082,501.0,,
15083,504.0,,
15084,501.0,,
15085,507.0,,
15086,501.0,,
15087,502.0,,
15088,503.0,,
15089,505.0,,
15090,509.0,,
15091,501.0,,
15092,505.0,,
15093,600.0,,
15094,502.0,,
15095,505.0,,
15096,511.0,,
15097,508.0,,
15098,611.0,,
15099,503.0,,
15100,505.0,,
15101,511.0,,
15102,504.0,,
15103,505.0,,
15104,502.0,,
15105,604.0,,
15106,510.0,,
15107,501.0,,
15108,508.0,,
15109,500.0,,
15110,511.0,,
15111,505.0,,
15112,602.0,,
15113,505.0,,
15114,600.0,,
15115,504.0,,
15116,504.0,,
15117,500.0,,
15118,510.0,,
15119,505.0,,
15120,507.0,,
15121,505.0,,
15122,504.0,,
15123,504.0,,
15124,511.0,,
15125,508.0,,
15126,508.0,,
15127,505.0,,
15128,508.0,,
15129,506.0,,
15130,508.0,,
15131,506.0,,
15132,504.0,,
15133,509.0,,
15134,502.0,,
15135,506.0,,
15136,501.0,,
15137,504.0,,
15138,508.0,,
15139,502.0,,
15140,502.0,,
15141,508.0,,
15142,505.0,,
15143,507.0,,
15144,503.0,,
15145,601.0,,
15146,508.0,,
15147,411.0,,
15148,410.0,,
15149,510.0,,
15150,511.0,,
15151,508.0,,
15152,504.0,,
15153,503.0,,
15154,511.0,,
15155,505.0,,
15156,505.0,,
15157,504.0,,
15158,502.0,,
15159,507.0,,
15160,502.0,,
15161,508.0,,
15162,506.0,,
15163,600.0,,
15164,511.0,,
15165,505.0,,
15166,411.0,,
15167,602.0,,
15168,507.0,,
15169,504.0,,
15170,603.0,,
15171,509.0,,
15172,503.0,,
15173,509.0,,
15174,507.0,,
15175,602.0,,
15176,600.0,,
15177,501.0,,
15178,505.0,,
15179,503.0,,
15180,503.0,,
15181,508.0,,
15182,600.0,,
15183,503.0,,
15184,508.0,,
15185,601.0,,
15186,509.0,,
15187,,,
15188,511.0,,
15189,503.0,,
15190,505.0,,
15191,501.0,,
15192,601.0,,
15193,509.0,,
15194,500.0,,
15195,509.0,,
15196,502.0,,
15197,510.0,,
15198,505.0,,
15199,504.0,,
15200,502.0,,
15201,508.0,,
15202,602.0,,
15203,511.0,,
15204,501.0,,
15205,502.0,,
15206,600.0,,
15207,602.0,,
15208,508.0,,
15209,508.0,,
15210,600.0,,
15211,502.0,,
15212,506.0,,
15213,509.0,,
15214,501.0,,
15215,506.0,,
15216,411.0,,
15217,503.0,,
15218,506.0,,
15219,510.0,,
15220,500.0,,
15221,500.0,,
15222,510.0,,
15223,504.0,,
15224,508.0,,
15225,510.0,,
15226,509.0,,
15227,508.0,,
15228,505.0,,
15229,510.0,,
15230,611.0,,
15231,511.0,,
15232,511.0,,
15233,411.0,,
15234,503.0,,
15235,509.0,,
15236,501.0,,
15237,506.0,,
15238,501.0,,
15239,503.0,,
15240,602.0,,
15241,508.0,,
15242,505.0,,
15243,507.0,,
15244,506.0,,
15245,506.0,,
15246,507.0,,
15247,503.0,,
15248,503.0,,
15249,502.0,,
15250,503.0,,
15251,504.0,,
15252,507.0,,
15253,411.0,,
15254,506.0,,
15255,511.0,,
15256,502.0,,
15257,507.0,,
15258,503.0,,
15259,503.0,,
15260,506.0,,
15261,602.0,,
15262,503.0,,
15263,504.0,,
15264,510.0,,
15265,506.0,,
15266,506.0,,
15267,510.0,,
15268,504.0,,
15269,506.0,,
15270,505.0,,
15271,602.0,,
15272,600.0,,
15273,505.0,,
15274,502.0,,
15275,5.0,,
15276,506.0,,
15277,506.0,,
15278,504.0,,
15279,507.0,,
15280,511.0,,
15281,501.0,,
15282,503.0,,
15283,503.0,,
15284,508.0,,
15285,504.0,,
15286,505.0,,
15287,509.0,,
15288,504.0,,
15289,503.0,,
15290,600.0,,
15291,702.0,,
15292,509.0,,
15293,504.0,,
15294,600.0,,
15295,510.0,,
15296,504.0,,
15297,605.0,,
15298,603.0,,
15299,511.0,,
15300,505.0,,
15301,600.0,,
15302,604.0,,
15303,505.0,,
15304,504.0,,
15305,600.0,,
15306,600.0,,
15307,605.0,,
15308,503.0,,
15309,505.0,,
15310,504.0,,
15311,506.0,,
15312,505.0,,
15313,507.0,,
15314,505.0,,
15315,502.0,,
15316,507.0,,
15317,603.0,,
15318,508.0,,
15319,404.0,,
15320,505.0,,
15321,600.0,,
15322,603.0,,
15323,506.0,,
15324,506.0,,
15325,510.0,,
15326,507.0,,
15327,508.0,,
15328,510.0,,
15329,506.0,,
15330,508.0,,
15331,500.0,,
15332,700.0,,
15333,710.0,,
15334,506.0,,
15335,504.0,,
15336,708.0,,
15337,504.0,,
15338,503.0,,
15339,502.0,,
15340,504.0,,
15341,505.0,,
15342,504.0,,
15343,507.0,,
15344,600.0,,
15345,503.0,,
15346,502.0,,
15347,505.0,,
15348,500.0,,
15349,402.0,,
15350,600.0,,
15351,502.0,,
15352,506.0,,
15353,600.0,,
15354,506.0,,
15355,,,
15356,600.0,,
15357,601.0,,
15358,309.0,,
15359,509.0,,
15360,600.0,,
15361,505.0,,
15362,411.0,,
15363,502.0,,
15364,504.0,,
15365,511.0,,
15366,600.0,,
15367,,,
15368,506.0,,
15369,507.0,,
15370,504.0,,
15371,511.0,,
15372,511.0,,
15373,506.0,,
15374,510.0,,
15375,605.0,,
15376,600.0,,
15377,508.0,,
15378,507.0,,
15379,609.0,,
15380,600.0,,
15381,701.0,,
15382,511.0,,
15383,504.0,,
15384,511.0,,
15385,600.0,,
15386,504.0,,
15387,600.0,,
15388,508.0,,
15389,600.0,,
15390,509.0,,
15391,510.0,,
15392,505.0,,
15393,506.0,,
15394,506.0,,
15395,511.0,,
15396,500.0,,
15397,601.0,,
15398,603.0,,
15399,507.0,,
15400,511.0,,
15401,511.0,,
15402,700.0,,
15403,508.0,,
15404,607.0,,
15405,506.0,,
15406,600.0,,
15407,602.0,,
15408,600.0,,
15409,711.0,,
15410,600.0,,
15411,511.0,,
15412,507.0,,
15413,601.0,,
15414,509.0,,
15415,307.0,,
15416,602.0,,
15417,508.0,,
15418,600.0,,
15419,601.0,,
15420,602.0,,
15421,507.0,,
15422,508.0,,
15423,507.0,,
15424,505.0,,
15425,506.0,,
15426,504.0,,
15427,505.0,,
15428,507.0,,
15429,510.0,,
15430,509.0,,
15431,504.0,,
15432,706.0,,
15433,505.0,,
15434,503.0,,
15435,511.0,,
15436,601.0,,
15437,510.0,,
15438,501.0,,
15439,501.0,,
15440,501.0,,
15441,500.0,,
15442,502.0,,
15443,509.0,,
15444,507.0,,
15445,508.0,,
15446,506.0,,
15447,511.0,,
15448,510.0,,
15449,507.0,,
15450,507.0,,
15451,502.0,,
15452,509.0,,
15453,509.0,,
15454,506.0,,
15455,600.0,,
15456,508.0,,
15457,501.0,,
15458,508.0,,
15459,511.0,,
15460,503.0,,
15461,508.0,,
15462,509.0,,
15463,505.0,,
15464,410.0,,
15465,505.0,,
15466,504.0,,
15467,600.0,,
15468,510.0,,
15469,511.0,,
15470,508.0,,
15471,601.0,,
15472,507.0,,
15473,511.0,,
15474,507.0,,
15475,502.0,,
15476,511.0,,
15477,503.0,,
15478,511.0,,
15479,509.0,,
15480,502.0,,
15481,509.0,,
15482,600.0,,
15483,411.0,,
15484,505.0,,
15485,503.0,,
15486,510.0,,
15487,506.0,,
15488,509.0,,
15489,504.0,,
15490,505.0,,
15491,510.0,,
15492,602.0,,
15493,600.0,,
15494,503.0,,
15495,702.0,,
15496,506.0,,
15497,602.0,,
15498,504.0,,
15499,505.0,,
15500,411.0,,
15501,503.0,,
15502,508.0,,
15503,510.0,,
15504,510.0,,
15505,505.0,,
15506,501.0,,
15507,511.0,,
15508,604.0,,
15509,510.0,,
15510,504.0,,
15511,507.0,,
15512,,,
15513,506.0,,
15514,503.0,,
15515,502.0,,
15516,505.0,,
15517,511.0,,
15518,503.0,,
15519,507.0,,
15520,601.0,,
15521,508.0,,
15522,506.0,,
15523,510.0,,
15524,509.0,,
15525,505.0,,
15526,508.0,,
15527,502.0,,
15528,510.0,,
15529,510.0,,
15530,504.0,,
15531,501.0,,
15532,511.0,,
15533,507.0,,
15534,505.0,,
15535,503.0,,
15536,502.0,,
15537,,,
15538,508.0,,
15539,509.0,,
15540,504.0,,
15541,511.0,,
15542,507.0,,
15543,505.0,,
15544,506.0,,
15545,506.0,,
15546,506.0,,
15547,603.0,,
15548,508.0,,
15549,505.0,,
15550,603.0,,
15551,509.0,,
15552,510.0,,
15553,501.0,,
15554,507.0,,
15555,509.0,,
15556,507.0,,
15557,603.0,,
15558,510.0,,
15559,600.0,,
15560,,,
15561,504.0,,
15562,507.0,,
15563,600.0,,
15564,509.0,,
15565,501.0,,
15566,601.0,,
15567,706.0,,
15568,502.0,,
15569,503.0,,
15570,601.0,,
15571,508.0,,
15572,411.0,,
15573,504.0,,
15574,500.0,,
15575,506.0,,
15576,506.0,,
15577,508.0,,
15578,503.0,,
15579,507.0,,
15580,505.0,,
15581,507.0,,
15582,510.0,,
15583,507.0,,
15584,510.0,,
15585,504.0,,
15586,503.0,,
15587,503.0,,
15588,505.0,,
15589,501.0,,
15590,506.0,,
15591,504.0,,
15592,504.0,,
15593,507.0,,
15594,507.0,,
15595,500.0,,
15596,504.0,,
15597,601.0,,
15598,502.0,,
15599,507.0,,
15600,509.0,,
15601,601.0,,
15602,504.0,,
15603,503.0,,
15604,510.0,,
15605,506.0,,
15606,510.0,,
15607,,,
15608,503.0,,
15609,508.0,,
15610,501.0,,
15611,505.0,,
15612,510.0,,
15613,511.0,,
15614,508.0,,
15615,301.0,,
15616,506.0,,
15617,507.0,,
15618,504.0,,
15619,511.0,,
15620,508.0,,
15621,505.0,,
15622,502.0,,
15623,600.0,,
15624,507.0,,
15625,503.0,,
15626,508.0,,
15627,603.0,,
15628,606.0,,
15629,506.0,,
15630,507.0,,
15631,505.0,,
15632,502.0,,
15633,506.0,,
15634,601.0,,
15635,5.0,,
15636,507.0,,
15637,511.0,,
15638,504.0,,
15639,600.0,,
15640,505.0,,
15641,508.0,,
15642,506.0,,
15643,503.0,,
15644,509.0,,
15645,506.0,,
15646,511.0,,
15647,507.0,,
15648,502.0,,
15649,511.0,,
15650,506.0,,
15651,505.0,,
15652,410.0,,
15653,510.0,,
15654,506.0,,
15655,503.0,,
15656,501.0,,
15657,505.0,,
15658,503.0,,
15659,511.0,,
15660,502.0,,
15661,510.0,,
15662,504.0,,
15663,501.0,,
15664,504.0,,
15665,507.0,,
15666,503.0,,
15667,510.0,,
15668,504.0,,
15669,504.0,,
15670,6.0,,
15671,602.0,,
15672,502.0,,
15673,507.0,,
15674,506.0,,
15675,509.0,,
15676,506.0,,
15677,504.0,,
15678,504.0,,
15679,506.0,,
15680,509.0,,
15681,506.0,,
15682,507.0,,
15683,508.0,,
15684,411.0,,
15685,506.0,,
15686,503.0,,
15687,,,
15688,508.0,,
15689,508.0,,
15690,500.0,,
15691,502.0,,
15692,600.0,,
15693,503.0,,
15694,501.0,,
15695,502.0,,
15696,511.0,,
15697,507.0,,
15698,510.0,,
15699,506.0,,
15700,507.0,,
15701,505.0,,
15702,511.0,,
15703,601.0,,
15704,510.0,,
15705,506.0,,
15706,506.0,,
15707,511.0,,
15708,510.0,,
15709,504.0,,
15710,,,
15711,508.0,,
15712,507.0,,
15713,509.0,,
15714,507.0,,
15715,511.0,,
15716,505.0,,
15717,509.0,,
15718,503.0,,
15719,600.0,,
15720,510.0,,
15721,506.0,,
15722,508.0,,
15723,609.0,,
15724,511.0,,
15725,502.0,,
15726,507.0,,
15727,507.0,,
15728,507.0,,
15729,505.0,,
15730,508.0,,
15731,411.0,,
15732,506.0,,
15733,511.0,,
15734,509.0,,
15735,505.0,,
15736,505.0,,
15737,510.0,,
15738,504.0,,
15739,,,
15740,510.0,,
15741,503.0,,
15742,504.0,,
15743,504.0,,
15744,508.0,,
15745,505.0,,
15746,505.0,,
15747,501.0,,
15748,,,
15749,504.0,,
15750,511.0,,
15751,600.0,,
15752,506.0,,
15753,507.0,,
15754,601.0,,
15755,505.0,,
15756,506.0,,
15757,505.0,,
15758,504.0,,
15759,503.0,,
15760,507.0,,
15761,502.0,,
15762,505.0,,
15763,504.0,,
15764,509.0,,
15765,510.0,,
15766,501.0,,
15767,502.0,,
15768,504.0,,
15769,511.0,,
15770,506.0,,
15771,510.0,,
15772,602.0,,
15773,506.0,,
15774,510.0,,
15775,604.0,,
15776,509.0,,
15777,601.0,,
15778,507.0,,
15779,503.0,,
15780,510.0,,
15781,411.0,,
15782,506.0,,
15783,501.0,,
15784,602.0,,
15785,600.0,,
15786,511.0,,
15787,600.0,,
15788,502.0,,
15789,504.0,,
15790,508.0,,
15791,502.0,,
15792,511.0,,
15793,510.0,,
15794,501.0,,
15795,510.0,,
15796,510.0,,
15797,601.0,,
15798,,,
15799,508.0,,
15800,,,
15801,506.0,,
15802,511.0,,
15803,506.0,,
15804,504.0,,
15805,600.0,,
15806,502.0,,
15807,411.0,,
15808,503.0,,
15809,507.0,,
15810,503.0,,
15811,507.0,,
15812,511.0,,
15813,507.0,,
15814,506.0,,
15815,505.0,,
15816,511.0,,
15817,500.0,6.0,
15818,506.0,,
15819,508.0,,
15820,506.0,,
15821,501.0,,
15822,503.0,,
15823,507.0,,
15824,505.0,,
15825,,,
15826,504.0,,
15827,503.0,,
15828,507.0,,
15829,505.0,,
15830,504.0,,
15831,504.0,,
15832,503.0,,
15833,509.0,,
15834,506.0,,
15835,501.0,,
15836,506.0,,
15837,503.0,,
15838,504.0,,
15839,504.0,,
15840,508.0,,
15841,508.0,,
15842,504.0,,
15843,,,
15844,604.0,,
15845,508.0,,
15846,509.0,,
15847,600.0,,
15848,510.0,,
15849,608.0,,
15850,503.0,,
15851,506.0,,
15852,509.0,,
15853,510.0,,
15854,602.0,,
15855,508.0,,
15856,600.0,,
15857,511.0,,
15858,601.0,,
15859,501.0,,
15860,505.0,,
15861,503.0,,
15862,503.0,,
15863,510.0,,
15864,506.0,,
15865,508.0,,
15866,507.0,,
15867,508.0,,
15868,507.0,,
15869,506.0,,
15870,505.0,,
15871,510.0,,
15872,502.0,,
15873,510.0,,
15874,508.0,,
15875,500.0,,
15876,505.0,,
15877,510.0,,
15878,507.0,,
15879,501.0,,
15880,503.0,,
15881,508.0,,
15882,511.0,,
15883,600.0,,
15884,602.0,,
15885,511.0,,
15886,510.0,,
15887,503.0,,
15888,511.0,,
15889,510.0,,
15890,504.0,,
15891,504.0,,
15892,503.0,,
15893,508.0,,
15894,602.0,,
15895,411.0,,
15896,506.0,,
15897,506.0,,
15898,,,
15899,600.0,,
15900,502.0,,
15901,602.0,,
15902,509.0,,
15903,505.0,,
15904,411.0,,
15905,510.0,,
15906,504.0,,
15907,502.0,,
15908,,,
15909,609.0,,
15910,511.0,,
15911,500.0,,
15912,508.0,,
15913,601.0,,
15914,508.0,,
15915,511.0,,
15916,,,
15917,508.0,,
15918,409.0,,
15919,503.0,,
15920,600.0,,
15921,602.0,,
15922,502.0,,
15923,509.0,,
15924,603.0,,
15925,,,
15926,602.0,,
15927,505.0,,
15928,503.0,,
15929,511.0,,
15930,502.0,,
15931,504.0,,
15932,502.0,,
15933,503.0,,
15934,510.0,,
15935,,,
15936,505.0,,
15937,504.0,,
15938,503.0,,
15939,502.0,,
15940,502.0,,
15941,507.0,,
15942,510.0,,
15943,507.0,,
15944,505.0,,
15945,502.0,,
15946,509.0,,
15947,505.0,,
15948,508.0,,
15949,509.0,,
15950,505.0,,
15951,506.0,,
15952,511.0,,
15953,509.0,,
15954,,,
15955,511.0,,
15956,601.0,,
15957,500.0,,
15958,601.0,,
15959,503.0,,
15960,511.0,,
15961,508.0,,
15962,508.0,,
15963,507.0,,
15964,505.0,,
15965,507.0,,
15966,507.0,,
15967,508.0,,
15968,510.0,,
15969,508.0,,
15970,507.0,,
15971,501.0,,
15972,506.0,,
15973,506.0,,
15974,503.0,,
15975,503.0,,
15976,507.0,,
15977,503.0,,
15978,501.0,,
15979,507.0,,
15980,602.0,,
15981,508.0,,
15982,508.0,,
15983,702.0,,
15984,600.0,,
15985,507.0,,
15986,503.0,,
15987,503.0,,
15988,504.0,,
15989,407.0,,
15990,,,
15991,,,
15992,510.0,,
15993,508.0,,
15994,511.0,,
15995,508.0,,
15996,509.0,,
15997,600.0,,
15998,501.0,,
15999,501.0,,
16000,411.0,,
16001,509.0,,
16002,602.0,,
16003,601.0,,
16004,508.0,,
16005,508.0,,
16006,507.0,,
16007,510.0,,
16008,507.0,,
16009,510.0,,
16010,505.0,,
16011,,,
16012,411.0,,
16013,511.0,,
16014,604.0,,
16015,501.0,,
16016,410.0,,
16017,502.0,,
16018,503.0,,
16019,411.0,,
16020,501.0,,
16021,511.0,,
16022,701.0,,
16023,601.0,,
16024,504.0,,
16025,510.0,,
16026,511.0,,
16027,510.0,,
16028,510.0,,
16029,503.0,,
16030,506.0,,
16031,604.0,,
16032,506.0,,
16033,507.0,,
16034,502.0,,
16035,509.0,,
16036,507.0,,
16037,607.0,,
16038,601.0,,
16039,503.0,,
16040,510.0,,
16041,510.0,,
16042,506.0,,
16043,508.0,,
16044,508.0,,
16045,502.0,,
16046,602.0,,
16047,509.0,,
16048,503.0,,
16049,510.0,,
16050,600.0,,
16051,511.0,,
16052,506.0,,
16053,507.0,,
16054,505.0,,
16055,504.0,,
16056,507.0,,
16057,503.0,,
16058,507.0,,
16059,505.0,,
16060,511.0,,
16061,503.0,,
16062,507.0,,
16063,410.0,,
16064,505.0,,
16065,505.0,,
16066,602.0,,
16067,508.0,,
16068,505.0,,
16069,504.0,,
16070,,,
16071,505.0,,
16072,502.0,,
16073,507.0,,
16074,501.0,,
16075,506.0,,
16076,510.0,,
16077,507.0,,
16078,510.0,,
16079,503.0,,
16080,505.0,,
16081,504.0,,
16082,600.0,,
16083,709.0,,
16084,508.0,,
16085,504.0,,
16086,506.0,,
16087,511.0,,
16088,507.0,,
16089,509.0,,
16090,507.0,,
16091,506.0,,
16092,505.0,,
16093,507.0,,
16094,508.0,,
16095,505.0,,
16096,509.0,,
16097,511.0,,
16098,605.0,,
16099,503.0,,
16100,506.0,,
16101,411.0,,
16102,600.0,,
16103,602.0,,
16104,601.0,,
16105,509.0,,
16106,504.0,,
16107,507.0,,
16108,602.0,,
16109,510.0,,
16110,603.0,,
16111,510.0,,
16112,511.0,,
16113,509.0,,
16114,511.0,,
16115,600.0,,
16116,505.0,,
16117,506.0,,
16118,602.0,,
16119,507.0,,
16120,507.0,,
16121,601.0,,
16122,502.0,,
16123,511.0,,
16124,604.0,,
16125,506.0,,
16126,509.0,,
16127,510.0,,
16128,511.0,,
16129,507.0,,
16130,507.0,,
16131,609.0,,
16132,504.0,,
16133,507.0,,
16134,600.0,,
16135,503.0,,
16136,502.0,,
16137,506.0,,
16138,501.0,,
16139,507.0,,
16140,511.0,,
16141,505.0,,
16142,508.0,,
16143,411.0,,
16144,503.0,,
16145,504.0,,
16146,505.0,,
16147,502.0,,
16148,510.0,,
16149,506.0,,
16150,505.0,,
16151,,,
16152,510.0,,
16153,601.0,,
16154,600.0,,
16155,507.0,,
16156,509.0,,
16157,601.0,,
16158,506.0,,
16159,505.0,,
16160,511.0,,
16161,510.0,,
16162,507.0,,
16163,508.0,,
16164,511.0,,
16165,411.0,,
16166,505.0,,
16167,505.0,,
16168,500.0,,
16169,601.0,,
16170,504.0,,
16171,510.0,,
16172,507.0,,
16173,504.0,,
16174,505.0,,
16175,505.0,,
16176,509.0,,
16177,503.0,,
16178,600.0,,
16179,508.0,,
16180,502.0,,
16181,504.0,,
16182,509.0,,
16183,508.0,,
16184,511.0,,
16185,511.0,,
16186,508.0,,5.0
16187,505.0,,
16188,505.0,,
16189,507.0,,
16190,505.0,,
16191,504.0,,
16192,508.0,,
16193,604.0,,
16194,506.0,,
16195,506.0,,
16196,504.0,,
16197,507.0,,
16198,505.0,,
16199,504.0,,
16200,505.0,,
16201,504.0,,
16202,602.0,,
16203,506.0,,
16204,508.0,,
16205,507.0,,
16206,502.0,,
16207,504.0,,
16208,506.0,,
16209,501.0,,
16210,509.0,,
16211,511.0,,
16212,507.0,,
16213,411.0,,
16214,507.0,,
16215,511.0,,
16216,502.0,,
16217,503.0,,
16218,503.0,,
16219,504.0,,
16220,506.0,,
16221,510.0,,
16222,600.0,,
16223,506.0,,
16224,505.0,,
16225,506.0,,
16226,506.0,,
16227,,,
16228,600.0,,
16229,510.0,,
16230,506.0,,
16231,502.0,,
16232,602.0,,
16233,503.0,,
16234,609.0,,
16235,503.0,,
16236,511.0,,
16237,511.0,,
16238,502.0,,
16239,508.0,,
16240,505.0,,
16241,501.0,,
16242,505.0,,
16243,504.0,,
16244,506.0,,
16245,502.0,,
16246,503.0,,
16247,509.0,,
16248,511.0,,
16249,605.0,,
16250,510.0,,
16251,600.0,,
16252,511.0,,
16253,602.0,,
16254,600.0,,
16255,506.0,,
16256,507.0,,
16257,506.0,,
16258,504.0,,
16259,502.0,,
16260,600.0,,
16261,500.0,,
16262,600.0,,
16263,505.0,,
16264,511.0,,
16265,506.0,,
16266,411.0,,
16267,506.0,,
16268,506.0,,
16269,506.0,,
16270,507.0,,
16271,601.0,,
16272,506.0,,
16273,509.0,,
16274,511.0,,
16275,509.0,,
16276,508.0,,
16277,503.0,,
16278,502.0,,
16279,508.0,,
16280,502.0,,
16281,505.0,,
16282,508.0,,
16283,507.0,,
16284,501.0,,
16285,511.0,,
16286,507.0,,
16287,509.0,,
16288,503.0,,
16289,500.0,,
16290,506.0,,
16291,503.0,,
16292,501.0,,
16293,602.0,,
16294,511.0,,
16295,502.0,,
16296,504.0,,
16297,511.0,,
16298,511.0,,
16299,509.0,,
16300,505.0,,
16301,510.0,,
16302,508.0,,
16303,508.0,,
16304,411.0,,
16305,507.0,,
16306,,,
16307,507.0,,
16308,504.0,,
16309,511.0,,
16310,509.0,,
16311,511.0,,
16312,507.0,,
16313,509.0,,
16314,508.0,,
16315,509.0,,
16316,501.0,,
16317,509.0,,
16318,501.0,,
16319,505.0,,
16320,603.0,,
16321,504.0,,
16322,503.0,,
16323,507.0,,
16324,601.0,,
16325,504.0,,
16326,510.0,,
16327,511.0,,
16328,507.0,,
16329,,,
16330,505.0,,
16331,506.0,,
16332,506.0,,
16333,,,
16334,509.0,,
16335,501.0,,
16336,510.0,,
16337,702.0,,
16338,503.0,,
16339,505.0,,
16340,507.0,,
16341,507.0,,
16342,511.0,,
16343,504.0,,
16344,503.0,,
16345,411.0,,
16346,604.0,,
16347,506.0,,
16348,510.0,,
16349,511.0,,
16350,503.0,,
16351,510.0,,
16352,509.0,,
16353,500.0,,
16354,603.0,,
16355,506.0,,
16356,509.0,,
16357,509.0,,
16358,509.0,,
16359,511.0,,
16360,505.0,,
16361,511.0,,
16362,603.0,,
16363,506.0,,
16364,508.0,,
16365,508.0,,
16366,509.0,,
16367,507.0,,
16368,504.0,,
16369,602.0,,
16370,304.0,,
16371,503.0,,
16372,504.0,,
16373,510.0,,
16374,507.0,,
16375,600.0,,
16376,601.0,,
16377,506.0,,
16378,511.0,,
16379,511.0,,
16380,600.0,,
16381,600.0,,
16382,509.0,,
16383,411.0,,
16384,506.0,,
16385,508.0,,
16386,504.0,,
16387,502.0,,
16388,509.0,,
16389,,,
16390,503.0,,
16391,508.0,,
16392,601.0,,
16393,708.0,,
16394,601.0,,
16395,507.0,,
16396,508.0,,
16397,600.0,,
16398,600.0,,
16399,508.0,,
16400,507.0,,
16401,504.0,,
16402,501.0,,
16403,506.0,,
16404,503.0,,
16405,511.0,,
16406,510.0,,
16407,502.0,,
16408,509.0,,
16409,601.0,,
16410,506.0,,
16411,411.0,,
16412,505.0,,
16413,501.0,,
16414,402.0,,
16415,509.0,,
16416,503.0,,
16417,506.0,,
16418,602.0,,
16419,507.0,,
16420,506.0,,
16421,411.0,,
16422,500.0,,
16423,505.0,,
16424,504.0,,
16425,600.0,,
16426,504.0,,
16427,508.0,,
16428,510.0,,
16429,506.0,,
16430,,,
16431,509.0,,
16432,501.0,,
16433,,,
16434,510.0,,
16435,501.0,,
16436,504.0,,
16437,504.0,,
16438,602.0,,
16439,504.0,,
16440,508.0,,
16441,507.0,,
16442,503.0,,
16443,508.0,,
16444,509.0,,
16445,504.0,,
16446,505.0,,
16447,507.0,,
16448,508.0,,
16449,601.0,,
16450,509.0,,
16451,509.0,,
16452,503.0,,
16453,506.0,,
16454,509.0,,
16455,,,
16456,601.0,,
16457,603.0,,
16458,508.0,,
16459,507.0,,
16460,510.0,,
16461,509.0,,
16462,508.0,,
16463,504.0,,
16464,507.0,,
16465,503.0,,
16466,603.0,,
16467,503.0,,
16468,507.0,,
16469,508.0,,
16470,508.0,,
16471,503.0,,
16472,506.0,,
16473,601.0,,
16474,507.0,,
16475,600.0,,
16476,507.0,,
16477,503.0,,
16478,503.0,,
16479,507.0,,
16480,502.0,,
16481,506.0,,
16482,601.0,,
16483,505.0,,
16484,507.0,,
16485,502.0,,
16486,503.0,,
16487,506.0,,
16488,701.0,,
16489,505.0,,
16490,705.0,,
16491,600.0,,
16492,508.0,,
16493,505.0,,
16494,503.0,,
16495,503.0,6.0,
16496,508.0,,
16497,600.0,,
16498,500.0,,
16499,602.0,,
16500,603.0,,
16501,504.0,,
16502,507.0,,
16503,610.0,,
16504,508.0,,
16505,503.0,,
16506,410.0,,
16507,503.0,,
16508,507.0,,
16509,502.0,,
16510,506.0,,
16511,504.0,,
16512,500.0,,
16513,505.0,,
16514,506.0,,
16515,504.0,,
16516,506.0,,
16517,505.0,,
16518,600.0,,
16519,510.0,,
16520,508.0,,
16521,510.0,,
16522,501.0,,
16523,509.0,,
16524,501.0,,
16525,504.0,,
16526,510.0,,
16527,508.0,,
16528,501.0,,
16529,509.0,,
16530,508.0,,
16531,511.0,,
16532,510.0,,
16533,504.0,,
16534,410.0,,
16535,411.0,,
16536,504.0,,
16537,500.0,,
16538,508.0,,
16539,506.0,,
16540,506.0,,
16541,508.0,,
16542,600.0,,
16543,500.0,,
16544,507.0,,
16545,510.0,,
16546,507.0,,
16547,504.0,,
16548,508.0,,
16549,506.0,,
16550,510.0,,
16551,509.0,,
16552,511.0,,
16553,504.0,,
16554,507.0,,
16555,503.0,,
16556,508.0,,
16557,508.0,,
16558,505.0,,
16559,508.0,,
16560,509.0,,
16561,,,
16562,507.0,,
16563,504.0,,
16564,507.0,,
16565,503.0,,
16566,508.0,,
16567,510.0,,
16568,505.0,,
16569,501.0,,
16570,507.0,,
16571,501.0,,
16572,505.0,,
16573,509.0,,
16574,600.0,,
16575,,,
16576,508.0,1.0,
16577,503.0,,
16578,506.0,,
16579,504.0,,
16580,510.0,,
16581,600.0,,
16582,504.0,,
16583,507.0,,
16584,505.0,,
16585,503.0,,
16586,505.0,,
16587,,,
16588,411.0,,
16589,506.0,,
16590,509.0,,
16591,503.0,,
16592,500.0,,
16593,509.0,,
16594,505.0,,
16595,507.0,,
16596,507.0,,
16597,510.0,,
16598,,,
16599,503.0,,
16600,506.0,,
16601,505.0,,
16602,505.0,,
16603,510.0,,
16604,509.0,,
16605,504.0,,
16606,504.0,,
16607,507.0,,
16608,504.0,,
16609,502.0,,
16610,504.0,,
16611,503.0,,
16612,6.0,,
16613,506.0,,
16614,,,
16615,506.0,,
16616,503.0,,
16617,602.0,,
16618,503.0,,
16619,504.0,,
16620,508.0,,
16621,609.0,,
16622,406.0,,
16623,500.0,,
16624,603.0,,
16625,500.0,,
16626,508.0,,
16627,502.0,,
16628,508.0,,
16629,510.0,,
16630,502.0,,
16631,506.0,,
16632,505.0,,
16633,502.0,,
16634,503.0,,
16635,600.0,,
16636,503.0,,
16637,411.0,,
16638,,,
16639,506.0,,
16640,502.0,,
16641,,,
16642,707.0,,
16643,503.0,,
16644,601.0,,
16645,502.0,,
16646,509.0,,
16647,506.0,,
16648,602.0,,
16649,502.0,,
16650,511.0,,
16651,504.0,,
16652,,,
16653,503.0,,
16654,510.0,,
16655,,,
16656,505.0,,
16657,506.0,,
16658,511.0,,
16659,509.0,,
16660,600.0,,
16661,605.0,,
16662,510.0,,
16663,502.0,,
16664,503.0,,
16665,,,
16666,509.0,,
16667,500.0,,
16668,507.0,,
16669,511.0,,
16670,503.0,,
16671,509.0,,
16672,509.0,,
16673,600.0,,
16674,510.0,,
16675,510.0,,
16676,604.0,,
16677,509.0,,
16678,,,
16679,602.0,,
16680,500.0,,
16681,501.0,,
16682,505.0,,
16683,509.0,,
16684,508.0,,
16685,506.0,,
16686,501.0,,
16687,604.0,,
16688,601.0,,
16689,510.0,,
16690,502.0,,
16691,602.0,,
16692,508.0,,
16693,504.0,,
16694,504.0,,
16695,504.0,,
16696,506.0,,
16697,505.0,,
16698,503.0,,
16699,505.0,,
16700,508.0,,
16701,711.0,,
16702,,,
16703,506.0,,
16704,,,
16705,511.0,,
16706,711.0,,
16707,305.0,,
16708,6.0,,
16709,506.0,,
16710,507.0,,
16711,609.0,,
16712,502.0,,
16713,708.0,,
16714,,,
16715,,,
16716,507.0,,
16717,3.0,,
16718,307.0,,
16719,504.0,,
16720,,,
16721,,,
16722,508.0,,
16723,502.0,,
16724,505.0,,
16725,511.0,,
16726,,,
16727,504.0,,
16728,,,
16729,,,
16730,505.0,,
16731,,,
16732,508.0,,
16733,407.0,,
16734,505.0,,
16735,508.0,,
16736,509.0,,
16737,506.0,,
16738,,,
16739,,,
16740,508.0,,
16741,504.0,,
16742,508.0,,
16743,507.0,,
16744,710.0,,
16745,502.0,,
16746,,,
16747,508.0,,
16748,506.0,,
16749,506.0,,
16750,503.0,,
16751,505.0,,
16752,506.0,,
16753,,,
16754,500.0,,
16755,,,
16756,,,
16757,510.0,,
16758,506.0,,
16759,511.0,,
16760,508.0,,
16761,,,
16762,503.0,,
16763,503.0,,
16764,506.0,,
16765,508.0,,
16766,504.0,,
16767,500.0,,
16768,508.0,,
16769,507.0,,
16770,501.0,,
16771,603.0,,
16772,506.0,,
16773,506.0,,
16774,506.0,,
16775,502.0,,
16776,611.0,,
16777,510.0,,
16778,508.0,6.0,
16779,505.0,6.0,
16780,603.0,7.0,
16781,511.0,6.0,
16782,411.0,6.0,
16783,506.0,1.0,
16784,511.0,8.0,
16785,505.0,8.0,
16786,501.0,4.0,
16787,602.0,6.0,
16788,510.0,6.0,
16789,503.0,7.0,
16790,502.0,6.0,
16791,503.0,8.0,
16792,505.0,6.0,
16793,511.0,6.0,
16794,510.0,6.0,
16795,509.0,7.0,
16796,504.0,6.0,
16797,504.0,6.0,
16798,511.0,5.0,
16799,509.0,6.0,
16800,508.0,1.0,
16801,,6.0,
16802,505.0,8.0,
16803,504.0,7.0,
16804,508.0,6.0,
16805,506.0,6.0,
16806,508.0,5.0,
16807,511.0,5.0,
16808,506.0,,
16809,511.0,,
16810,510.0,,
16811,505.0,,
16812,506.0,,
16813,506.0,,
16814,506.0,,
16815,505.0,,
16816,507.0,,
16817,504.0,,
16818,505.0,,
16819,506.0,,
16820,508.0,,
16821,504.0,,
16822,506.0,,
16823,504.0,,
16824,507.0,,
16825,503.0,,
16826,504.0,,
16827,506.0,,
16828,509.0,,
16829,506.0,,
16830,510.0,,
16831,601.0,,
16832,506.0,,
16833,508.0,,
16834,510.0,,
16835,602.0,,
16836,604.0,,
16837,510.0,,
16838,601.0,,
16839,507.0,,
16840,511.0,,
16841,601.0,,
16842,506.0,,
16843,503.0,,
16844,504.0,,
16845,507.0,,
16846,504.0,,
16847,511.0,,
16848,510.0,,
16849,600.0,,
16850,506.0,,
16851,508.0,,
16852,601.0,,
16853,507.0,,
16854,509.0,,
16855,506.0,,
16856,504.0,,
16857,507.0,,
16858,502.0,,
16859,505.0,,
16860,602.0,,
16861,510.0,,
16862,411.0,,
16863,502.0,,
16864,501.0,,
16865,505.0,,
16866,505.0,,
16867,506.0,,
16868,510.0,,
16869,507.0,,
16870,504.0,,
16871,508.0,,
16872,601.0,,
16873,508.0,,
16874,501.0,,
16875,506.0,,
16876,508.0,,
16877,509.0,,
16878,600.0,,
16879,502.0,,
16880,504.0,,
16881,508.0,,
16882,510.0,,
16883,510.0,,
16884,,,
16885,501.0,,
16886,503.0,,
16887,507.0,,
16888,507.0,,
16889,508.0,,
16890,605.0,,
16891,509.0,,
16892,600.0,,
16893,507.0,,
16894,506.0,,
16895,506.0,,
16896,507.0,,
16897,507.0,,
16898,502.0,,
16899,505.0,,
16900,602.0,,
16901,509.0,,
16902,504.0,,
16903,511.0,,
16904,507.0,,
16905,505.0,,
16906,411.0,,
16907,501.0,,
16908,507.0,,
16909,507.0,,
16910,505.0,,
16911,503.0,,
16912,502.0,,
16913,502.0,,
16914,509.0,,
16915,,,
16916,508.0,,
16917,505.0,,
16918,510.0,,
16919,511.0,,
16920,300.0,,
16921,503.0,,
16922,510.0,,
16923,508.0,,
16924,510.0,,
16925,509.0,,
16926,600.0,,
16927,505.0,,
16928,410.0,,
16929,503.0,,
16930,503.0,,
16931,411.0,,
16932,504.0,,
16933,505.0,,
16934,,,
16935,509.0,,
16936,603.0,,
16937,510.0,,
16938,510.0,,
16939,506.0,,
16940,505.0,,
16941,,,
16942,503.0,,
16943,503.0,,
16944,600.0,,
16945,600.0,,
16946,505.0,,
16947,502.0,,
16948,502.0,,
16949,602.0,,
16950,508.0,,
16951,600.0,,
16952,503.0,,
16953,506.0,,
16954,510.0,,
16955,501.0,,
16956,503.0,,
16957,502.0,,
16958,602.0,,
16959,600.0,,
16960,506.0,,
16961,504.0,,
16962,505.0,,
16963,510.0,,
16964,510.0,,
16965,508.0,,
16966,508.0,,
16967,404.0,,
16968,,,
16969,503.0,,
16970,504.0,,
16971,601.0,,
16972,601.0,,
16973,508.0,,
16974,503.0,,
16975,506.0,,
16976,505.0,,
16977,507.0,,
16978,503.0,,
16979,510.0,,
16980,510.0,,
16981,604.0,,
16982,503.0,,
16983,510.0,,
16984,605.0,,
16985,501.0,,
16986,511.0,,
16987,501.0,,
16988,507.0,,
16989,510.0,,
16990,505.0,,
16991,505.0,,
16992,507.0,,
16993,508.0,,
16994,509.0,,
16995,510.0,,
16996,600.0,,
16997,508.0,,
16998,504.0,,
16999,504.0,,
17000,503.0,,
17001,510.0,,
17002,507.0,,
17003,503.0,,
17004,502.0,,
17005,509.0,,
17006,506.0,,
17007,507.0,,
17008,509.0,,
17009,602.0,,
17010,503.0,,
17011,501.0,,
17012,508.0,,
17013,511.0,,
17014,510.0,,
17015,503.0,,
17016,504.0,,
17017,505.0,,
17018,508.0,,
17019,600.0,,
17020,504.0,,
17021,510.0,,
17022,504.0,,
17023,506.0,,
17024,504.0,,
17025,510.0,,
17026,605.0,,
17027,507.0,,
17028,500.0,,
17029,502.0,,
17030,506.0,,
17031,,,
17032,507.0,,
17033,503.0,,
17034,505.0,,
17035,505.0,,
17036,508.0,,
17037,509.0,,
17038,602.0,,
17039,502.0,,
17040,503.0,,
17041,507.0,,
17042,510.0,,
17043,503.0,,
17044,501.0,,
17045,500.0,,
17046,503.0,,
17047,505.0,,
17048,505.0,,
17049,508.0,,
17050,507.0,,
17051,509.0,,
17052,506.0,,
17053,506.0,,
17054,510.0,,
17055,511.0,,
17056,603.0,,
17057,507.0,,
17058,506.0,,
17059,507.0,,
17060,502.0,,
17061,503.0,,
17062,510.0,,
17063,505.0,,
17064,509.0,,
17065,510.0,,
17066,601.0,,
17067,602.0,,
17068,511.0,,
17069,502.0,,
17070,504.0,,
17071,506.0,,
17072,509.0,,
17073,506.0,,
17074,510.0,,
17075,603.0,,
17076,506.0,,
17077,501.0,,
17078,511.0,,
17079,503.0,,
17080,502.0,,
17081,502.0,,
17082,610.0,,
17083,503.0,,
17084,508.0,,
17085,511.0,,
17086,600.0,,
17087,602.0,,
17088,509.0,,
17089,504.0,,
17090,508.0,,
17091,505.0,,
17092,505.0,,
17093,511.0,,
17094,605.0,,
17095,702.0,,
17096,508.0,,
17097,501.0,,
17098,510.0,,
17099,501.0,,
17100,502.0,,
17101,410.0,,
17102,602.0,,
17103,504.0,,
17104,510.0,,
17105,507.0,,
17106,509.0,,
17107,503.0,,
17108,500.0,,
17109,506.0,,
17110,510.0,,
17111,600.0,,
17112,501.0,,
17113,601.0,,
17114,507.0,,
17115,508.0,,
17116,510.0,,
17117,503.0,,
17118,510.0,,
17119,600.0,,
17120,602.0,,
17121,508.0,,
17122,508.0,,
17123,508.0,,
17124,600.0,,
17125,508.0,,
17126,501.0,,
17127,506.0,,
17128,601.0,,
17129,507.0,,
17130,508.0,,
17131,503.0,,
17132,506.0,,
17133,507.0,,
17134,511.0,,
17135,,,
17136,509.0,,
17137,504.0,,
17138,500.0,,
17139,506.0,,
17140,509.0,,
17141,507.0,,
17142,,,
17143,506.0,,
17144,503.0,,
17145,505.0,,
17146,505.0,,
17147,507.0,,
17148,508.0,,
17149,503.0,,
17150,504.0,,
17151,501.0,,
17152,501.0,,
17153,500.0,,
17154,501.0,,
17155,503.0,,
17156,600.0,,
17157,504.0,,
17158,508.0,,
17159,503.0,,
17160,602.0,,
17161,504.0,,
17162,503.0,,
17163,504.0,,
17164,504.0,,
17165,506.0,,
17166,503.0,,
17167,511.0,,
17168,601.0,,
17169,507.0,,
17170,506.0,,
17171,600.0,,
17172,505.0,,
17173,502.0,,
17174,505.0,,
17175,510.0,,
17176,509.0,,
17177,602.0,,
17178,603.0,,
17179,600.0,,
17180,508.0,,
17181,,,
17182,506.0,,
17183,506.0,,
17184,505.0,,
17185,502.0,,
17186,507.0,,
17187,503.0,,
17188,603.0,,
17189,510.0,,
17190,510.0,,
17191,506.0,,
17192,505.0,,
17193,511.0,,
17194,504.0,,
17195,505.0,,
17196,504.0,,
17197,508.0,,
17198,510.0,,
17199,506.0,,
17200,508.0,,
17201,503.0,,
17202,504.0,,
17203,508.0,,
17204,507.0,,
17205,600.0,,
17206,602.0,,
17207,600.0,,
17208,,,
17209,507.0,,
17210,511.0,,
17211,501.0,,
17212,508.0,,
17213,508.0,,
17214,511.0,,
17215,505.0,,
17216,300.0,,
17217,505.0,,
17218,506.0,,
17219,504.0,,
17220,504.0,,
17221,510.0,,
17222,507.0,,
17223,508.0,,
17224,510.0,,
17225,507.0,,
17226,605.0,,
17227,510.0,,
17228,602.0,,
17229,508.0,,
17230,600.0,,
17231,511.0,,
17232,507.0,,
17233,511.0,,
17234,602.0,,
17235,602.0,,
17236,503.0,,
17237,506.0,,
17238,500.0,,
17239,508.0,,
17240,503.0,,
17241,505.0,,
17242,509.0,,
17243,511.0,,
17244,,,
17245,511.0,,
17246,601.0,,
17247,504.0,,
17248,505.0,,
17249,509.0,,
17250,505.0,,
17251,511.0,,
17252,507.0,,
17253,511.0,,
17254,602.0,,
17255,501.0,,
17256,600.0,,
17257,600.0,,
17258,510.0,,
17259,510.0,,
17260,511.0,,
17261,601.0,,
17262,506.0,,
17263,602.0,,
17264,600.0,,
17265,509.0,,
17266,603.0,,
17267,505.0,,
17268,507.0,,
17269,502.0,,
17270,501.0,,
17271,509.0,,
17272,503.0,,
17273,503.0,,
17274,506.0,,
17275,505.0,,
17276,505.0,,
17277,601.0,,
17278,506.0,,
17279,508.0,,
17280,505.0,,
17281,501.0,,
17282,508.0,,
17283,507.0,,
17284,510.0,,
17285,507.0,,
17286,508.0,,
17287,600.0,,
17288,509.0,,
17289,411.0,,
17290,502.0,,
17291,505.0,,
17292,507.0,,
17293,504.0,,
17294,506.0,,
17295,504.0,,
17296,510.0,,
17297,505.0,,
17298,509.0,,
17299,509.0,,
17300,611.0,,
17301,505.0,,
17302,603.0,,
17303,603.0,,
17304,511.0,,
17305,510.0,,
17306,610.0,,
17307,601.0,,
17308,507.0,,
17309,508.0,,
17310,411.0,,
17311,502.0,,
17312,508.0,,
17313,506.0,,
17314,507.0,,
17315,511.0,,
17316,505.0,,
17317,506.0,,
17318,503.0,,
17319,504.0,,
17320,508.0,,
17321,506.0,,
17322,507.0,,
17323,505.0,,
17324,502.0,,
17325,510.0,,
17326,506.0,,
17327,504.0,,
17328,509.0,,
17329,504.0,,
17330,507.0,,
17331,507.0,,
17332,510.0,,
17333,509.0,,
17334,603.0,,
17335,504.0,,
17336,600.0,,
17337,600.0,,
17338,511.0,,
17339,503.0,,
17340,505.0,,
17341,503.0,,
17342,504.0,,
17343,511.0,,
17344,508.0,,
17345,511.0,,
17346,604.0,,
17347,508.0,,
17348,504.0,,
17349,508.0,,
17350,511.0,,
17351,510.0,,
17352,511.0,,
17353,509.0,,
17354,510.0,,
17355,602.0,,
17356,501.0,,
17357,506.0,,
17358,511.0,,
17359,603.0,,
17360,501.0,,
17361,504.0,,
17362,503.0,,
17363,508.0,,
17364,510.0,,
17365,509.0,,
17366,506.0,,
17367,601.0,,
17368,501.0,,
17369,501.0,,
17370,503.0,,
17371,508.0,,
17372,506.0,,
17373,508.0,,
17374,509.0,,
17375,503.0,,
17376,507.0,,
17377,507.0,,
17378,508.0,,
17379,508.0,,
17380,601.0,,
17381,505.0,,
17382,503.0,,
17383,601.0,,
17384,601.0,,
17385,602.0,,
17386,507.0,,
17387,510.0,,
17388,507.0,,
17389,511.0,,
17390,,,
17391,505.0,,
17392,600.0,,
17393,510.0,,
17394,600.0,,
17395,307.0,,
17396,502.0,,
17397,509.0,,
17398,511.0,,
17399,302.0,,
17400,600.0,,
17401,506.0,,
17402,510.0,,
17403,510.0,,
17404,504.0,,
17405,603.0,,
17406,505.0,,
17407,505.0,,
17408,603.0,,
17409,504.0,,
17410,509.0,,
17411,509.0,,
17412,603.0,,
17413,502.0,,
17414,503.0,,
17415,500.0,,
17416,504.0,,
17417,505.0,,
17418,507.0,,
17419,509.0,,
17420,509.0,,
17421,510.0,,
17422,600.0,,5.0
17423,604.0,,
17424,600.0,,
17425,508.0,,
17426,502.0,,
17427,501.0,,
17428,506.0,,
17429,509.0,,
17430,510.0,,
17431,411.0,,
17432,602.0,,
17433,510.0,,
17434,511.0,,
17435,601.0,5.0,
17436,509.0,,
17437,600.0,,
17438,508.0,4.0,
17439,503.0,8.0,
17440,510.0,1.0,
17441,504.0,8.0,
17442,509.0,6.0,
17443,505.0,7.0,
17444,507.0,8.0,
17445,510.0,5.0,
17446,510.0,8.0,
17447,510.0,4.0,
17448,507.0,6.0,
17449,506.0,3.0,
17450,506.0,1.0,
17451,501.0,3.0,
17452,506.0,1.0,
17453,506.0,2.0,
17454,502.0,1.0,
17455,503.0,3.0,
17456,505.0,1.0,
17457,602.0,2.0,
17458,507.0,1.0,
17459,511.0,2.0,
17460,507.0,1.0,
17461,411.0,4.0,
17462,500.0,1.0,
17463,510.0,1.0,
17464,600.0,4.0,
17465,600.0,2.0,
17466,506.0,2.0,
17467,500.0,1.0,
17468,503.0,1.0,
17469,507.0,1.0,
17470,505.0,1.0,
17471,600.0,2.0,
17472,511.0,2.0,
17473,504.0,3.0,
17474,506.0,2.0,
17475,502.0,3.0,
17476,601.0,1.0,
17477,505.0,3.0,
17478,503.0,3.0,
17479,504.0,2.0,
17480,504.0,1.0,
17481,503.0,1.0,
17482,510.0,1.0,
17483,502.0,1.0,
17484,503.0,1.0,
17485,504.0,4.0,
17486,505.0,2.0,
17487,506.0,1.0,
17488,600.0,2.0,
17489,507.0,1.0,
17490,500.0,1.0,
17491,504.0,3.0,
17492,507.0,1.0,
17493,506.0,4.0,
17494,503.0,1.0,
17495,,1.0,
17496,600.0,2.0,
17497,506.0,3.0,
17498,507.0,1.0,
17499,503.0,4.0,
17500,411.0,3.0,
17501,507.0,3.0,
17502,506.0,3.0,
17503,509.0,1.0,
17504,505.0,1.0,
17505,505.0,3.0,
17506,411.0,3.0,
17507,501.0,2.0,
17508,601.0,2.0,
17509,506.0,3.0,
17510,500.0,1.0,
17511,505.0,2.0,
17512,506.0,1.0,
17513,509.0,2.0,
17514,510.0,1.0,
17515,501.0,1.0,
17516,504.0,1.0,
17517,506.0,2.0,
17518,505.0,3.0,
17519,504.0,3.0,
17520,505.0,1.0,
17521,510.0,1.0,
17522,505.0,1.0,
17523,506.0,1.0,
17524,411.0,3.0,
17525,601.0,1.0,
17526,506.0,1.0,
17527,604.0,1.0,
17528,,4.0,
17529,505.0,1.0,
17530,507.0,3.0,
17531,507.0,1.0,
17532,507.0,1.0,
17533,511.0,1.0,
17534,502.0,1.0,
17535,511.0,1.0,
17536,508.0,2.0,
17537,507.0,1.0,
17538,505.0,2.0,
17539,506.0,1.0,
17540,601.0,2.0,
17541,509.0,2.0,
17542,510.0,1.0,
17543,502.0,1.0,
17544,503.0,1.0,
17545,503.0,1.0,
17546,510.0,1.0,
17547,507.0,2.0,
17548,509.0,1.0,
17549,504.0,4.0,
17550,508.0,1.0,
17551,501.0,,
17552,600.0,1.0,
17553,509.0,3.0,
17554,508.0,1.0,
17555,511.0,3.0,
17556,501.0,2.0,
17557,507.0,3.0,
17558,510.0,1.0,
17559,506.0,2.0,
17560,506.0,1.0,
17561,505.0,4.0,
17562,504.0,6.0,
17563,502.0,8.0,
17564,509.0,3.0,
17565,500.0,8.0,
17566,501.0,6.0,
17567,503.0,6.0,
17568,506.0,6.0,
17569,506.0,8.0,
17570,509.0,4.0,
17571,505.0,7.0,
17572,500.0,8.0,
17573,502.0,6.0,
17574,600.0,8.0,
17575,503.0,8.0,
17576,502.0,8.0,
17577,502.0,8.0,
17578,510.0,8.0,
17579,504.0,6.0,
17580,509.0,2.0,
17581,511.0,4.0,
17582,506.0,8.0,
17583,503.0,8.0,
17584,505.0,8.0,
17585,411.0,8.0,
17586,502.0,7.0,
17587,501.0,6.0,
17588,504.0,8.0,
17589,510.0,2.0,
17590,507.0,6.0,
17591,503.0,1.0,
17592,6.0,8.0,
17593,509.0,6.0,
17594,511.0,8.0,
17595,507.0,7.0,
17596,510.0,8.0,
17597,508.0,7.0,
17598,511.0,6.0,
17599,509.0,6.0,
17600,507.0,8.0,
17601,506.0,6.0,
17602,,1.0,
17603,504.0,6.0,
17604,503.0,6.0,
17605,510.0,7.0,
17606,504.0,6.0,
17607,503.0,6.0,
17608,602.0,3.0,
17609,504.0,7.0,
17610,600.0,6.0,
17611,603.0,8.0,
17612,507.0,7.0,
17613,504.0,3.0,
17614,507.0,2.0,
17615,,1.0,
17616,509.0,8.0,
17617,510.0,1.0,
17618,504.0,4.0,
17619,500.0,8.0,
17620,506.0,1.0,
17621,502.0,6.0,
17622,600.0,6.0,
17623,507.0,4.0,
17624,503.0,8.0,
17625,600.0,6.0,
17626,505.0,8.0,
17627,507.0,8.0,
17628,506.0,6.0,
17629,601.0,8.0,
17630,508.0,6.0,
17631,502.0,3.0,
17632,509.0,8.0,
17633,502.0,6.0,
17634,603.0,7.0,
17635,601.0,8.0,
17636,501.0,6.0,
17637,502.0,8.0,
17638,607.0,6.0,
17639,507.0,6.0,
17640,511.0,6.0,
17641,511.0,8.0,
17642,507.0,8.0,
17643,504.0,6.0,
17644,601.0,6.0,
17645,510.0,6.0,
17646,507.0,2.0,
17647,601.0,6.0,
17648,504.0,6.0,
17649,510.0,2.0,
17650,509.0,4.0,
17651,511.0,7.0,
17652,511.0,1.0,
17653,505.0,6.0,
17654,600.0,6.0,
17655,603.0,6.0,
17656,603.0,6.0,
17657,508.0,6.0,
17658,510.0,4.0,
17659,501.0,6.0,
17660,603.0,1.0,
17661,502.0,6.0,
17662,501.0,1.0,
17663,507.0,8.0,
17664,507.0,8.0,
17665,502.0,8.0,
17666,505.0,5.0,
17667,,6.0,
17668,506.0,6.0,
17669,504.0,8.0,
17670,506.0,6.0,
17671,6.0,7.0,
17672,502.0,6.0,
17673,510.0,5.0,
17674,502.0,7.0,
17675,509.0,4.0,
17676,600.0,8.0,
17677,601.0,6.0,
17678,602.0,8.0,
17679,6.0,8.0,
17680,510.0,1.0,
17681,502.0,4.0,
17682,508.0,7.0,
17683,5.0,8.0,
17684,709.0,1.0,
17685,509.0,8.0,
17686,504.0,7.0,
17687,503.0,8.0,
17688,,6.0,
17689,503.0,6.0,
17690,509.0,8.0,
17691,610.0,1.0,
17692,501.0,6.0,
17693,504.0,8.0,
17694,711.0,1.0,
17695,508.0,6.0,
17696,601.0,6.0,
17697,505.0,6.0,
17698,504.0,6.0,
17699,511.0,7.0,
17700,502.0,8.0,
17701,511.0,6.0,
17702,600.0,2.0,
17703,602.0,6.0,
17704,507.0,7.0,
17705,602.0,3.0,
17706,603.0,4.0,
17707,711.0,5.0,
17708,503.0,7.0,
17709,507.0,1.0,
17710,505.0,8.0,
17711,509.0,4.0,
17712,,8.0,
17713,508.0,6.0,
17714,508.0,4.0,
17715,505.0,6.0,
17716,609.0,8.0,
17717,501.0,5.0,
17718,502.0,8.0,
17719,507.0,6.0,
17720,609.0,8.0,
17721,502.0,6.0,
17722,505.0,2.0,
17723,510.0,8.0,
17724,509.0,6.0,
17725,510.0,8.0,
17726,503.0,6.0,
17727,509.0,3.0,
17728,,5.0,
17729,500.0,7.0,
17730,602.0,6.0,
17731,505.0,8.0,
17732,511.0,8.0,
17733,505.0,7.0,
17734,506.0,6.0,
17735,505.0,8.0,
17736,507.0,8.0,
17737,601.0,6.0,
17738,506.0,6.0,
17739,510.0,8.0,
17740,411.0,6.0,
17741,508.0,6.0,
17742,600.0,8.0,
17743,508.0,1.0,
17744,507.0,6.0,
17745,507.0,7.0,
17746,506.0,8.0,
17747,507.0,6.0,
17748,601.0,4.0,
17749,501.0,6.0,
17750,511.0,6.0,
17751,505.0,8.0,
17752,600.0,8.0,
17753,509.0,3.0,
17754,508.0,8.0,
17755,600.0,6.0,
17756,505.0,8.0,
17757,509.0,6.0,
17758,504.0,6.0,
17759,509.0,6.0,
17760,602.0,6.0,
17761,508.0,6.0,
17762,501.0,1.0,
17763,511.0,7.0,
17764,500.0,7.0,
17765,600.0,8.0,
17766,500.0,2.0,
17767,503.0,6.0,
17768,502.0,8.0,
17769,505.0,6.0,
17770,509.0,6.0,
17771,503.0,8.0,
17772,510.0,1.0,
17773,504.0,8.0,
17774,504.0,6.0,
17775,600.0,8.0,
17776,506.0,7.0,
17777,508.0,8.0,
17778,504.0,8.0,
17779,505.0,8.0,
17780,502.0,8.0,
17781,503.0,4.0,
17782,602.0,4.0,
17783,506.0,6.0,
17784,600.0,4.0,
17785,505.0,6.0,
17786,711.0,6.0,
17787,505.0,6.0,
17788,510.0,1.0,
17789,507.0,8.0,
17790,501.0,4.0,
17791,505.0,8.0,
17792,505.0,7.0,
17793,504.0,5.0,
17794,505.0,6.0,
17795,602.0,8.0,
17796,510.0,8.0,
17797,601.0,6.0,
17798,510.0,6.0,
17799,601.0,8.0,
17800,508.0,8.0,
17801,507.0,6.0,
17802,502.0,5.0,
17803,510.0,6.0,
17804,505.0,6.0,
17805,511.0,5.0,
17806,505.0,8.0,
17807,505.0,8.0,
17808,503.0,6.0,
17809,507.0,5.0,
17810,600.0,6.0,
17811,507.0,5.0,
17812,602.0,6.0,
17813,711.0,8.0,
17814,511.0,1.0,
17815,501.0,8.0,
17816,711.0,8.0,
17817,504.0,5.0,
17818,,1.0,
17819,500.0,6.0,
17820,305.0,7.0,
17821,510.0,6.0,
17822,505.0,5.0,
17823,506.0,8.0,
17824,502.0,7.0,
17825,508.0,6.0,
17826,602.0,7.0,
17827,510.0,6.0,
17828,504.0,6.0,
17829,602.0,1.0,
17830,601.0,7.0,
17831,510.0,6.0,
17832,502.0,6.0,
17833,502.0,6.0,
17834,600.0,6.0,
17835,510.0,8.0,
17836,506.0,4.0,
17837,504.0,6.0,
17838,503.0,6.0,
17839,504.0,8.0,
17840,508.0,7.0,
17841,508.0,6.0,
17842,509.0,8.0,
17843,503.0,8.0,
17844,508.0,8.0,
17845,502.0,6.0,
17846,505.0,6.0,
17847,511.0,6.0,
17848,503.0,8.0,
17849,508.0,6.0,
17850,509.0,7.0,
17851,504.0,8.0,
17852,502.0,8.0,
17853,304.0,3.0,
17854,601.0,8.0,
17855,507.0,5.0,
17856,506.0,4.0,
17857,508.0,6.0,
17858,503.0,6.0,
17859,503.0,6.0,
17860,509.0,7.0,
17861,510.0,8.0,
17862,609.0,4.0,
17863,,6.0,
17864,508.0,8.0,
17865,503.0,6.0,
17866,509.0,6.0,
17867,503.0,6.0,
17868,510.0,6.0,
17869,503.0,8.0,
17870,603.0,8.0,
17871,605.0,6.0,
17872,508.0,5.0,
17873,506.0,6.0,
17874,501.0,4.0,
17875,510.0,6.0,
17876,507.0,1.0,
17877,506.0,5.0,
17878,502.0,8.0,
17879,508.0,8.0,
17880,502.0,8.0,
17881,505.0,4.0,
17882,503.0,8.0,
17883,510.0,5.0,
17884,505.0,3.0,
17885,502.0,6.0,
17886,600.0,8.0,
17887,505.0,6.0,
17888,503.0,8.0,
17889,506.0,8.0,
17890,507.0,8.0,
17891,505.0,6.0,
17892,502.0,4.0,
17893,600.0,6.0,
17894,507.0,7.0,
17895,511.0,6.0,
17896,503.0,6.0,
17897,507.0,2.0,
17898,508.0,6.0,
17899,601.0,8.0,
17900,,6.0,
17901,500.0,6.0,
17902,409.0,8.0,
17903,508.0,6.0,
17904,506.0,7.0,
17905,504.0,6.0,
17906,506.0,8.0,
17907,505.0,8.0,
17908,504.0,8.0,
17909,600.0,7.0,
17910,511.0,8.0,
17911,506.0,6.0,
17912,509.0,7.0,
17913,503.0,6.0,
17914,501.0,8.0,
17915,510.0,8.0,
17916,601.0,6.0,
17917,503.0,7.0,
17918,508.0,5.0,
17919,504.0,7.0,
17920,511.0,1.0,
17921,502.0,7.0,
17922,507.0,8.0,
17923,509.0,2.0,
17924,503.0,6.0,
17925,506.0,7.0,
17926,502.0,8.0,
17927,505.0,8.0,
17928,506.0,6.0,
17929,503.0,6.0,
17930,508.0,,
17931,504.0,6.0,
17932,506.0,4.0,
17933,507.0,6.0,
17934,506.0,7.0,
17935,505.0,6.0,
17936,504.0,6.0,
17937,504.0,6.0,
17938,,8.0,
17939,508.0,5.0,
17940,711.0,8.0,
17941,600.0,6.0,
17942,602.0,6.0,
17943,503.0,5.0,
17944,503.0,8.0,
17945,601.0,6.0,
17946,505.0,6.0,
17947,502.0,8.0,
17948,504.0,7.0,
17949,505.0,8.0,
17950,505.0,8.0,
17951,501.0,6.0,
17952,505.0,8.0,
17953,503.0,6.0,
17954,503.0,7.0,
17955,507.0,6.0,
17956,510.0,8.0,
17957,,5.0,
17958,505.0,8.0,
17959,508.0,6.0,
17960,500.0,8.0,
17961,506.0,6.0,
17962,504.0,6.0,
17963,411.0,7.0,
17964,503.0,6.0,
17965,603.0,6.0,
17966,502.0,6.0,
17967,711.0,8.0,
17968,509.0,4.0,
17969,508.0,8.0,
17970,505.0,6.0,
17971,600.0,8.0,
17972,502.0,5.0,
17973,504.0,6.0,
17974,506.0,6.0,
17975,507.0,7.0,
17976,602.0,7.0,
17977,507.0,7.0,
17978,504.0,8.0,
17979,502.0,6.0,
17980,503.0,6.0,
17981,602.0,8.0,
17982,503.0,8.0,
17983,505.0,5.0,
17984,511.0,8.0,
17985,507.0,6.0,
17986,502.0,4.0,
17987,605.0,5.0,
17988,506.0,8.0,
17989,510.0,4.0,
17990,504.0,6.0,
17991,506.0,6.0,
17992,503.0,8.0,
17993,602.0,6.0,
17994,509.0,1.0,
17995,502.0,8.0,
17996,604.0,6.0,
17997,505.0,8.0,
17998,505.0,5.0,
17999,511.0,6.0,
18000,506.0,8.0,
18001,507.0,8.0,
18002,504.0,6.0,
18003,602.0,6.0,
18004,506.0,8.0,
18005,502.0,7.0,
18006,507.0,5.0,
18007,600.0,3.0,
18008,508.0,8.0,
18009,505.0,8.0,
18010,507.0,6.0,
18011,609.0,8.0,
18012,604.0,8.0,
18013,509.0,7.0,
18014,410.0,7.0,
18015,506.0,8.0,
18016,600.0,7.0,
18017,507.0,6.0,
18018,509.0,5.0,
18019,507.0,6.0,
18020,504.0,6.0,
18021,504.0,8.0,
18022,507.0,6.0,
18023,508.0,8.0,
18024,506.0,8.0,
18025,600.0,8.0,
18026,511.0,5.0,
18027,502.0,8.0,
18028,508.0,8.0,
18029,502.0,8.0,
18030,510.0,4.0,
18031,602.0,8.0,
18032,504.0,8.0,
18033,504.0,8.0,
18034,511.0,6.0,
18035,,8.0,
18036,509.0,8.0,
18037,506.0,6.0,
18038,410.0,6.0,
18039,506.0,8.0,
18040,503.0,6.0,
18041,508.0,6.0,
18042,506.0,8.0,
18043,600.0,7.0,
18044,601.0,5.0,
18045,502.0,6.0,
18046,509.0,8.0,
18047,510.0,6.0,
18048,503.0,6.0,
18049,507.0,6.0,
18050,509.0,6.0,
18051,500.0,8.0,
18052,509.0,8.0,
18053,600.0,4.0,
18054,510.0,8.0,
18055,506.0,6.0,
18056,504.0,4.0,
18057,503.0,8.0,
18058,504.0,1.0,
18059,505.0,7.0,
18060,509.0,8.0,
18061,509.0,8.0,
18062,505.0,6.0,
18063,502.0,8.0,
18064,509.0,8.0,
18065,300.0,1.0,
18066,511.0,1.0,
18067,506.0,8.0,
18068,502.0,8.0,
18069,504.0,8.0,
18070,506.0,8.0,
18071,511.0,5.0,
18072,503.0,6.0,
18073,509.0,7.0,
18074,508.0,8.0,
18075,600.0,8.0,
18076,505.0,8.0,
18077,502.0,8.0,
18078,509.0,6.0,
18079,504.0,6.0,
18080,601.0,6.0,
18081,511.0,1.0,
18082,600.0,6.0,
18083,504.0,4.0,
18084,506.0,8.0,
18085,602.0,6.0,
18086,507.0,6.0,
18087,502.0,7.0,
18088,600.0,8.0,
18089,509.0,6.0,
18090,503.0,8.0,
18091,,6.0,
18092,602.0,7.0,
18093,600.0,8.0,
18094,508.0,6.0,
18095,506.0,6.0,
18096,509.0,7.0,
18097,503.0,6.0,
18098,510.0,7.0,
18099,504.0,6.0,
18100,510.0,6.0,
18101,508.0,5.0,
18102,508.0,1.0,
18103,510.0,6.0,
18104,506.0,7.0,
18105,504.0,6.0,
18106,502.0,6.0,
18107,504.0,6.0,
18108,507.0,6.0,
18109,510.0,8.0,
18110,502.0,6.0,
18111,510.0,7.0,
18112,501.0,4.0,
18113,501.0,8.0,
18114,508.0,6.0,
18115,409.0,6.0,
18116,504.0,6.0,
18117,509.0,6.0,
18118,504.0,2.0,
18119,601.0,1.0,
18120,505.0,8.0,
18121,507.0,8.0,
18122,502.0,6.0,
18123,502.0,5.0,
18124,507.0,7.0,
18125,504.0,6.0,
18126,511.0,8.0,
18127,500.0,6.0,
18128,506.0,6.0,
18129,503.0,8.0,
18130,503.0,7.0,
18131,505.0,8.0,
18132,509.0,6.0,
18133,503.0,8.0,
18134,504.0,8.0,
18135,502.0,6.0,
18136,,5.0,
18137,503.0,6.0,
18138,502.0,6.0,
18139,506.0,7.0,
18140,511.0,6.0,
18141,602.0,7.0,
18142,506.0,8.0,
18143,5.0,1.0,
18144,502.0,7.0,
18145,505.0,6.0,
18146,508.0,6.0,
18147,601.0,7.0,
18148,506.0,8.0,
18149,511.0,6.0,
18150,606.0,8.0,
18151,502.0,6.0,
18152,600.0,6.0,
18153,508.0,8.0,
18154,506.0,6.0,
18155,504.0,6.0,
18156,711.0,8.0,
18157,601.0,8.0,
18158,610.0,8.0,
18159,502.0,6.0,
18160,503.0,6.0,
18161,600.0,1.0,
18162,704.0,6.0,
18163,503.0,6.0,
18164,509.0,6.0,
18165,604.0,6.0,
18166,600.0,6.0,
18167,506.0,6.0,
18168,509.0,6.0,
18169,507.0,5.0,
18170,510.0,8.0,
18171,507.0,8.0,
18172,510.0,6.0,
18173,511.0,3.0,
18174,508.0,6.0,
18175,502.0,6.0,
18176,,8.0,
18177,504.0,8.0,
18178,511.0,4.0,
18179,505.0,6.0,
18180,602.0,8.0,
18181,508.0,5.0,
18182,601.0,8.0,
18183,501.0,6.0,
18184,508.0,2.0,
18185,504.0,6.0,
18186,505.0,7.0,
18187,506.0,1.0,
18188,502.0,6.0,
18189,511.0,6.0,
18190,504.0,5.0,
18191,511.0,6.0,
18192,504.0,3.0,
18193,503.0,8.0,
18194,601.0,6.0,
18195,507.0,5.0,
18196,511.0,1.0,
18197,510.0,6.0,
18198,509.0,8.0,
18199,503.0,8.0,
18200,7.0,8.0,
18201,502.0,8.0,
18202,506.0,6.0,
18203,503.0,6.0,
18204,509.0,7.0,
18205,300.0,8.0,
18206,,8.0,
18207,506.0,4.0,
18208,504.0,1.0,
18209,504.0,4.0,
18210,503.0,8.0,
18211,505.0,6.0,
18212,504.0,5.0,
18213,511.0,1.0,
18214,601.0,8.0,
18215,508.0,8.0,
18216,503.0,2.0,
18217,511.0,5.0,
18218,504.0,8.0,
18219,505.0,6.0,
18220,505.0,7.0,
18221,504.0,5.0,
18222,601.0,8.0,
18223,509.0,8.0,
18224,509.0,5.0,
18225,509.0,6.0,
18226,408.0,6.0,
18227,7.0,8.0,
18228,600.0,6.0,
18229,500.0,8.0,
18230,507.0,7.0,
18231,509.0,8.0,
18232,511.0,6.0,
18233,502.0,8.0,
18234,602.0,4.0,
18235,506.0,8.0,
18236,505.0,6.0,
18237,600.0,2.0,
18238,506.0,8.0,
18239,600.0,6.0,
18240,411.0,1.0,
18241,508.0,6.0,
18242,506.0,8.0,
18243,507.0,8.0,
18244,600.0,8.0,
18245,711.0,6.0,
18246,504.0,6.0,
18247,505.0,6.0,
18248,507.0,8.0,
18249,507.0,6.0,
18250,505.0,5.0,
18251,510.0,8.0,
18252,504.0,8.0,
18253,500.0,7.0,
18254,502.0,6.0,
18255,711.0,7.0,
18256,506.0,1.0,
18257,410.0,6.0,
18258,506.0,6.0,
18259,601.0,8.0,
18260,510.0,7.0,
18261,508.0,6.0,
18262,504.0,6.0,
18263,500.0,6.0,
18264,509.0,8.0,
18265,508.0,8.0,
18266,508.0,7.0,
18267,504.0,7.0,
18268,509.0,8.0,
18269,509.0,6.0,
18270,411.0,7.0,
18271,509.0,6.0,
18272,501.0,8.0,
18273,508.0,6.0,
18274,503.0,7.0,
18275,506.0,8.0,
18276,503.0,8.0,
18277,504.0,3.0,
18278,600.0,5.0,
18279,600.0,8.0,
18280,501.0,8.0,
18281,503.0,8.0,
18282,505.0,7.0,
18283,508.0,8.0,
18284,505.0,6.0,
18285,504.0,7.0,
18286,510.0,5.0,
18287,,8.0,
18288,6.0,5.0,
18289,510.0,7.0,
18290,,6.0,
18291,501.0,6.0,
18292,501.0,6.0,
18293,507.0,5.0,
18294,508.0,6.0,
18295,507.0,6.0,
18296,505.0,8.0,
18297,506.0,8.0,
18298,503.0,2.0,
18299,508.0,7.0,
18300,503.0,4.0,
18301,600.0,1.0,
18302,504.0,8.0,
18303,510.0,7.0,
18304,508.0,8.0,
18305,505.0,6.0,
18306,504.0,6.0,
18307,506.0,1.0,
18308,410.0,6.0,
18309,509.0,8.0,
18310,504.0,7.0,
18311,604.0,6.0,
18312,510.0,8.0,
18313,506.0,6.0,
18314,504.0,8.0,
18315,408.0,8.0,
18316,411.0,8.0,
18317,507.0,6.0,
18318,506.0,6.0,
18319,505.0,8.0,
18320,501.0,8.0,
18321,503.0,8.0,
18322,510.0,7.0,
18323,507.0,6.0,
18324,503.0,6.0,
18325,511.0,6.0,
18326,504.0,8.0,
18327,502.0,8.0,
18328,503.0,6.0,
18329,507.0,6.0,
18330,,8.0,
18331,506.0,7.0,
18332,501.0,6.0,
18333,507.0,2.0,
18334,510.0,7.0,
18335,600.0,6.0,
18336,509.0,6.0,
18337,504.0,7.0,
18338,505.0,6.0,
18339,504.0,6.0,
18340,509.0,6.0,
18341,509.0,8.0,
18342,600.0,1.0,
18343,600.0,6.0,
18344,507.0,8.0,
18345,504.0,6.0,
18346,509.0,1.0,
18347,502.0,7.0,
18348,507.0,1.0,
18349,507.0,1.0,
18350,602.0,7.0,
18351,505.0,6.0,
18352,507.0,6.0,
18353,500.0,8.0,
18354,504.0,7.0,
18355,510.0,8.0,
18356,503.0,8.0,
18357,509.0,6.0,
18358,600.0,7.0,
18359,504.0,8.0,
18360,506.0,5.0,
18361,509.0,4.0,
18362,506.0,8.0,
18363,502.0,8.0,
18364,501.0,6.0,
18365,601.0,8.0,
18366,600.0,6.0,
18367,510.0,1.0,
18368,5.0,1.0,
18369,511.0,8.0,
18370,500.0,8.0,
18371,505.0,6.0,
18372,501.0,8.0,
18373,507.0,5.0,
18374,503.0,4.0,
18375,508.0,6.0,
18376,600.0,6.0,
18377,511.0,8.0,
18378,601.0,1.0,
18379,506.0,6.0,
18380,510.0,2.0,
18381,500.0,6.0,
18382,502.0,8.0,
18383,505.0,6.0,
18384,502.0,8.0,
18385,410.0,8.0,
18386,503.0,6.0,
18387,507.0,6.0,
18388,508.0,6.0,
18389,506.0,8.0,
18390,511.0,1.0,
18391,501.0,8.0,
18392,510.0,6.0,
18393,503.0,8.0,
18394,711.0,4.0,
18395,506.0,6.0,
18396,505.0,6.0,
18397,509.0,6.0,
18398,510.0,5.0,
18399,506.0,6.0,
18400,501.0,7.0,
18401,506.0,5.0,
18402,505.0,8.0,
18403,501.0,6.0,
18404,510.0,6.0,
18405,,6.0,
18406,411.0,8.0,
18407,511.0,7.0,
18408,502.0,3.0,
18409,509.0,8.0,
18410,,1.0,
18411,411.0,8.0,
18412,500.0,8.0,
18413,507.0,1.0,
18414,501.0,8.0,
18415,502.0,8.0,
18416,601.0,8.0,
18417,409.0,8.0,
18418,511.0,5.0,
18419,510.0,7.0,
18420,507.0,8.0,
18421,506.0,6.0,
18422,502.0,6.0,
18423,505.0,6.0,
18424,505.0,6.0,
18425,508.0,8.0,
18426,5.0,5.0,
18427,506.0,8.0,
18428,506.0,6.0,
18429,,6.0,
18430,503.0,6.0,
18431,502.0,5.0,
18432,510.0,8.0,
18433,509.0,8.0,
18434,601.0,6.0,
18435,510.0,7.0,
18436,600.0,8.0,
18437,505.0,6.0,
18438,500.0,8.0,
18439,508.0,6.0,
18440,508.0,8.0,
18441,505.0,8.0,
18442,505.0,8.0,
18443,502.0,2.0,
18444,503.0,7.0,
18445,409.0,1.0,
18446,503.0,6.0,
18447,509.0,7.0,
18448,506.0,3.0,
18449,504.0,5.0,
18450,503.0,8.0,
18451,,8.0,
18452,511.0,6.0,
18453,507.0,8.0,
18454,411.0,8.0,
18455,410.0,8.0,
18456,602.0,3.0,
18457,507.0,2.0,
18458,501.0,8.0,
18459,508.0,6.0,
18460,506.0,8.0,
18461,600.0,8.0,
18462,507.0,5.0,
18463,601.0,2.0,
18464,509.0,5.0,
18465,507.0,8.0,
18466,502.0,8.0,
18467,505.0,6.0,
18468,509.0,8.0,
18469,,1.0,
18470,507.0,8.0,
18471,411.0,8.0,
18472,503.0,8.0,
18473,,6.0,
18474,500.0,8.0,
18475,300.0,1.0,
18476,509.0,6.0,
18477,502.0,8.0,
18478,505.0,7.0,
18479,500.0,8.0,
18480,409.0,8.0,
18481,509.0,7.0,
18482,509.0,4.0,
18483,501.0,2.0,
18484,506.0,6.0,
18485,505.0,8.0,
18486,501.0,6.0,
18487,504.0,8.0,
18488,502.0,7.0,
18489,411.0,6.0,
18490,505.0,6.0,
18491,509.0,8.0,
18492,504.0,8.0,
18493,506.0,6.0,
18494,505.0,6.0,
18495,502.0,6.0,
18496,503.0,6.0,
18497,505.0,5.0,
18498,508.0,8.0,
18499,502.0,8.0,
18500,505.0,6.0,
18501,602.0,5.0,
18502,509.0,8.0,
18503,505.0,6.0,
18504,507.0,8.0,
18505,509.0,5.0,
18506,501.0,7.0,
18507,510.0,7.0,
18508,500.0,8.0,
18509,506.0,7.0,
18510,503.0,8.0,
18511,503.0,6.0,
18512,504.0,6.0,
18513,503.0,8.0,
18514,505.0,4.0,
18515,510.0,6.0,
18516,600.0,1.0,
18517,504.0,6.0,
18518,505.0,8.0,
18519,505.0,6.0,
18520,505.0,6.0,
18521,506.0,4.0,
18522,,5.0,
18523,506.0,8.0,
18524,509.0,4.0,
18525,507.0,6.0,
18526,510.0,6.0,
18527,504.0,8.0,
18528,502.0,6.0,
18529,502.0,4.0,
18530,508.0,1.0,
18531,507.0,6.0,
18532,505.0,6.0,
18533,504.0,2.0,
18534,,6.0,
18535,507.0,6.0,
18536,508.0,6.0,
18537,508.0,8.0,
18538,503.0,6.0,
18539,503.0,4.0,
18540,503.0,6.0,
18541,511.0,6.0,
18542,501.0,2.0,
18543,507.0,2.0,
18544,508.0,8.0,
18545,609.0,6.0,
18546,411.0,8.0,
18547,502.0,6.0,
18548,510.0,8.0,
18549,508.0,6.0,
18550,506.0,8.0,
18551,503.0,6.0,
18552,511.0,6.0,
18553,505.0,6.0,
18554,600.0,5.0,
18555,509.0,4.0,
18556,501.0,6.0,
18557,503.0,3.0,
18558,511.0,5.0,
18559,507.0,8.0,
18560,510.0,6.0,
18561,501.0,8.0,
18562,501.0,8.0,
18563,504.0,8.0,
18564,507.0,6.0,
18565,504.0,6.0,
18566,503.0,6.0,
18567,504.0,8.0,
18568,503.0,6.0,
18569,504.0,8.0,
18570,501.0,8.0,
18571,504.0,8.0,
18572,509.0,6.0,
18573,511.0,5.0,
18574,600.0,6.0,
18575,505.0,5.0,
18576,504.0,5.0,
18577,506.0,6.0,
18578,509.0,8.0,
18579,509.0,7.0,
18580,507.0,2.0,
18581,402.0,8.0,
18582,510.0,6.0,
18583,508.0,8.0,
18584,604.0,8.0,
18585,510.0,5.0,
18586,609.0,8.0,
18587,507.0,6.0,
18588,504.0,6.0,
18589,504.0,6.0,
18590,501.0,8.0,
18591,411.0,7.0,
18592,603.0,6.0,
18593,500.0,8.0,
18594,505.0,8.0,
18595,507.0,8.0,
18596,508.0,6.0,
18597,508.0,6.0,
18598,601.0,6.0,
18599,504.0,6.0,
18600,508.0,5.0,
18601,503.0,1.0,
18602,600.0,6.0,
18603,411.0,8.0,
18604,505.0,4.0,
18605,411.0,8.0,
18606,504.0,8.0,
18607,407.0,1.0,
18608,511.0,6.0,
18609,507.0,6.0,
18610,510.0,8.0,
18611,505.0,4.0,
18612,511.0,4.0,
18613,511.0,6.0,
18614,506.0,7.0,
18615,507.0,8.0,
18616,505.0,7.0,
18617,410.0,6.0,
18618,505.0,3.0,
18619,502.0,5.0,
18620,509.0,6.0,
18621,503.0,6.0,
18622,601.0,6.0,
18623,500.0,8.0,
18624,509.0,8.0,
18625,505.0,7.0,
18626,510.0,6.0,
18627,501.0,6.0,
18628,510.0,6.0,
18629,602.0,8.0,
18630,502.0,6.0,
18631,601.0,6.0,
18632,509.0,6.0,
18633,506.0,6.0,
18634,410.0,8.0,
18635,503.0,6.0,
18636,508.0,8.0,
18637,,8.0,
18638,504.0,6.0,
18639,504.0,8.0,
18640,506.0,6.0,
18641,503.0,6.0,
18642,500.0,7.0,
18643,506.0,8.0,
18644,410.0,7.0,
18645,507.0,3.0,
18646,411.0,6.0,
18647,507.0,5.0,
18648,510.0,8.0,
18649,504.0,8.0,
18650,600.0,8.0,
18651,601.0,6.0,
18652,511.0,5.0,
18653,507.0,7.0,
18654,502.0,8.0,
18655,509.0,6.0,
18656,600.0,6.0,
18657,509.0,8.0,
18658,505.0,8.0,
18659,503.0,6.0,
18660,504.0,5.0,
18661,503.0,8.0,
18662,508.0,7.0,
18663,401.0,8.0,
18664,500.0,6.0,
18665,510.0,6.0,
18666,409.0,8.0,
18667,510.0,7.0,
18668,508.0,8.0,
18669,502.0,6.0,
18670,505.0,5.0,
18671,504.0,6.0,
18672,507.0,6.0,
18673,601.0,6.0,
18674,505.0,6.0,
18675,600.0,8.0,
18676,506.0,6.0,
18677,506.0,6.0,
18678,600.0,2.0,
18679,507.0,7.0,
18680,500.0,7.0,
18681,510.0,6.0,
18682,411.0,6.0,
18683,607.0,8.0,
18684,504.0,6.0,
18685,502.0,8.0,
18686,505.0,6.0,
18687,604.0,8.0,
18688,507.0,1.0,
18689,503.0,7.0,
18690,511.0,4.0,
18691,509.0,8.0,
18692,,4.0,
18693,601.0,6.0,
18694,503.0,6.0,
18695,509.0,5.0,
18696,505.0,,
18697,300.0,6.0,
18698,506.0,6.0,
18699,506.0,3.0,
18700,507.0,6.0,
18701,506.0,6.0,
18702,503.0,5.0,
18703,504.0,6.0,
18704,502.0,6.0,
18705,506.0,6.0,
18706,600.0,6.0,
18707,500.0,6.0,
18708,501.0,8.0,
18709,504.0,6.0,
18710,411.0,8.0,
18711,505.0,6.0,
18712,501.0,6.0,
18713,508.0,5.0,
18714,505.0,6.0,
18715,600.0,6.0,
18716,502.0,7.0,
18717,503.0,6.0,
18718,505.0,8.0,
18719,502.0,6.0,
18720,506.0,8.0,
18721,601.0,8.0,
18722,409.0,8.0,
18723,505.0,7.0,
18724,508.0,6.0,
18725,511.0,7.0,
18726,500.0,8.0,
18727,503.0,8.0,
18728,503.0,6.0,
18729,502.0,8.0,
18730,508.0,6.0,
18731,411.0,8.0,
18732,601.0,8.0,
18733,506.0,6.0,
18734,506.0,1.0,
18735,507.0,2.0,
18736,,6.0,
18737,501.0,6.0,
18738,505.0,8.0,
18739,506.0,6.0,
18740,505.0,6.0,
18741,507.0,6.0,
18742,502.0,6.0,
18743,500.0,6.0,
18744,,5.0,
18745,602.0,8.0,
18746,508.0,7.0,
18747,507.0,5.0,
18748,509.0,6.0,
18749,507.0,6.0,
18750,501.0,8.0,
18751,502.0,6.0,
18752,509.0,6.0,
18753,507.0,1.0,
18754,503.0,8.0,
18755,500.0,6.0,
18756,510.0,8.0,
18757,507.0,6.0,
18758,703.0,7.0,
18759,506.0,4.0,
18760,505.0,8.0,
18761,504.0,8.0,
18762,506.0,6.0,
18763,504.0,8.0,
18764,506.0,6.0,
18765,508.0,6.0,
18766,508.0,6.0,
18767,510.0,8.0,
18768,502.0,8.0,
18769,503.0,6.0,
18770,508.0,7.0,
18771,600.0,8.0,
18772,503.0,5.0,
18773,508.0,8.0,
18774,,4.0,
18775,507.0,8.0,
18776,503.0,8.0,
18777,505.0,8.0,
18778,503.0,6.0,
18779,509.0,6.0,
18780,502.0,6.0,
18781,600.0,6.0,
18782,502.0,8.0,
18783,600.0,8.0,
18784,,8.0,
18785,506.0,6.0,
18786,310.0,8.0,
18787,506.0,6.0,
18788,503.0,7.0,
18789,505.0,2.0,
18790,506.0,6.0,
18791,508.0,6.0,
18792,511.0,5.0,
18793,507.0,4.0,
18794,601.0,8.0,
18795,507.0,6.0,
18796,504.0,8.0,
18797,511.0,6.0,
18798,508.0,6.0,
18799,502.0,1.0,
18800,508.0,1.0,
18801,504.0,5.0,
18802,503.0,8.0,
18803,501.0,5.0,
18804,500.0,6.0,
18805,509.0,4.0,
18806,508.0,5.0,
18807,507.0,5.0,
18808,,6.0,
18809,502.0,6.0,
18810,504.0,6.0,
18811,504.0,8.0,
18812,507.0,6.0,
18813,,8.0,
18814,505.0,8.0,
18815,509.0,6.0,
18816,506.0,6.0,
18817,507.0,5.0,
18818,510.0,5.0,
18819,411.0,8.0,
18820,503.0,6.0,
18821,504.0,5.0,
18822,508.0,6.0,
18823,501.0,7.0,
18824,503.0,8.0,
18825,600.0,5.0,
18826,508.0,8.0,
18827,,4.0,
18828,508.0,6.0,
18829,411.0,1.0,
18830,504.0,6.0,
18831,510.0,8.0,
18832,508.0,6.0,
18833,600.0,7.0,
18834,510.0,6.0,
18835,507.0,6.0,
18836,504.0,6.0,
18837,505.0,7.0,
18838,504.0,7.0,
18839,507.0,4.0,
18840,502.0,6.0,
18841,510.0,6.0,
18842,503.0,6.0,
18843,601.0,1.0,
18844,511.0,6.0,
18845,501.0,6.0,
18846,507.0,8.0,
18847,501.0,8.0,
18848,505.0,1.0,
18849,501.0,8.0,
18850,411.0,6.0,
18851,506.0,6.0,
18852,510.0,4.0,
18853,411.0,8.0,
18854,506.0,6.0,
18855,504.0,6.0,
18856,510.0,6.0,
18857,510.0,8.0,
18858,506.0,8.0,
18859,504.0,8.0,
18860,505.0,6.0,
18861,506.0,8.0,
18862,501.0,8.0,
18863,600.0,8.0,
18864,501.0,8.0,
18865,503.0,8.0,
18866,507.0,6.0,
18867,505.0,1.0,
18868,500.0,6.0,
18869,710.0,8.0,
18870,504.0,6.0,
18871,508.0,6.0,
18872,504.0,5.0,
18873,511.0,6.0,
18874,506.0,8.0,
18875,507.0,7.0,
18876,506.0,8.0,
18877,507.0,6.0,
18878,,7.0,
18879,505.0,6.0,
18880,510.0,8.0,
18881,504.0,5.0,
18882,601.0,1.0,
18883,507.0,6.0,
18884,510.0,1.0,
18885,411.0,1.0,
18886,505.0,6.0,
18887,505.0,7.0,
18888,510.0,6.0,
18889,411.0,8.0,
18890,508.0,8.0,
18891,607.0,1.0,
18892,504.0,8.0,
18893,504.0,8.0,
18894,509.0,6.0,
18895,511.0,7.0,
18896,410.0,1.0,
18897,507.0,7.0,
18898,700.0,8.0,
18899,411.0,6.0,
18900,506.0,8.0,
18901,509.0,8.0,
18902,711.0,2.0,
18903,501.0,6.0,
18904,508.0,1.0,
18905,511.0,2.0,
18906,504.0,2.0,
18907,511.0,2.0,
18908,509.0,6.0,
18909,5.0,6.0,
18910,509.0,6.0,
18911,508.0,4.0,
18912,600.0,1.0,
18913,,2.0,
18914,511.0,6.0,
18915,510.0,6.0,
18916,504.0,8.0,
18917,508.0,8.0,
18918,504.0,6.0,
18919,507.0,8.0,
18920,506.0,5.0,
18921,504.0,7.0,
18922,501.0,6.0,
18923,503.0,6.0,
18924,501.0,4.0,
18925,504.0,5.0,
18926,505.0,8.0,
18927,511.0,6.0,
18928,510.0,6.0,
18929,508.0,8.0,
18930,503.0,8.0,
18931,507.0,8.0,
18932,411.0,7.0,
18933,504.0,6.0,
18934,505.0,8.0,
18935,5.0,6.0,
18936,607.0,8.0,
18937,711.0,1.0,
18938,503.0,3.0,
18939,508.0,6.0,
18940,505.0,1.0,
18941,507.0,6.0,
18942,507.0,6.0,
18943,500.0,8.0,
18944,506.0,1.0,
18945,506.0,4.0,
18946,506.0,6.0,
18947,503.0,6.0,
18948,501.0,8.0,
18949,502.0,6.0,
18950,504.0,4.0,
18951,502.0,2.0,
18952,503.0,6.0,
18953,508.0,8.0,
18954,600.0,4.0,
18955,303.0,1.0,
18956,502.0,8.0,
18957,500.0,7.0,
18958,602.0,6.0,
18959,508.0,8.0,
18960,502.0,2.0,
18961,,6.0,
18962,507.0,6.0,
18963,504.0,6.0,
18964,509.0,4.0,
18965,503.0,8.0,
18966,700.0,4.0,
18967,503.0,6.0,
18968,504.0,8.0,
18969,501.0,8.0,
18970,500.0,8.0,
18971,500.0,8.0,
18972,503.0,8.0,
18973,505.0,8.0,
18974,4.0,4.0,
18975,508.0,8.0,
18976,505.0,2.0,
18977,501.0,8.0,
18978,501.0,6.0,
18979,501.0,6.0,
18980,4.0,4.0,
18981,507.0,6.0,
18982,503.0,5.0,
18983,3.0,1.0,
18984,601.0,1.0,
18985,503.0,3.0,
18986,508.0,6.0,
18987,411.0,2.0,
18988,,1.0,
18989,605.0,5.0,
18990,509.0,1.0,
18991,509.0,4.0,
18992,501.0,,
18993,508.0,8.0,
18994,510.0,8.0,
18995,508.0,8.0,
18996,506.0,6.0,
18997,509.0,6.0,
18998,502.0,4.0,
18999,3.0,8.0,
19000,502.0,8.0,
19001,510.0,1.0,
19002,502.0,8.0,
19003,510.0,8.0,
19004,501.0,8.0,
19005,510.0,6.0,
19006,507.0,5.0,
19007,411.0,6.0,
19008,501.0,6.0,
19009,504.0,1.0,
19010,500.0,6.0,
19011,507.0,6.0,
19012,510.0,6.0,
19013,509.0,6.0,
19014,511.0,8.0,
19015,507.0,8.0,
19016,707.0,5.0,
19017,710.0,2.0,
19018,600.0,6.0,
19019,504.0,4.0,
19020,508.0,8.0,
19021,507.0,4.0,
19022,602.0,8.0,
19023,510.0,8.0,
19024,508.0,6.0,
19025,411.0,8.0,
19026,506.0,8.0,
19027,511.0,1.0,
19028,504.0,8.0,
19029,505.0,6.0,
19030,,1.0,
19031,504.0,8.0,
19032,503.0,4.0,
19033,610.0,6.0,
19034,,8.0,
19035,501.0,8.0,
19036,507.0,1.0,
19037,505.0,7.0,
19038,511.0,6.0,
19039,601.0,4.0,
19040,502.0,6.0,
19041,508.0,8.0,
19042,602.0,7.0,
19043,711.0,1.0,
19044,,6.0,
19045,407.0,6.0,
19046,500.0,8.0,
19047,503.0,7.0,
19048,504.0,6.0,
19049,503.0,7.0,
19050,509.0,6.0,
19051,501.0,6.0,
19052,600.0,5.0,
19053,411.0,1.0,
19054,503.0,6.0,
19055,507.0,8.0,
19056,605.0,2.0,
19057,,5.0,
19058,504.0,1.0,
19059,508.0,6.0,
19060,,4.0,
19061,508.0,8.0,
19062,303.0,4.0,
19063,503.0,4.0,
19064,406.0,8.0,
19065,602.0,2.0,
19066,500.0,8.0,
19067,511.0,6.0,
19068,305.0,1.0,
19069,507.0,6.0,
19070,504.0,6.0,
19071,506.0,3.0,
19072,,2.0,
19073,504.0,8.0,
19074,506.0,7.0,
19075,601.0,6.0,
19076,505.0,6.0,
19077,505.0,5.0,
19078,509.0,1.0,
19079,505.0,6.0,
19080,601.0,8.0,
19081,7.0,2.0,
19082,505.0,7.0,
19083,509.0,6.0,
19084,504.0,6.0,
19085,602.0,2.0,
19086,506.0,6.0,
19087,507.0,2.0,
19088,706.0,3.0,
19089,507.0,7.0,
19090,507.0,8.0,
19091,503.0,2.0,
19092,507.0,8.0,
19093,507.0,1.0,
19094,509.0,6.0,
19095,511.0,8.0,
19096,504.0,6.0,
19097,,6.0,
19098,502.0,1.0,
19099,605.0,6.0,
19100,,5.0,
19101,506.0,8.0,
19102,608.0,4.0,
19103,503.0,8.0,
19104,503.0,6.0,
19105,510.0,6.0,
19106,,,
19107,510.0,,
19108,505.0,,
19109,,,
19110,506.0,,
19111,511.0,,
19112,504.0,,
19113,508.0,6.0,
19114,506.0,,
19115,504.0,6.0,
19116,502.0,,
19117,505.0,6.0,
19118,5.0,,
19119,601.0,1.0,
19120,501.0,8.0,
19121,508.0,4.0,
19122,503.0,8.0,
19123,501.0,6.0,
19124,511.0,8.0,
19125,508.0,8.0,
19126,507.0,7.0,
19127,511.0,1.0,
19128,510.0,8.0,
19129,508.0,,
19130,508.0,6.0,
19131,511.0,8.0,
19132,504.0,6.0,
19133,506.0,5.0,
19134,,,
19135,509.0,7.0,
19136,611.0,5.0,
19137,600.0,1.0,
19138,506.0,,
19139,600.0,5.0,
19140,502.0,8.0,
19141,503.0,1.0,
19142,503.0,8.0,
19143,507.0,6.0,
19144,604.0,,
19145,603.0,6.0,
19146,509.0,6.0,
19147,510.0,6.0,
19148,505.0,7.0,
19149,504.0,8.0,
19150,506.0,6.0,
19151,600.0,8.0,
19152,507.0,8.0,
19153,501.0,5.0,
19154,604.0,8.0,
19155,510.0,8.0,
19156,602.0,6.0,
19157,600.0,,
19158,604.0,6.0,
19159,503.0,8.0,
19160,507.0,8.0,
19161,6.0,,
19162,504.0,8.0,
19163,505.0,6.0,
19164,507.0,4.0,
19165,503.0,8.0,
19166,605.0,6.0,
19167,508.0,6.0,
19168,501.0,6.0,
19169,509.0,8.0,
19170,504.0,8.0,
19171,503.0,5.0,
19172,,,
19173,504.0,8.0,
19174,506.0,2.0,
19175,506.0,6.0,
19176,600.0,1.0,
19177,511.0,8.0,
19178,510.0,6.0,
19179,601.0,,
19180,506.0,,
19181,506.0,6.0,
19182,,,
19183,503.0,6.0,
19184,508.0,6.0,
19185,501.0,8.0,
19186,503.0,6.0,
19187,507.0,5.0,
19188,502.0,7.0,
19189,502.0,8.0,
19190,504.0,7.0,
19191,508.0,5.0,
19192,504.0,5.0,
19193,507.0,8.0,
19194,506.0,,
19195,508.0,8.0,
19196,508.0,,
19197,,8.0,
19198,,2.0,
19199,605.0,,
19200,,7.0,
19201,504.0,,
19202,505.0,1.0,
19203,705.0,8.0,
19204,408.0,1.0,
19205,505.0,8.0,
19206,600.0,8.0,
19207,508.0,6.0,
19208,509.0,8.0,
19209,708.0,6.0,
19210,410.0,7.0,
19211,504.0,5.0,
19212,500.0,6.0,
19213,,5.0,
19214,510.0,,
19215,303.0,1.0,
19216,609.0,1.0,
19217,509.0,,
19218,506.0,,
19219,300.0,,
19220,600.0,,
19221,708.0,8.0,
19222,503.0,6.0,
19223,503.0,4.0,
19224,508.0,1.0,
19225,,6.0,
19226,503.0,,
19227,507.0,6.0,
19228,503.0,8.0,
19229,,6.0,
19230,611.0,5.0,
19231,503.0,6.0,
19232,503.0,2.0,
19233,509.0,4.0,
19234,611.0,2.0,
19235,508.0,4.0,
19236,503.0,7.0,
19237,505.0,8.0,
19238,510.0,6.0,
19239,510.0,8.0,
19240,600.0,1.0,
19241,507.0,8.0,
19242,510.0,,
19243,510.0,,
19244,511.0,6.0,
19245,507.0,8.0,
19246,502.0,4.0,
19247,503.0,6.0,
19248,501.0,1.0,
19249,311.0,6.0,
19250,304.0,1.0,
19251,300.0,8.0,
19252,505.0,6.0,
19253,503.0,6.0,
19254,504.0,8.0,
19255,501.0,8.0,
19256,6.0,7.0,
19257,511.0,,
19258,508.0,7.0,
19259,504.0,5.0,
19260,507.0,7.0,
19261,301.0,7.0,
19262,505.0,8.0,
19263,502.0,6.0,
19264,509.0,8.0,
19265,502.0,6.0,
19266,510.0,8.0,
19267,504.0,8.0,
19268,506.0,5.0,
19269,506.0,6.0,
19270,504.0,2.0,
19271,508.0,8.0,
19272,510.0,6.0,
19273,506.0,7.0,
19274,509.0,1.0,
19275,501.0,,
19276,509.0,8.0,
19277,607.0,8.0,
19278,501.0,8.0,
19279,504.0,6.0,
19280,505.0,8.0,
19281,600.0,6.0,
19282,504.0,8.0,
19283,501.0,8.0,
19284,508.0,8.0,
19285,711.0,8.0,
19286,,8.0,
19287,508.0,6.0,
19288,601.0,6.0,
19289,503.0,7.0,
19290,711.0,1.0,
19291,504.0,8.0,
19292,600.0,7.0,
19293,507.0,6.0,
19294,506.0,6.0,
19295,502.0,6.0,
19296,504.0,2.0,
19297,411.0,8.0,
19298,506.0,8.0,
19299,600.0,6.0,
19300,510.0,6.0,
19301,,8.0,
19302,500.0,8.0,
19303,504.0,8.0,
19304,508.0,8.0,
19305,505.0,3.0,
19306,510.0,6.0,
19307,504.0,8.0,
19308,511.0,8.0,
19309,601.0,2.0,
19310,507.0,6.0,
19311,510.0,6.0,
19312,502.0,6.0,
19313,504.0,7.0,
19314,508.0,8.0,
19315,705.0,8.0,
19316,510.0,8.0,
19317,505.0,8.0,
19318,505.0,6.0,
19319,505.0,4.0,
19320,604.0,6.0,
19321,509.0,8.0,
19322,506.0,6.0,
19323,605.0,6.0,
19324,506.0,4.0,
19325,510.0,8.0,
19326,603.0,8.0,
19327,501.0,6.0,
19328,506.0,6.0,
19329,602.0,7.0,
19330,503.0,8.0,
19331,6.0,8.0,
19332,505.0,8.0,
19333,500.0,8.0,
19334,601.0,6.0,
19335,506.0,7.0,
19336,600.0,6.0,
19337,503.0,8.0,
19338,506.0,7.0,
19339,505.0,6.0,
19340,707.0,8.0,
19341,510.0,6.0,
19342,510.0,6.0,
19343,507.0,1.0,
19344,509.0,7.0,
19345,500.0,6.0,
19346,504.0,5.0,
19347,511.0,8.0,
19348,507.0,8.0,
19349,502.0,8.0,
19350,500.0,6.0,
19351,501.0,7.0,
19352,511.0,8.0,
19353,600.0,6.0,
19354,506.0,6.0,
19355,501.0,5.0,
19356,503.0,8.0,
19357,600.0,8.0,
19358,505.0,6.0,
19359,506.0,8.0,
19360,506.0,8.0,
19361,,5.0,
19362,511.0,7.0,
19363,508.0,6.0,
19364,505.0,6.0,
19365,510.0,7.0,
19366,503.0,8.0,
19367,505.0,8.0,
19368,506.0,6.0,
19369,408.0,7.0,
19370,408.0,6.0,
19371,509.0,6.0,
19372,506.0,5.0,
19373,601.0,7.0,
19374,505.0,7.0,
19375,504.0,6.0,
19376,508.0,6.0,
19377,511.0,8.0,
19378,500.0,8.0,
19379,502.0,8.0,
19380,505.0,6.0,
19381,505.0,8.0,
19382,504.0,1.0,
19383,504.0,6.0,
19384,507.0,7.0,
19385,509.0,6.0,
19386,509.0,8.0,
19387,503.0,6.0,
19388,503.0,6.0,
19389,503.0,8.0,
19390,603.0,6.0,
19391,500.0,8.0,
19392,503.0,8.0,
19393,509.0,1.0,
19394,503.0,1.0,
19395,504.0,8.0,
19396,,4.0,
19397,510.0,6.0,
19398,505.0,8.0,
19399,505.0,6.0,
19400,503.0,6.0,
19401,504.0,8.0,
19402,511.0,6.0,
19403,411.0,6.0,
19404,502.0,6.0,
19405,503.0,7.0,
19406,507.0,4.0,
19407,506.0,6.0,
19408,506.0,5.0,
19409,502.0,6.0,
19410,600.0,5.0,
19411,508.0,8.0,
19412,507.0,8.0,
19413,501.0,6.0,
19414,504.0,8.0,
19415,602.0,8.0,
19416,500.0,8.0,
19417,601.0,8.0,
19418,600.0,4.0,
19419,509.0,2.0,
19420,506.0,6.0,
19421,602.0,8.0,
19422,601.0,8.0,
19423,511.0,6.0,
19424,507.0,5.0,
19425,507.0,1.0,
19426,501.0,8.0,
19427,503.0,8.0,
19428,506.0,6.0,
19429,501.0,3.0,
19430,508.0,5.0,
19431,506.0,8.0,
19432,505.0,7.0,
19433,508.0,6.0,
19434,505.0,8.0,
19435,600.0,5.0,
19436,5.0,8.0,
19437,601.0,8.0,
19438,502.0,6.0,
19439,507.0,6.0,
19440,600.0,6.0,
19441,505.0,3.0,
19442,510.0,6.0,
19443,,6.0,
19444,504.0,8.0,
19445,505.0,6.0,
19446,503.0,6.0,
19447,600.0,6.0,
19448,5.0,6.0,
19449,505.0,6.0,
19450,504.0,8.0,
19451,505.0,8.0,
19452,507.0,6.0,
19453,508.0,6.0,
19454,509.0,6.0,
19455,602.0,1.0,
19456,601.0,7.0,
19457,509.0,6.0,
19458,600.0,8.0,
19459,510.0,7.0,
19460,505.0,4.0,
19461,504.0,7.0,
19462,506.0,8.0,
19463,511.0,8.0,
19464,411.0,8.0,
19465,505.0,8.0,
19466,511.0,6.0,
19467,603.0,6.0,
19468,600.0,6.0,
19469,503.0,8.0,
19470,506.0,6.0,
19471,509.0,8.0,
19472,510.0,4.0,
19473,508.0,6.0,
19474,500.0,6.0,
19475,504.0,8.0,
19476,,5.0,
19477,601.0,7.0,
19478,502.0,7.0,
19479,507.0,1.0,
19480,506.0,5.0,
19481,506.0,8.0,
19482,506.0,6.0,
19483,505.0,8.0,
19484,510.0,6.0,
19485,507.0,6.0,
19486,508.0,8.0,
19487,600.0,8.0,
19488,509.0,1.0,
19489,504.0,8.0,
19490,508.0,6.0,
19491,506.0,6.0,
19492,502.0,2.0,
19493,503.0,1.0,
19494,600.0,7.0,5.0
19495,,,
19496,508.0,3.0,
19497,510.0,6.0,
19498,504.0,6.0,
19499,509.0,7.0,
19500,505.0,7.0,
19501,503.0,5.0,
19502,509.0,6.0,
19503,5.0,6.0,
19504,509.0,5.0,
19505,,,
19506,608.0,8.0,
19507,504.0,6.0,
19508,411.0,6.0,
19509,503.0,6.0,
19510,509.0,8.0,
19511,510.0,6.0,
19512,510.0,6.0,
19513,503.0,8.0,
19514,504.0,8.0,
19515,503.0,5.0,
19516,506.0,8.0,
19517,510.0,7.0,
19518,600.0,8.0,
19519,506.0,8.0,
19520,511.0,8.0,
19521,504.0,8.0,
19522,503.0,5.0,
19523,509.0,6.0,
19524,511.0,5.0,
19525,506.0,7.0,
19526,506.0,6.0,
19527,504.0,1.0,
19528,504.0,7.0,
19529,504.0,6.0,
19530,601.0,5.0,
19531,505.0,5.0,
19532,506.0,8.0,
19533,507.0,6.0,
19534,508.0,2.0,
19535,508.0,5.0,
19536,500.0,6.0,
19537,504.0,6.0,
19538,502.0,8.0,
19539,,1.0,
19540,411.0,7.0,
19541,506.0,4.0,
19542,505.0,8.0,
19543,503.0,8.0,
19544,6.0,7.0,
19545,504.0,8.0,
19546,507.0,8.0,
19547,502.0,6.0,
19548,510.0,6.0,
19549,504.0,2.0,
19550,500.0,6.0,
19551,502.0,6.0,
19552,503.0,5.0,
19553,509.0,6.0,
19554,505.0,6.0,
19555,504.0,8.0,
19556,511.0,1.0,
19557,505.0,5.0,
19558,507.0,8.0,
19559,600.0,7.0,
19560,503.0,8.0,
19561,506.0,8.0,
19562,505.0,5.0,
19563,506.0,8.0,
19564,605.0,8.0,
19565,508.0,6.0,
19566,600.0,8.0,
19567,503.0,4.0,
19568,509.0,6.0,
19569,501.0,6.0,
19570,501.0,6.0,
19571,506.0,6.0,
19572,505.0,8.0,
19573,511.0,6.0,
19574,500.0,8.0,
19575,604.0,8.0,
19576,501.0,4.0,
19577,504.0,8.0,
19578,503.0,8.0,
19579,509.0,8.0,
19580,511.0,8.0,
19581,506.0,8.0,
19582,600.0,8.0,
19583,5.0,4.0,
19584,602.0,8.0,
19585,600.0,6.0,
19586,508.0,8.0,
19587,505.0,6.0,
19588,502.0,1.0,
19589,506.0,6.0,
19590,506.0,6.0,
19591,504.0,4.0,
19592,509.0,8.0,
19593,600.0,8.0,
19594,510.0,6.0,
19595,511.0,1.0,
19596,603.0,6.0,
19597,506.0,6.0,
19598,505.0,7.0,
19599,505.0,8.0,
19600,505.0,7.0,
19601,510.0,6.0,
19602,504.0,8.0,
19603,510.0,8.0,
19604,504.0,4.0,
19605,503.0,8.0,
19606,505.0,6.0,
19607,503.0,6.0,
19608,600.0,6.0,
19609,505.0,8.0,
19610,508.0,7.0,
19611,503.0,5.0,
19612,504.0,8.0,
19613,600.0,5.0,
19614,601.0,6.0,
19615,501.0,7.0,
19616,504.0,6.0,
19617,503.0,8.0,
19618,601.0,4.0,
19619,411.0,2.0,
19620,504.0,6.0,
19621,504.0,6.0,
19622,507.0,6.0,
19623,500.0,7.0,
19624,501.0,8.0,
19625,602.0,5.0,
19626,506.0,1.0,
19627,503.0,4.0,
19628,505.0,8.0,
19629,601.0,6.0,
19630,501.0,6.0,
19631,601.0,8.0,
19632,503.0,8.0,
19633,508.0,6.0,
19634,511.0,,
19635,508.0,,
19636,510.0,,
19637,510.0,1.0,
19638,504.0,8.0,
19639,503.0,,
19640,,,
19641,500.0,,
19642,507.0,,
19643,,,
19644,504.0,,
19645,504.0,,
19646,505.0,,
19647,506.0,,
19648,504.0,,
19649,511.0,,
19650,503.0,,
19651,508.0,,
19652,507.0,8.0,
19653,509.0,,
19654,503.0,8.0,
19655,511.0,7.0,
19656,509.0,,
19657,511.0,,
19658,501.0,6.0,
19659,508.0,,
19660,502.0,6.0,
19661,601.0,,
19662,601.0,5.0,
19663,503.0,8.0,
19664,503.0,,
19665,509.0,6.0,
19666,605.0,8.0,
19667,504.0,6.0,
19668,506.0,7.0,
19669,506.0,8.0,
19670,500.0,,
19671,502.0,6.0,
19672,509.0,,
19673,503.0,8.0,
19674,504.0,8.0,
19675,503.0,8.0,
19676,506.0,,
19677,508.0,5.0,
19678,507.0,8.0,
19679,504.0,8.0,
19680,508.0,1.0,
19681,510.0,7.0,
19682,411.0,8.0,
19683,503.0,8.0,
19684,509.0,,
19685,503.0,6.0,
19686,,6.0,
19687,509.0,5.0,
19688,601.0,,
19689,504.0,,
19690,600.0,,
19691,503.0,4.0,
19692,505.0,7.0,
19693,505.0,6.0,
19694,511.0,4.0,
19695,,7.0,
19696,510.0,4.0,
19697,600.0,8.0,
19698,501.0,1.0,
19699,507.0,,
19700,510.0,7.0,
19701,601.0,6.0,
19702,509.0,,
19703,507.0,6.0,
19704,505.0,2.0,
19705,502.0,3.0,
19706,506.0,1.0,
19707,601.0,,
19708,501.0,6.0,
19709,504.0,,
19710,601.0,8.0,
19711,509.0,6.0,
19712,509.0,6.0,
19713,509.0,5.0,
19714,506.0,,
19715,502.0,,
19716,506.0,7.0,
19717,510.0,1.0,
19718,502.0,6.0,
19719,509.0,,
19720,602.0,7.0,
19721,508.0,6.0,
19722,506.0,5.0,
19723,505.0,7.0,
19724,508.0,3.0,
19725,506.0,6.0,
19726,506.0,8.0,
19727,510.0,,
19728,510.0,6.0,
19729,411.0,8.0,
19730,501.0,8.0,
19731,509.0,6.0,
19732,504.0,8.0,
19733,505.0,8.0,
19734,509.0,6.0,
19735,504.0,8.0,
19736,510.0,6.0,
19737,508.0,8.0,
19738,507.0,8.0,
19739,509.0,1.0,
19740,503.0,6.0,
19741,504.0,6.0,
19742,604.0,6.0,
19743,510.0,4.0,
19744,509.0,1.0,
19745,507.0,6.0,
19746,507.0,6.0,
19747,509.0,8.0,
19748,511.0,6.0,
19749,600.0,6.0,
19750,504.0,1.0,
19751,502.0,1.0,
19752,508.0,6.0,
19753,506.0,1.0,
19754,605.0,4.0,
19755,503.0,6.0,
19756,610.0,8.0,
19757,504.0,8.0,
19758,506.0,5.0,
19759,505.0,6.0,
19760,507.0,6.0,
19761,509.0,6.0,
19762,505.0,6.0,
19763,505.0,1.0,
19764,601.0,8.0,
19765,509.0,7.0,
19766,509.0,6.0,
19767,503.0,6.0,
19768,503.0,6.0,
19769,602.0,8.0,
19770,501.0,6.0,
19771,504.0,7.0,
19772,506.0,8.0,
19773,502.0,5.0,
19774,506.0,2.0,
19775,502.0,6.0,
19776,510.0,8.0,
19777,500.0,5.0,
19778,504.0,6.0,
19779,506.0,6.0,
19780,6.0,6.0,
19781,507.0,8.0,
19782,502.0,6.0,
19783,503.0,6.0,
19784,509.0,6.0,
19785,504.0,6.0,
19786,506.0,8.0,
19787,600.0,6.0,
19788,502.0,8.0,
19789,508.0,6.0,
19790,507.0,6.0,
19791,502.0,8.0,
19792,511.0,6.0,
19793,506.0,6.0,
19794,603.0,7.0,
19795,508.0,4.0,
19796,504.0,8.0,
19797,502.0,2.0,
19798,310.0,6.0,
19799,,5.0,
19800,607.0,1.0,
19801,502.0,1.0,
19802,,2.0,
19803,503.0,6.0,
19804,502.0,8.0,
19805,504.0,8.0,
19806,504.0,6.0,
19807,408.0,8.0,
19808,504.0,8.0,
19809,501.0,8.0,
19810,511.0,6.0,
19811,508.0,6.0,
19812,503.0,8.0,
19813,600.0,6.0,
19814,510.0,7.0,
19815,506.0,8.0,
19816,500.0,7.0,
19817,510.0,5.0,
19818,600.0,6.0,
19819,501.0,5.0,
19820,510.0,5.0,
19821,601.0,6.0,
19822,508.0,6.0,
19823,506.0,8.0,
19824,506.0,5.0,
19825,502.0,6.0,
19826,506.0,5.0,
19827,506.0,5.0,
19828,507.0,6.0,
19829,511.0,5.0,
19830,602.0,6.0,
19831,508.0,6.0,
19832,601.0,8.0,
19833,511.0,6.0,
19834,506.0,6.0,
19835,510.0,6.0,
19836,502.0,8.0,
19837,507.0,1.0,
19838,511.0,1.0,
19839,509.0,6.0,
19840,504.0,6.0,
19841,505.0,8.0,
19842,502.0,5.0,
19843,508.0,8.0,
19844,506.0,6.0,
19845,600.0,6.0,
19846,601.0,6.0,
19847,507.0,6.0,
19848,506.0,6.0,
19849,506.0,6.0,
19850,507.0,1.0,
19851,502.0,4.0,
19852,506.0,8.0,
19853,505.0,6.0,
19854,601.0,1.0,
19855,304.0,5.0,
19856,502.0,6.0,
19857,510.0,7.0,
19858,510.0,1.0,
19859,310.0,1.0,
19860,505.0,6.0,
19861,503.0,6.0,
19862,503.0,7.0,
19863,508.0,8.0,
19864,504.0,8.0,
19865,506.0,6.0,
19866,507.0,6.0,
19867,505.0,8.0,
19868,505.0,8.0,
19869,503.0,6.0,
19870,506.0,6.0,
19871,504.0,6.0,
19872,503.0,7.0,
19873,510.0,8.0,
19874,504.0,8.0,
19875,507.0,6.0,
19876,502.0,8.0,
19877,504.0,7.0,
19878,509.0,8.0,
19879,507.0,6.0,
19880,509.0,8.0,
19881,502.0,4.0,
19882,506.0,6.0,
19883,706.0,1.0,
19884,501.0,8.0,
19885,509.0,8.0,
19886,600.0,8.0,
19887,509.0,1.0,
19888,410.0,8.0,
19889,600.0,8.0,
19890,503.0,6.0,
19891,506.0,8.0,
19892,503.0,7.0,
19893,505.0,6.0,
19894,504.0,8.0,
19895,500.0,6.0,
19896,502.0,6.0,
19897,501.0,1.0,
19898,503.0,1.0,
19899,507.0,5.0,
19900,504.0,,
19901,505.0,4.0,
19902,602.0,8.0,
19903,508.0,8.0,
19904,505.0,8.0,
19905,504.0,5.0,
19906,501.0,6.0,
19907,503.0,6.0,
19908,508.0,6.0,
19909,502.0,6.0,
19910,602.0,6.0,
19911,504.0,8.0,
19912,411.0,8.0,
19913,602.0,6.0,
19914,711.0,1.0,
19915,702.0,6.0,
19916,507.0,6.0,
19917,511.0,6.0,
19918,504.0,8.0,
19919,508.0,6.0,
19920,,6.0,
19921,600.0,8.0,
19922,503.0,6.0,
19923,601.0,6.0,
19924,502.0,6.0,
19925,708.0,8.0,
19926,504.0,8.0,
19927,601.0,4.0,
19928,505.0,4.0,
19929,504.0,1.0,
19930,507.0,6.0,
19931,509.0,5.0,
19932,505.0,8.0,
19933,509.0,6.0,
19934,511.0,8.0,
19935,600.0,6.0,
19936,501.0,6.0,
19937,502.0,7.0,
19938,600.0,1.0,
19939,510.0,1.0,
19940,503.0,4.0,
19941,509.0,6.0,
19942,509.0,3.0,
19943,600.0,6.0,
19944,507.0,8.0,
19945,507.0,6.0,
19946,508.0,6.0,
19947,506.0,8.0,
19948,510.0,6.0,
19949,503.0,6.0,
19950,601.0,6.0,
19951,602.0,8.0,
19952,504.0,6.0,
19953,600.0,,
19954,504.0,8.0,
19955,510.0,8.0,
19956,508.0,6.0,
19957,509.0,6.0,
19958,509.0,8.0,
19959,511.0,6.0,
19960,509.0,6.0,
19961,604.0,6.0,
19962,509.0,6.0,
19963,509.0,8.0,
19964,510.0,8.0,
19965,511.0,1.0,
19966,507.0,5.0,
19967,506.0,8.0,
19968,507.0,4.0,
19969,600.0,4.0,
19970,508.0,6.0,
19971,503.0,1.0,
19972,600.0,6.0,
19973,505.0,8.0,
19974,510.0,6.0,
19975,504.0,5.0,
19976,506.0,8.0,
19977,510.0,7.0,
19978,508.0,5.0,
19979,509.0,8.0,
19980,603.0,5.0,
19981,601.0,1.0,
19982,506.0,8.0,
19983,510.0,1.0,
19984,508.0,6.0,
19985,503.0,6.0,
19986,509.0,7.0,
19987,509.0,7.0,
19988,506.0,1.0,
19989,505.0,8.0,
19990,505.0,6.0,
19991,506.0,7.0,
19992,602.0,7.0,
19993,504.0,1.0,
19994,601.0,7.0,
19995,506.0,8.0,
19996,505.0,8.0,
19997,504.0,8.0,
19998,501.0,6.0,
19999,503.0,5.0,
20000,506.0,6.0,
20001,507.0,8.0,
20002,504.0,8.0,
20003,507.0,6.0,
20004,6.0,6.0,
20005,507.0,6.0,
20006,600.0,8.0,
20007,508.0,8.0,
20008,511.0,7.0,
20009,508.0,6.0,
20010,509.0,4.0,
20011,511.0,8.0,
20012,504.0,8.0,
20013,503.0,6.0,
20014,507.0,7.0,
20015,509.0,6.0,
20016,508.0,5.0,
20017,500.0,8.0,
20018,504.0,6.0,
20019,502.0,4.0,
20020,510.0,2.0,
20021,501.0,8.0,
20022,507.0,6.0,
20023,509.0,4.0,
20024,504.0,5.0,
20025,505.0,6.0,
20026,509.0,6.0,
20027,502.0,3.0,
20028,510.0,8.0,
20029,508.0,1.0,
20030,508.0,6.0,
20031,505.0,8.0,
20032,706.0,3.0,
20033,511.0,6.0,
20034,504.0,8.0,
20035,503.0,6.0,
20036,506.0,6.0,
20037,502.0,6.0,
20038,511.0,8.0,
20039,508.0,6.0,
20040,504.0,8.0,
20041,503.0,6.0,
20042,501.0,6.0,
20043,505.0,7.0,
20044,505.0,6.0,
20045,503.0,6.0,
20046,506.0,6.0,
20047,500.0,6.0,
20048,509.0,8.0,
20049,601.0,6.0,
20050,504.0,1.0,
20051,503.0,5.0,
20052,510.0,6.0,
20053,505.0,8.0,
20054,506.0,6.0,
20055,506.0,6.0,
20056,509.0,1.0,
20057,511.0,1.0,
20058,502.0,1.0,
20059,505.0,8.0,
20060,508.0,6.0,
20061,511.0,6.0,
20062,505.0,8.0,
20063,601.0,8.0,
20064,503.0,8.0,
20065,600.0,6.0,
20066,510.0,5.0,
20067,504.0,5.0,
20068,501.0,6.0,
20069,504.0,1.0,
20070,504.0,5.0,
20071,411.0,5.0,
20072,506.0,8.0,
20073,508.0,8.0,
20074,503.0,6.0,
20075,509.0,5.0,
20076,503.0,8.0,
20077,508.0,7.0,
20078,507.0,6.0,
20079,506.0,6.0,
20080,508.0,1.0,
20081,501.0,8.0,
20082,503.0,2.0,
20083,509.0,8.0,
20084,510.0,6.0,
20085,507.0,1.0,
20086,509.0,5.0,
20087,509.0,8.0,
20088,,1.0,
20089,405.0,2.0,
20090,507.0,6.0,
20091,503.0,4.0,
20092,506.0,4.0,
20093,501.0,1.0,
20094,505.0,8.0,
20095,508.0,6.0,
20096,508.0,6.0,
20097,509.0,6.0,
20098,5.0,6.0,
20099,501.0,1.0,
20100,508.0,8.0,
20101,511.0,1.0,
20102,508.0,8.0,
20103,501.0,6.0,
1933,509.0,6.0,
17275,505.0,,
13710,503.0,,
1879,507.0,6.0,
15744,508.0,,
10024,510.0,6.0,
2871,604.0,8.0,
3303,511.0,8.0,
4038,511.0,7.0,
5533,510.0,6.0,
1647,506.0,7.0,
8145,509.0,4.0,
5164,600.0,6.0,
7598,502.0,7.0,
12911,508.0,6.0,
