row_id,age,sex,grade,social_media_use,mental_health_not_good,sleep_hours,bmipct,height_orig,weight_orig
1,,,,6.0,1.0,3.0,97.08,505,180
2,,,,4.0,3.0,5.0,,N N,233
3,,,,8.0,2.0,1.0,92.26,506,165
4,,,,8.0,3.0,4.0,,N N,105
5,,,,6.0,3.0,3.0,7.57,601,125
6,,,,8.0,,2.0,68.89,511,160
7,,,,8.0,3.0,2.0,60.48,600,165
8,,,,6.0,2.0,1.0,97.53,500,162
9,,,,6.0,3.0,1.0,76.45,505,135
10,,,,6.0,1.0,2.0,34.79,504,117
11,,,,1.0,1.0,7.0,64.23,507,140
12,,,,6.0,1.0,4.0,95.81,502,159
13,,,,6.0,1.0,4.0,82.18,506,145
14,,,,6.0,1.0,2.0,99.42,504,300
15,,,,7.0,1.0,5.0,86.65,509,163
16,,,,8.0,4.0,2.0,98.75,506,215
17,,,,8.0,1.0,3.0,99.19,602,270
18,,,,3.0,3.0,5.0,3.87,604,150
19,,,,6.0,3.0,5.0,17.75,505,110
20,,,,2.0,3.0,1.0,,500,115
21,,,,4.0,3.0,3.0,,604,N
22,,,,7.0,3.0,4.0,99.4,603,290
23,,,,7.0,2.0,5.0,97.68,508,210
24,,,Grade 10,8.0,1.0,5.0,,511,183
25,,,,6.0,2.0,5.0,66.26,504,132
26,,,,6.0,4.0,2.0,85.29,505,150
27,,,,6.0,5.0,5.0,14.23,503,104
28,,,,5.0,1.0,4.0,80.27,509,165
29,,,,8.0,3.0,5.0,87.4,600,185
30,,,,8.0,3.0,3.0,72.37,510,165
31,,,,8.0,2.0,4.0,38.19,509,140
32,,,,8.0,2.0,2.0,92.37,503,155
33,,,,always online,1.0,2.0,87.37,510,175
34,,,,4.0,4.0,2.0,5.48,601,140
35,,,,6.0,5.0,3.0,70.33,505,138
36,,,,6.0,2.0,4.0,37.22,603,154
37,,,,6.0,3.0,4.0,34.79,504,117
38,,,,6.0,1.0,6.0,95.78,604,245
39,,,,6.0,2.0,4.0,99.53,511,270
40,,,,6.0,1.0,4.0,72.6,508,155
41,,,,8.0,2.0,5.0,55.26,504,126
42,,,,6.0,1.0,5.0,,504,125
43,,,,6.0,4.0,3.0,55.89,409,98
44,,,,8.0,3.0,6.0,95.58,502,162
45,,,,1.0,5.0,4.0,92.85,507,175
46,,,,6.0,2.0,3.0,92.69,509,185
47,,,,4.0,5.0,3.0,63.62,502,121
48,,,,1.0,4.0,4.0,88.82,505,156
49,,,,8.0,4.0,4.0,71.83,500,110
50,,,,7.0,4.0,2.0,46.6,505,125
51,,,,8.0,1.0,5.0,49.55,504,118
52,,,,1.0,3.0,6.0,84.46,509,160
53,,,,8.0,1.0,5.0,98.39,505,220
54,,,,7.0,2.0,5.0,38.4,603,170
55,,,,6.0,2.0,4.0,72.05,600,178
56,,,,5.0,2.0,4.0,83.71,600,190
57,,,,6.0,2.0,3.0,,607,130
58,,,,6.0,2.0,3.0,99.53,511,270
59,,,,4.0,1.0,3.0,47.28,509,135
60,,,,6.0,5.0,1.0,,603,210
61,,,,8.0,2.0,4.0,74.22,509,145
62,,,,7.0,2.0,1.0,99.0,600,245
63,,,,5.0,1.0,4.0,58.55,510,155
64,,,,4.0,3.0,3.0,66.76,509,145
65,,,,8.0,1.0,5.0,13.45,501,90
66,,,,5.0,2.0,4.0,,504,120
67,,,,6.0,3.0,1.0,65.84,505,135
68,,,,6.0,2.0,2.0,92.47,511,190
69,,,,8.0,5.0,3.0,99.08,505,250
70,,,,6.0,2.0,4.0,0.22,507,100
71,,,,6.0,1.0,5.0,54.05,508,135
72,,,,6.0,3.0,4.0,78.35,506,150
73,,,,6.0,1.0,7.0,95.82,505,185
74,,,,1.0,4.0,1.0,93.19,505,175
75,,,,4.0,3.0,2.0,19.13,507,120
76,,,,8.0,,,,509,200
77,,,,8.0,3.0,3.0,46.6,505,125
78,,,,8.0,1.0,7.0,91.97,602,200
79,,,,5.0,1.0,1.0,,505,130
80,,,,1.0,4.0,1.0,58.83,600,164
81,,,,6.0,2.0,3.0,33.01,501,103
82,,,,8.0,3.0,3.0,33.36,509,129
83,,,,6.0,2.0,3.0,68.87,600,160
84,,,,6.0,4.0,2.0,7.68,503,98
85,,,,1.0,5.0,2.0,98.06,502,180
86,,,,4.0,4.0,1.0,94.42,600,198
87,,,,4.0,4.0,6.0,,605,236
88,,,,1.0,1.0,4.0,,403,105
89,,,,6.0,3.0,2.0,76.16,511,155
90,,,,8.0,3.0,5.0,56.12,508,136
91,,,,8.0,3.0,3.0,99.28,506,250
92,,,,6.0,1.0,4.0,93.58,504,165
93,,,,8.0,2.0,4.0,68.71,508,138
94,,,,8.0,2.0,4.0,81.73,506,158
95,,,,6.0,1.0,,36.8,505,120
96,,,,5.0,2.0,3.0,93.65,503,149
97,,,,7.0,4.0,4.0,,504,N
98,,,,8.0,1.0,1.0,40.79,505,120
99,,,,6.0,3.0,,86.29,502,140
100,,,,7.0,4.0,2.0,,510,185
101,,,,,,,65.99,508,155
102,,,,8.0,1.0,1.0,92.09,504,160
103,,,,8.0,4.0,3.0,42.79,510,147
104,,,,8.0,1.0,,73.72,510,160
105,,,,5.0,1.0,6.0,78.78,601,172
106,,,,8.0,4.0,3.0,44.69,602,165
107,,,,6.0,5.0,3.0,55.93,501,112
108,,,,6.0,2.0,2.0,97.45,602,240
109,,,,6.0,3.0,5.0,46.6,505,125
110,,,,8.0,2.0,3.0,90.2,508,175
111,,,,8.0,3.0,4.0,73.72,510,160
112,,,,2.0,4.0,3.0,74.46,600,175
113,,,,8.0,3.0,5.0,67.17,504,130
114,,,,8.0,3.0,2.0,56.96,503,117
115,,,,2.0,4.0,5.0,90.25,503,146
116,,,,8.0,5.0,1.0,70.27,506,137
117,,,,2.0,5.0,4.0,70.29,603,185
118,,,,6.0,2.0,2.0,91.53,601,198
119,,,,8.0,3.0,5.0,98.36,509,215
120,,,,8.0,3.0,3.0,87.12,411,120
121,,,,7.0,4.0,5.0,92.1,505,160
122,,,,6.0,2.0,4.0,9.12,510,121
123,,,,6.0,3.0,2.0,86.29,502,140
124,,,,5.0,3.0,4.0,76.74,601,170
125,,,,8.0,5.0,3.0,81.18,504,138
126,,,,5.0,5.0,4.0,89.52,504,150
127,,,,1.0,3.0,6.0,94.76,507,185
128,,,,8.0,5.0,,97.9,505,196
129,,,,8.0,5.0,1.0,97.69,500,174
130,,,,5.0,1.0,4.0,0.8,510,110
131,,,,8.0,3.0,,39.92,506,121
132,,,,7.0,1.0,1.0,83.34,602,200
133,,,,6.0,1.0,3.0,85.99,604,215
134,,,,6.0,5.0,2.0,94.58,502,157
135,,,,6.0,2.0,3.0,80.64,506,146
136,,,,8.0,1.0,2.0,21.25,601,143
137,,,,6.0,2.0,3.0,58.88,509,150
138,,,,6.0,4.0,4.0,92.81,501,150
139,,,,8.0,1.0,3.0,35.33,601,155
140,,,,6.0,4.0,2.0,38.4,603,170
141,,,,8.0,4.0,4.0,20.76,503,107
142,,,,8.0,1.0,1.0,,405,150
143,,,,8.0,3.0,5.0,80.22,602,185
144,,,,6.0,3.0,1.0,96.58,600,220
145,,,,1.0,1.0,1.0,,503,N
146,,,,4.0,2.0,3.0,97.21,601,230
147,,,,1.0,1.0,1.0,,507,150
148,,,,8.0,1.0,,7.15,604,150
149,,,,8.0,4.0,1.0,0.5,601,125
150,,,,8.0,1.0,3.0,39.33,508,133
151,,,,6.0,2.0,,42.13,511,150
152,,,,6.0,3.0,4.0,35.05,505,120
153,,,,2.0,1.0,,95.61,600,214
154,,,,6.0,,3.0,61.17,511,150
155,,,,7.0,1.0,4.0,62.39,503,125
156,,,,4.0,1.0,4.0,96.61,604,245
157,,,,6.0,2.0,4.0,94.43,602,220
158,,,,6.0,4.0,2.0,15.49,411,90
159,,,,8.0,2.0,2.0,20.57,511,135
160,,,,8.0,2.0,1.0,97.51,506,216
161,,,,8.0,5.0,5.0,0.01,411,73
162,,,,6.0,1.0,5.0,84.81,510,166
163,,,,3.0,3.0,4.0,34.24,510,143
164,,,,6.0,2.0,5.0,97.96,502,190
165,,,,4.0,3.0,2.0,86.32,502,134
166,,,,4.0,3.0,5.0,97.28,505,182
167,,,,8.0,3.0,,93.85,503,156
168,,,,8.0,4.0,5.0,99.34,507,290
169,,,,8.0,1.0,,27.6,602,156
170,,,,6.0,4.0,4.0,99.25,507,280
171,,,,,,,99.15,510,238
172,,,,8.0,5.0,7.0,45.3,508,140
173,,,,8.0,4.0,1.0,,N N,264
174,,,,8.0,2.0,,41.27,604,161
175,,,,1.0,2.0,6.0,,N N,N
176,,,,1.0,1.0,,,600,166
177,,,,6.0,2.0,4.0,93.83,507,176
178,,,,8.0,4.0,3.0,99.32,503,230
179,,,,8.0,3.0,5.0,89.9,503,152
180,,,,8.0,3.0,1.0,94.41,411,146
181,,,,8.0,1.0,3.0,97.31,507,195
182,,,,8.0,1.0,6.0,,504,N
183,,,,6.0,2.0,4.0,32.92,506,118
184,,,,8.0,3.0,6.0,,403,245
185,,,,6.0,1.0,2.0,21.67,511,140
186,,,,6.0,2.0,3.0,93.94,600,196
187,,,,6.0,1.0,5.0,,604,199
188,,,,8.0,4.0,3.0,79.37,510,170
189,,,,6.0,4.0,2.0,66.73,503,125
190,,,,7.0,1.0,6.0,73.28,411,111
191,,,,5.0,5.0,7.0,47.49,506,130
192,,,,8.0,5.0,4.0,86.74,409,120
193,,,,8.0,4.0,1.0,11.25,504,104
194,,,,6.0,3.0,3.0,72.94,506,142
195,,,,,1.0,4.0,94.82,600,205
196,,,,8.0,1.0,3.0,76.74,411,116
197,,,,8.0,1.0,,47.58,509,135
198,,,,8.0,3.0,5.0,99.9,601,380
199,,,,6.0,2.0,3.0,0.61,600,123
200,,,,2.0,4.0,4.0,93.85,503,156
201,,,,4.0,1.0,5.0,,403,115
202,,,,8.0,4.0,2.0,96.94,503,168
203,,,,3.0,1.0,5.0,81.1,506,150
204,,,,6.0,4.0,4.0,67.48,501,115
205,,,,8.0,2.0,4.0,99.13,506,215
206,,,,8.0,4.0,5.0,98.13,502,175
207,,,,1.0,3.0,4.0,94.35,508,186
208,,,,8.0,3.0,4.0,94.74,504,170
209,,,,6.0,3.0,3.0,13.26,508,112
210,,,,,,,,707,61
211,,,,8.0,4.0,1.0,72.14,508,150
212,,,,8.0,1.0,5.0,99.4,509,245
213,,,,6.0,4.0,3.0,97.18,601,225
214,,,,8.0,2.0,3.0,47.44,508,132
215,,,,4.0,2.0,5.0,79.92,507,151
216,,,,,,,97.5,503,190
217,,,,1.0,,,,510,N
218,,,,6.0,3.0,4.0,85.87,501,130
219,,,,6.0,4.0,3.0,9.23,509,125
220,,,,6.0,5.0,1.0,96.92,504,190
221,,,,5.0,3.0,,88.44,601,191
222,,,,8.0,3.0,3.0,58.87,506,130
223,,,,6.0,3.0,3.0,99.04,505,260
224,,,,2.0,3.0,4.0,,511,163
225,,,,6.0,3.0,2.0,87.9,509,170
226,,,,8.0,4.0,5.0,,400,205
227,,,,1.0,1.0,1.0,79.93,509,155
228,,,,1.0,2.0,4.0,96.86,601,227
229,,,,6.0,2.0,,26.69,510,135
230,,,,,,,,704,50
231,,,,6.0,3.0,5.0,71.79,508,140
232,,,,8.0,3.0,3.0,33.18,511,150
233,,,,8.0,1.0,4.0,61.17,511,150
234,,,,8.0,4.0,,,609,158
235,,,,8.0,1.0,,98.5,502,195
236,,,,2.0,3.0,7.0,,405,130
237,,,,6.0,1.0,4.0,88.95,601,192
238,,,,6.0,5.0,6.0,98.83,505,218
239,,,,8.0,2.0,3.0,42.36,507,125
240,,,,8.0,3.0,3.0,97.43,502,182
241,,,,1.0,5.0,2.0,53.81,505,131
242,,,,8.0,1.0,1.0,80.91,509,161
243,,,,8.0,5.0,3.0,71.8,504,130
244,,,,8.0,2.0,4.0,,510,245
245,,,,1.0,4.0,5.0,98.95,504,236
246,,,,2.0,1.0,6.0,20.15,604,160
247,,,,8.0,1.0,1.0,6.48,600,130
248,,,,8.0,1.0,4.0,29.09,507,120
249,,,,6.0,2.0,5.0,76.45,505,135
250,,,,1.0,1.0,1.0,81.08,603,190
251,,,,6.0,3.0,4.0,99.64,507,252
252,,,,6.0,4.0,,69.87,505,135
253,,,,8.0,1.0,6.0,58.74,601,157
254,,,,6.0,5.0,1.0,95.07,501,159
255,,,,8.0,4.0,5.0,67.85,502,121
256,,,,8.0,,,57.76,509,140
257,,,,6.0,5.0,4.0,63.8,508,140
258,,,,2.0,1.0,2.0,21.46,505,110
259,,,,8.0,1.0,3.0,96.6,509,204
260,,,,6.0,4.0,2.0,42.53,504,115
261,,,,8.0,3.0,3.0,97.22,506,188
262,,,,6.0,1.0,3.0,85.85,500,128
263,,,,6.0,2.0,4.0,93.27,500,135
264,,,,6.0,4.0,4.0,96.72,500,150
265,,,,8.0,1.0,5.0,80.1,509,150
266,,,,2.0,1.0,6.0,43.38,502,107
267,,,,8.0,3.0,5.0,51.62,509,137
268,,,,6.0,3.0,1.0,45.26,505,119
269,,,,3.0,3.0,2.0,95.85,510,189
270,,,,5.0,1.0,5.0,47.28,509,135
271,,,,8.0,3.0,5.0,47.72,510,135
272,,,,6.0,3.0,5.0,51.43,601,153
273,,,,8.0,3.0,1.0,48.67,506,125
274,,,,8.0,1.0,3.0,31.06,507,120
275,,,,8.0,,,70.67,501,122
276,,,,7.0,2.0,3.0,18.92,600,134
277,,,,8.0,2.0,5.0,99.58,605,325
278,,,10th grade,7.0,2.0,,46.48,507,130
279,,,,6.0,2.0,4.0,58.09,505,125
280,,,,6.0,3.0,3.0,,N N,N
281,,,,6.0,2.0,5.0,,510,N
282,,,,1.0,5.0,5.0,37.58,506,120
283,,,,6.0,1.0,6.0,97.49,509,200
284,,,,1.0,2.0,4.0,,505,N
285,,,,6.0,3.0,3.0,95.67,509,196
286,,,,8.0,4.0,3.0,60.97,506,135
287,,,,1.0,4.0,4.0,65.47,502,120
288,,,,8.0,3.0,3.0,23.65,504,110
289,,,,8.0,3.0,3.0,45.49,503,112
290,,,,5.0,,6.0,,504,N
291,,,,3.0,1.0,7.0,80.86,501,130
292,,,,4.0,2.0,1.0,19.89,603,145
293,,,,5.0,4.0,3.0,99.17,509,235
294,,,,6.0,2.0,3.0,74.19,505,135
295,,,,1.0,1.0,6.0,88.14,510,180
296,,,,8.0,3.0,3.0,,N N,N
297,,,,,,,,405,N
298,,,,8.0,3.0,2.0,95.53,506,180
299,,,,,,,,508,159
300,,,,3.0,3.0,1.0,,302,178
301,,,,6.0,1.0,1.0,86.46,505,140
302,,,,5.0,3.0,6.0,62.32,501,115
303,,,,5.0,4.0,1.0,96.05,503,180
304,,,,4.0,,5.0,,511,N
305,,,,6.0,2.0,5.0,93.8,502,150
306,,,,6.0,4.0,,58.87,506,130
307,,,,6.0,4.0,3.0,59.85,502,114
308,,,,8.0,2.0,4.0,99.41,602,290
309,,,,8.0,3.0,3.0,53.34,508,148
310,,,,,,,94.09,510,186
311,,,,8.0,,,96.97,510,197
312,,,,8.0,2.0,3.0,90.33,409,123
313,,,,6.0,4.0,4.0,93.6,502,160
314,,,,8.0,4.0,4.0,,508,N
315,,,,8.0,1.0,3.0,77.11,507,139
316,,,,2.0,1.0,5.0,87.92,509,165
317,,,,6.0,3.0,3.0,93.82,510,195
318,,,,6.0,3.0,5.0,59.21,504,130
319,,,,8.0,5.0,3.0,81.89,504,135
320,,,,6.0,5.0,5.0,69.13,506,135
321,,,,6.0,1.0,5.0,93.33,504,160
322,,,,1.0,5.0,,86.29,502,140
323,,,,5.0,1.0,5.0,57.53,507,145
324,,,,6.0,3.0,4.0,99.29,502,230
325,,,,5.0,2.0,4.0,56.1,504,121
326,,,,6.0,1.0,5.0,84.07,504,147
327,,,,6.0,4.0,3.0,35.05,505,120
328,,,,8.0,2.0,4.0,92.58,506,179
329,,,,6.0,,,92.53,507,160
330,,,,8.0,3.0,2.0,99.57,507,275
331,,,,4.0,1.0,5.0,86.69,504,145
332,,,,7.0,1.0,3.0,53.81,505,131
333,,,,1.0,1.0,4.0,,500,131
334,,,,8.0,4.0,2.0,89.95,503,155
335,,,,,,,,504,N
336,,,,2.0,3.0,2.0,,N N,N
337,,,,8.0,1.0,4.0,44.71,505,119
338,,,,5.0,4.0,4.0,92.69,507,180
339,,,,8.0,4.0,,23.69,506,115
340,,,,6.0,1.0,6.0,68.71,508,138
341,,,,8.0,3.0,6.0,91.31,511,192
342,,,,6.0,3.0,2.0,99.01,511,250
343,,,,6.0,3.0,5.0,28.62,503,112
344,,,,8.0,3.0,5.0,37.93,502,102
345,,,,6.0,2.0,5.0,97.82,505,181
346,,,,6.0,3.0,3.0,82.39,502,135
347,,,,6.0,2.0,2.0,5.01,500,90
348,,,,6.0,3.0,2.0,98.69,503,216
349,,,,,,,,503,N
350,,,,8.0,4.0,2.0,,500,N
351,,,,6.0,3.0,5.0,80.48,511,175
352,,,,,,,97.34,511,205
353,,,,4.0,3.0,4.0,87.56,505,150
354,,,,8.0,1.0,2.0,27.03,601,146
355,,,,6.0,3.0,,83.71,600,190
356,,,,4.0,3.0,5.0,97.25,502,185
357,,,,7.0,4.0,1.0,3.75,508,117
358,,,,8.0,3.0,5.0,,707,100
359,,,,6.0,2.0,5.0,31.1,503,109
360,,,,6.0,2.0,3.0,14.93,504,110
361,,,,6.0,4.0,2.0,,N N,N
362,,,,8.0,2.0,1.0,,506,110
363,,,,8.0,1.0,5.0,23.57,600,150
364,,,,,,,75.92,504,139
365,,,,8.0,3.0,4.0,,510,N
366,,,,,,,,N N,N
367,,,,6.0,5.0,3.0,,705,120
368,,,,8.0,2.0,1.0,80.36,503,138
369,,,,8.0,2.0,4.0,91.0,504,149
370,,,,8.0,2.0,3.0,,708,137
371,,,,8.0,1.0,3.0,97.04,505,196
372,,,,5.0,2.0,2.0,98.97,510,239
373,,,,8.0,5.0,2.0,62.39,503,125
374,,,,8.0,4.0,2.0,50.12,504,115
375,,,,6.0,3.0,4.0,29.09,507,120
376,,,,6.0,5.0,2.0,95.36,506,175
377,,,,6.0,4.0,2.0,88.94,503,150
378,,,,8.0,1.0,3.0,11.8,510,135
379,,,,1.0,2.0,4.0,98.09,600,240
380,,,,6.0,2.0,2.0,,508,57
381,,,,,,,98.5,505,208
382,,,,6.0,2.0,1.0,40.39,508,129
383,,,,2.0,1.0,4.0,75.14,506,148
384,,,,6.0,3.0,3.0,93.33,506,182
385,,,,4.0,2.0,5.0,98.34,509,223
386,,,,8.0,,,45.38,511,137
387,,,,8.0,1.0,5.0,94.6,503,159
388,,,,8.0,5.0,5.0,75.96,508,150
389,,,,6.0,4.0,1.0,13.16,505,110
390,,,,2.0,1.0,5.0,56.3,500,110
391,,,,1.0,4.0,4.0,22.91,500,93
392,,,,8.0,2.0,1.0,67.17,504,130
393,,,,6.0,2.0,3.0,97.66,510,213
394,,,,6.0,2.0,1.0,79.95,600,175
395,,,,6.0,3.0,3.0,69.87,505,135
396,,,,8.0,5.0,2.0,26.31,501,98
397,,,,6.0,4.0,1.0,12.36,507,120
398,,,,8.0,4.0,3.0,98.9,601,250
399,,,,8.0,4.0,2.0,91.1,411,130
400,,,,4.0,2.0,5.0,0.03,603,120
401,,,,8.0,1.0,5.0,42.15,506,125
402,,,,8.0,3.0,3.0,38.2,505,116
403,,,,6.0,2.0,4.0,96.07,502,165
404,,,,8.0,4.0,4.0,98.35,502,185
405,,,,8.0,2.0,2.0,86.22,510,168
406,,,,8.0,4.0,4.0,,501,104
407,,,,8.0,2.0,5.0,52.01,505,125
408,,,,8.0,4.0,3.0,88.17,511,175
409,,,,7.0,2.0,2.0,33.67,503,110
410,,,,7.0,4.0,4.0,61.56,507,134
411,,,,1.0,3.0,4.0,95.24,508,185
412,,,,6.0,3.0,1.0,97.01,503,184
413,,,,2.0,4.0,5.0,42.53,504,115
414,,,,6.0,4.0,1.0,55.57,500,105
415,,,,6.0,4.0,4.0,49.88,505,124
416,,,,6.0,4.0,4.0,,504,100
417,,,,5.0,3.0,4.0,1.66,506,110
418,,,,8.0,3.0,4.0,58.23,504,125
419,,,,3.0,4.0,5.0,38.2,505,116
420,,,,6.0,1.0,5.0,49.72,511,144
421,,,,7.0,5.0,4.0,50.5,509,150
422,,,,8.0,3.0,3.0,46.58,506,127
423,,,,6.0,1.0,4.0,35.9,507,127
424,,,,6.0,4.0,3.0,,508,125
425,,,,6.0,3.0,5.0,0.16,511,108
426,,,,8.0,2.0,4.0,83.38,508,160
427,,,,6.0,2.0,5.0,12.72,510,125
428,,,,8.0,2.0,5.0,69.16,511,155
429,,,,6.0,1.0,7.0,,508,140
430,,,,6.0,3.0,6.0,,511,180
431,,,,8.0,4.0,3.0,23.09,504,107
432,,,,6.0,3.0,3.0,63.1,509,150
433,,,,8.0,2.0,3.0,87.13,508,160
434,,,,5.0,2.0,5.0,,505,N
435,,,,6.0,2.0,3.0,65.38,602,172
436,,,,7.0,3.0,4.0,27.75,508,128
437,,,,6.0,1.0,5.0,84.98,511,170
438,,,,6.0,3.0,4.0,75.24,600,165
439,,,,6.0,2.0,1.0,98.91,600,245
440,,,,1.0,3.0,3.0,70.7,504,128
441,,,,6.0,5.0,5.0,13.59,507,113
442,,,,6.0,1.0,3.0,75.86,603,190
443,,,,2.0,1.0,6.0,39.14,510,136
444,,,,6.0,3.0,2.0,52.09,506,135
445,,,,6.0,4.0,4.0,92.8,600,192
446,,,,6.0,1.0,5.0,,601,160
447,,,,8.0,4.0,2.0,67.17,504,130
448,,,,8.0,2.0,,44.12,603,152
449,,,,1.0,2.0,4.0,7.78,510,120
450,,,,8.0,3.0,4.0,73.88,510,155
451,,,,1.0,3.0,5.0,67.39,509,155
452,,,,6.0,3.0,3.0,75.84,506,150
453,,,,7.0,1.0,5.0,89.74,509,183
454,,,,6.0,3.0,4.0,,506,146
455,,,,4.0,2.0,3.0,79.5,505,143
456,,,,7.0,3.0,4.0,99.48,510,260
457,,,,6.0,2.0,5.0,36.21,506,120
458,,,,6.0,2.0,4.0,36.9,510,135
459,,,,1.0,2.0,4.0,55.79,508,145
460,,,,8.0,4.0,2.0,52.31,504,115
461,,,,8.0,2.0,4.0,17.1,600,133
462,,,,6.0,3.0,3.0,55.27,605,180
463,,,,8.0,3.0,2.0,,603,N
464,,,,1.0,3.0,3.0,84.69,602,185
465,,,,4.0,3.0,5.0,29.33,600,144
466,,,,8.0,2.0,1.0,99.52,606,325
467,,,,6.0,1.0,4.0,16.74,510,130
468,,,,4.0,4.0,2.0,95.58,504,170
469,,,,8.0,2.0,1.0,59.83,506,130
470,,,,6.0,2.0,5.0,12.36,507,120
471,,,,6.0,3.0,5.0,6.1,508,112
472,,,,6.0,3.0,5.0,15.55,510,125
473,,,,6.0,3.0,3.0,91.47,502,153
474,,,,8.0,1.0,5.0,98.42,510,220
475,,,,6.0,3.0,4.0,80.06,509,165
476,,,,4.0,2.0,5.0,45.15,601,160
477,,,,6.0,2.0,2.0,68.74,505,130
478,,,,6.0,2.0,,41.76,600,150
479,,,,8.0,3.0,5.0,78.26,510,165
480,,,,8.0,5.0,3.0,84.74,511,175
481,,,,5.0,3.0,2.0,70.34,602,170
482,,,,8.0,2.0,4.0,70.79,504,135
483,,,,6.0,4.0,3.0,,511,230
484,,,,,,,74.34,509,152
485,,,,6.0,3.0,2.0,54.41,507,135
486,,,,6.0,4.0,3.0,,511,N
487,,,,7.0,3.0,,95.79,600,215
488,,,,6.0,1.0,,36.01,600,152
489,,,,6.0,2.0,3.0,71.36,509,148
490,,,,8.0,2.0,4.0,80.84,500,125
491,,,,6.0,1.0,3.0,80.48,511,175
492,,,,,,2.0,44.17,510,152
493,,,,8.0,4.0,3.0,98.56,409,156
494,,,,8.0,3.0,5.0,76.17,503,125
495,,,,6.0,3.0,5.0,,505,N
496,,,,7.0,3.0,4.0,78.01,503,130
497,,,,6.0,2.0,5.0,9.05,502,90
498,,,,6.0,3.0,6.0,62.71,505,124
499,,,,6.0,2.0,4.0,19.94,506,109
500,,,Grade 10,2.0,2.0,5.0,73.31,508,160
501,,,,1.0,1.0,1.0,83.81,601,189
502,,,,7.0,1.0,4.0,92.38,511,200
503,,,,8.0,1.0,5.0,93.71,509,193
504,,,,8.0,1.0,5.0,69.13,511,170
505,,,,8.0,1.0,,97.5,503,190
506,,,,8.0,5.0,1.0,98.7,505,230
507,,,,6.0,1.0,7.0,97.19,507,216
508,,M,,6.0,1.0,5.0,43.26,506,135
509,,,,6.0,1.0,5.0,79.56,600,185
510,,,,2.0,1.0,5.0,,501,155
511,,,,7.0,3.0,5.0,47.36,603,170
512,,,,8.0,1.0,3.0,95.81,508,197
513,,,,1.0,1.0,4.0,99.36,502,250
514,,,,6.0,4.0,4.0,60.52,507,140
515,,,,6.0,2.0,4.0,46.34,507,127
516,,,,1.0,2.0,5.0,27.0,507,115
517,,,,6.0,3.0,3.0,63.89,501,110
518,,,,6.0,2.0,5.0,35.76,505,115
519,,,,6.0,4.0,2.0,22.82,503,103
520,,,,6.0,1.0,2.0,85.27,601,180
521,,,,7.0,4.0,4.0,80.06,508,150
522,,,,1.0,2.0,4.0,75.92,508,143
523,,,,4.0,1.0,5.0,,502,N
524,,,,5.0,5.0,5.0,,711,300
525,,,,5.0,2.0,5.0,51.74,511,145
526,,,,8.0,3.0,4.0,97.5,504,180
527,,,,,,,93.27,508,173
528,,,,4.0,3.0,,79.84,506,138
529,,,,1.0,3.0,5.0,47.79,501,106
530,,,,6.0,2.0,6.0,35.49,503,105
531,,,,5.0,,,92.6,509,175
532,,,,4.0,1.0,1.0,,704,150
533,,,,8.0,2.0,1.0,,507,135
534,,,,8.0,1.0,5.0,86.48,506,150
535,,,,8.0,1.0,3.0,97.18,507,190
536,,,,8.0,3.0,4.0,98.84,504,213
537,,,,5.0,1.0,5.0,,608,220
538,,,,,,,28.91,505,115
539,,,,7.0,3.0,4.0,99.55,510,265
540,,,,,,,,700,200
541,,,,8.0,3.0,3.0,,501,N
542,,,,8.0,4.0,4.0,,504,180
543,,,,1.0,4.0,5.0,69.87,506,140
544,,,,8.0,1.0,3.0,66.09,502,120
545,,,,6.0,3.0,4.0,90.69,502,145
546,,,,8.0,4.0,3.0,85.29,505,150
547,,,,6.0,3.0,5.0,99.34,602,280
548,,,,,1.0,7.0,,509,N
549,,,,6.0,3.0,4.0,84.68,502,135
550,,,,8.0,2.0,2.0,,N N,120
551,,,,,,,26.34,507,123
552,,,,5.0,3.0,,8.68,502,95
553,,,,8.0,,,73.24,502,129
554,,,,6.0,3.0,4.0,81.38,507,157
555,,,,,,,,504,N
556,,,,6.0,1.0,5.0,8.45,505,100
557,,,,4.0,3.0,5.0,20.55,508,125
558,,,,8.0,3.0,6.0,70.84,502,120
559,,,,8.0, always,4.0,41.64,508,135
560,,,,7.0,5.0,1.0,92.64,411,140
561,,,,,,,,500,N
562,,,,8.0,1.0,4.0,64.23,507,140
563,,,,8.0,3.0,5.0,37.44,411,98
564,,,,,,,36.47,507,130
565,,,,8.0,2.0,3.0,99.03,601,260
566,,,,7.0,2.0,3.0,34.04,506,115
567,,,,6.0,1.0,3.0,57.76,509,140
568,,,,6.0,3.0,5.0,96.87,510,220
569,,,,6.0,5.0,3.0,87.03,502,135
570,,,,6.0,1.0,4.0,54.37,601,165
571,,,,8.0,3.0,4.0,97.93,508,230
572,,,,,,,6.55,509,115
573,,,,6.0,2.0,4.0,89.79,505,150
574,,,,4.0,4.0,1.0,83.65,507,160
575,,,,7.0,2.0,3.0,23.69,602,149
576,,,,6.0,5.0,1.0,74.72,500,120
577,,,,1.0,1.0,6.0,,706,110
578,,,,8.0,2.0,,98.08,506,220
579,,,,5.0,1.0,3.0,,604,220
580,,,,6.0,3.0,2.0,89.0,604,215
581,,,,1.0,2.0,,49.55,504,118
582,,,,6.0,4.0,3.0,94.83,503,160
583,,,,6.0,3.0,3.0,90.0,500,140
584,,,,8.0,4.0,3.0,58.88,509,150
585,,,,6.0,3.0,2.0,20.57,511,135
586,,,,6.0,4.0,3.0,86.69,504,145
587,,,,4.0,2.0,5.0,,505,N
588,,,,,,,73.74,510,165
589,,,,8.0,2.0,4.0,89.49,503,148
590,,,,6.0,3.0,4.0,34.59,510,134
591,,,,6.0,3.0,4.0,21.84,507,121
592,,,,7.0,2.0,5.0,62.87,504,130
593,,,,7.0,2.0,2.0,94.2,501,155
594,,,,8.0,2.0,5.0,81.97,506,140
595,,,,2.0,5.0,5.0,20.57,511,135
596,,,,8.0,2.0,2.0,87.13,508,160
597,,,,,,,60.52,503,124
598,sixteen,,,8.0,3.0,3.0,59.45,509,150
599,,,,6.0,,5.0,,505,N
600,,,,6.0,4.0,2.0,77.2,502,130
601,,,,6.0,4.0,2.0,97.1,503,185
602,,,,8.0,3.0,4.0,75.42,505,142
603,,,,,,,40.93,511,135
604,,,,1.0,2.0,7.0,,N N,N
605,,,,8.0,4.0,3.0,25.71,504,115
606,,,,8.0,5.0,1.0,25.63,502,105
607,,,,6.0,,,,509,138
608,,,,8.0,5.0,2.0,62.96,503,120
609,,,,7.0,4.0,5.0,98.62,505,227
610,,,,6.0,1.0,4.0,98.37,504,214
611,,,,8.0,1.0,4.0,78.35,506,150
612,,,,,,,,508,N
613,,,,8.0,3.0,3.0,72.85,503,126
614,,,,6.0,4.0,4.0,98.21,504,210
615,,,,6.0,1.0,5.0,75.36,511,165
616,,,,8.0,3.0,3.0,,500,N
617,,,,8.0,,,5.21,508,115
618,,,,7.0,3.0,4.0,93.07,409,132
619,,,,8.0,3.0,4.0,24.95,508,118
620,,,,7.0,1.0,1.0,,710,300
621,,,,6.0,3.0,4.0,65.89,506,140
622,,,,1.0,3.0,1.0,,502,N
623,,,,7.0,4.0,5.0,8.31,505,107
624,,,,6.0,4.0,3.0,42.28,505,125
625,,,,6.0,1.0,6.0,34.59,509,125
626,,,,1.0,1.0,5.0,82.96,504,140
627,,,,8.0,2.0,6.0,,502,135
628,,,,8.0,,,96.08,510,205
629,,,,6.0,2.0,5.0,94.19,509,185
630,,,,8.0,4.0,3.0,,506,N
631,,,,7.0,2.0,5.0,85.52,600,182
632,,,,,,,19.76,507,112
633,,,,4.0,4.0,2.0,92.8,600,208
634,,,,6.0,1.0,3.0,97.82,601,232
635,,,,6.0,5.0,2.0,,502,N
636,,,,8.0,2.0,5.0,98.41,411,170
637,,,,2.0,3.0,4.0,75.41,603,195
638,,,,4.0,,4.0,62.39,503,125
639,,,,8.0,3.0,4.0,,504,N
640,,,,,,,,506,N
641,,,,6.0,4.0,2.0,1.54,506,98
642,,,,8.0,2.0,,90.84,506,170
643,,,,8.0,4.0,4.0,60.66,600,160
644,,,,6.0,3.0,2.0,65.01,507,140
645,,,,6.0,1.0,1.0,97.06,508,200
646,,,,7.0,4.0,3.0,87.98,509,175
647,,,,1.0,1.0,2.0,99.38,507,230
648,,,,1.0,3.0,2.0,87.7,603,200
649,,,,8.0,4.0,2.0,97.54,508,200
650,,,,,,,94.02,503,168
651,,,,6.0,4.0,3.0,47.51,508,141
652,,,,,,,94.33,502,152
653,,,,8.0,4.0,4.0,9.95,503,94
654,,,,6.0,3.0,4.0,20.47,503,102
655,,,,7.0,3.0,4.0,62.32,501,115
656,,,,4.0,1.0,4.0,,509,145
657,,,,7.0,3.0,3.0,23.1,508,130
658,,,,6.0,4.0,4.0,97.27,502,175
659,,,,7.0,1.0,4.0,99.55,600,280
660,,,,8.0,5.0,3.0,96.8,508,207
661,,,,,,,80.61,601,185
662,,,,6.0,3.0,3.0,24.47,500,98
663,,,,6.0,5.0,,95.19,503,157
664,,,,,,,65.99,508,155
665,,,,6.0,1.0,5.0,62.98,411,108
666,,,,8.0,5.0,2.0,,508,N
667,,,,8.0,3.0,6.0,67.86,502,115
668,,,,6.0,2.0,3.0,3.74,510,120
669,,,,8.0,4.0,4.0,61.88,502,115
670,,,,8.0,3.0,1.0,73.72,510,160
671,,,,6.0,3.0,3.0,49.01,509,145
672,,,,6.0,1.0,3.0,59.36,510,160
673,,,,8.0,3.0,1.0,93.43,501,145
674,,,,8.0,5.0,2.0,79.73,503,128
675,,,,6.0,A,5.0,95.38,509,190
676,,,,6.0,,,,605,142
677,,,,7.0,3.0,4.0,43.3,511,155
678,,,,,,,69.13,506,135
679,,,,4.0,3.0,1.0,,503,N
680,,,,6.0,4.0,1.0,51.71,600,155
681,,,,8.0,5.0,1.0,83.33,505,140
682,,,,7.0,2.0,3.0,72.82,506,145
683,,,,6.0,2.0,6.0,57.6,501,115
684,,,,6.0,3.0,5.0,93.85,503,160
685,,,,6.0,1.0,4.0,68.89,511,160
686,,,,8.0,3.0,4.0,,510,138
687,,,,8.0,4.0,6.0,,N N,145
688,,,,7.0,3.0,4.0,,510,190
689,,,,7.0,4.0,2.0,93.19,504,155
690,,,,8.0,1.0,,73.91,504,130
691,,,,7.0,1.0,4.0,11.36,600,134
692,,,,6.0,1.0,5.0,73.72,510,160
693,,,,8.0,3.0,5.0,88.61,509,175
694,,,,6.0,2.0,3.0,64.82,506,128
695,,,,8.0,5.0,1.0,32.74,504,111
696,,,,8.0,3.0,4.0,75.71,509,160
697,,,,6.0,3.0,2.0,,509,150
698,,,,6.0,3.0,4.0,,N N,N
699,,,,8.0,1.0,5.0,42.53,504,115
700,,,,6.0,2.0,5.0,23.65,504,110
701,,,,8.0,3.0,3.0,70.13,500,117
702,,,,7.0,4.0,1.0,59.69,411,104
703,,,,8.0,4.0,2.0,,411,123
704,,,,8.0,4.0,2.0,95.8,603,215
705,,,,8.0,2.0,2.0,60.84,411,107
706,,,,8.0,5.0,3.0,98.4,503,200
707,,,,8.0,3.0,4.0,71.06,502,123
708,,,,3.0,1.0,4.0,1.77,601,130
709,,,,8.0,1.0,2.0,18.38,602,146
710,,,,7.0,4.0,1.0,93.71,507,180
711,,,,6.0,3.0,3.0,12.69,507,114
712,,,,8.0,2.0,,89.73,511,178
713,,,,6.0,3.0,4.0,71.78,509,158
714,,,,8.0,2.0,5.0,92.32,509,184
715,,,,6.0,3.0,2.0,5.05,600,120
716,,,,1.0,1.0,4.0,58.19,509,145
717,,,,8.0,4.0,3.0,65.01,507,140
718,,,,6.0,2.0,5.0,92.42,505,165
719,,,,8.0,1.0,3.0,29.23,508,120
720,,,,6.0,4.0,3.0,96.43,505,180
721,,,,,,,,507,129
722,,,,8.0,4.0,,79.4,506,147
723,,,,8.0,2.0,3.0,34.04,506,115
724,,,,2.0,2.0,7.0,,610,280
725,,,,4.0,2.0,3.0,23.65,504,110
726,,,,8.0,4.0,3.0,0.75,505,95
727,,,,8.0,1.0,5.0,78.35,508,145
728,,,,8.0,,3.0,42.53,504,115
729,,,,6.0,4.0,1.0,99.69,510,280
730,,,,8.0,4.0,4.0,43.09,507,130
731,,,,6.0,1.0,4.0,68.74,505,130
732,,,,8.0,1.0,3.0,98.66,603,260
733,,,,8.0,4.0,2.0,41.49,511,145
734,,,,8.0,4.0,2.0,65.01,507,140
735,,,,6.0,2.0,3.0,81.38,505,145
736,,,,8.0,4.0,6.0,90.46,504,152
737,,,,7.0,2.0,5.0,96.08,511,200
738,,,,6.0,2.0,4.0,98.88,600,250
739,,,,6.0,1.0,4.0,,510,140
740,,,,2.0,1.0,5.0,,N N,N
741,,,,6.0,4.0,4.0,96.68,503,176
742,,,,8.0,2.0,3.0,65.18,506,130
743,,,,6.0,2.0,3.0,,510,174
744,,,,,,,75.71,606,200
745,,,,6.0,5.0,,96.08,511,200
746,,,,6.0,3.0,4.0,41.23,503,113
747,,,,6.0,1.0,5.0,18.56,504,105
748,,,,6.0,4.0,2.0,94.71,507,180
749,,,,8.0,3.0,5.0,38.83,508,131
750,,,,6.0,4.0,2.0,9.0,506,109
751,,,,6.0,1.0,4.0,38.28,506,125
752,,,,8.0,3.0,6.0,84.28,504,145
753,,,,8.0,4.0,3.0,30.7,506,120
754,,,,4.0,2.0,5.0,90.63,505,160
755,,,,8.0,1.0,4.0,59.83,506,130
756,,,,8.0,4.0,1.0,,506,N
757,,,,8.0,1.0,1.0,,N N,N
758,,,,6.0,5.0,3.0,84.96,506,155
759,,,,6.0,2.0,6.0,89.52,504,150
760,,,,8.0,3.0,4.0,,N N,N
761,,,,8.0,4.0,3.0,75.36,511,165
762,,,,5.0,3.0,5.0,79.94,504,140
763,,,,1.0,2.0,5.0,97.82,602,235
764,,,,1.0,1.0,6.0,91.89,600,200
765,,,,8.0,2.0,2.0,40.95,506,127
766,,,,8.0,2.0,4.0,81.93,509,160
767,,,,8.0,3.0,4.0,93.61,509,183
768,,,,5.0,1.0,5.0,98.93,411,199
769,,,,8.0,5.0,1.0,98.01,503,186
770,,,,8.0,2.0,5.0,11.03,508,117
771,,,,8.0,3.0,3.0,42.53,504,115
772,,,,8.0,2.0,4.0,,511,201
773,,,,,3.0,5.0,21.4,600,140
774,,,,6.0,2.0,6.0,81.29,510,172
775,,,,8.0,1.0,5.0,99.29,506,220
776,,,,8.0,3.0,4.0,33.67,503,110
777,,,,,,,35.65,411,95
778,,,,1.0,1.0,5.0,77.97,509,163
779,,,,6.0,3.0,4.0,33.86,502,106
780,,,,1,5,4.0,84.22,508,161
781,,,,4.0,1.0,4.0,45.04,602,160
782,,,,8.0,5.0,1.0,72.8,501,121
783,,,,8.0,1.0,2.0,99.71,411,200
784,,,,7.0,4.0,5.0,97.36,500,165
785,,,,8.0,4.0,4.0,54.05,508,135
786,,,,8.0,3.0,4.0,37.55,510,140
787,,,,6.0,5.0,,99.03,500,200
788,,,,5.0,,5.0,41.68,504,115
789,,,,7.0,2.0,4.0,96.39,509,200
790,,,,8.0,2.0,2.0,34.44,501,101
791,,,,8.0,3.0,3.0,43.67,503,114
792,,,,6.0,3.0,,31.25,502,105
793,,,,6.0,3.0,4.0,96.95,504,180
794,,,,1.0,2.0,4.0,35.21,602,160
795,,,,6.0,4.0,1.0,88.23,410,120
796,,,,6.0,2.0,5.0,14.03,509,120
797,,,,8.0,2.0,4.0,62.65,601,170
798,,,,6.0,4.0,3.0,96.3,602,225
799,,,,6.0,3.0,3.0,75.04,506,144
800,,,,8.0,3.0,2.0,78.11,504,135
801,,,,5.0,4.0,2.0,,503,N
802,,,,6.0,2.0,5.0,67.0,505,130
803,,,,6.0,4.0,,58.23,504,125
804,,,,8.0,1.0,4.0,68.29,503,122
805,,,,8.0,3.0,3.0,78.45,508,155
806,,,,4.0,3.0,,,711,399
807,,,,6.0,1.0,4.0,94.75,603,215
808,,,,6.0,2.0,6.0,,508,136
809,,,,,,,70.18,604,185
810,,,,7.0,3.0,3.0,,505,N
811,,,,7.0,2.0,3.0,99.38,507,230
812,,,,8.0,1.0,,68.08,600,170
813,,,,6.0,3.0,5.0,77.05,504,140
814,,,,8.0,,,,511,N
815,,,,8.0,3.0,4.0,54.64,503,123
816,,,,6.0,3.0,4.0,61.69,502,120
817,,,,6.0,3.0,4.0,98.46,504,225
818,,,,1.0,4.0,3.0,,602,N
819,,,,6.0,3.0,5.0,58.88,509,150
820,,,,8.0,3.0,1.0,74.05,510,170
821,,,,8.0,2.0,3.0,70.67,503,130
822,,,,8.0,4.0,4.0,14.81,510,137
823,,,,7.0,4.0,4.0,89.1,504,156
824,,,,7.0,2.0,,61.66,602,180
825,,,,6.0,4.0,4.0,,505,160
826,,,,,2.0,3.0,,504,N
827,,,,6.0,1.0,,97.1,508,205
828,,,,8.0,2.0,5.0,93.52,601,215
829,,,,6.0,3.0,4.0,,505,150
830,,,,6.0,5.0,2.0,68.58,602,185
831,,,,8.0,5.0,3.0,41.71,502,109
832,,,,8.0,2.0,3.0,92.44,511,195
833,,,,6.0,2.0,4.0,87.32,508,170
834,,,,5.0,2.0,5.0,48.39,602,167
835,,,,6.0,4.0,3.0,74.42,504,140
836,,,,7.0,3.0,4.0,92.54,504,165
837,,,,8.0,3.0,,,601,190
838,,,,6.0,3.0,4.0,96.11,511,215
839,,,,1,5,4.0,82.16,600,188
840,,,,6.0,2.0,3.0,99.05,600,255
841,,,,6.0,5.0,,77.05,504,140
842,,,,6.0,3.0,6.0,57.02,505,130
843,,,,5.0,3.0,3.0,20.76,503,107
844,,,,6.0,2.0,3.0,87.0,503,145
845,,,,6.0,3.0,,25.25,509,138
846,,,,6.0,2.0,4.0,,506,135
847,,,,8.0,2.0,4.0,93.95,501,154
848,,,,7.0,4.0,3.0,89.82,600,195
849,,,,8.0,3.0,5.0,60.52,507,140
850,,,,,5.0,1.0,,N N,N
851,,,,,3.0,,,N N,150
852,,,,,,,,N N,145
853,,,,,1.0,5.0,,N N,128
854,,,,,3.0,,,N N,125
855,,,,1.0,,,,N N,110
856,,,,,3.0,,,N N,180
857,,,,,,,,N N,165
858,,,,,1.0,,,N N,110
859,,,,,3.0,2.0,,N N,143
860,,,,,,,,N N,175
861,,,,,3.0,,,N N,130
862,,,,,3.0,2.0,,N N,155
863,,,,,,,,N N,95
864,,,,4.0,,5.0,,N N,106
865,,,,,,,,N N,145
866,,,,,5.0,1.0,,N N,135
867,,,,,3.0,,,N N,180
868,,,,,3.0,,,N N,125
869,,,,1.0,3.0,5.0,,N N,120
870,,,,,1.0,5.0,,N N,185
871,,,,,,,,N N,150
872,,,,,3.0,,,N N,140
873,,,,,,2.0,,N N,235
874,,,,,3.0,,,N N,158
875,,,,,,2.0,,N N,130
876,,,,,,1.0,,N N,140
877,,,,,1.0,,,N N,163
878,,,,,3.0,2.0,,N N,117
879,,,,,5.0,,,N N,130
880,,,,1.0,3.0,2.0,,N N,180
881,,,,,3.0,,,N N,130
882,,,,,1.0,5.0,,N N,158
883,,,,,3.0,,,N N,140
884,,,,,,,,N N,130
885,,,,,,,,N N,N
886,,,,,3.0,1.0,,N N,90
887,,,,,5.0,1.0,,N N,132
888,,,,,3.0,5.0,,N N,180
889,,,,,,2.0,,N N,120
890,,,,,3.0,,,N N,110
891,,,,,5.0,,,N N,107
892,,,,,1.0,,,N N,140
893,,,,,,1.0,,N N,134
894,,,,,,5.0,,N N,150
895,,,,,,5.0,,N N,153
896,,,,,,,,N N,155
897,,,,,,5.0,,N N,132
898,,,,,3.0,,,N N,107
899,,,,,3.0,5.0,,N N,145
900,,,,1.0,3.0,,,N N,115
901,,,,,,2.0,,N N,190
902,,,,,,5.0,,N N,180
903,,,,4.0,3.0,,,N N,132
904,,,,,,,,N N,122
905,,,,,5.0,1.0,,N N,399
906,,,,,3.0,7.0,,N N,120
907,,,,,,,,N N,190
908,,,,1.0,3.0,5.0,,N N,399
909,,,,,,,,N N,136
910,,,,,3.0,,,N N,N
911,,,,1,5,,,N N,118
912,,,,1.0,3.0,,,N N,230
913,,,,4.0,,,,N N,115
914,,,,1.0,,5.0,,N N,125
915,,,,,,1.0,,N N,N
916,,,,,3.0,2.0,,N N,200
917,,,,,3.0,2.0,,N N,130
918,,,,,,5.0,,N N,93
919,,,,,,5.0,,N N,180
920,,,,,3.0,,,N N,130
921,,,,,,5.0,,N N,155
922,,,,,3.0,,,N N,115
923,,,,1.0,3.0,6.0,,N N,130
924,,,,,,5.0,,N N,120
925,,,,,3.0,,,N N,130
926,,,,,,,,N N,350
927,,,,,1.0,,,N N,106
928,,,,,3.0,5.0,,N N,120
929,,,,,3.0,1.0,,N N,270
930,,,,,3.0,,,N N,105
931,,,,,5.0,2.0,,N N,175
932,,,,,3.0,,,N N,156
933,,,,1.0,5.0,2.0,,N N,115
934,,,,,5.0,,,N N,125
935,,,,,,,,N N,N
936,,,,,,,,N N,114
937,,,,4.0,3.0,,,N N,210
938,,,,,,,,N N,150
939,,,,,5.0,,,N N,115
940,,,,,,5.0,,N N,240
941,,,,,,,,N N,N
942,,,,,3.0,6.0,,N N,250
943,,,,,5.0,2.0,,N N,116
944,,,,,3.0,,,N N,170
945,,,,1.0,3.0,,,N N,150
946,,,,,,6.0,,N N,195
947,,,,,,2.0,,N N,140
948,,,,,1.0,6.0,,N N,130
949,,,,,3.0,6.0,,N N,155
950,,,,,,,,N N,120
951,,,,2.0,1.0,5.0,,N N,125
952,,,,,,,,N N,115
953,,,,,,5.0,,N N,N
954,,,,,,5.0,,N N,170
955,,,,,3.0,5.0,,N N,115
956,,,,,3.0,6.0,,N N,200
957,,,,,3.0,5.0,,N N,138
958,,,,,3.0,,,N N,104
959,,,,,,,,N N,119
960,,,,4.0,3.0,,,N N,163
961,,,,4.0,1.0,,,N N,134
962,,,,,1.0,,,N N,126
963,,,,,,2.0,,N N,140
964,,,,,,,,N N,128
965,,,,,3.0,2.0,,N N,200
966,,,,,3.0,,,N N,210
967,,,,,1.0,5.0,,N N,N
968,,,,,3.0,,,N N,105
969,,,,,,5.0,,N N,126
970,,,,,,5.0,,N N,125
971,,,,,3.0,2.0,,N N,105
972,,,,,3.0,,,N N,153
973,,,,,,5.0,,N N,158
974,,,,,,2.0,,N N,106
975,,,,1.0,,5.0,,N N,140
976,,,,,1.0,,,N N,110
977,,,,,,,,N N,150
978,,,,,,2.0,,N N,145
979,,,,,,5.0,,N N,150
980,,,,,1.0,5.0,,N N,180
981,,,,,,5.0,,N N,148
982,,,,,,,,N N,150
983,,,,,1.0,6.0,,N N,178
984,,,,,1.0,6.0,,N N,220
985,,,,,3.0,5.0,,N N,151
986,,,,,,,,N N,156
987,,,,,3.0,,,N N,150
988,,,,,,,,N N,130
989,,,,,,,,N N,190
990,,,,,1.0,6.0,,N N,135
991,,,,,1.0,5.0,,N N,129
992,,,,,3.0,,,N N,128
993,,,,,,,,N N,250
994,,,,2.0,5.0,1.0,,N N,108
995,,,,,3.0,,,N N,105
996,,,,,,,,N N,130
997,,,,4.0,,,,N N,128
998,,,,,1.0,5.0,,N N,89
999,,,,,,5.0,,N N,155
1000,,,,6.0,4.0,4.0,70.67,503,130
1001,,,,6.0,2.0,,96.08,510,205
1002,,,,6.0,5.0,2.0,90.2,502,147
1003,,,,6.0,4.0,2.0,,508,138
1004,,,,2.0,5.0,2.0,98.82,511,245
1005,,,,6.0,4.0,2.0,57.29,504,127
1006,,,,8.0,1.0,5.0,22.8,600,136
1007,,,,5.0,1.0,5.0,98.82,510,229
1008,,,,1.0,3.0,4.0,15.58,507,118
1009,,,,6.0,5.0,4.0,97.18,506,205
1010,,,,8.0,4.0,3.0,83.87,600,185
1011,,,,6.0,5.0,3.0,27.33,507,115
1012,,,,8.0,2.0,4.0,78.35,508,145
1013,,,,6.0,4.0,5.0,74.0,502,125
1014,,,,6.0,1.0,4.0,63.48,507,144
1015,,,,8.0,3.0,4.0,66.19,505,126
1016,,,,8.0,4.0,4.0,76.31,505,140
1017,,,,5.0,3.0,6.0,84.98,511,170
1018,,,,7.0,4.0,3.0,61.77,501,117
1019,,,,6.0,3.0,4.0,,511,200
1020,,,,7.0,3.0,4.0,16.84,508,125
1021,,,,8.0,3.0,5.0,44.3,502,110
1022,,,,6.0,2.0,4.0,31.95,600,150
1023,,,,8.0,2.0,5.0,35.67,602,150
1024,,,,8.0,1.0,4.0,,600,N
1025,,,,8.0,3.0,4.0,75.39,501,120
1026,,,,6.0,3.0,3.0,92.6,509,175
1027,,,,8.0,3.0,4.0,30.79,502,107
1028,,,,8.0,5.0,1.0,95.45,505,165
1029,,,,6.0,2.0,2.0,,507,N
1030,,,,6.0,3.0,3.0,61.99,508,139
1031,,,,6.0,2.0,2.0,,502,110
1032,,,,8.0,5.0,3.0,,509,N
1033,,,,7.0,3.0,1.0,40.06,510,150
1034,,,,1.0,2.0,6.0,96.02,510,200
1035,,,,,,,90.64,511,180
1036,,,,8.0,2.0,5.0,,505,134
1037,,,,8.0,4.0,,52.01,505,125
1038,,,,6.0,2.0,,50.8,601,163
1039,,,,6.0,2.0,4.0,65.99,508,155
1040,,,,8.0,2.0,,,505,N
1041,,,,7.0,3.0,4.0,82.71,506,155
1042,,,,6.0,2.0,4.0,20.13,507,115
1043,,,,6.0,2.0,5.0,14.28,510,120
1044,,,,7.0,3.0,3.0,41.76,600,150
1045,,,,,4.0,2.0,17.6,502,97
1046,,,,8.0,3.0,5.0,62.65,601,170
1047,,,,6.0,3.0,6.0,83.57,508,165
1048,,,,6.0,3.0,,98.21,404,129
1049,,,,6.0,5.0,,,507,130
1050,,,,7.0,3.0,4.0,48.32,510,145
1051,,,,2.0,1.0,4.0,98.4,501,172
1052,,,,6.0,3.0,4.0,96.56,508,199
1053,,,,7.0,4.0,4.0,,510,256
1054,,,,8.0,2.0,3.0,92.35,505,168
1055,,,,5.0,2.0,5.0,14.28,510,120
1056,,,,8.0,1.0,7.0,91.87,602,211
1057,,,,6.0,3.0,5.0,53.05,505,130
1058,,,,8.0,4.0,1.0,80.05,500,119
1059,,,,6.0,2.0,3.0,35.49,503,105
1060,,,,8.0,3.0,2.0,6.66,511,130
1061,,,,6.0,3.0,4.0,83.49,505,150
1062,,,,6.0,2.0,3.0,41.07,501,106
1063,,,,8.0,5.0,3.0,22.13,506,110
1064,,,,8.0,1.0,3.0,47.25,508,135
1065,,,,5.0,3.0,4.0,,508,N
1066,,,,1.0,1.0,4.0,14.41,507,115
1067,,,,8.0,4.0,5.0,,508,N
1068,,,,6.0,3.0,3.0,11.76,508,120
1069,,,,8.0,1.0,4.0,35.21,602,160
1070,,,,2.0,,,82.54,506,150
1071,,,,8.0,1.0,4.0,96.3,507,175
1072,,,,6.0,2.0,,58.94,506,134
1073,,,,8.0,3.0,,,503,N
1074,,,,6.0,4.0,2.0,96.7,510,209
1075,,,,5.0,3.0,3.0,87.32,508,170
1076,,,,8.0,1.0,5.0,97.73,508,198
1077,,,,8.0,2.0,3.0,97.61,600,220
1078,,,,5.0,3.0,3.0,,N N,N
1079,,,,6.0,4.0,3.0,98.59,507,240
1080,,,,8.0,3.0,5.0,47.98,509,140
1081,,,,8.0,1.0,5.0,87.44,507,150
1082,,,,8.0,1.0,2.0,53.15,501,113
1083,,,,,1.0,4.0,54.05,508,135
1084,,,,1.0,5.0,5.0,52.12,507,125
1085,,,,6.0,3.0,3.0,,502,N
1086,,,,6.0,5.0,2.0,77.05,504,140
1087,,,,8.0,5.0,3.0,,506,N
1088,,,,8.0,2.0,5.0,,411,86
1089,,,,8.0,4.0,1.0,,510,N
1090,,,,5.0,1.0,3.0,49.83,506,134
1091,,,,1.0,1.0,6.0,92.0,501,136
1092,,,,8.0,5.0,3.0,,503,N
1093,,,,6.0,4.0,4.0,88.11,502,140
1094,,,,6.0,1.0,,20.24,503,110
1095,,,,6.0,4.0,5.0,,507,150
1096,,,,8.0,2.0,5.0,36.15,500,95
1097,,,,8.0,3.0,2.0,92.37,503,155
1098,,,,6.0,2.0,5.0,79.52,510,175
1099,,,,6.0,1.0,4.0,,411,48
1100,,,,6.0,2.0,4.0,78.32,507,140
1101,,,,6.0,4.0,2.0,63.31,603,185
1102,,,,7.0,1.0,6.0,36.21,506,120
1103,,,,6.0,1.0,5.0,,509,122
1104,,,,8.0,5.0,2.0,76.17,503,125
1105,,,,6.0,2.0,7.0,94.3,505,180
1106,,,,6.0,3.0,3.0,58.56,411,106
1107,,,,8.0,3.0,5.0,85.31,504,143
1108,,,,7.0,1.0,5.0,90.7,604,225
1109,,,,8.0,3.0,2.0,99.9,506,312
1110,,,,7.0,4.0,,31.06,507,120
1111,,,,6.0,4.0,1.0,40.02,600,154
1112,,,,8.0,5.0,1.0,,503,150
1113,,,,6.0,1.0,4.0,88.09,509,160
1114,,,,6.0,2.0,5.0,,504,N
1115,,,,6.0,2.0,4.0,54.47,505,123
1116,,,,8.0,4.0,3.0,92.05,511,178
1117,,,,6.0,3.0,4.0,75.82,505,130
1118,,,,,1.0,5.0,79.37,509,169
1119,,,,6.0,2.0,,98.66,511,230
1120,,,,8.0,1.0,4.0,61.07,505,126
1121,,,,8.0,5.0,2.0,93.59,411,146
1122,,,,6.0,3.0,4.0,,405,158
1123,,,,8.0,4.0,1.0,95.68,510,188
1124,,,,6.0,1.0,1.0,94.33,506,171
1125,,,,6.0,3.0,5.0,,502,N
1126,,,,7.0,,3.0,99.38,505,250
1127,,,,8.0,1.0,1.0,34.04,506,115
1128,,,,6.0,4.0,4.0,25.7,510,135
1129,,,,8.0,4.0,3.0,84.39,507,150
1130,,,,,,,90.2,508,175
1131,,,,,,,98.47,507,208
1132,,,,2.0,1.0,2.0,,504,N
1133,,,,6.0,3.0,2.0,98.85,509,225
1134,,,,8.0,2.0,5.0,,508,240
1135,,,,6.0,1.0,4.0,10.13,510,130
1136,,,,6.0,3.0,6.0,95.98,505,180
1137,,,,7.0,5.0,7.0,99.84,508,300
1138,,,,1.0,1.0,3.0,46.64,500,104
1139,,,,4.0,2.0,5.0,62.32,501,115
1140,,,,5.0,2.0,4.0,93.04,509,186
1141,,,,6.0,2.0,4.0,0.22,508,110
1142,,,,6.0,1.0,3.0,,507,145
1143,,,,8.0,1.0,4.0,,610,200
1144,,,,8.0,5.0,4.0,18.34,502,102
1145,,,,1.0,3.0,1.0,83.84,510,175
1146,,,,,,,38.19,509,140
1147,,,,6.0,3.0,6.0,32.35,508,130
1148,,,,4.0,3.0,3.0,95.82,505,185
1149,,,,5.0,1.0,4.0,,400,100
1150,,,,2.0,4.0,6.0,72.18,501,123
1151,,,,8.0,2.0,2.0,27.22,500,99
1152,,,,5.0,2.0,,2.1,511,120
1153,,,,1.0,1.0,5.0,83.87,510,170
1154,,,,6.0,3.0,4.0,89.32,505,157
1155,,,,6.0,1.0,4.0,13.33,505,110
1156,,,,8.0,5.0,5.0,92.19,510,185
1157,,,,6.0,2.0,6.0,87.17,508,165
1158,,,,8.0,3.0,1.0,96.15,506,183
1159,,,,1.0,2.0,6.0,57.96,502,120
1160,,,,6.0,1.0,4.0,70.67,503,130
1161,,,,6.0,4.0,5.0,77.2,502,130
1162,,,,6.0,4.0,2.0,58.19,509,145
1163,,,,6.0,3.0,3.0,87.99,511,180
1164,,,,8.0,3.0,5.0,63.19,503,123
1165,,,,1.0,,4.0,64.96,508,150
1166,,,,8.0,1.0,5.0,25.72,500,100
1167,,,,7.0,5.0,4.0,99.46,508,245
1168,,,,7.0,1.0,5.0,,506,200
1169,,,,6.0,3.0,3.0,27.79,509,131
1170,,,,8.0,2.0,6.0,0.4,510,115
1171,,,,8.0,2.0,1.0,83.06,510,169
1172,,,,8.0,1.0,6.0,,501,N
1173,,,,8.0,,2.0,,411,N
1174,,,,5.0,4.0,4.0,51.66,508,140
1175,,,,,,,99.11,501,222
1176,,,,6.0,3.0,3.0,42.74,507,138
1177,,,,6.0,1.0,6.0,83.31,508,155
1178,,,,4.0,1.0,4.0,,501,125
1179,,,,8.0,1.0,4.0,96.81,507,200
1180,,,,8.0,2.0,3.0,13.97,502,100
1181,,,,,,,59.83,506,130
1182,,,,6.0,3.0,1.0,35.65,411,95
1183,,,,8.0,3.0,2.0,90.09,510,180
1184,,,,6.0,2.0,3.0,13.08,511,135
1185,,,,6.0,3.0,5.0,89.52,511,172
1186,,,,6.0,1.0,4.0,30.76,511,140
1187,,,,6.0,3.0,4.0,96.78,507,187
1188,,,,5.0,3.0,5.0,62.39,503,125
1189,,,,8.0,2.0,4.0,24.58,510,125
1190,,,,5.0,1.0,5.0,99.42,600,270
1191,,,,1.0,3.0,5.0,20.1,509,125
1192,,,,8.0,3.0,3.0,71.04,602,187
1193,,,,7.0,4.0,2.0,47.52,505,120
1194,,,,8.0,4.0,3.0,86.29,502,140
1195,,,,8.0,5.0,1.0,,507,N
1196,,,,8.0,1.0,3.0,89.79,505,145
1197,,,,8.0,5.0,3.0,98.37,504,200
1198,,,,5.0,3.0,,,N N,N
1199,,,,4.0,4.0,,91.2,500,140
1200,,,,6.0,4.0,4.0,,709,160
1201,,,,6.0,1.0,5.0,90.89,504,153
1202,,,,5.0,1.0,4.0,17.58,506,120
1203,,,,8.0,2.0,3.0,,506,N
1204,,,,6.0,3.0,2.0,80.21,507,145
1205,,,,1.0,2.0,3.0,89.31,507,158
1206,,,,8.0,5.0,1.0,99.16,508,229
1207,,,,6.0,4.0,3.0,85.72,410,122
1208,,,,8.0,4.0,3.0,97.77,502,170
1209,,,,3.0,3.0,4.0,98.29,600,230
1210,,,,8.0,5.0,4.0,,504,N
1211,,,,4.0,1.0,1.0,32.67,501,105
1212,,,,6.0,3.0,4.0,98.9,502,192
1213,,,,6.0,4.0,4.0,67.0,411,110
1214,,,,8.0,3.0,4.0,,501,N
1215,,,,6.0,2.0,3.0,,502,N
1216,,,,2.0,1.0,,99.28,506,218
1217,,,,6.0,4.0,4.0,74.35,504,135
1218,,,,6.0,3.0,4.0,90.25,500,135
1219,,,,6.0,1.0,3.0,78.75,508,160
1220,,,,5.0,1.0,5.0,96.3,503,155
1221,,,,6.0,5.0,,67.0,505,130
1222,,,,6.0,4.0,2.0,97.23,506,200
1223,,,,6.0,3.0,5.0,57.02,505,130
1224,,,,,,,,N N,N
1225,,,,6.0,4.0,1.0,15.12,506,115
1226,,,,6.0,3.0,,12.36,507,120
1227,,,,8.0,1.0,6.0,93.89,508,175
1228,,,,6.0,1.0,6.0,52.0,600,150
1229,,,,1.0,1.0,4.0,,501,N
1230,,,,,,,92.48,504,160
1231,,,,,,,51.14,601,168
1232,,,,6.0,3.0,5.0,99.54,508,250
1233,,,,8.0,4.0,2.0,29.06,502,108
1234,,,,7.0,3.0,6.0,47.99,500,102
1235,,,,6.0,3.0,3.0,59.83,506,130
1236,,,,6.0,3.0,2.0,66.73,503,125
1237,,,,8.0,1.0,3.0,51.74,600,160
1238,,,,8.0,3.0,4.0,92.53,507,160
1239,,,,8.0,2.0,4.0,,502,120
1240,,,,6.0,4.0,3.0,97.65,501,175
1241,,,,6.0,1.0,5.0,96.77,505,180
1242,,,,5.0,4.0,3.0,98.7,508,210
1243,,,,6.0,3.0,5.0,61.88,502,115
1244,,,,6.0,3.0,4.0,76.76,503,132
1245,,,,7.0,3.0,,64.35,511,162
1246,,,,7.0,3.0,5.0,96.8,600,212
1247,,,,6.0,3.0,6.0,,502,N
1248,,,,4.0,3.0,3.0,,N N,N
1249,,,,7.0,5.0,4.0,17.58,506,120
1250,,,,8.0,4.0,1.0,,506,N
1251,,,,8.0,1.0,4.0,93.19,511,187
1252,,,,6.0,4.0,5.0,48.39,508,137
1253,,,,7.0,4.0,3.0,31.42,505,110
1254,,,,6.0,2.0,,92.62,509,180
1255,,,,8.0,3.0,3.0,90.43,503,150
1256,,,,8.0,1.0,5.0,71.41,503,125
1257,,,,8.0,3.0,6.0,,501,N
1258,,,,3.0,1.0,4.0,,503,N
1259,,,,1.0,2.0,3.0,73.74,510,165
1260,,,,8.0,,5.0,27.42,503,102
1261,,,,6.0,,6.0,44.27,411,98
1262,,,,6.0,2.0,5.0,65.5,504,129
1263,,,,8.0,3.0,5.0,0.12,501,82
1264,,,,8.0,1.0,7.0,,505,N
1265,,,,8.0,1.0,4.0,65.93,600,158
1266,,,,8.0,3.0,4.0,65.01,503,124
1267,,,,6.0,4.0,5.0,99.84,509,300
1268,,,,3.0,1.0,4.0,90.97,508,167
1269,,,,6.0,1.0,6.0,60.51,505,130
1270,,,,5.0,2.0,5.0,99.59,506,240
1271,,,,6.0,3.0,4.0,99.72,600,300
1272,,,,4.0,3.0,6.0,,503,N
1273,,,,5.0,,3.0,,603,160
1274,,,,6.0,4.0,3.0,62.19,506,135
1275,,,,8.0,3.0,4.0,23.85,510,138
1276,,,,6.0,3.0,4.0,71.41,503,125
1277,,,,3.0,3.0,3.0,66.75,510,150
1278,,,,8.0,3.0,,,507,N
1279,,,,8.0,3.0,4.0,20.49,500,98
1280,,,,8.0,4.0,3.0,36.2,510,130
1281,,,,8.0,2.0,4.0,90.64,511,180
1282,,,,8.0,4.0,5.0,98.17,411,177
1283,,,,4.0,1.0,4.0,46.75,502,115
1284,,,,8.0,1.0,5.0,93.54,505,160
1285,,,,6.0,3.0,5.0,79.92,509,160
1286,,,,5.0,1.0,6.0,98.21,511,225
1287,,,,6.0,4.0,4.0,65.23,507,145
1288,,,,8.0,2.0,4.0,97.85,508,195
1289,,,,5.0,2.0,5.0,73.31,500,114
1290,,,,6.0,2.0,5.0,97.29,411,160
1291,,,,1.0,4.0,4.0,,504,110
1292,,,,7.0,3.0,4.0,49.76,411,100
1293,,,,8.0,4.0,3.0,83.2,506,149
1294,,,,1.0,,7.0,,N N,N
1295,,,,,,,,N N,135
1296,,,,,3.0,,,N N,150
1297,,,,,,6.0,,N N,110
1298,,,,4.0,,,,N N,116
1299,,,,,3.0,,,N N,150
1300,,,,,3.0,,,N N,N
1301,,,,,,5.0,,N N,N
1302,,,,1.0,,,,N N,148
1303,,,,,,,,N N,130
1304,,,,,1.0,,,N N,N
1305,,,,,5.0,,,N N,N
1306,,,,,1.0,5.0,,N N,160
1307,,,,4.0,2.0,4.0,,N N,135
1308,,,,,3.0,3.0,,N N,143
1309,,,,,3.0,5.0,,N N,135
1310,,,,6.0,,3.0,,N N,147
1311,,,,6.0,3.0,5.0,,N N,120
1312,,,,6.0,3.0,3.0,,N N,105
1313,,,,6.0,4.0,4.0,84.35,506,160
1314,,,,6.0,2.0,5.0,63.51,508,135
1315,,,,6.0,4.0,3.0,70.41,502,125
1316,,,,8.0,4.0,4.0,81.18,504,138
1317,,,,6.0,2.0,6.0,85.27,502,129
1318,,,,6.0,4.0,4.0,36.67,508,123
1319,,,,8.0,5.0,4.0,56.1,504,121
1320,,,,6.0,4.0,3.0,96.84,510,210
1321,,,,7.0,2.0,4.0,3.58,508,113
1322,,,,6.0,3.0,3.0,94.77,500,140
1323,,,,5.0,3.0,,85.18,504,144
1324,,,,8.0,3.0,2.0,47.94,503,113
1325,,,,8.0,3.0,3.0,6.33,504,98
1326,,,,5.0,2.0,3.0,97.43,603,235
1327,,,,5.0,2.0,6.0,25.66,510,130
1328,,,,7.0,4.0,,97.11,509,205
1329,,,,6.0,3.0,5.0,53.2,504,125
1330,,,,8.0,1.0,5.0,47.6,511,138
1331,,,,6.0,5.0,2.0,93.51,510,189
1332,,,,7.0,2.0,1.0,1.53,506,100
1333,,,,5.0,2.0,5.0,97.34,511,210
1334,,,,8.0,4.0,2.0,52.77,501,108
1335,,,,8.0,3.0,2.0,16.74,510,130
1336,,,,4.0,2.0,5.0,,305,107
1337,,,,6.0,2.0,4.0,11.8,510,135
1338,,,,6.0,3.0,5.0,97.48,506,175
1339,,,,6.0,3.0,4.0,98.38,500,180
1340,,,,7.0,5.0,5.0,99.74,508,280
1341,,,,8.0,2.0,5.0,,504,N
1342,,,,6.0,3.0,3.0,23.69,506,115
1343,,,,4.0,5.0,3.0,80.08,502,130
1344,,,,6.0,2.0,4.0,41.98,504,120
1345,,,,7.0,3.0,5.0,65.89,506,140
1346,,,,8.0,3.0,4.0,99.19,510,240
1347,,,,6.0,3.0,4.0,57.46,511,153
1348,,,,6.0,5.0,4.0,98.71,508,235
1349,,,,4.0,3.0,4.0,19.65,507,120
1350,,,,7.0,3.0,,5.78,511,125
1351,,,,7.0,1.0,3.0,7.1,506,110
1352,,,,6.0,2.0,5.0,,409,N
1353,,,,6.0,4.0,5.0,,506,105
1354,,,,6.0,3.0,2.0,,503,167
1355,,,,8.0,2.0,5.0,68.87,600,160
1356,,,,1.0,3.0,5.0,63.8,508,140
1357,,,,6.0,4.0,4.0,94.23,506,175
1358,,,,4.0,2.0,4.0,51.33,507,135
1359,,,,8.0,4.0,4.0,16.46,602,140
1360,,,,6.0,3.0,3.0,47.58,504,120
1361,,,,1.0,4.0,3.0,46.24,510,144
1362,,,,1.0,2.0,5.0,81.97,506,140
1363,,,,8.0,4.0,5.0,18.67,501,95
1364,,,,6.0,3.0,4.0,87.96,506,160
1365,,,,6.0,3.0,4.0,98.35,502,198
1366,,,,7.0,5.0,4.0,83.86,511,179
1367,,,,7.0,1.0,5.0,,503,180
1368,,,,7.0,4.0,3.0,94.28,505,172
1369,,,,6.0,2.0,,89.43,601,193
1370,,,,6.0,2.0,4.0,,N N,N
1371,,,,8.0,3.0,3.0,,503,N
1372,,,,6.0,3.0,,37.98,503,109
1373,,,,8.0,1.0,2.0,14.1,602,148
1374,,,,1.0,2.0,3.0,16.74,601,145
1375,,,,6.0,2.0,3.0,90.37,507,160
1376,,,,8.0,2.0,4.0,21.4,600,140
1377,,,,8.0,4.0,3.0,,503,N
1378,,,,4.0,2.0,3.0,59.83,506,130
1379,,,,,,,,511,155
1380,,,,6.0,2.0,5.0,0.52,501,85
1381,,,,8.0,5.0,4.0,89.23,503,140
1382,,,,6.0,3.0,2.0,98.56,505,225
1383,,,,6.0,2.0,5.0,98.11,504,180
1384,,,,5.0,2.0,,73.32,508,146
1385,,,,6.0,3.0,3.0,13.08,511,135
1386,,,,5.0,3.0,3.0,21.09,506,120
1387,,,,6.0,4.0,3.0,73.74,510,165
1388,,,,8.0,3.0,3.0,4.09,508,110
1389,,,,6.0,2.0,3.0,98.73,508,214
1390,,,,6.0,3.0,3.0,67.34,510,165
1391,,,,4.0,2.0,3.0,,504,N
1392,,,,8.0,3.0,3.0,56.97,601,156
1393,,,,6.0,3.0,5.0,,502,110
1394,,,,6.0,4.0,3.0,96.71,502,165
1395,,,,8.0,1.0,4.0,99.33,509,240
1396,,,,4.0,5.0,2.0,75.24,600,165
1397,,,,6.0,5.0,,55.02,506,128
1398,,,,6.0,2.0,3.0,10.3,507,115
1399,,,,6.0,3.0,3.0,19.47,505,115
1400,,,,6.0,3.0,3.0,51.74,511,145
1401,,,,6.0,2.0,4.0,85.72,504,147
1402,,,,6.0,2.0,4.0,47.28,509,135
1403,,,,7.0,2.0,4.0,84.41,507,146
1404,,,,8.0,3.0,5.0,67.0,505,130
1405,,,,6.0,4.0,4.0,,504,N
1406,,,,6.0,5.0,4.0,45.3,508,140
1407,,,,6.0,3.0,4.0,,507,120
1408,,,,6.0,1.0,1.0,,711,90
1409,,,,6.0,2.0,2.0,57.45,506,135
1410,,,,6.0,,2.0,,504,N
1411,,,,6.0,4.0,3.0,17.55,507,115
1412,,,,6.0,3.0,4.0,84.41,507,146
1413,,,,5.0,4.0,5.0,13.33,505,110
1414,,,,7.0,1.0,4.0,68.83,511,165
1415,,,,4.0,4.0,1.0,47.25,508,135
1416,,,,1.0,2.0,3.0,,610,130
1417,,,,6.0,3.0,4.0,76.31,505,140
1418,,,,6.0,2.0,3.0,78.96,506,142
1419,,,,8.0,2.0,1.0,84.36,510,160
1420,,,,6.0,3.0,3.0,58.31,502,116
1421,,,,6.0,3.0,4.0,7.0,500,90
1422,,,,4.0,1.0,6.0,72.47,501,118
1423,,,,8.0,3.0,4.0,49.64,508,142
1424,,,,6.0,2.0,3.0,35.39,600,142
1425,,,,8.0,2.0,4.0,,500,N
1426,,,,6.0,4.0,3.0,25.7,602,140
1427,,,,5.0,3.0,4.0,72.14,508,150
1428,,,,6.0,1.0,6.0,20.15,604,160
1429,,,,8.0,3.0,3.0,,503,110
1430,,,,6.0,1.0,4.0,98.85,509,225
1431,,,,6.0,4.0,5.0,28.91,505,115
1432,,,,8.0,4.0,2.0,99.81,408,215
1433,,,,8.0,3.0,4.0,84.25,511,169
1434,,,,1.0,2.0,5.0,71.76,510,155
1435,,,,1.0,2.0,5.0,41.68,504,115
1436,,,,7.0,3.0,4.0,5.3,508,115
1437,,,,6.0,4.0,3.0,96.18,502,170
1438,,,,8.0,,2.0,2.15,503,90
1439,,,,5.0,2.0,5.0,35.27,602,155
1440,,,,6.0,4.0,3.0,,411,N
1441,,,,4.0,2.0,5.0,4.08,502,89
1442,,,,8.0,1.0,6.0,,509,141
1443,,,,5.0,2.0,3.0,72.14,508,150
1444,,,,6.0,2.0,3.0,71.04,505,140
1445,,,,6.0,4.0,2.0,41.81,502,114
1446,,,,8.0,5.0,2.0,45.34,506,120
1447,,,,6.0,2.0,4.0,,505,110
1448,,,,6.0,2.0,4.0,54.05,508,135
1449,,,,6.0,5.0,5.0,42.53,504,115
1450,,,,5.0,4.0,4.0,8.35,504,101
1451,,,,6.0,3.0,4.0,,506,110
1452,,,,6.0,4.0,2.0,69.07,501,121
1453,,,,4.0,5.0,2.0,43.23,503,108
1454,,,,6.0,3.0,4.0,46.08,503,115
1455,,,,6.0,4.0,2.0,51.43,602,158
1456,,,,6.0,3.0,3.0,,507,N
1457,,,,5.0,4.0,5.0,58.75,506,125
1458,,,,6.0,4.0,3.0,65.66,501,114
1459,,,,7.0,4.0,2.0,26.68,508,128
1460,,,,7.0,2.0,4.0,0.5,509,115
1461,,,,6.0,1.0,5.0,98.9,507,208
1462,,,,6.0,3.0,4.0,84.17,507,160
1463,,,,8.0,3.0,3.0,70.84,601,165
1464,,,,2.0,4.0,,70.84,502,120
1465,,,,8.0,4.0,3.0,4.81,504,95
1466,,,,6.0,4.0,3.0,87.47,507,155
1467,,,,1.0,1.0,4.0,23.82,503,110
1468,,,,6.0,3.0,3.0,73.46,507,149
1469,,,,6.0,4.0,5.0,,501,N
1470,,,,8.0,5.0,2.0,3.26,508,110
1471,,,,7.0,4.0,4.0,60.66,600,160
1472,,,,8.0,3.0,4.0,54.82,505,120
1473,,,,8.0,4.0,2.0,89.05,506,149
1474,,,,8.0,4.0,4.0,25.63,502,105
1475,,,,6.0,2.0,5.0,68.83,511,165
1476,,,,7.0,3.0,1.0,83.22,506,145
1477,,,,6.0,3.0,4.0,3.21,505,100
1478,,,,6.0,3.0,5.0,21.96,508,120
1479,,,,8.0,3.0,5.0,99.42,411,210
1480,,,,6.0,2.0,4.0,94.43,602,209
1481,,,,6.0,1.0,5.0,21.62,508,121
1482,,,,8.0,3.0,,93.61,500,140
1483,,,,6.0,3.0,3.0,51.58,507,138
1484,,,,7.0,2.0,5.0,23.83,505,117
1485,,,,8.0,2.0,3.0,38.13,502,105
1486,,,,5.0,3.0,5.0,51.87,508,134
1487,,,,7.0,1.0,,98.69,601,240
1488,,,,8.0,1.0,5.0,93.82,510,185
1489,,,,8.0,3.0,4.0,95.39,503,158
1490,,,,2.0,,,,N N,N
1491,,,,,,,,N N,N
1492,,,,,,1.0,,N N,N
1493,,,,,3.0,,,N N,N
1494,,,,,,,,N N,N
1495,,,,,,,,N N,N
1496,,,,,3.0,,,N N,N
1497,,,,,,,,N N,N
1498,,,,,3.0,,,N N,N
1499,,,,,3.0,,,N N,N
1500,,,,,3.0,,,N N,N
1501,,,,,,6.0,,N N,N
1502,,,,,,1.0,,N N,N
1503,,,,6.0,2.0,2.0,59.3,411,101
1504,,,,8.0,1.0,3.0,89.02,511,171
1505,,,,6.0,3.0,4.0,50.12,504,115
1506,,,,6.0,3.0,3.0,97.69,504,200
1507,,,,6.0,1.0,4.0,,511,240
1508,,,,8.0,3.0,4.0,0.04,503,80
1509,,,,8.0,3.0,3.0,19.06,505,113
1510,,,,8.0,1.0,3.0,55.07,509,148
1511,,,,8.0,5.0,2.0,67.86,502,115
1512,,,,6.0,3.0,3.0,5.44,601,136
1513,,,,6.0,3.0,4.0,70.58,500,115
1514,,,,6.0,3.0,4.0,51.01,506,126
1515,,,,6.0,4.0,2.0,29.76,507,125
1516,,,,1.0,,,,N N,123
1517,,,,6.0,3.0,5.0,81.81,503,130
1518,,,,6.0,1.0,4.0,,300,125
1519,,,,6.0,1.0,3.0,,511,N
1520,,,,6.0,2.0,3.0,91.58,501,136
1521,,,,6.0,4.0,3.0,74.74,504,138
1522,,,,8.0,4.0,4.0,,506,N
1523,,,,6.0,3.0,5.0,90.18,510,175
1524,,,,8.0,2.0,5.0,42.05,600,155
1525,,,,8.0,3.0,2.0,,502,122
1526,,,,6.0,2.0,6.0,,509,135
1527,,,,6.0,2.0,3.0,95.04,510,190
1528,,,,5.0,2.0,4.0,96.05,600,195
1529,,,,6.0,3.0,4.0,16.03,505,115
1530,,,,6.0,4.0,3.0,23.52,502,102
1531,,,,6.0,2.0,4.0,36.21,506,120
1532,,,,6.0,3.0,3.0,,504,N
1533,,,,8.0,3.0,3.0,1.84,507,101
1534,,,,6.0,5.0,4.0,91.77,508,170
1535,,,,8.0,4.0,,99.23,505,208
1536,,,,5.0,2.0,3.0,,509,142
1537,,,,8.0,2.0,5.0,62.81,507,130
1538,,,,6.0,3.0,3.0,99.76,510,292
1539,,,,,,,58.06,505,128
1540,,,,4.0,1.0,5.0,11.29,600,125
1541,,,,8.0,4.0,3.0,72.98,505,140
1542,,,,4.0,3.0,4.0,50.27,506,130
1543,,,,8.0,2.0,4.0,97.77,503,166
1544,,,,5.0,2.0,3.0,32.81,504,118
1545,,,,6.0,1.0,5.0,48.61,411,102
1546,,,,8.0,3.0,1.0,18.01,501,92
1547,,,,4.0,5.0,2.0,95.17,503,170
1548,,,,1.0,4.0,4.0,91.95,509,184
1549,,,10th grade,6.0,5.0,1.0,25.71,501,95
1550,,,,4.0,3.0,2.0,8.49,502,97
1551,,,,6.0,2.0,4.0,,506,N
1552,,,,4.0,4.0,3.0,93.77,511,189
1553,,,,6.0,1.0,2.0,78.75,508,160
1554,,,,8.0,4.0,4.0,,411,N
1555,,,,8.0,3.0,4.0,21.37,411,90
1556,,,,8.0,5.0,3.0,92.19,510,185
1557,,,,4.0,1.0,2.0,94.58,505,170
1558,,,,6.0,5.0,3.0,96.39,509,200
1559,,,,6.0,2.0,,16.03,600,137
1560,,,,8.0,3.0,5.0,56.9,411,100
1561,,,,6.0,2.0,4.0,67.17,504,130
1562,,,,6.0,3.0,3.0,85.29,505,150
1563,,,,8.0,4.0,3.0,46.58,506,127
1564,,,,6.0,3.0,3.0,,501,95
1565,,,,6.0,4.0,3.0,,500,N
1566,,,,6.0,2.0,5.0,,505,N
1567,,,,6.0,4.0,4.0,82.84,505,145
1568,,,,7.0,2.0,6.0,61.96,411,105
1569,,,,6.0,2.0,5.0,0.0,608,130
1570,,,,8.0,3.0,4.0,,508,143
1571,,,,6.0,4.0,4.0,6.35,500,91
1572,,,,8.0,5.0,4.0,0.67,505,97
1573,,,,6.0,,,6.55,509,115
1574,,,,6.0,1.0,2.0,54.05,508,135
1575,,,,,,,27.03,601,146
1576,,,,1.0,1.0,5.0,15.32,600,141
1577,,,,6.0,3.0,3.0,71.87,411,115
1578,,,,8.0,4.0,4.0,87.57,502,142
1579,,,,8.0,3.0,4.0,27.27,600,143
1580,,,,6.0,2.0,5.0,94.87,600,200
1581,,,,6.0,3.0,4.0,54.41,507,135
1582,,,,6.0,5.0,3.0,85.85,500,128
1583,,,,8.0,1.0,2.0,71.87,411,115
1584,,,,6.0,1.0,5.0,53.56,408,95
1585,,,,6.0,3.0,6.0,58.54,503,123
1586,,,,6.0,3.0,3.0,30.76,511,140
1587,,,,2.0,2.0,4.0,8.45,505,100
1588,,,,6.0,2.0,1.0,80.55,504,135
1589,,,,6.0,2.0,3.0,,503,N
1590,,,,6.0,1.0,6.0,65.89,511,158
1591,,,,6.0,3.0,3.0,84.35,506,160
1592,,,,6.0,3.0,4.0,,502,98
1593,,,,6.0,3.0,1.0,42.05,600,155
1594,,,,6.0,3.0,5.0,52.22,503,120
1595,,,,1.0,1.0,7.0,71.04,603,180
1596,,,,6.0,3.0,3.0,93.81,501,150
1597,,,,7.0,3.0,4.0,40.55,503,110
1598,,,,4.0,3.0,3.0,58.54,503,123
1599,,,,8.0,4.0,2.0,53.56,408,95
1600,,,,6.0,3.0,3.0,94.43,500,150
1601,,,,8.0,1.0,3.0,5.59,507,115
1602,,,,8.0,1.0,6.0,79.95,504,130
1603,,,,8.0,3.0,3.0,36.92,500,98
1604,,,,6.0,2.0,4.0,78.2,601,177
1605,,,,8.0,2.0,4.0,94.3,507,175
1606,,,,5.0,3.0,3.0,71.89,500,120
1607,,,,6.0,3.0,3.0,51.78,511,150
1608,,,,6.0,3.0,4.0,58.7,503,125
1609,,,,8.0,3.0,5.0,80.06,509,165
1610,,,,6.0,3.0,4.0,79.08,500,115
1611,,,,6.0,2.0,4.0,63.19,503,123
1612,,,,6.0,4.0,3.0,74.66,410,110
1613,,,,5.0,2.0,5.0,68.33,600,165
1614,,,,6.0,3.0,4.0,,507,175
1615,,,,8.0,4.0,4.0,,503,N
1616,,,,6.0,3.0,5.0,90.43,503,150
1617,,,,6.0,,,69.88,507,140
1618,,,,6.0,3.0,,95.45,602,225
1619,,,,8.0,4.0,4.0,2.45,507,105
1620,,,,8.0,3.0,4.0,,502,105
1621,,,,6.0,1.0,6.0,,N N,N
1622,,,,8.0,2.0,4.0,98.42,510,220
1623,,,,8.0,3.0,4.0,92.26,506,165
1624,,,,6.0,1.0,3.0,77.75,503,140
1625,,,,6.0,2.0,5.0,44.32,507,129
1626,,,,6.0,1.0,4.0,38.53,510,145
1627,,,,8.0,4.0,1.0,,504,100
1628,,,,8.0,3.0,4.0,49.79,505,121
1629,,,,4.0,3.0,3.0,,501,N
1630,,,,6.0,2.0,4.0,63.49,507,135
1631,,,,8.0,4.0,2.0,0.56,507,100
1632,,,,8.0,2.0,4.0,30.7,506,120
1633,,,,6.0,1.0,6.0,68.07,411,108
1634,,,,6.0,2.0,5.0,90.25,503,146
1635,,,,6.0,2.0,3.0,53.09,500,104
1636,,,,6.0,3.0,3.0,66.09,502,120
1637,,,,5.0,2.0,6.0,36.86,509,135
1638,,,,6.0,3.0,4.0,80.25,502,135
1639,,,,8.0,4.0,3.0,84.85,601,185
1640,,,,6.0,3.0,3.0,94.14,509,180
1641,,,,8.0,1.0,4.0,9.74,411,85
1642,,,,6.0,3.0,3.0,45.23,501,105
1643,,,,7.0,3.0,4.0,45.58,506,128
1644,,,,8.0,4.0,5.0,,506,N
1645,,,,8.0,3.0,2.0,47.66,503,118
1646,,,,2.0,2.0,6.0,36.32,508,140
1647,,,,7.0,2.0,5.0,19.67,506,115
1648,,,,8.0,4.0,3.0,82.13,502,129
1649,,,,6.0,3.0,4.0,81.63,502,125
1650,,,,6.0,5.0,4.0,98.11,500,175
1651,,,,6.0,3.0,,,508,149
1652,,,,6.0,3.0,3.0,,510,148
1653,,,,6.0,2.0,3.0,84.68,502,135
1654,,,,4.0,3.0,4.0,37.19,504,118
1655,,,,6.0,3.0,4.0,78.82,507,150
1656,,,,8.0,3.0,4.0,66.55,507,132
1657,,,,6.0,3.0,3.0,85.49,504,140
1658,,,,8.0,3.0,5.0,21.29,503,105
1659,,,,8.0,1.0,3.0,70.59,411,112
1660,,,,6.0,3.0,3.0,60.97,506,135
1661,,,,,,,,N N,N
1662,,,,4.0,Always ,2.0,79.82,505,140
1663,,,,7.0,2.0,5.0,30.3,504,110
1664,,,,6.0,4.0,4.0,48.49,503,116
1665,,,,6.0,3.0,2.0,86.29,502,140
1666,,,,6.0,5.0,4.0,80.84,500,125
1667,,,,4.0,2.0,2.0,65.66,501,114
1668,,,,8.0,4.0,4.0,,504,N
1669,,,,8.0,3.0,4.0,35.65,411,95
1670,,,,6.0,1.0,2.0,88.31,505,155
1671,,,,8.0,5.0,3.0,98.1,505,220
1672,,,,6.0,2.0,5.0,54.41,507,135
1673,,,,6.0,1.0,5.0,69.69,601,180
1674,,,,8.0,5.0,2.0,60.52,507,140
1675,,,,8.0,3.0,7.0,86.06,502,130
1676,,,,6.0,2.0,4.0,57.57,507,132
1677,,,,8.0,4.0,4.0,83.38,508,160
1678,,,,8.0,3.0,4.0,86.88,503,140
1679,,,,6.0,3.0,4.0,87.9,509,170
1680,,,,7.0,,3.0,7.55,500,96
1681,,,,4.0,5.0,2.0,94.46,508,190
1682,,,,,,,51.87,508,134
1683,,,,8.0,4.0,6.0,18.67,501,95
1684,,,,6.0,3.0,3.0,98.01,500,168
1685,,,,6.0,3.0,4.0,68.36,503,126
1686,,,,,,,74.42,600,180
1687,,,,6.0,3.0,5.0,,500,N
1688,,,,8.0,3.0,4.0,72.21,501,125
1689,,,,6.0,4.0,5.0,62.39,503,125
1690,,,,,,,15.55,510,125
1691,,,,8.0,5.0,3.0,74.95,511,154
1692,,,,8.0,3.0,4.0,75.89,600,171
1693,,,,6.0,2.0,2.0,26.17,504,113
1694,,,,8.0,3.0,5.0,83.54,500,130
1695,,,,8.0,2.0,5.0,87.88,507,165
1696,,,,4.0,2.0,4.0,71.18,507,153
1697,,,,6.0,4.0,4.0,96.36,506,180
1698,,,,6.0,3.0,3.0,,N N,N
1699,,,,7.0,3.0,4.0,,501,N
1700,,,,8.0,4.0,,50.34,501,107
1701,,,,6.0,2.0,3.0,62.35,502,118
1702,,,,7.0,5.0,3.0,96.39,509,200
1703,,,,8.0,3.0,5.0,60.9,409,102
1704,,,,6.0,4.0,5.0,94.43,500,150
1705,,,,6.0,3.0,4.0,,409,111
1706,,,,4.0,,,,506,N
1707,,,,8.0,3.0,4.0,66.85,510,160
1708,,,,4.0,1.0,5.0,57.96,502,120
1709,,,,6.0,4.0,5.0,76.56,603,185
1710,,,,6.0,3.0,3.0,65.89,503,129
1711,,,,1.0,4.0,1.0,1.34,503,91
1712,,,,8.0,,,,500,N
1713,,,,6.0,5.0,,99.8,506,270
1714,,,,6.0,3.0,2.0,10.33,507,115
1715,,,,8.0,4.0,4.0,87.03,999,135
1716,,,,6.0,3.0,5.0,92.31,508,185
1717,,,,6.0,3.0,3.0,29.93,504,115
1718,,,,8.0,3.0,4.0,87.91,601,190
1719,,,,8.0,1.0,5.0,,503,N
1720,,,,8.0,2.0,4.0,79.21,508,160
1721,,,,6.0,3.0,3.0,,503,N
1722,,,,8.0,3.0,4.0,31.6,502,109
1723,,,,7.0,4.0,4.0,62.39,503,125
1724,,,,6.0,,,,503,N
1725,,,,6.0,2.0,5.0,97.85,510,211
1726,,,,6.0,4.0,3.0,86.08,410,120
1727,,,,6.0,3.0,4.0,48.32,510,145
1728,,,,8.0,1.0,4.0,40.89,508,138
1729,,,,1.0,3.0,,,502,N
1730,,,,8.0,3.0,4.0,93.99,511,200
1731,,,,7.0,4.0,5.0,,505,N
1732,,,,,,,98.32,500,167
1733,,,,6.0,3.0,1.0,76.81,503,129
1734,,,,8.0,3.0,4.0,71.65,411,110
1735,,,,8.0,2.0,6.0,64.31,501,116
1736,,,,8.0,4.0,3.0,38.67,506,126
1737,,,,8.0,1.0,4.0,,507,N
1738,,,,8.0,1.0,4.0,87.04,600,195
1739,,,,8.0,3.0,4.0,34.49,508,129
1740,,,,6.0,2.0,5.0,80.06,508,150
1741,,,,6.0,3.0,4.0,,503,N
1742,,,,8.0,4.0,2.0,77.8,502,125
1743,,,,6.0,3.0,3.0,35.05,505,120
1744,,,,6.0,3.0,6.0,,411,N
1745,,,,8.0,3.0,5.0,40.72,506,126
1746,,,,8.0,2.0,5.0,75.38,410,105
1747,,,,6.0,3.0,5.0,84.68,502,135
1748,,,,8.0,3.0,4.0,54.39,504,120
1749,,,,1.0,2.0,3.0,87.13,508,160
1750,,,,7.0,1.0,5.0,,N N,N
1751,,,,5.0,3.0,4.0,,507,N
1752,,,,1.0,3.0,4.0,30.54,504,107
1753,,,,6.0,4.0,4.0,48.82,506,125
1754,,,,8.0,1.0,5.0,89.62,500,127
1755,,,,6.0,2.0,4.0,44.27,411,98
1756,,,,6.0,2.0,2.0,72.77,501,999
1757,,,,6.0,2.0,4.0,91.66,506,999
1758,,,,6.0,2.0,5.0,,507,N
1759,,,,6.0,4.0,5.0,83.96,506,150
1760,,,,8.0,2.0,6.0,7.78,510,120
1761,,,,1.0,3.0,3.0,45.88,502,105
1762,,,,6.0,3.0,4.0,75.23,502,123
1763,,,,7.0,4.0,2.0,47.94,503,113
1764,,,,4.0,4.0,3.0,75.39,501,120
1765,,,,6.0,5.0,3.0,,505,N
1766,,,,8.0,1.0,4.0,80.1,509,150
1767,,,,3.0,3.0,4.0,9.82,600,124
1768,,,,2.0,4.0,4.0,64.55,511,152
1769,,,,6.0,3.0,5.0,62.96,503,120
1770,,,,8.0,3.0,3.0,80.03,503,140
1771,,,,1.0,4.0,4.0,16.35,504,109
1772,,,,8.0,4.0,3.0,99.03,601,260
1773,,,,6.0,4.0,,0.28,509,104
1774,,,,6.0,4.0,2.0,35.05,505,120
1775,,,,7.0,3.0,2.0,84.41,509,165
1776,,,,8.0,1.0,4.0,83.82,507,155
1777,,,,8.0,4.0,3.0,53.63,506,133
1778,,,,8.0,2.0,3.0,82.87,507,163
1779,,,,8.0,5.0,5.0,77.05,504,140
1780,,,,6.0,4.0,2.0,95.69,500,160
1781,,,,4.0,3.0,3.0,89.68,600,200
1782,,,,6.0,1.0,4.0,98.41,600,245
1783,,,,8.0,3.0,4.0,29.93,504,115
1784,,,,6.0,2.0,5.0,0.0,503,80
1785,,,,6.0,1.0,4.0,,511,150
1786,,,,4.0,4.0,1.0,98.04,502,198
1787,,,,3.0,3.0,5.0,,700,300
1788,,,,5.0,4.0,3.0,6.33,503,97
1789,,,,6.0,4.0,3.0,62.87,504,130
1790,,,,6.0,2.0,5.0,55.75,507,140
1791,,,,6.0,3.0,3.0,43.26,506,135
1792,,,,1.0,3.0,5.0,23.9,505,110
1793,,,,6.0,5.0,4.0,5.93,508,110
1794,,,,8.0,3.0,4.0,84.35,411,120
1795,,,,3.0,3.0,3.0,40.55,503,110
1796,,,,8.0,3.0,3.0,97.5,503,190
1797,,,,7.0,2.0,4.0,53.97,510,157
1798,,,,2.0,,,96.11,511,215
1799,,,,4.0,3.0,4.0,17.94,601,150
1800,,,,6.0,2.0,4.0,77.19,503,135
1801,,,,8.0,3.0,4.0,77.2,502,130
1802,,,,6.0,1.0,5.0,14.65,511,140
1803,,,,7.0,4.0,4.0,,506,75
1804,,,,8.0,5.0,6.0,,711,225
1805,,,,6.0,3.0,4.0,47.79,508,138
1806,,,,6.0,2.0,,67.36,501,120
1807,,,,6.0,5.0,1.0,60.77,600,170
1808,,,,6.0,3.0,4.0,5.86,510,130
1809,,,,3.0,3.0,3.0,47.49,506,130
1810,,,,8.0,4.0,5.0,,503,110
1811,,,,8.0,5.0,3.0,74.24,508,155
1812,,,,6.0,2.0,2.0,7.43,507,120
1813,,,,6.0,2.0,3.0,90.91,507,175
1814,,,,5.0,1.0,6.0,55.75,507,140
1815,,,,8.0,3.0,5.0,43.19,506,130
1816,,,,6.0,3.0,4.0,98.09,600,240
1817,,,,6.0,5.0,3.0,83.57,508,165
1818,,,,6.0,2.0,4.0,95.49,509,200
1819,,,,8.0,3.0,5.0,18.46,504,110
1820,,,,6.0,2.0,5.0,30.06,509,132
1821,,,,1.0,2.0,3.0,94.19,509,185
1822,,,,8.0,4.0,2.0,67.86,502,115
1823,,,,6.0,1.0,4.0,95.52,510,202
1824,,,,6.0,3.0,1.0,,500,N
1825,,,,6.0,1.0,4.0,99.08,511,245
1826,,,,3.0,3.0,6.0,94.03,511,190
1827,,,,5.0,4.0,4.0,69.91,506,140
1828,,,,6.0,3.0,3.0,55.93,501,112
1829,,,,8.0,2.0,5.0,,508,135
1830,,,,5.0,1.0,4.0,29.14,503,110
1831,,,,6.0,3.0,3.0,34.47,504,120
1832,,,,6.0,1.0,5.0,74.11,509,150
1833,,,,6.0,4.0,5.0,86.06,502,130
1834,,,,6.0,2.0,5.0,15.53,506,110
1835,,,,6.0,2.0,4.0,92.55,503,159
1836,,,,6.0,3.0,5.0,,504,110
1837,,,,6.0,2.0,6.0,89.52,504,150
1838,,,,6.0,3.0,2.0,81.86,508,160
1839,,,,6.0,4.0,2.0,79.73,503,128
1840,,,,6.0,4.0,2.0,,501,110
1841,,,,8.0,2.0,4.0,17.34,502,98
1842,,,,5.0,2.0,ten,0.75,507,98
1843,,,,8.0,4.0,5.0,95.98,510,195
1844,,,,6.0,3.0,4.0,68.14,509,160
1845,,,,4.0,4.0,1.0,71.06,504,126
1846,,,,8.0,1.0,4.0,,506,120
1847,,,,1.0,1.0,4.0,3.56,411,83
1848,,,,6.0,3.0,4.0,98.67,504,200
1849,,,,8.0,3.0,6.0,,503,N
1850,,,,6.0,2.0,5.0,51.66,505,126
1851,,,,6.0,4.0,3.0,92.42,601,195
1852,,,,5.0,3.0,4.0,68.87,600,160
1853,,,,7.0,2.0,4.0,62.76,600,156
1854,,,,6.0,2.0,3.0,90.23,506,156
1855,,,,5.0,3.0,5.0,74.2,510,150
1856,,,,6.0,2.0,3.0,83.84,510,175
1857,,,,8.0,5.0,2.0,51.8,500,106
1858,,,,7.0,1.0,5.0,,505,150
1859,,,,8.0,3.0,3.0,87.7,603,200
1860,,,,6.0,3.0,5.0,80.22,602,185
1861,,,,2.0,4.0,2.0,26.61,502,105
1862,,,,1.0,1.0,4.0,,N N,107
1863,,,,1.0,4.0,2.0,61.05,503,119
1864,,,,7.0,2.0,3.0,92.49,506,170
1865,,,,7.0,4.0,2.0,73.84,411,114
1866,,,,8.0,1.0,4.0,81.81,503,130
1867,,,,6.0,2.0,4.0,38.43,501,105
1868,,,,6.0,2.0,5.0,77.59,500,117
1869,,,,7.0,4.0,3.0,52.25,600,165
1870,,,,6.0,4.0,3.0,47.76,511,148
1871,,,,6.0,4.0,3.0,59.6,507,133
1872,,,,8.0,3.0,6.0,,505,N
1873,,,,5.0,2.0,6.0,40.56,505,117
1874,,,,6,4.0,,,502,135
1875,,,,6.0,4.0,7.0,,504,125
1876,,,,7.0,3.0,4.0,11.8,602,137
1877,,,,6.0,4.0,3.0,87.69,600,180
1878,,,,1.0,2.0,6.0,57.61,600,153
1879,,,,6.0,2.0,4.0,83.82,507,155
1880,,,,6.0,3.0,5.0,67.93,411,105
1881,,,,6.0,2.0,3.0,36.9,510,135
1882,,,,6.0,5.0,1.0,34.05,507,122
1883,,,,6.0,2.0,2.0,49.31,505,125
1884,,,,5.0,4.0,4.0,4.22,507,110
1885,,,,5.0,3.0,2.0,40.54,504,117
1886,,,,6.0,2.0,3.0,94.58,502,157
1887,,,,6.0,3.0,1.0,,600,155
1888,,,,6.0,4.0,,,506,N
1889,,,,6.0,4.0,5.0,40.14,507,124
1890,,,,6.0,4.0,2.0,78.81,505,139
1891,,,,6.0,4.0,5.0,47.28,504,117
1892,,,,6.0,1.0,5.0,75.69,511,160
1893,,,,,,,,503,N
1894,,,,8.0,1.0,1.0,95.54,507,180
1895,,,,6.0,4.0,3.0,58.09,505,125
1896,,,,6.0,3.0,5.0,95.28,507,188
1897,,,,6.0,4.0,5.0,88.39,501,130
1898,,,,7.0,2.0,3.0,,509,N
1899,,,,6.0,5.0,1.0,,504,N
1900,,,,6.0,4.0,2.0,14.41,507,115
1901,,,,1.0,,,86.03,503,145
1902,,,,8.0,3.0,1.0,56.23,505,128
1903,,,,4.0,4.0,2.0,91.79,501,150
1904,,,,8.0,4.0,4.0,77.19,503,135
1905,,,,8.0,5.0,3.0,82.54,506,150
1906,,,,,,,95.57,506,190
1907,,,,4.0,4.0,3.0,,511,200
1908,,,,6.0,3.0,4.0,52.56,503,115
1909,,,,6.0,4.0,3.0,30.44,503,111
1910,,,,4.0,1.0,5.0,64.96,508,150
1911,,,,6.0,5.0,1.0,68.36,503,126
1912,,,,8.0,4.0,2.0,74.72,500,120
1913,,,,5.0,3.0,4.0,48.32,510,145
1914,,,,6.0,3.0,4.0,75.36,511,165
1915,,,,6.0,4.0,1.0,74.24,503,130
1916,,,,1.0,1.0,5.0,,N N,111
1917,,,,8.0,4.0,2.0,98.89,503,207
1918,,,,6.0,2.0,5.0,94.82,600,205
1919,,,,8.0,1.0,4.0,,N N,N
1920,,,,6.0,4.0,3.0,90.69,502,145
1921,,,,6.0,5.0,,69.91,506,140
1922,,,,3.0,4.0,2.0,,503,220
1923,,,,6.0,5.0,1.0,,504,N
1924,,,,7.0,4.0,4.0,66.62,500,115
1925,,,,6.0,4.0,1.0,99.11,602,312
1926,,,,8.0,4.0,2.0,9.14,504,100
1927,,,,6.0,4.0,3.0,17.65,506,114
1928,,,,8.0,2.0,2.0,56.33,506,137
1929,,,,8.0,,1.0,,N N,N
1930,,,,6.0,5.0,5.0,,504,N
1931,,,,6.0,4.0,5.0,0.31,505,95
1932,,,,6.0,5.0,1.0,62.21,507,141
1933,,,,6.0,1.0,4.0,9.23,509,125
1934,,,,2.0,4.0,3.0,28.71,507,124
1935,,,,1.0,1.0,,96.96,603,230
1936,,,,6.0,4.0,4.0,67.37,509,150
1937,,,,1.0,4.0,1.0,66.09,502,120
1938,,,,6.0,3.0,4.0,22.82,503,103
1939,,,,,,,79.01,503,134
1940,,,,6.0,3.0,4.0,62.69,411,110
1941,,,,4.0,4.0,5.0,91.93,503,150
1942,,,,8.0,4.0,4.0,47.58,504,120
1943,,,,8.0,3.0,3.0,96.36,506,180
1944,,,,6.0,2.0,3.0,16.74,510,130
1945,,,,8.0,2.0,3.0,98.21,510,220
1946,,,,7.0,2.0,3.0,44.3,502,110
1947,,,,6.0,3.0,3.0,,N N,N
1948,,,,8.0,3.0,4.0,96.13,507,183
1949,,,,8.0,4.0,4.0,94.27,603,224
1950,,,,1.0,2.0,4.0,99.31,511,254
1951,,,,8.0,5.0,3.0,20.67,502,103
1952,,,,6.0,4.0,3.0,,504,N
1953,,,,8.0,5.0,3.0,92.49,506,170
1954,,,,7.0,4.0,3.0,54.25,509,143
1955,,,,6.0,4.0,4.0,88.43,508,167
1956,,,,6.0,5.0,3.0,99.65,502,315
1957,,,,6.0,1.0,4.0,31.2,501,97
1958,,,,6.0,2.0,4.0,96.98,506,180
1959,,,,6.0,4.0,4.0,,501,N
1960,,,,6.0,3.0,4.0,64.33,503,120
1961,,,,6.0,3.0,2.0,,504,N
1962,,,,8.0,2.0,4.0,42.53,504,115
1963,,,,8.0,3.0,3.0,84.69,500,132
1964,,,,6.0,2.0,5.0,,504,N
1965,,,,8.0,3.0,3.0,,502,135
1966,,,,4.0,4.0,2.0,41.52,501,110
1967,,,,6.0,1.0,2.0,,507,195
1968,,,,6.0,4.0,4.0,81.1,504,131
1969,,,,5.0,3.0,7.0,25.66,510,130
1970,,,,6.0,2.0,4.0,74.42,509,160
1971,,,,8.0,4.0,3.0,20.61,601,140
1972,,,,6.0,5.0,2.0,26.02,506,115
1973,,,,6.0,2.0,4.0,,506,N
1974,,,,6.0,3.0,4.0,28.61,507,128
1975,,,,6.0,4.0,5.0,87.37,510,175
1976,,,,8.0,3.0,3.0,28.37,501,105
1977,,,,8.0,3.0,2.0,,505,N
1978,,,,7.0,1.0,4.0,56.78,505,124
1979,,,,8.0,4.0,,95.76,507,190
1980,,,,,5.0,7.0,67.66,511,154
1981,,,,6.0,5.0,2.0,92.19,510,190
1982,,,,5.0,2.0,4.0,35.49,503,105
1983,,,,8.0,1.0,4.0,,506,170
1984,,,,,,,,509,N
1985,,,,8.0,3.0,2.0,57.73,502,113
1986,,,,6.0,4.0,5.0,72.98,505,140
1987,,,,6.0,2.0,6.0,47.28,509,135
1988,,,,6.0,4.0,3.0,63.8,508,140
1989,,,,6.0,2.0,3.0,42.73,505,130
1990,,,,8.0,4.0,3.0,35.74,509,130
1991,,,,6.0,2.0,3.0,,N N,N
1992,,,,6.0,2.0,4.0,95.15,508,175
1993,,,,6.0,2.0,4.0,41.8,600,145
1994,,,,8.0,3.0,1.0,95.84,601,220
1995,,,,6.0,4.0,3.0,31.25,502,105
1996,,,,6.0,3.0,2.0,95.57,506,190
1997,,,,1.0,2.0,5.0,0.07,508,98
1998,,,,5.0,3.0,4.0,76.51,504,130
1999,,,,6.0,3.0,5.0,85.89,500,133
2000,,,,6.0,4.0,2.0,,502,136
2001,,,,6.0,2.0,3.0,98.44,509,220
2002,,,,8.0,3.0,3.0,32.92,506,118
2003,,,,6.0,3.0,6.0,63.81,504,120
2004,,,,7.0,3.0,4.0,,500,N
2005,,,,4.0,1.0,7.0,,501,112
2006,,,,6.0,2.0,4.0,84.35,506,160
2007,,,,8.0,5.0,2.0,,506,N
2008,,,,6.0,2.0,3.0,10.65,509,118
2009,,,,1.0,2.0,4.0,96.36,508,200
2010,,,,6.0,3.0,5.0,99.42,600,270
2011,,,,6.0,3.0,5.0,95.67,507,200
2012,,,,8.0,1.0,3.0,94.14,505,160
2013,,,,7.0,3.0,3.0,47.92,510,136
2014,,,,6.0,3.0,,,506,115
2015,,,,3.0,1.0,4.0,78.97,502,126
2016,,,,5.0,4.0,3.0,36.43,507,128
2017,,,,6.0,1.0,3.0,80.93,509,156
2018,,,,8.0,3.0,3.0,28.47,501,96
2019,,,,8.0,1.0,4.0,45.72,503,109
2020,,,,6.0,3.0,,44.5,410,100
2021,,,,7.0,4.0,3.0,88.95,506,162
2022,,,,6.0,2.0,4.0,79.19,508,165
2023,,,,6.0,3.0,7.0,55.07,501,106
2024,,,,6.0,3.0,4.0,78.82,507,150
2025,,Male ,,5.0,2.0,,66.76,509,145
2026,,,,2.0,4.0,3.0,28.42,500,95
2027,,,,8.0,5.0,2.0,71.89,500,120
2028,,,,6.0,3.0,3.0,78.97,502,126
2029,,,,6.0,3.0,1.0,89.59,506,170
2030,,,,8.0,2.0,,15.99,503,100
2031,,,,8.0,3.0,3.0,15.86,511,128
2032,,,,6.0,4.0,4.0,52.67,501,105
2033,,,,3.0,4.0,2.0,7.31,600,135
2034,,,,6.0,2.0,2.0,93.97,602,207
2035,,,,6.0,5.0,3.0,0.72,502,88
2036,,,,7.0,3.0,4.0,52.56,503,115
2037,,,,8.0,2.0,3.0,99.19,510,240
2038,,,,7.0,3.0,,93.99,511,200
2039,,,,6.0,1.0,3.0,43.13,411,100
2040,,,,1.0,2.0,5.0,,N N,108
2041,,,,8.0,3.0,5.0,41.48,507,125
2042,,,,8.0,3.0,5.0,84.87,502,138
2043,,,,6.0,1.0,5.0,59.99,410,100
2044,,,,6.0,3.0,,83.87,600,185
2045,,,,5.0,4.0,5.0,,501,N
2046,,,,5.0,,5.0,35.74,509,130
2047,,,,5.0,2.0,4.0,87.83,506,156
2048,,,,6.0,2.0,5.0,,505,N
2049,,,,8.0,1.0,4.0,99.13,603,278
2050,,,,3.0,4.0,4.0,98.68,502,200
2051,,,,8.0,4.0,4.0,71.9,502,126
2052,,,,,,,,N N,N
2053,,,,5.0,2.0,5.0,58.07,510,145
2054,,,,6.0,4.0,2.0,93.55,508,190
2055,,,,6.0,5.0,2.0,43.63,509,138
2056,,,,6.0,4.0,3.0,93.9,507,185
2057,,,,7.0,2.0,3.0,59.83,506,130
2058,,,,6.0,2.0,,73.91,504,130
2059,,,,6.0,2.0,3.0,29.37,509,140
2060,,,,6.0,4.0,4.0,43.54,508,130
2061,,,,,,5.0,,711,350
2062,,,,6.0,4.0,2.0,91.61,501,140
2063,,,,4.0,3.0,4.0,71.86,507,140
2064,,,,8.0,5.0,5.0,18.56,504,105
2065,,,,7.0,3.0,2.0,77.69,506,150
2066,,,,6.0,3.0,3.0,16.78,503,103
2067,,,,2.0,3.0,4.0,,501,N
2068,,,,6.0,2.0,4.0,14.03,509,120
2069,,,,8.0,3.0,4.0,36.69,508,130
2070,,,,8.0,1.0,4.0,,N N,N
2071,,,,8.0,4.0,2.0,89.05,509,176
2072,,,,1.0,1.0,6.0,19.38,510,127
2073,,,,6.0,,5.0,,500,N
2074,,,,5.0,3.0,5.0,57.76,509,140
2075,,,,7.0,3.0,4.0,79.82,505,140
2076,,,,6.0,3.0,4.0,10.0,600,133
2077,,,,8.0,3.0,6.0,49.76,411,100
2078,,,,8.0,3.0,5.0,47.58,504,120
2079,,,,6.0,4.0,4.0,64.56,601,166
2080,,,,6.0,5.0,2.0,61.11,500,110
2081,,,,8.0,3.0,,0.0,504,77
2082,,,,4.0,4.0,1.0,92.76,408,120
2083,,,,5.0,2.0,4.0,89.74,602,200
2084,,,,7.0,2.0,4.0,28.6,502,104
2085,,,,2.0,2.0,5.0,65.72,502,117
2086,,,,6.0,,1.0,83.38,508,160
2087,,,,7.0,3.0,4.0,52.84,503,111
2088,,,,4.0,1.0,5.0,,505,80
2089,,,,6.0,1.0,7.0,,711,300
2090,,,,5.0,2.0,5.0,,505,185
2091,,,,6.0,3.0,2.0,98.44,509,220
2092,,,,7.0,5.0,,75.42,505,136
2093,,,,6.0,3.0,5.0,10.4,502,96
2094,,,,8.0,4.0,,95.71,505,175
2095,,Male ,,6.0,5.0,3.0,70.03,509,152
2096,,,,8.0,5.0,4.0,21.37,411,90
2097,,,,8.0,1.0,4.0,30.83,508,125
2098,,,,6.0,5.0,1.0,,501,114
2099,,,,2.0,3.0,4.0,74.55,502,125
2100,,,,1.0,,1.0,47.58,504,120
2101,,,,8.0,4.0,4.0,,503,175
2102,,,,6.0,2.0,5.0,73.72,510,160
2103,,,,4.0,3.0,5.0,66.09,502,120
2104,,,,1,5,4.0,90.37,507,160
2105,,,,4.0,5.0,3.0,78.97,502,126
2106,,,,6.0,2.0,3.0,,511,N
2107,,,,,,5.0,,N N,N
2108,,,,2.0,2.0,2.0,72.6,508,155
2109,,,,7.0,1.0,3.0,71.41,503,125
2110,,,,,,,93.77,503,145
2111,,,,6.0,5.0,4.0,85.29,505,150
2112,,,,6.0,2.0,1.0,94.03,504,160
2113,,,,6.0,4.0,5.0,73.88,510,155
2114,,,,6.0,1.0,,79.58,510,160
2115,,,,,,,,506,N
2116,,,,,,,36.05,505,118
2117,,,,1.0,1.0,1.0,,505,45
2118,,,,8.0,4.0,5.0,59.47,503,115
2119,,,,6.0,3.0,5.0,64.23,507,140
2120,,,,6.0,5.0,4.0,93.31,503,158
2121,,,,7.0,1.0,5.0,41.16,511,140
2122,,,,6.0,3.0,1.0,29.09,507,120
2123,,,,6.0,2.0,2.0,,505,50
2124,,,,6.0,1.0,1.0,50.12,504,115
2125,,,,7.0,4.0,3.0,,504,120
2126,,,,8.0,3.0,4.0,40.55,503,110
2127,,,,4.0,1.0,,,701,148
2128,,,,1.0,5.0,3.0,9.44,605,147
2129,,,,8.0,3.0,,23.65,504,110
2130,,,,5.0,5.0,,45.15,601,160
2131,,,,6.0,4.0,4.0,36.15,500,95
2132,,,,6.0,4.0,4.0,,509,N
2133,,,,4.0,1.0,5.0,74.16,509,155
2134,,,,2.0,5.0,1.0,,501,N
2135,,,,6.0,1.0,3.0,61.88,502,115
2136,,,,6.0,3.0,3.0,47.52,505,120
2137,,,,7.0,1.0,5.0,94.01,604,230
2138,,,,7.0,3.0,4.0,50.13,500,100
2139,,,,6.0,3.0,4.0,57.45,506,135
2140,,,,6.0,1.0,5.0,79.19,508,165
2141,,,,6.0,2.0,6.0,3.53,507,102
2142,,,,,,,99.64,501,210
2143,,,,1.0,5.0,5.0,,711,369
2144,,,,6.0,5.0,7.0,16.46,602,140
2145,,,,8.0,1.0,4.0,,N N,N
2146,,,,,,,,501,N
2147,,,,6.0,3.0,5.0,26.49,509,125
2148,,,,4.0,4.0,,,503,122
2149,,,,8.0,5.0,3.0,12.3,509,119
2150,,,,6.0,2.0,4.0,43.95,508,135
2151,,,,8.0,3.0,5.0,91.0,504,149
2152,,,,8.0,1.0,3.0,82.1,504,145
2153,,,,5.0,1.0,5.0,84.64,509,155
2154,,,,8.0,3.0,4.0,98.89,505,220
2155,,,,,,,89.18,501,135
2156,,,,6.0,4.0,5.0,90.43,503,150
2157,,,,6.0,3.0,2.0,48.49,503,116
2158,,,,6.0,3.0,4.0,,501,105
2159,,,,8.0,3.0,3.0,77.8,502,125
2160,,,,6.0,2.0,7.0,87.6,504,150
2161,,,,6.0,4.0,4.0,0.13,510,105
2162,,,,1.0,1.0,7.0,6.1,508,112
2163,,,,2.0,2.0,4.0,74.22,506,140
2164,,,,4.0,4.0,4.0,16.78,503,103
2165,,,,7.0,2.0,4.0,84.68,502,135
2166,,,,8.0,3.0,4.0,66.18,410,100
2167,,,,8.0,5.0,1.0,3.27,504,95
2168,,,,6.0,3.0,,87.8,602,196
2169,,,,6.0,2.0,4.0,,508,N
2170,,,,1.0,2.0,2.0,97.86,503,167
2171,,,,,,,,N N,N
2172,,,,8.0,1.0,4.0,,509,127
2173,,,,,,,49.76,411,100
2174,,,,6.0,1.0,4.0,36.21,506,120
2175,,,,1.0,3.0,4.0,81.4,501,125
2176,,,,1.0,4.0,5.0,26.39,505,112
2177,,,,7.0,2.0,4.0,67.7,507,142
2178,,,,5.0,3.0,2.0,62.87,504,130
2179,,,,8.0,2.0,4.0,,505,N
2180,,,,8.0,1.0,5.0,96.14,504,160
2181,,,,6.0,3.0,4.0,69.25,501,116
2182,,,,4.0,3.0,4.0,,N N,135
2183,,,,8.0,3.0,5.0,,506,N
2184,,,,6.0,1.0,3.0,94.99,507,182
2185,,,,2.0,5.0,5.0,40.55,503,110
2186,,,,7.0,2.0,3.0,97.53,505,174
2187,,,,8.0,3.0,3.0,86.69,504,145
2188,,,,4.0,4.0,4.0,96.3,507,190
2189,,,,8.0,4.0,3.0,43.19,506,130
2190,,,,8.0,3.0,3.0,8.31,508,125
2191,,,,8.0,3.0,4.0,70.01,505,140
2192,,,,6.0,3.0,4.0,70.79,504,135
2193,,,,5.0,1.0,3.0,,600,145
2194,,,,6.0,3.0,,95.54,507,180
2195,,,,4.0,2.0,4.0,53.05,505,130
2196,,,,8.0,3.0,2.0,77.75,503,140
2197,,,,6.0,1.0,4.0,4.55,600,132
2198,,,,6.0,2.0,4.0,31.95,600,150
2199,,,,6.0,3.0,5.0,63.88,600,172
2200,,,,8.0,3.0,3.0,99.18,503,230
2201,,,,7.0,4.0,4.0,84.8,505,155
2202,,,,5.0,2.0,4.0,55.8,510,158
2203,,,,8.0,2.0,5.0,36.05,503,115
2204,,,,5.0,2.0,5.0,72.82,506,145
2205,,,,8.0,4.0,2.0,83.3,500,125
2206,,,,8.0,1.0,1.0,47.98,509,140
2207,,,,5.0,2.0,4.0,40.79,505,120
2208,,,,8.0,3.0,4.0,90.83,504,160
2209,,,,6.0,3.0,4.0,95.63,507,195
2210,,,,6.0,3.0,2.0,47.08,504,125
2211,,,,6.0,3.0,3.0,95.09,504,180
2212,,,,8.0,3.0,3.0,65.93,602,183
2213,,,,6.0,2.0,5.0,65.92,511,163
2214,,,,8.0,5.0,5.0,38.53,510,145
2215,,,,5.0,3.0,4.0,,711,399
2216,,,,6.0,3.0,3.0,,506,N
2217,,,,8.0,4.0,3.0,64.31,501,116
2218,,,,6.0,5.0,,94.16,503,165
2219,,,,6.0,1.0,5.0,57.44,505,120
2220,,,,7.0,5.0,4.0,,501,N
2221,,,,6.0,1.0,6.0,,503,N
2222,,,,1.0,1.0,4.0,76.32,510,157
2223,,,,8.0,3.0,4.0,47.52,505,120
2224,,,,8.0,3.0,2.0,28.55,505,112
2225,,,,4.0,4.0,4.0,50.93,502,107
2226,,,,6.0,3.0,3.0,93.62,505,165
2227,,,,8.0,5.0,1.0,10.9,503,100
2228,,,,5.0,1.0,4.0,67.74,505,125
2229,,,,,,,,711,300
2230,,,,6.0,3.0,4.0,60.44,507,134
2231,,,,6.0,2.0,4.0,61.17,511,150
2232,,,,,2.0,,,411,N
2233,,,,6.0,4.0,5.0,53.97,504,120
2234,,,,6.0,4.0,1.0,62.21,500,105
2235,,,,8.0,4.0,1.0,,508,N
2236,,,,6.0,1.0,,24.37,507,120
2237,,,,6.0,4.0,2.0,36.52,507,123
2238,,,,8.0,1.0,1.0,,703,399
2239,,,,7.0,2.0,3.0,66.76,509,145
2240,,,,1.0,3.0,3.0,,510,N
2241,,,,6.0,3.0,6.0,22.67,503,100
2242,,,,8.0,4.0,3.0,72.67,506,135
2243,,,,6.0,2.0,4.0,51.74,511,145
2244,,,,6.0,1.0,4.0,96.24,509,190
2245,,,,4.0,2.0,1.0,,509,165
2246,,,,8.0,2.0,4.0,39.53,501,100
2247,,,,6.0,2.0,4.0,,602,145
2248,,,,7.0,4.0,3.0,59.36,510,160
2249,,,,7.0,2.0,1.0,0.15,506,100
2250,,,,8.0,3.0,3.0,45.69,510,145
2251,,,,8.0,3.0,3.0,94.27,603,224
2252,,,,6.0,4.0,3.0,5.81,503,94
2253,,,,6.0,3.0,1.0,4.64,510,125
2254,,,,5.0,3.0,4.0,58.87,506,130
2255,,,,4.0,4.0,3.0,99.25,504,274
2256,,,,6.0,1.0,5.0,7.8,509,120
2257,,,,5.0,1.0,4.0,,507,135
2258,,,,6.0,4.0,1.0,,509,230
2259,,,,6.0,4.0,2.0,80.74,501,121
2260,,,,4.0,4.0,4.0,92.22,511,204
2261,,,,8.0,4.0,5.0,49.76,411,100
2262,,,,6.0,2.0,5.0,75.26,511,170
2263,,,,8.0,3.0,5.0,,506,175
2264,,,,8.0,3.0,2.0,,506,N
2265,,,,6.0,3.0,2.0,68.89,511,160
2266,,,,7.0,3.0,3.0,39.31,502,112
2267,,,,2.0,4.0,3.0,96.88,505,185
2268,,,,7.0,2.0,4.0,49.55,504,118
2269,,,,6.0,4.0,3.0,13.16,505,110
2270,,,,7.0,1.0,4.0,11.91,511,130
2271,,,,6.0,3.0,4.0,34.79,504,117
2272,,,,6.0,4.0,4.0,35.49,507,125
2273,,,,6.0,3.0,4.0,42.05,600,155
2274,,,,6.0,4.0,4.0,51.51,506,134
2275,,,,8.0,1.0,5.0,90.02,508,165
2276,,,,1.0,1.0,1.0,27.2,505,120
2277,,,,6.0,5.0,4.0,92.58,506,179
2278,,,,6.0,4.0,,77.91,503,128
2279,,,,6.0,4.0,1.0,12.03,509,125
2280,,,,8.0,2.0,2.0,,604,171
2281,,,,2.0,1.0,1.0,79.31,507,155
2282,,,,6.0,4.0,1.0,29.93,504,115
2283,,,,8.0,3.0,5.0,96.26,507,200
2284,,,,1.0,3.0,5.0,92.23,503,158
2285,,,,6.0,4.0,5.0,47.66,505,123
2286,,,,6.0,3.0,4.0,,506,106
2287,,,,6.0,4.0,4.0,29.88,507,127
2288,,,,6.0,3.0,3.0,21.62,508,121
2289,,,,1.0,5.0,3.0,71.73,500,118
2290,,,,6.0,4.0,4.0,96.71,502,165
2291,,,,7.0,3.0,1.0,93.66,601,210
2292,,,,6.0,3.0,4.0,78.47,600,168
2293,,,,5.0,2.0,3.0,41.94,510,142
2294,,,,6.0,4.0,3.0,60.55,508,145
2295,,,,8.0,3.0,4.0,63.18,500,111
2296,,,,6.0,4.0,4.0,47.18,508,145
2297,,,,5.0,3.0,3.0,,509,108
2298,,,,5.0,2.0,2.0,92.68,509,170
2299,,,,6.0,3.0,1.0,90.43,503,150
2300,,,,6.0,2.0,4.0,98.74,601,245
2301,,,,8.0,3.0,3.0,1.4,507,100
2302,,,,7.0,3.0,5.0,88.45,600,195
2303,,,,8.0,3.0,4.0,95.45,505,165
2304,,,,6.0,4.0,3.0,60.53,411,109
2305,,,,7.0,4.0,2.0,33.28,500,94
2306,,,,7.0,3.0,,81.21,503,133
2307,,,,1.0,4.0,4.0,78.27,502,122
2308,,,,8.0,4.0,3.0,10.13,510,130
2309,,,,1.0,4.0,3.0,97.71,502,175
2310,,,,2.0,2.0,4.0,44.31,504,120
2311,,,,6.0,5.0,1.0,94.74,504,170
2312,,,,1.0,1.0,4.0,19.45,601,142
2313,,,,7.0,1.0,3.0,74.81,500,115
2314,,,,1.0,2.0,5.0,92.62,509,180
2315,,,,6.0,2.0,4.0,43.23,503,108
2316,,,,6.0,4.0,4.0,74.0,502,125
2317,,,,8.0,5.0,3.0,78.11,504,135
2318,,,,6.0,4.0,3.0,22.82,503,103
2319,,,,6.0,1.0,3.0,55.07,501,106
2320,,,,8.0,5.0,3.0,94.71,507,180
2321,,,,6.0,3.0,5.0,12.02,505,107
2322,,,,1.0,3.0,4.0,,507,N
2323,,,,8.0,4.0,2.0,72.67,506,135
2324,,,,2.0,1.0,7.0,81.34,511,160
2325,,,,6.0,3.0,4.0,44.31,504,120
2326,,,,8.0,3.0,1.0,48.79,602,162
2327,,,,7.0,3.0,3.0,75.69,511,160
2328,,,,8.0,4.0,4.0,84.19,505,145
2329,,,,6.0,4.0,1.0,97.01,505,185
2330,,,,8.0,3.0,3.0,48.89,511,150
2331,,,,6.0,5.0,4.0,59.82,507,130
2332,,,,8.0,3.0,3.0,66.73,503,125
2333,,,,3.0,2.0,3.0,0.06,510,100
2334,,,,6.0,1.0,3.0,36.2,510,130
2335,,,,6.0,4.0,2.0,,501,120
2336,,,,4.0,3.0,3.0,30.14,511,135
2337,,,,6.0,3.0,2.0,67.37,509,150
2338,,,,7.0,2.0,2.0,,504,N
2339,,,,6.0,3.0,3.0,60.97,506,135
2340,,,,7.0,2.0,4.0,94.87,600,200
2341,,,,7.0,3.0,4.0,96.77,505,180
2342,,,,6.0,3.0,5.0,55.88,601,150
2343,,,,6.0,2.0,4.0,25.61,509,130
2344,,,,6.0,4.0,2.0,62.87,504,130
2345,,,,6.0,2.0,4.0,89.3,605,210
2346,,,,8.0,4.0,2.0,,507,118
2347,,,,5.0,1.0,5.0,51.74,511,145
2348,,,,,,,75.02,501,125
2349,,,,6.0,5.0,,82.79,504,136
2350,,,,1.0,3.0,5.0,58.12,504,122
2351,,,,7.0,4.0,4.0,46.08,503,115
2352,,,,6.0,4.0,2.0,80.74,501,121
2353,,,,6.0,1.0,5.0,19.82,511,139
2354,,,,4.0,3.0,2.0,59.68,411,100
2355,,,,6.0,4.0,5.0,47.58,504,120
2356,,,,6.0,3.0,5.0,55.64,502,109
2357,,,,3.0,1.0,3.0,,702,150
2358,,,,6.0,4.0,4.0,70.08,505,132
2359,,,,8.0,4.0,4.0,77.8,502,125
2360,,,,6.0,3.0,2.0,,N N,N
2361,,,,6,3.0,2.0,91.04,604,220
2362,,,,3.0,2.0,5.0,46.73,507,127
2363,,,,8.0,4.0,2.0,37.21,501,102
2364,,,,6.0,4.0,2.0,68.5,411,113
2365,,,,6.0,1.0,5.0,1.15,510,115
2366,,,,1.0,2.0,5.0,56.96,503,117
2367,,,,6.0,4.0,2.0,50.06,601,156
2368,,,,7.0,4.0,2.0,59.2,504,128
2369,,,,6.0,3.0,3.0,88.76,502,134
2370,,,,8.0,1.0,3.0,99.21,511,250
2371,,,,6.0,3.0,3.0,,503,N
2372,,,,6.0,4.0,2.0,,507,N
2373,,,,6.0,3.0,5.0,,508,130
2374,,,,6.0,4.0,3.0,37.93,502,102
2375,,,,6.0,3.0,4.0,29.93,504,115
2376,,,,6.0,3.0,6.0,,507,N
2377,,,,6.0,3.0,4.0,62.48,508,140
2378,,,,6.0,5.0,2.0,18.67,502,100
2379,,,,8.0,2.0,4.0,95.89,600,200
2380,,,,8.0,3.0,4.0,74.0,502,125
2381,,,,8.0,4.0,,38.08,504,110
2382,,,,6.0,2.0,4.0,58.19,509,145
2383,,,,8.0,3.0,2.0,,501,140
2384,,,,,,,97.91,507,215
2385,,,,8.0,,3.0,,502,N
2386,,,,8.0,3.0,4.0,4.43,503,90
2387,,,,8.0,4.0,3.0,85.48,411,118
2388,,,,6.0,3.0,3.0,92.72,504,158
2389,,,,5.0,2.0,5.0,94.66,510,183
2390,,,,6.0,1.0,,29.09,507,120
2391,,,,8.0,2.0,3.0,86.0,507,148
2392,,,,6.0,5.0,2.0,47.22,505,120
2393,,,,8.0,2.0,3.0,17.12,502,94
2394,,,,8.0,4.0,3.0,53.25,507,130
2395,,,,5.0,3.0,,56.17,500,105
2396,,,,6.0,3.0,1.0,,504,120
2397,,,,6.0,4.0,3.0,18.15,503,101
2398,,,,8.0,5.0,,97.94,503,185
2399,,,,6.0,3.0,1.0,87.89,506,152
2400,,,,7.0,4.0,4.0,81.1,506,150
2401,,,,6.0,4.0,2.0,31.73,501,100
2402,,,,6.0,4.0,3.0,54.57,509,142
2403,,,,6.0,3.0,4.0,30.16,502,102
2404,,,,8.0,2.0,5.0,0.76,600,120
2405,,,,6.0,4.0,2.0,6.33,504,98
2406,,,,6.0,3.0,4.0,63.68,601,160
2407,,,,1.0,2.0,3.0,64.26,508,145
2408,,,,1.0,2.0,2.0,31.07,507,125
2409,,,,6.0,3.0,3.0,81.17,500,120
2410,,,,6.0,4.0,4.0,25.1,506,120
2411,,,,7.0,4.0,6.0,,509,148
2412,,,,1.0,1.0,5.0,88.31,505,155
2413,,,,1.0,4.0,5.0,85.85,500,125
2414,,,,5.0,3.0,4.0,8.28,505,107
2415,,,,8.0,5.0,1.0,98.91,600,245
2416,,,,8.0,4.0,3.0,,510,120
2417,,,,8.0,2.0,2.0,41.88,603,167
2418,,,,6.0,3.0,2.0,74.61,507,150
2419,,,,8.0,3.0,3.0,,504,129
2420,,,,3.0,2.0,2.0,,504,N
2421,,,,6.0,3.0,,93.75,506,180
2422,,,,5.0,1.0,2.0,42.15,506,125
2423,,,,6.0,2.0,2.0,1.05,600,125
2424,,,,5.0,3.0,3.0,89.36,506,168
2425,,,,6.0,4.0,2.0,33.26,507,130
2426,,,,6.0,2.0,3.0,93.61,500,150
2427,,,,8.0,2.0,3.0,82.23,509,172
2428,,,,6.0,2.0,4.0,,602,190
2429,,,,6.0,1.0,4.0,70.18,601,170
2430,,,,always online,1.0,4.0,,611,137
2431,,,,6.0,3.0,3.0,40.44,503,115
2432,,,,8.0,4.0,3.0,99.24,509,240
2433,,,,6.0,3.0,3.0,79.69,602,190
2434,,,,5.0,2.0,3.0,87.06,608,240
2435,,,,8.0,1.0,3.0,99.49,508,250
2436,,,,6.0,5.0,3.0,98.95,508,266
2437,,,,1.0,2.0,2.0,40.08,509,145
2438,,,,6.0,3.0,4.0,4.25,411,87
2439,,,,6.0,5.0,3.0,1.74,505,100
2440,,,,7.0,4.0,1.0,,507,N
2441,,,,7.0,4.0,3.0,93.75,506,180
2442,,,,6.0,3.0,3.0,,507,125
2443,,,,8.0,5.0,3.0,72.92,605,205
2444,,,,,,,87.99,511,180
2445,,,,5.0,3.0,3.0,87.44,507,150
2446,,,,6.0,2.0,3.0,99.83,600,330
2447,,,,8.0,3.0,3.0,46.94,508,128
2448,,,,2.0,3.0,,,508,201
2449,,,,6.0,3.0,2.0,82.79,504,136
2450,,,,6.0,3.0,4.0,59.02,503,118
2451,,,,6.0,3.0,2.0,63.79,504,125
2452,,,,6.0,4.0,2.0,81.63,502,125
2453,,,,4.0,1.0,5.0,,502,34
2454,,,,8.0,3.0,2.0,91.93,503,150
2455,,,,6.0,3.0,1.0,47.28,509,135
2456,,,,8.0,4.0,1.0,4.04,511,115
2457,,,,6.0,3.0,4.0,89.35,502,135
2458,,,,6.0,2.0,4.0,50.13,500,100
2459,,,,6.0,5.0,3.0,74.24,503,130
2460,,,,5.0,2.0,1.0,79.37,510,170
2461,,,,4.0,4.0,4.0,72.94,511,163
2462,,,,6.0,3.0,,17.58,506,120
2463,,,,6.0,2.0,3.0,68.84,506,142
2464,,,,6.0,3.0,4.0,10.52,506,110
2465,,,,7.0,4.0,4.0,87.7,603,200
2466,,,,8.0,4.0,3.0,,504,138
2467,,,,6.0,4.0,3.0,12.36,507,120
2468,,,,8.0,3.0,3.0,86.84,507,168
2469,,,,6.0,2.0,2.0,93.7,507,173
2470,,,,6.0,2.0,2.0,87.96,506,160
2471,,,,6.0,3.0,3.0,95.78,501,159
2472,,,,6.0,2.0,4.0,92.63,502,150
2473,,,,8.0,4.0,,84.28,504,145
2474,,,,7.0,3.0,2.0,43.09,507,130
2475,,,,6.0,2.0,4.0,,510,N
2476,,,,8.0,2.0,3.0,64.26,508,145
2477,,,,8.0,3.0,3.0,95.18,511,200
2478,,,,1.0,3.0,4.0,57.02,505,130
2479,,,,6.0,4.0,2.0,93.38,508,185
2480,,,,8.0,4.0,2.0,70.24,511,166
2481,,,,6.0,3.0,2.0,66.67,510,155
2482,,,,6.0,4.0,2.0,99.5,509,314
2483,,,,6.0,3.0,1.0,38.0,510,149
2484,,,,6.0,3.0,2.0,83.86,503,142
2485,,,,6.0,4.0,4.0,90.83,504,160
2486,,,,6.0,,,79.1,505,150
2487,,,,8.0,1.0,7.0,84.6,511,185
2488,,,,6.0,4.0,3.0,71.8,504,130
2489,,,,8.0,2.0,4.0,69.48,602,175
2490,,,,1.0,2.0,4.0,63.51,508,135
2491,,,,8.0,2.0,,72.79,502,118
2492,,,,7.0,2.0,5.0,62.9,506,127
2493,,,,6.0,3.0,,57.44,501,107
2494,,,,8.0,3.0,3.0,43.54,508,130
2495,,,,1.0,2.0,6.0,50.13,500,100
2496,,,,8.0,1.0,2.0,30.49,508,124
2497,,,,6.0,3.0,4.0,87.56,404,96
2498,,,,5.0,2.0,1.0,64.33,503,120
2499,,,,6.0,2.0,,0.0,503,70
2500,,,,6.0,1.0,4.0,52.41,600,145
2501,,,,6.0,4.0,4.0,99.2,504,220
2502,,,,8.0,4.0,3.0,77.8,502,125
2503,,,,6.0,4.0,4.0,68.89,511,160
2504,,,,8.0,2.0,2.0,14.4,600,136
2505,,,,8.0,4.0,1.0,,506,N
2506,,,,7.0,2.0,5.0,26.42,509,126
2507,,,,6.0,3.0,6.0,71.69,601,160
2508,,,,6.0,1.0,5.0,,507,N
2509,,,,7.0,5.0,1.0,53.97,504,120
2510,,,,4.0,3.0,4.0,13.26,502,95
2511,,,,4.0,3.0,4.0,47.22,505,120
2512,,,,3.0,2.0,2.0,0.0,602,97
2513,,,,8.0,1.0,3.0,38.97,504,110
2514,,,,6.0,4.0,,90.38,510,170
2515,,,,6.0,2.0,4.0,7.31,600,135
2516,,,,8.0,3.0,5.0,64.53,410,102
2517,,,,1.0,4.0,4.0,88.1,510,171
2518,,,,6.0,3.0,4.0,,509,N
2519,,,,1.0,1.0,5.0,52.56,503,115
2520,,,,8.0,2.0,2.0,32.18,509,124
2521,,,,6.0,3.0,3.0,70.84,502,120
2522,,,,6.0,3.0,4.0,28.77,507,122
2523,,,,6.0,3.0,3.0,,508,N
2524,,,,8.0,2.0,2.0,83.91,504,150
2525,,,,7.0,1.0,1.0,,602,168
2526,,,,7.0,2.0,4.0,89.47,602,205
2527,,,,4.0,5.0,1.0,26.69,510,135
2528,,,,,1.0,1.0,,603,N
2529,,,,5.0,1.0,3.0,2.19,601,131
2530,,,,6.0,1.0,5.0,17.21,509,130
2531,,,,4.0,2.0,4.0,,601,156
2532,,,,8.0,3.0,3.0,98.71,506,230
2533,,,,7.0,2.0,3.0,98.98,600,250
2534,,,,6.0,1.0,5.0,18.94,504,110
2535,,,,7.0,2.0,3.0,64.96,508,150
2536,,,,6.0,3.0,4.0,6.23,504,95
2537,,,,8.0,5.0,4.0,98.88,600,250
2538,,,,6.0,4.0,4.0,80.06,509,165
2539,,,,,,,83.87,600,185
2540,,,,5.0,1.0,4.0,22.22,600,145
2541,,,,8.0,1.0,4.0,57.45,506,135
2542,,,,,,,,711,N
2543,,,,,,,84.41,509,165
2544,,,,7.0,4.0,2.0,46.63,504,122
2545,,,,8.0,5.0,4.0,59.21,504,130
2546,,,,6.0,3.0,2.0,0.4,600,125
2547,,,,8.0,2.0,3.0,96.32,505,165
2548,,,,6.0,4.0,3.0,87.88,503,145
2549,,,,1.0,3.0,5.0,89.91,506,160
2550,,,,6.0,5.0,2.0,32.05,506,125
2551,,,,8.0,3.0,5.0,,711,225
2552,,,,8.0,3.0,2.0,98.89,509,229
2553,,,,6.0,4.0,,96.71,502,165
2554,,,,6.0,4.0,3.0,71.86,507,140
2555,,,,8.0,3.0,4.0,57.02,505,130
2556,,,,,,,57.96,502,120
2557,,,,8.0,1.0,5.0,91.19,507,171
2558,,,,6.0,3.0,3.0,77.69,506,150
2559,,,,8.0,4.0,4.0,17.94,503,98
2560,,,,8.0,2.0,3.0,37.46,510,138
2561,,,,6.0,3.0,5.0,74.42,600,180
2562,,,,6.0,1.0,4.0,96.87,511,215
2563,,,,1.0,3.0,5.0,80.46,411,119
2564,,,,6.0,3.0,3.0,94.65,510,207
2565,,,,6.0,4.0,5.0,,411,N
2566,,,,8.0,1.0,4.0,77.05,504,140
2567,,,,,,,19.38,509,135
2568,,,,8.0,2.0,3.0,98.8,511,240
2569,,,,6.0,3.0,2.0,13.08,506,114
2570,,,,4.0,4.0,3.0,71.16,510,163
2571,,,,6.0,2.0,,55.63,511,152
2572,,,,8.0,4.0,1.0,73.06,507,150
2573,,,,6.0,2.0,5.0,61.2,601,174
2574,,,,5.0,4.0,4.0,97.73,504,207
2575,,,,6.0,2.0,4.0,37.25,511,152
2576,,,,8.0,4.0,4.0,32.75,411,94
2577,,,,1.0,1.0,4.0,,711,200
2578,,,,6.0,4.0,3.0,56.3,500,110
2579,,,,6.0,2.0,5.0,47.52,505,120
2580,,,,7.0,4.0,4.0,45.85,501,110
2581,,,,7.0,2.0,2.0,35.71,602,165
2582,,,,,,,,508,N
2583,,,,6.0,3.0,4.0,33.38,502,108
2584,,,,6.0,3.0,2.0,40.73,508,142
2585,,,,4.0,3.0,2.0,67.53,503,130
2586,,,,1.0,2.0,5.0,4.64,510,125
2587,,,,6.0,5.0,2.0,84.2,505,155
2588,,,,6.0,3.0,3.0,53.05,505,130
2589,,,,6.0,1.0,4.0,66.95,509,150
2590,,,,8.0,2.0,5.0,60.48,600,165
2591,,,,4.0,1.0,3.0,88.55,503,152
2592,,,,8.0,3.0,2.0,7.43,507,120
2593,,,,8.0,5.0,1.0,,505,N
2594,,,,8.0,3.0,3.0,81.08,509,166
2595,,,,6.0,5.0,1.0,18.46,504,110
2596,,,,7.0,2.0,4.0,98.96,607,310
2597,,,,8.0,3.0,4.0,21.09,506,120
2598,,,,8.0,3.0,5.0,42.91,600,160
2599,,,,,,,89.97,600,190
2600,,,,,,,57.63,502,118
2601,,,,7.0,2.0,2.0,23.33,511,145
2602,,,,8.0,2.0,3.0,92.19,510,190
2603,,,,8.0,3.0,3.0,52.94,507,130
2604,,,,6.0,2.0,3.0,93.85,503,160
2605,,,,1.0,4.0,2.0,97.27,506,178
2606,,,,,,,74.16,509,155
2607,,,,6.0,3.0,4.0,92.99,504,170
2608,,,,5.0,1.0,3.0,70.29,603,185
2609,,,,5.0,3.0,4.0,93.7,507,173
2610,,,,6.0,2.0,6.0,80.51,511,180
2611,,,,6.0,4.0,3.0,,N N,N
2612,,,,6.0,2.0,5.0,75.73,601,180
2613,,,,4.0,2.0,1.0,,600,140
2614,,,,6.0,4.0,4.0,98.36,510,255
2615,,,,8.0,,6.0,85.17,509,175
2616,,,,6.0,1.0,5.0,90.83,504,160
2617,,,,,,,66.71,504,130
2618,,,,1.0,1.0,1.0,87.0,503,145
2619,,,,8.0,3.0,3.0,29.93,504,115
2620,,,,6.0,3.0,3.0,5.86,510,130
2621,,,,6.0,2.0,4.0,,504,106
2622,,,,4.0,1.0,2.0,86.24,411,130
2623,,,,6.0,1.0,5.0,68.83,511,165
2624,,,,8.0,4.0,3.0,32.67,501,105
2625,,,,8.0,4.0,2.0,,504,N
2626,,,,,,,29.93,504,115
2627,,,,2.0,3.0,,55.79,508,145
2628,,,,7.0,3.0,3.0,30.7,506,120
2629,,,,8.0,3.0,6.0,84.68,506,151
2630,,,,8.0,3.0,4.0,91.79,600,189
2631,,,,6.0,1.0,5.0,94.14,509,180
2632,,,,6.0,5.0,,92.42,503,150
2633,,,,1.0,2.0,3.0,97.47,600,223
2634,,,,6.0,,,,507,N
2635,,,,6.0,4.0,3.0,98.5,511,230
2636,,,,5.0,3.0,2.0,,411,N
2637,,,,5.0,3.0,7.0,0.0,502,74
2638,,,,6.0,3.0,5.0,55.56,506,128
2639,,,,6.0,4.0,2.0,76.49,506,140
2640,,,,4.0,1.0,3.0,92.14,600,190
2641,,,,6.0,1.0,5.0,,502,N
2642,,,,6.0,2.0,7.0,35.13,601,145
2643,,,,6.0,1.0,7.0,14.03,509,120
2644,,,,6.0,3.0,2.0,23.21,509,137
2645,,,,8.0,3.0,2.0,97.68,502,180
2646,,,,6.0,5.0,1.0,7.0,500,90
2647,,,,1.0,3.0,5.0,62.65,601,170
2648,,,,6.0,1.0,4.0,97.44,510,220
2649,,,,6.0,4.0,3.0,94.86,507,190
2650,,,,8.0,2.0,5.0,62.28,506,140
2651,,,,8.0,1.0,3.0,98.31,507,210
2652,,,,4.0,3.0,,96.41,508,214
2653,,,,6.0,2.0,3.0,78.75,508,160
2654,,,,6.0,3.0,3.0,36.47,507,130
2655,,,,1.0,4.0,3.0,61.0,511,155
2656,,,,6.0,4.0,3.0,81.94,504,145
2657,,,,8.0,5.0,5.0,92.19,510,190
2658,,,,7.0,3.0,3.0,2.56,501,91
2659,,,,5.0,3.0,1.0,93.99,511,200
2660,,,,6.0,4.0,3.0,92.48,508,185
2661,,,,6.0,2.0,3.0,,N N,N
2662,,,,8.0,4.0,1.0,,508,165
2663,,,,6.0,2.0,3.0,,504,N
2664,,,,6.0,3.0,1.0,39.53,501,100
2665,,,,6.0,1.0,2.0,75.56,601,185
2666,,,,8.0,3.0,4.0,66.85,510,160
2667,,,,8.0,3.0,3.0,66.26,504,132
2668,,,,5.0,3.0,4.0,93.96,508,180
2669,,,,6.0,5.0,5.0,,502,N
2670,,,,6.0,4.0,,82.52,501,134
2671,,,,7.0,3.0,3.0,,501,108
2672,,,,1.0,1.0,3.0,999,510,180
2673,,,,1.0,1.0,6.0,98.13,506,195
2674,,,,3.0,3.0,1.0,97.5,503,190
2675,,,,7.0,3.0,5.0,99.45,602,287
2676,,,,1.0,1.0,1.0,,301,250
2677,,,,2.0,1.0,5.0,79.37,510,170
2678,,,,2.0,1.0,4.0,65.59,501,119
2679,,,,6.0,1.0,3.0,97.44,602,235
2680,,,,8.0,4.0,3.0,38.6,411,96
2681,,,,8.0,3.0,3.0,81.85,500,126
2682,,,,6.0,2.0,3.0,59.97,509,155
2683,,,,6.0,4.0,4.0,,504,N
2684,,,,6,2.0,3.0,55.97,603,175
2685,,,,6.0,3.0,,99.11,508,230
2686,,,,8.0,3.0,2.0,88.99,511,187
2687,,,,8.0,2.0,3.0,,600,230
2688,,,,6.0,3.0,4.0,57.73,502,113
2689,,,,6.0,2.0,,,600,240
2690,,,,6.0,2.0,3.0,58.88,509,150
2691,,,,5.0,1.0,4.0,90.83,510,171
2692,,,,6.0,4.0,4.0,82.61,507,144
2693,,,,6.0,3.0,5.0,98.1,503,200
2694,,,,6.0,2.0,1.0,55.07,509,148
2695,,,,5.0,1.0,5.0,3.74,510,120
2696,,,,6.0,4.0,4.0,17.46,506,111
2697,,,,6.0,1.0,3.0,77.69,506,150
2698,,,,4.0,5.0,1.0,99.68,511,285
2699,,,,7.0,5.0,1.0,6.33,507,112
2700,,,,8.0,2.0,2.0,38.28,506,125
2701,,,,8.0,2.0,2.0,58.1,510,140
2702,,,,4.0,3.0,3.0,69.91,508,145
2703,,,,4.0,3.0,4.0,,505,N
2704,,,,8.0,3.0,2.0,71.53,507,135
2705,,,,6.0,3.0,,91.41,504,150
2706,,,,6.0,2.0,4.0,74.81,500,115
2707,,,,1.0,1.0,3.0,93.92,510,180
2708,,,,8.0,4.0,4.0,,503,126
2709,,,,6.0,2.0,4.0,99.25,406,145
2710,,,,4.0,2.0,4.0,1.45,602,125
2711,,,,4.0,3.0,3.0,,500,N
2712,,,,5.0,2.0,3.0,97.94,503,185
2713,,,,6.0,1.0,3.0,77.87,500,120
2714,,,,6.0,5.0,5.0,94.57,503,163
2715,,,,7.0,1.0,2.0,98.65,507,205
2716,,,,6.0,4.0,4.0,90.43,503,150
2717,,,,7.0,1.0,4.0,,707,N
2718,,,,8.0,2.0,2.0,,504,N
2719,,,,6.0,3.0,1.0,99.06,411,205
2720,,,,8.0,4.0,2.0,73.06,507,150
2721,,,,1.0,,4.0,,500,N
2722,,,,8.0,3.0,3.0,56.9,411,100
2723,,,,6.0,3.0,3.0,99.58,509,331
2724,,,,3.0,3.0,,61.69,502,120
2725,,,,6.0,2.0,3.0,,600,196
2726,,,,6.0,5.0,1.0,45.85,501,110
2727,,,,8.0,2.0,5.0,55.34,504,128
2728,,,,2.0,1.0,6.0,1.76,503,100
2729,,,,7.0,4.0,4.0,28.02,504,106
2730,,,,8.0,4.0,4.0,98.29,504,179
2731,,,,6.0,3.0,4.0,99.64,509,265
2732,,,,8.0,5.0,3.0,80.48,508,152
2733,,,,6.0,4.0,1.0,96.97,502,172
2734,,,,6.0,4.0,2.0,99.0,503,230
2735,,,,6.0,3.0,2.0,73.06,507,150
2736,,,,6.0,4.0,2.0,70.67,503,130
2737,,,,8.0,1.0,5.0,,708,N
2738,,,,8.0,2.0,1.0,46.58,509,130
2739,,,,8.0,1.0,1.0,74.95,510,161
2740,,,,8.0,4.0,5.0,71.8,504,130
2741,,,,3.0,4.0,2.0,5.59,507,115
2742,,,,8.0,1.0,3.0,96.58,600,220
2743,,,,6.0,2.0,2.0,85.88,601,197
2744,,,,8.0,3.0,,67.03,508,137
2745,,,,4.0,1.0,4.0,,510,N
2746,,,,8.0,1.0,1.0,97.65,501,175
2747,,,,6.0,4.0,4.0,18.96,503,104
2748,,,,8.0,4.0,3.0,86.74,409,120
2749,,,,6.0,4.0,3.0,79.94,504,140
2750,,,,8.0,2.0,2.0,73.28,500,119
2751,,,,6.0,4.0,2.0,,511,N
2752,,,,7.0,1.0,,,N N,125
2753,,,,6.0,1.0,2.0,96.98,506,180
2754,,,,8.0,3.0,2.0,72.62,505,137
2755,,,,6.0,1.0,2.0,57.22,600,158
2756,,,,2.0,1.0,4.0,66.09,502,120
2757,,,,8.0,5.0,4.0,71.41,503,125
2758,,,,6.0,5.0,1.0,97.67,504,182
2759,,,,6.0,4.0,,84.85,506,158
2760,,,,8.0,4.0,3.0,79.92,509,160
2761,,,,5.0,1.0,5.0,19.13,507,120
2762,,,,8.0,1.0,7.0,16.01,601,140
2763,,,,6.0,5.0,4.0,,502,285
2764,,,,6.0,3.0,4.0,70.67,503,130
2765,,,,6.0,2.0,4.0,,501,128
2766,,,,8.0,2.0,4.0,25.15,410,90
2767,,,,8.0,3.0,3.0,,503,109
2768,,,,8.0,2.0,3.0,27.2,505,120
2769,,,,8.0,2.0,6.0,96.75,506,200
2770,,,,8.0,4.0,4.0,97.67,504,182
2771,,,,6.0,2.0,3.0,59.66,501,108
2772,,,,6.0,3.0,2.0,50.87,502,110
2773,,,,6.0,1.0,1.0,87.96,506,160
2774,,,,6.0,3.0,4.0,55.93,501,112
2775,,,,6.0,5.0,2.0,99.82,506,350
2776,,,,6.0,5.0,3.0,76.34,504,136
2777,,,,6.0,2.0,4.0,43.95,508,135
2778,,,,7.0,3.0,4.0,,509,135
2779,,,,2.0,3.0,3.0,55.75,507,140
2780,,,,8.0,1.0,2.0,85.49,506,159
2781,,,,8.0,3.0,1.0,,603,180
2782,,,,8.0,2.0,5.0,75.39,501,120
2783,,,,8.0,,4.0,,511,198
2784,,,,8.0,2.0,6.0,87.4,600,185
2785,,,,4.0,5.0,1.0,60.85,409,100
2786,,,,8.0,2.0,2.0,,507,N
2787,,,,6.0,2.0,6.0,71.89,508,145
2788,,,,8.0,1.0,3.0,47.77,507,132
2789,,,,7.0,5.0,6.0,67.17,504,130
2790,,,,7.0,1.0,2.0,46.94,605,175
2791,,,,8.0,5.0,1.0,72.35,505,130
2792,,,,6.0,4.0,1.0,41.76,600,150
2793,,,,7.0,4.0,2.0,87.13,508,160
2794,,,,4.0,1.0,3.0,99.85,509,308
2795,,,,6.0,4.0,2.0,,502,N
2796,,,,8.0,1.0,4.0,98.09,505,191
2797,,,,8.0,2.0,3.0,36.35,508,136
2798,,,,6.0,3.0,3.0,,504,115
2799,,,,6.0,2.0,5.0,84.66,501,125
2800,,,,8.0,,5.0,,504,N
2801,,,,8.0,4.0,2.0,92.42,505,165
2802,,,,8.0,3.0,1.0,74.0,502,125
2803,,,,2.0,2.0,4.0,,505,79
2804,,,,4.0,3.0,,23.82,503,110
2805,,,,8.0,2.0,4.0,,506,115
2806,,,,8.0,1.0,5.0,50.6,508,138
2807,,,,8.0,4.0,3.0,94.19,509,185
2808,,,,8.0,2.0,4.0,,600,190
2809,,,,4.0,2.0,3.0,98.25,506,200
2810,,,,4.0,3.0,4.0,47.51,508,141
2811,,,,8.0,2.0,5.0,95.73,600,220
2812,,,,8.0,2.0,3.0,67.74,505,125
2813,,,,8.0,1.0,3.0,57.76,509,140
2814,,,,6.0,4.0,2.0,40.79,505,120
2815,,,,6.0,3.0,3.0,,502,N
2816,,,,6.0,2.0,3.0,98.61,600,240
2817,,,,7.0,2.0,2.0,33.24,504,114
2818,,,,5.0,3.0,,87.44,507,150
2819,,,,,,6.0,99.48,509,251
2820,,,,4.0,3.0,2.0,27.25,509,135
2821,,,,6.0,2.0,4.0,94.34,502,156
2822,,,,8.0,5.0,1.0,81.1,506,150
2823,,,,5.0,5.0,2.0,79.14,502,120
2824,,,,,4.0,6.0,77.03,502,121
2825,,,,7.0,3.0,4.0,95.66,506,186
2826,,,,8.0,3.0,2.0,99.62,506,316
2827,,,,6.0,3.0,3.0,93.03,504,163
2828,,,,8.0,3.0,5.0,95.76,601,225
2829,,,,7.0,2.0,3.0,31.95,600,150
2830,,,,8.0,3.0,3.0,80.84,500,125
2831,,,,8.0,3.0,3.0,,500,N
2832,,,,8.0,1.0,5.0,78.32,508,150
2833,,,,8.0,1.0,5.0,98.83,503,205
2834,,,,6.0,1.0,5.0,97.49,509,200
2835,,,,6.0,3.0,2.0,41.52,501,110
2836,,,,6.0,3.0,4.0,84.51,509,170
2837,,,,8.0,,4.0,18.0,508,118
2838,,,,6.0,4.0,6.0,,N N,N
2839,,,,7.0,3.0,4.0,,504,N
2840,,,,8.0,3.0,4.0,31.38,600,145
2841,,,,4.0,2.0,3.0,97.7,600,230
2842,,,,4.0,3.0,4.0,83.65,507,160
2843,,,,5.0,4.0,7.0,86.74,409,120
2844,,,,5.0,5.0,1.0,16.13,603,157
2845,,,,8.0,3.0,2.0,82.39,502,135
2846,,,,5.0,1.0,5.0,83.69,500,120
2847,,,,8.0,3.0,4.0,99.54,504,223
2848,,,,6.0,4.0,2.0,44.31,504,120
2849,,,,8.0,1.0,1.0,,508,200
2850,,,,6.0,5.0,3.0,98.43,502,200
2851,,,,6.0,5.0,2.0,7.31,600,135
2852,,,,3.0,1.0,,99.02,501,217
2853,,,,3.0,3.0,4.0,76.17,505,145
2854,,,,8.0,3.0,3.0,,503,170
2855,,,,7.0,5.0,3.0,79.37,510,170
2856,,,,6.0,3.0,4.0,99.56,509,260
2857,,,,6.0,3.0,4.0,73.7,605,200
2858,,,,8.0,1.0,3.0,79.95,600,175
2859,,,,8.0,5.0,3.0,59.21,504,130
2860,,,,8.0,2.0,3.0,23.33,511,145
2861,,,,8.0,1.0,4.0,,502,N
2862,,,,8.0,,5.0,,505,90
2863,,,,,,,,N N,N
2864,,,,4.0,4.0,,75.84,506,150
2865,,,10th grade,8.0,3.0,4.0,61.69,502,120
2866,,,,7.0,3.0,3.0,89.73,501,145
2867,,,,8.0,5.0,1.0,89.0,500,138
2868,,,,5.0,1.0,2.0,53.68,502,118
2869,,,,5.0,1.0,,47.14,507,140
2870,,,,8.0,5.0,1.0,31.06,507,120
2871,,,,8.0,3.0,3.0,32.71,604,162
2872,,,,6.0,3.0,1.0,97.85,511,220
2873,,,,6.0,1.0,3.0,,508,N
2874,,,,8.0,3.0,5.0,89.24,502,145
2875,,,,8.0,3.0,1.0,97.69,506,200
2876,,,,6.0,4.0,3.0,46.95,607,190
2877,,,,8.0,2.0,4.0,67.0,505,130
2878,,,,8.0,3.0,4.0,96.19,501,170
2879,,,,8.0,3.0,1.0,98.35,509,230
2880,,,,8.0,5.0,3.0,69.84,506,145
2881,,,,4.0,3.0,4.0,89.07,504,145
2882,,,,8.0,4.0,3.0,69.6,510,160
2883,,,,6.0,3.0,4.0,87.31,501,132
2884,,,,4.0,3.0,3.0,19.52,508,132
2885,,,,8.0,2.0,2.0,59.02,411,110
2886,,,,1.0,2.0,5.0,23.69,506,115
2887,,,,4.0,1.0,3.0,,606,26
2888,,,,8.0,4.0,1.0,74.19,505,135
2889,,,,8.0,5.0,3.0,94.07,508,185
2890,,,,6.0,2.0,5.0,56.13,502,115
2891,,,,8.0,4.0,4.0,62.87,504,130
2892,,,,6.0,3.0,3.0,69.93,509,142
2893,,,,6.0,3.0,1.0,48.61,502,114
2894,,,,8.0,4.0,,1.53,506,100
2895,,,,,,,79.93,507,160
2896,,,,8.0,4.0,4.0,36.9,510,135
2897,,,,6.0,2.0,4.0,97.81,506,195
2898,,,,7.0,3.0,4.0,93.86,601,200
2899,,,,,,,74.05,510,170
2900,,,,6.0,1.0,5.0,84.46,509,160
2901,,,,4.0,3.0,,16.39,510,130
2902,,,,2.0,2.0,3.0,99.6,600,285
2903,,,,8.0,2.0,5.0,88.13,500,134
2904,,,,6.0,2.0,4.0,66.76,509,145
2905,,,,6.0,5.0,2.0,0.59,500,82
2906,,,,8.0,2.0,4.0,49.31,505,125
2907,,,,4.0,2.0,4.0,64.58,504,131
2908,,,,1.0,5.0,4.0,74.11,509,150
2909,,,,6.0,3.0,1.0,1.45,502,93
2910,,,,8.0,3.0,3.0,92.09,506,170
2911,,,,6.0,3.0,2.0,90.83,504,160
2912,,,,1.0,1.0,5.0,86.48,506,150
2913,,,,8.0,5.0,4.0,98.67,600,250
2914,,,,2.0,2.0,5.0,,508,76
2915,,,,6.0,4.0,2.0,93.83,507,171
2916,,,,8.0,4.0,1.0,93.88,504,170
2917,,,,5.0,3.0,2.0,96.83,511,210
2918,,,,7.0,4.0,4.0,75.84,506,150
2919,,,,8.0,3.0,3.0,19.95,510,140
2920,,,,6.0,3.0,4.0,98.28,502,190
2921,,,,6.0,3.0,3.0,98.77,604,275
2922,,,,8.0,2.0,4.0,10.67,506,105
2923,,,,8.0,4.0,3.0,85.22,601,191
2924,,,,8.0,3.0,2.0,16.27,411,88
2925,,,,4.0,3.0,,51.06,411,105
2926,,,,8.0,3.0,3.0,96.26,606,255
2927,,,,8.0,1.0,4.0,95.91,602,217
2928,,,,1.0,3.0,3.0,14.65,511,140
2929,,,,6.0,4.0,4.0,,503,114
2930,,,,6.0,3.0,4.0,36.32,508,140
2931,,,,2.0,2.0,5.0,91.41,510,183
2932,,,,7.0,1.0,5.0,37.6,506,123
2933,,,,6.0,3.0,,21.09,506,120
2934,,,,5.0,1.0,5.0,80.48,508,152
2935,,,,6.0,1.0,3.0,63.48,507,144
2936,,,,2.0,3.0,3.0,57.57,507,132
2937,,,,8.0,3.0,5.0,98.97,507,258
2938,,,,8.0,2.0,5.0,,509,140
2939,,,,6.0,3.0,3.0,57.02,602,177
2940,,,,6.0,3.0,3.0,79.53,508,156
2941,,,,8.0,4.0,2.0,97.26,507,217
2942,,,,6.0,1.0,4.0,74.72,507,142
2943,,,,8.0,3.0,3.0,98.92,505,230
2944,,,,5.0,3.0,3.0,63.86,502,116
2945,,,,8.0,1.0,3.0,94.99,503,169
2946,,,,6.0,3.0,4.0,53.2,504,125
2947,,,,6.0,1.0,3.0,90.06,501,140
2948,,,,5.0,3.0,5.0,86.17,508,173
2949,,,,1.0,3.0,4.0,,N N,N
2950,,,,6.0,2.0,3.0,19.72,501,100
2951,,,,5.0,2.0,3.0,64.23,507,140
2952,,,,8.0,4.0,3.0,37.6,504,120
2953,,,,6.0,2.0,6.0,4.87,511,120
2954,,,,8.0,3.0,5.0,66.94,500,117
2955,,,,1.0,3.0,2.0,1.28,508,109
2956,,,,6.0,5.0,1.0,,504,N
2957,,,,8.0,1.0,5.0,30.58,504,107
2958,,,,8.0,3.0,3.0,,503,N
2959,,,,6.0,3.0,3.0,68.89,511,160
2960,,,,8.0,3.0,4.0,40.55,503,110
2961,,,,7.0,3.0,3.0,24.38,507,117
2962,,,,6.0,3.0,3.0,98.88,502,199
2963,,,,8.0,3.0,4.0,48.82,506,125
2964,,,,6.0,3.0,2.0,73.57,509,158
2965,,,,2.0,2.0,3.0,,508,N
2966,,,,5.0,3.0,4.0,96.56,503,175
2967,,,,8.0,3.0,4.0,29.96,501,104
2968,,,,8.0,2.0,3.0,40.13,504,114
2969,,,,6.0,1.0,7.0,99.63,600,291
2970,,,,8.0,3.0,2.0,,506,150
2971,,,,8.0,3.0,3.0,71.25,501,120
2972,,,,1.0,1.0,3.0,50.27,506,130
2973,,,,6.0,2.0,2.0,71.98,509,150
2974,,,,6.0,3.0,4.0,77.88,504,138
2975,,,,4.0,3.0,2.0,90.71,507,170
2976,,,,6.0,4.0,5.0,73.24,511,158
2977,,,,8.0,4.0,4.0,92.42,505,165
2978,,,,8.0,5.0,6.0,75.96,508,150
2979,,,,7.0,3.0,3.0,93.61,500,140
2980,,,,8.0,3.0,2.0,99.23,509,236
2981,,,,6.0,3.0,,10.3,507,115
2982,,,,8.0,4.0,4.0,19.13,504,108
2983,,,,5.0,5.0,3.0,75.02,501,125
2984,,,,1.0,1.0,1.0,35.65,411,95
2985,,,,6.0,4.0,1.0,17.19,507,119
2986,,,,1.0,2.0,2.0,49.31,505,125
2987,,,,6.0,3.0,4.0,82.1,408,108
2988,,,,8.0,1.0,,97.43,505,201
2989,,,,8.0,3.0,5.0,99.26,508,235
2990,,,,1.0,1.0,4.0,0.02,505,85
2991,,,,6.0,4.0,2.0,72.11,411,117
2992,,,,8.0,4.0,4.0,78.87,509,154
2993,,,,7.0,5.0,4.0,57.32,503,120
2994,,,,1.0,5.0,2.0,48.91,603,160
2995,,,,8.0,3.0,3.0,91.04,604,220
2996,,,,8.0,1.0,3.0,96.75,506,200
2997,,,,6.0,1.0,4.0,35.74,509,130
2998,,,,6.0,,1.0,90.37,507,160
2999,,,,6.0,4.0,3.0,70.57,511,156
3000,,,,8.0,2.0,3.0,21.67,511,140
3001,,,,5.0,2.0,4.0,98.42,510,220
3002,,,,3.0,3.0,2.0,69.96,503,127
3003,,,,8.0,3.0,1.0,83.5,600,168
3004,,,,8.0,,2.0,96.92,603,240
3005,,,,6.0,4.0,3.0,33.68,506,119
3006,,,,5.0,4.0,4.0,7.78,510,120
3007,,,,6.0,3.0,2.0,98.33,501,180
3008,,,,8.0,5.0,4.0,53.69,507,139
3009,,,,8.0,2.0,4.0,78.32,508,150
3010,,,,6.0,4.0,3.0,2.58,504,99
3011,,,,1.0,3.0,4.0,22.13,506,110
3012,,,,8.0,4.0,,56.83,507,132
3013,,,,8.0,1.0,3.0,15.55,510,125
3014,,,,1.0,3.0,3.0,79.31,603,182
3015,,,,6.0,2.0,2.0,98.49,507,205
3016,,,,7.0,5.0,3.0,99.03,504,230
3017,,,,8.0,5.0,3.0,78.58,506,140
3018,,,,8.0,3.0,3.0,,510,199
3019,,,,6.0,2.0,4.0,2.77,502,90
3020,,,,8.0,4.0,2.0,93.8,502,150
3021,,,,8.0,1.0,1.0,68.83,511,165
3022,,,,8.0,1.0,4.0,86.72,505,145
3023,,,,6.0,3.0,2.0,3.92,501,89
3024,,,,6.0,1.0,5.0,99.41,504,260
3025,,,,8.0,4.0,1.0,31.55,505,110
3026,,,,4.0,3.0,2.0,85.9,606,220
3027,,,,8.0,1.0,4.0,3.74,510,120
3028,,,,7.0,4.0,3.0,81.08,507,150
3029,,,,8.0,4.0,2.0,93.58,600,200
3030,,,,6.0,3.0,4.0,,509,N
3031,,,,6.0,3.0,5.0,,602,180
3032,,,,5.0,3.0,4.0,87.88,503,145
3033,,,,8.0,5.0,4.0,99.52,507,240
3034,,,,1,5,2.0,99.58,505,230
3035,,,,6.0,4.0,3.0,99.66,503,260
3036,,,,4.0,1.0,7.0,36.21,506,120
3037,,,,6.0,3.0,2.0,89.79,505,150
3038,,,,6.0,4.0,1.0,81.86,503,142
3039,,,,3.0,2.0,2.0,69.87,506,140
3040,,,,6.0,,,74.25,511,174
3041,,,,8.0,3.0,,97.92,502,172
3042,,,,6.0,1.0,3.0,94.79,500,155
3043,,,,4.0,3.0,4.0,,508,127
3044,,,,8.0,3.0,,90.01,505,165
3045,,,,6.0,3.0,,19.43,505,108
3046,,,,6.0,5.0,3.0,94.26,509,190
3047,,,,6.0,4.0,4.0,72.48,510,164
3048,,,,8.0,5.0,3.0,18.42,601,146
3049,,,,6.0,3.0,5.0,67.48,501,115
3050,,,,6.0,4.0,4.0,11.9,501,98
3051,,,,4.0,3.0,4.0,44.3,502,110
3052,,,,1.0,1.0,7.0,92.28,508,175
3053,,,,6.0,3.0,6.0,75.77,504,133
3054,,,,6.0,1.0,4.0,1.66,506,110
3055,,,,5.0,1.0,3.0,,506,110
3056,,,,8.0,1.0,3.0,96.83,511,210
3057,,,,7.0,5.0,,97.35,508,194
3058,,,,8.0,3.0,2.0,80.24,500,122
3059,,,,1.0,,,17.37,509,126
3060,,,,6.0,1.0,2.0,51.57,505,130
3061,,,,1.0,1.0,5.0,21.28,506,110
3062,,,,8.0,1.0,5.0,82.86,509,168
3063,,,,8.0,3.0,3.0,19.96,510,136
3064,,,,5.0,4.0,5.0,72.58,502,124
3065,,,,6.0,3.0,,1.52,410,75
3066,,,,1.0,4.0,1.0,,709,200
3067,,,,8.0,4.0,2.0,27.97,503,110
3068,,,,7.0,2.0,2.0,58.23,504,125
3069,,,,6.0,1.0,3.0,15.39,500,90
3070,,,,8.0,3.0,3.0,85.08,507,165
3071,,,,4.0,2.0,2.0,60.3,510,156
3072,,,,7.0,4.0,2.0,51.06,411,105
3073,,,,8.0,1.0,,55.1,501,105
3074,,,,8.0,4.0,4.0,67.66,504,135
3075,,,,8.0,2.0,5.0,15.49,411,90
3076,,,,,,,90.0,504,155
3077,,,,6.0,4.0,3.0,81.81,503,130
3078,,,,,,,,700,150
3079,,,,6.0,3.0,1.0,67.48,501,115
3080,,,,8.0,3.0,1.0,88.19,505,158
3081,,,,6.0,3.0,,99.17,600,257
3082,,,,6.0,3.0,3.0,87.96,600,186
3083,,,,7.0,1.0,4.0,88.12,508,170
3084,,,,6.0,4.0,3.0,64.96,507,145
3085,,,,6.0,,5.0,48.67,506,125
3086,,,,6.0,4.0,4.0,,506,N
3087,,,,6.0,1.0,5.0,7.78,510,120
3088,,,,8.0,2.0,3.0,55.79,508,145
3089,,,,6.0,3.0,,6.48,510,123
3090,,,,3.0,4.0,5.0,66.09,502,120
3091,,,,6.0,2.0,2.0,92.23,505,150
3092,,,,6.0,4.0,5.0,77.77,507,150
3093,,,,6.0,3.0,5.0,95.71,510,203
3094,,,,4.0,3.0,4.0,31.06,507,120
3095,,,,6.0,4.0,5.0,60.55,508,145
3096,,,,7.0,1.0,,96.69,511,209
3097,,,,8.0,5.0,5.0,96.4,504,185
3098,,,,2.0,3.0,1.0,11.94,605,149
3099,,,,6.0,4.0,1.0,99.4,502,255
3100,,,,6.0,5.0,2.0,73.79,507,143
3101,,,,6.0,1.0,3.0,92.19,510,190
3102,,,,8.0,1.0,3.0,96.87,502,160
3103,,,,8.0,4.0,5.0,4.69,600,136
3104,,,,6.0,1.0,5.0,90.83,504,160
3105,,,,1.0,1.0,1.0,,508,210
3106,,,,5.0,4.0,3.0,21.17,501,96
3107,,,,1.0,2.0,3.0,98.22,602,250
3108,,,,8.0,3.0,,98.05,504,200
3109,,,,8.0,2.0,5.0,85.04,504,149
3110,,,,1.0,2.0,5.0,41.16,511,140
3111,,,,8.0,2.0,3.0,72.18,501,123
3112,,,,8.0,4.0,5.0,27.33,507,115
3113,,,,6.0,1.0,1.0,86.29,502,140
3114,,,,4.0,3.0,1.0,45.88,502,105
3115,,,,6.0,2.0,5.0,,508,210
3116,,,,6.0,2.0,3.0,63.89,501,110
3117,,,,3.0,4.0,3.0,25.43,504,108
3118,,,,8.0,2.0,4.0,93.81,505,170
3119,,,,6.0,4.0,6.0,,505,N
3120,,,,6.0,5.0,2.0,53.25,507,130
3121,,,,7.0,1.0,3.0,76.45,505,135
3122,,,,8.0,3.0,5.0,38.4,603,170
3123,,,,8.0,4.0,2.0,29.09,507,120
3124,,,,8.0,1.0,5.0,42.06,505,123
3125,,,,8.0,2.0,4.0,94.99,600,195
3126,,,,8.0,1.0,5.0,80.23,506,152
3127,,,,6.0,2.0,,99.43,505,220
3128,,,,8.0,3.0,5.0,92.54,504,165
3129,,,,6.0,2.0,1.0,98.09,600,235
3130,,,,6.0,3.0,4.0,91.03,508,172
3131,,,,4.0,2.0,4.0,29.93,504,115
3132,,,,6.0,3.0,5.0,90.76,503,154
3133,,,,8.0,3.0,3.0,1.63,510,120
3134,,,,7.0,3.0,,98.92,505,240
3135,,,,8.0,3.0,4.0,52.29,500,110
3136,,,,4.0,3.0,4.0,,511,N
3137,,,,6.0,3.0,1.0,17.58,506,120
3138,,,,6.0,4.0,3.0,,604,169
3139,,,,8.0,2.0,4.0,48.99,510,150
3140,,,,8.0,2.0,5.0,91.21,505,165
3141,,,,8.0,3.0,1.0,,708,120
3142,,,,7.0,1.0,1.0,87.47,509,179
3143,,,,1.0,,,56.97,505,132
3144,,,,8.0,4.0,1.0,43.26,506,135
3145,,,,6.0,5.0,1.0,77.26,510,168
3146,,,,7.0,1.0,7.0,,603,154
3147,,,,5.0,1.0,3.0,15.84,508,130
3148,,,,1.0,1.0,1.0,52.25,600,165
3149,, male,,6.0,1.0,5.0,1.63,510,120
3150,,,,6.0,3.0,2.0,93.95,504,174
3151,,,,7.0,5.0,1.0,,502,108
3152,,,,6.0,1.0,5.0,57.57,507,132
3153,,,,6.0,3.0,4.0,85.07,501,129
3154,,,,6.0,1.0,1.0,85.98,602,204
3155,,,,6.0,4.0,5.0,19.35,509,127
3156,,,,8.0,2.0,1.0,34.04,506,115
3157,,,,8.0,5.0,4.0,14.41,507,115
3158,,,,6.0,3.0,4.0,66.75,510,150
3159,,,,8.0,3.0,1.0,28.33,506,116
3160,,,,6.0,4.0,5.0,67.17,504,130
3161,,,,8.0,4.0,4.0,,509,150
3162,,,,4.0,5.0,1.0,,504,N
3163,,,,8.0,3.0,5.0,45.23,501,105
3164,,,,8.0,5.0,6.0,50.57,500,103
3165,,,,6.0,1.0,,92.38,511,200
3166,,,,7.0,3.0,5.0,10.52,506,110
3167,,,,6.0,,3.0,,505,130
3168,,,,8.0,1.0,5.0,,510,N
3169,,,,4.0,4.0,2.0,10.13,510,130
3170,,,,,,,73.7,605,200
3171,,,,4.0,3.0,3.0,67.74,505,125
3172,,,,1.0,4.0,2.0,,600,N
3173,,,,4.0,1.0,2.0,91.77,600,205
3174,,,,6.0,3.0,4.0,,510,N
3175,,,,6.0,2.0,6.0,96.8,511,200
3176,,,,6.0,3.0,3.0,31.07,507,125
3177,,,,8.0,3.0,2.0,57.32,503,120
3178,,,,6.0,3.0,2.0,49.29,500,105
3179,,,,6.0,2.0,4.0,56.13,502,115
3180,,,,8.0,3.0,3.0,94.76,508,183
3181,,,,6.0,3.0,4.0,34.79,504,117
3182,,,,8.0,4.0,3.0,49.29,500,105
3183,,,,6.0,1.0,4.0,78.35,508,145
3184,,,,,1.0,5.0,,999,55
3185,,,,6.0,5.0,1.0,75.73,601,180
3186,,,,8.0,4.0,1.0,91.41,504,150
3187,,,,6.0,5.0,1.0,41.45,411,97
3188,,,,8.0,3.0,3.0,47.49,506,130
3189,,,,6.0,3.0,4.0,15.55,510,125
3190,,,,3.0,5.0,1.0,93.83,507,176
3191,,,,6.0,3.0,4.0,,411,106
3192,,,,8.0,3.0,3.0,93.68,509,195
3193,,,,6.0,1.0,4.0,81.48,510,162
3194,,,,8.0,3.0,3.0,24.51,502,97
3195,,,,8.0,1.0,,95.04,505,176
3196,,,,6.0,4.0,2.0,96.72,504,183
3197,,,,8.0,5.0,5.0,39.14,510,136
3198,,,,6.0,3.0,5.0,59.21,504,130
3199,,,,6.0,4.0,3.0,58.31,502,116
3200,,,,6.0,3.0,1.0,21.86,505,106
3201,,,,6.0,4.0,3.0,81.52,511,171
3202,,,,6.0,5.0,,56.27,509,144
3203,,,,8.0,1.0,3.0,77.71,600,178
3204,,,,6.0,2.0,2.0,34.59,509,125
3205,,,,6.0,1.0,5.0,99.31,506,222
3206,,,,6.0,5.0,,,500,N
3207,,,,5.0,3.0,3.0,5.07,602,140
3208,,,,6.0,3.0,5.0,86.8,506,150
3209,,,,7.0,5.0,2.0,56.96,503,117
3210,,,,1.0,5.0,4.0,,505,N
3211,,,,5.0,2.0,3.0,99.36,507,230
3212,,,,6.0,2.0,7.0,28.37,501,105
3213,,,,8.0,4.0,2.0,99.24,600,260
3214,,,,8.0,3.0,4.0,76.16,511,155
3215,,,,8.0,3.0,5.0,72.86,505,134
3216,,,,8.0,4.0,3.0,92.69,507,180
3217,,,,6.0,2.0,4.0,15.55,510,125
3218,,,,8.0,4.0,1.0,71.45,503,128
3219,,,,1.0,5.0,2.0,58.23,504,125
3220,,,,1.0,1.0,5.0,0.71,507,100
3221,,,,8.0,3.0,4.0,0.05,601,115
3222,,,,6.0,3.0,2.0,53.05,505,130
3223,,,,,,,64.19,601,176
3224,,,,6.0,4.0,3.0,3.75,508,117
3225,,,,6.0,4.0,3.0,76.51,504,130
3226,,,,6.0,2.0,3.0,10.9,503,100
3227,,,,6.0,3.0,3.0,88.73,508,177
3228,,,,8.0,1.0,5.0,87.91,601,190
3229,,,,6.0,1.0,2.0,,505,125
3230,,,,8.0,2.0,2.0,83.96,506,150
3231,,,,1.0,1.0,1.0,73.74,510,165
3232,,,,8.0,1.0,1.0,98.18,602,245
3233,,,,6.0,2.0,5.0,69.88,507,140
3234,,,,6.0,5.0,3.0,91.8,506,165
3235,,,,,,,60.77,600,170
3236,,,,6.0,4.0,7.0,62.83,510,155
3237,,,,6.0,3.0,4.0,8.35,504,101
3238,,,,8.0,3.0,1.0,77.44,505,141
3239,,,,6.0,3.0,3.0,98.44,509,220
3240,,,,6.0,3.0,3.0,92.81,501,150
3241,,,,6.0,3.0,3.0,67.0,505,130
3242,,,,4.0,1.0,4.0,11.8,510,135
3243,,,,6.0,4.0,4.0,82.25,505,146
3244,,,,8.0,3.0,2.0,53.97,504,120
3245,,,,8.0,4.0,3.0,62.32,501,115
3246,,,,6.0,3.0,4.0,16.28,511,137
3247,,,,6.0,3.0,1.0,94.1,502,155
3248,,,,8.0,5.0,1.0,53.32,502,108
3249,,,,6.0,1.0,3.0,61.11,600,155
3250,,,,8.0,3.0,1.0,17.61,603,158
3251,,,,,,,70.67,503,130
3252,,,,6.0,1.0,5.0,92.54,507,165
3253,,,,8.0,1.0,4.0,99.37,511,260
3254,,,,,2.0,4.0,66.85,510,160
3255,,,,6.0,3.0,2.0,93.8,502,150
3256,,,,8.0,3.0,6.0,51.08,508,129
3257,,,,6.0,2.0,4.0,71.25,501,120
3258,,,,8.0,3.0,3.0,12.99,503,105
3259,,,,6.0,1.0,2.0,84.8,502,132
3260,,,,6.0,5.0,1.0,89.47,502,135
3261,,,,6.0,,,90.51,511,185
3262,,,,6.0,3.0,4.0,81.92,507,162
3263,,,,6.0,4.0,,93.57,509,178
3264,,,,7.0,3.0,4.0,66.76,509,145
3265,,,,6.0,1.0,6.0,24.19,509,125
3266,,,,6.0,4.0,5.0,95.42,408,135
3267,,,,6.0,1.0,3.0,98.83,500,185
3268,,,,6.0,4.0,1.0,78.84,504,132
3269,,,,6.0,1.0,4.0,47.52,505,120
3270,,,,7.0,3.0,4.0,28.64,604,165
3271,,,,6.0,3.0,4.0,63.49,507,135
3272,,,,8.0,4.0,2.0,56.96,506,129
3273,,,,8.0,5.0,1.0,21.37,411,90
3274,,,,8.0,3.0,3.0,61.57,509,149
3275,,,,8.0,5.0,2.0,22.13,506,110
3276,,,,8.0,4.0,3.0,,411,115
3277,,,,5.0,4.0,4.0,95.18,511,200
3278,,,,1.0,2.0,3.0,,508,105
3279,,,,8.0,4.0,1.0,15.39,500,90
3280,,,,6.0,2.0,5.0,81.02,603,184
3281,,,,,,,45.66,601,165
3282,,,,2.0,1.0,,95.79,503,165
3283,,,,6.0,5.0,2.0,99.47,511,309
3284,,,,5.0,2.0,4.0,28.91,505,115
3285,,,,8.0,5.0,4.0,25.63,502,105
3286,,,,8.0,1.0,5.0,47.28,509,135
3287,,,,6.0,1.0,4.0,75.36,511,165
3288,,,,8.0,3.0,2.0,97.1,506,204
3289,,,,6.0,2.0,2.0,98.05,507,195
3290,,,,7.0,2.0,4.0,45.52,601,150
3291,,,,6.0,2.0,3.0,36.17,601,160
3292,,,,6.0,2.0,2.0,43.55,505,115
3293,,,,7.0,5.0,4.0,32.79,502,103
3294,,,,8.0,2.0,3.0,78.11,504,135
3295,,,,7.0,3.0,3.0,11.14,503,104
3296,,,,1.0,1.0,4.0,69.86,506,133
3297,,,,7.0,4.0,,,504,96
3298,,,,6.0,2.0,4.0,42.91,505,118
3299,,,,8.0,3.0,,43.15,506,128
3300,,,,8.0,1.0,2.0,18.82,411,90
3301,,,,7.0,5.0,3.0,98.02,503,180
3302,,,,6.0,4.0,3.0,89.0,508,168
3303,,,,8.0,5.0,3.0,23.33,511,145
3304,,,,6.0,4.0,1.0,,505,127
3305,,,,5.0,1.0,4.0,59.47,503,115
3306,,,,6.0,1.0,4.0,41.16,511,140
3307,,,,6.0,3.0,3.0,41.03,509,140
3308,,,,6.0,1.0,5.0,66.76,509,145
3309,,,,6.0,3.0,4.0,95.37,502,152
3310,,,,8.0,2.0,4.0,54.05,508,135
3311,,,,,,,70.67,503,130
3312,,,,6.0,3.0,3.0,28.02,504,106
3313,,,,5.0,3.0,1.0,87.98,507,160
3314,,,,6.0,2.0,6.0,35.2,504,112
3315,,,,5.0,2.0,5.0,37.04,600,157
3316,,,,6.0,2.0,5.0,1.99,504,95
3317,,,,8.0,5.0,,,509,380
3318,,,,6.0,5.0,2.0,15.39,502,96
3319,,,,8.0,3.0,3.0,98.51,511,234
3320,,,,8.0,3.0,2.0,45.92,502,108
3321,,,,,,,73.25,508,141
3322,,,,6.0,1.0,4.0,71.8,504,130
3323,,,,8.0,4.0,3.0,89.17,511,194
3324,,,,6.0,1.0,5.0,91.61,504,145
3325,,,,8.0,2.0,3.0,96.13,508,185
3326,,,,1.0,1.0,1.0,,N N,N
3327,,,,8.0,4.0,2.0,7.11,503,95
3328,,,,8.0,4.0,4.0,79.69,506,145
3329,,,,8.0,4.0,3.0,,508,N
3330,,,,8.0,2.0,5.0,7.01,502,96
3331,,,,6.0,4.0,6.0,,501,N
3332,,,,5.0,1.0,2.0,96.73,510,195
3333,,,,7.0,2.0,3.0,75.38,602,180
3334,,,,6.0,3.0,2.0,,506,N
3335,,,,8.0,5.0,2.0,75.68,502,120
3336,,,,8.0,3.0,4.0,42.53,504,115
3337,,,,6.0,2.0,4.0,58.97,505,125
3338,,,,8.0,4.0,3.0,20.0,600,148
3339,,,,4.0,2.0,6.0,15.52,601,135
3340,,,,6.0,2.0,2.0,42.91,600,160
3341,,,,6.0,3.0,1.0,82.6,411,115
3342,,,,8.0,5.0,3.0,43.38,502,107
3343,,,,5.0,3.0,5.0,,505,N
3344,,,,6.0,1.0,5.0,68.87,600,160
3345,,,,6.0,1.0,4.0,68.08,600,170
3346,,,,6.0,1.0,5.0,77.11,602,170
3347,,,,8.0,4.0,3.0,83.23,510,164
3348,,,,8.0,4.0,1.0,75.26,511,170
3349,,,,8.0,2.0,3.0,,507,150
3350,,,,6.0,3.0,3.0,61.88,502,115
3351,,,,8.0,5.0,2.0,47.14,507,140
3352,,,,8.0,4.0,2.0,99.18,503,211
3353,,,,6.0,4.0,3.0,59.83,506,130
3354,,,,6.0,4.0,2.0,97.36,508,220
3355,,,,3.0,2.0,4.0,87.89,506,152
3356,,,,6.0,3.0,5.0,72.28,506,137
3357,,,,8.0,3.0,4.0,,502,165
3358,,,,1.0,2.0,4.0,,506,N
3359,,,,6.0,3.0,4.0,8.6,503,96
3360,,,,4.0,4.0,3.0,49.07,504,125
3361,,,,6.0,5.0,3.0,76.64,509,157
3362,,,,2.0,3.0,3.0,84.28,504,145
3363,,,,2.0,3.0,2.0,99.65,600,292
3364,,,,8.0,3.0,4.0,0.88,500,83
3365,,,,5.0,4.0,2.0,32.66,508,125
3366,,,,6.0,1.0,3.0,58.19,509,145
3367,,,,8.0,3.0,,64.47,504,133
3368,,,,1.0,2.0,5.0,68.08,600,170
3369,,,,6.0,2.0,3.0,93.74,501,146
3370,,,,1.0,1.0,1.0,84.25,603,200
3371,,,,6.0,3.0,3.0,3.55,511,130
3372,,,,6.0,4.0,,77.69,506,150
3373,,,,6.0,1.0,4.0,90.45,506,170
3374,,,,5.0,4.0,4.0,67.0,505,130
3375,,,,2.0,4.0,1.0,,508,175
3376,,,,6.0,4.0,4.0,,504,N
3377,,,,8.0,5.0,1.0,99.9,600,350
3378,,,,6.0,1.0,4.0,98.4,602,245
3379,,,,8.0,3.0,3.0,62.65,601,170
3380,,,,8.0,1.0,,90.45,511,190
3381,,,,8.0,4.0,,17.89,508,121
3382,,,,8.0,1.0,4.0,66.09,502,120
3383,,,,8.0,3.0,2.0,0.4,600,125
3384,,,,6.0,2.0,4.0,90.51,511,185
3385,,,,5.0,2.0,2.0,84.61,503,143
3386,,,,6.0,4.0,5.0,97.67,508,225
3387,,,,6.0,3.0,4.0,36.69,508,130
3388,,,,1.0,5.0,3.0,3.96,509,120
3389,,,,8.0,3.0,4.0,58.88,509,150
3390,,,,1.0,5.0,3.0,1.26,507,105
3391,,,,6.0,3.0,5.0,40.79,505,120
3392,,,,8.0,4.0,2.0,58.23,504,125
3393,,,,6.0,4.0,5.0,98.02,509,210
3394,,,,6.0,3.0,3.0,43.26,506,135
3395,,,,7.0,2.0,3.0,99.71,511,290
3396,,,,8.0,3.0,2.0,62.39,503,125
3397,,,,6.0,2.0,1.0,15.52,509,125
3398,,,,6.0,5.0,3.0,71.77,507,150
3399,,,,6.0,1.0,3.0,92.74,601,196
3400,,,,6.0,2.0,3.0,29.7,510,145
3401,,,,6.0,3.0,4.0,98.05,504,200
3402,,,,2.0,4.0,2.0,89.24,502,145
3403,,,,1.0,4.0,,61.62,507,143
3404,,,,6.0,3.0,3.0,97.29,504,200
3405,,,,8.0,2.0,3.0,7.03,506,110
3406,,,,6.0,3.0,2.0,32.67,501,105
3407,,,,6.0,4.0,3.0,54.85,509,145
3408,,,,8.0,2.0,3.0,80.98,601,180
3409,,,,8.0,3.0,2.0,20.57,511,135
3410,,,,6.0,5.0,3.0,98.71,506,230
3411,,,,6.0,2.0,2.0,4.8,509,121
3412,,,,8.0,1.0,3.0,79.7,601,184
3413,,,,8.0,5.0,2.0,16.27,507,116
3414,,,,4.0,4.0,4.0,,510,220
3415,,,,6.0,3.0,3.0,21.4,600,140
3416,,,,8.0,4.0,2.0,47.13,507,135
3417,,,,6.0,5.0,4.0,2.59,600,125
3418,,,,6.0,2.0,2.0,6.79,603,145
3419,,,,,,,,603,N
3420,,,,6.0,3.0,4.0,18.74,506,117
3421,,,,6.0,3.0,4.0,46.78,502,111
3422,,,,1.0,1.0,4.0,,605,N
3423,,,,5.0,3.0,5.0,73.72,510,160
3424,,,,8.0,1.0,4.0,50.5,509,150
3425,,,,6.0,1.0,3.0,74.0,502,125
3426,,,,6.0,1.0,7.0,7.63,510,124
3427,,,,5.0,3.0,2.0,86.01,504,145
3428,,,,7.0,3.0,4.0,43.19,506,130
3429,,,,1.0,1.0,3.0,0.7,508,107
3430,,,,8.0,3.0,3.0,21.67,511,140
3431,,,,8.0,5.0,4.0,57.32,503,120
3432,,,,,,,47.18,508,145
3433,,,,6.0,3.0,3.0,94.61,506,172
3434,,,,1.0,5.0,1.0,,503,167
3435,,,,6.0,3.0,5.0,23.38,505,115
3436,,,,5.0,2.0,4.0,97.37,507,200
3437,,,,6.0,2.0,3.0,94.83,503,160
3438,,,,6.0,3.0,4.0,94.42,502,160
3439,,,,8.0,2.0,2.0,46.65,604,175
3440,,,,8.0,5.0,5.0,20.55,508,125
3441,,,,6.0,1.0,1.0,10.13,510,130
3442,,,,6.0,5.0,1.0,16.28,511,137
3443,,,,6.0,2.0,2.0,86.03,503,145
3444,,,,8.0,2.0,4.0,65.04,508,145
3445,,,,6.0,1.0,5.0,,411,N
3446,,,,5.0,2.0,4.0,92.13,600,206
3447,,,,6.0,1.0,3.0,78.45,508,155
3448,,,,3.0,3.0,2.0,82.91,507,154
3449,,,,2.0,3.0,4.0,98.94,506,250
3450,,,,5.0,2.0,,,600,155
3451,,,,6.0,3.0,3.0,18.46,504,110
3452,,,,8.0,4.0,3.0,,706,155
3453,,,,8.0,4.0,6.0,83.91,504,150
3454,,,,6.0,1.0,4.0,49.21,502,112
3455,,,,7.0,3.0,5.0,95.19,604,230
3456,,,,8.0,1.0,3.0,93.34,508,178
3457,,,,8.0,1.0,3.0,31.97,508,138
3458,,,,6.0,3.0,5.0,17.75,505,110
3459,,,,5.0,2.0,4.0,21.33,504,109
3460,,,,8.0,4.0,4.0,,507,N
3461,,,,5.0,3.0,2.0,67.53,503,130
3462,,,,7.0,2.0,3.0,40.06,510,150
3463,,,,6.0,4.0,4.0,75.19,500,118
3464,,,,6.0,5.0,4.0,97.27,502,180
3465,,,,7.0,2.0,5.0,59.97,510,151
3466,,,,6.0,1.0,6.0,74.72,507,142
3467,,,,7.0,1.0,2.0,79.65,505,146
3468,,,,8.0,3.0,2.0,93.4,503,150
3469,,,,8.0,1.0,3.0,80.06,509,165
3470,,,,7.0,1.0,3.0,97.2,600,225
3471,,,,5.0,3.0,2.0,96.32,500,152
3472,,,,6.0,3.0,3.0,49.04,509,132
3473,,,,6,2.0,5.0,31.95,600,150
3474,,,,6.0,4.0,3.0,16.84,508,125
3475,,,,6.0,1.0,6.0,35.21,602,160
3476,,,,8.0,5.0,1.0,0.79,511,110
3477,,,,8.0,4.0,3.0,89.52,504,150
3478,,,,5.0,1.0,5.0,99.42,600,270
3479,,,,6.0,1.0,5.0,83.46,511,168
3480,,,,8.0,1.0,1.0,71.95,511,157
3481,,,,8.0,1.0,6.0,86.87,508,174
3482,,,,,,,68.27,500,108
3483,,,,6.0,3.0,4.0,97.23,501,175
3484,,,,8.0,4.0,4.0,45.85,501,110
3485,,,,8.0,3.0,4.0,47.58,504,120
3486,,,,1.0,4.0,1.0,95.07,600,201
3487,,,,6.0,3.0,3.0,1.4,507,112
3488,,,,7.0,4.0,4.0,91.68,504,155
3489,,,,4.0,1.0,3.0,62.39,503,125
3490,,,,8.0,5.0,5.0,78.01,503,130
3491,,,,5.0,1.0,6.0,25.57,511,142
3492,,,,6.0,2.0,4.0,57.45,506,135
3493,,,,8.0,3.0,5.0,98.74,505,215
3494,,,,8.0,5.0,,86.06,503,135
3495,,,,8.0,4.0,,69.31,508,148
3496,,,,8.0,4.0,5.0,53.97,504,120
3497,,,,1.0,3.0,5.0,83.81,505,146
3498,,,,6.0,1.0,2.0,54.18,505,135
3499,,,,8.0,5.0,1.0,,501,150
3500,,,,8.0,4.0,3.0,94.12,508,190
3501,,,,4.0,1.0,1.0,98.1,509,215
3502,,,,8.0,4.0,2.0,92.99,504,170
3503,,,,5.0,1.0,,92.14,600,190
3504,,,,4.0,3.0,2.0,,504,N
3505,,,,8.0,3.0,3.0,20.16,507,118
3506,,,,6.0,4.0,1.0,93.6,502,160
3507,,,,8.0,2.0,2.0,24.59,500,96
3508,,,,8.0,3.0,3.0,10.11,508,110
3509,,,,6.0,4.0,1.0,21.95,507,125
3510,,,,6.0,1.0,3.0,20.46,602,152
3511,,,,8.0,5.0,1.0,97.31,503,177
3512,,,,8.0,1.0,3.0,47.96,510,140
3513,,,,6.0,2.0,3.0,97.11,501,169
3514,,,,6.0,4.0,4.0,85.35,508,165
3515,,,,1.0,1.0,,86.69,504,145
3516,,,,8.0,2.0,3.0,,505,155
3517,,,,6.0,2.0,4.0,54.65,601,170
3518,,,,6.0,1.0,3.0,98.21,511,225
3519,,,,8.0,4.0,3.0,58.87,506,130
3520,,,,8.0,4.0,3.0,89.07,510,183
3521,,,,1.0,1.0,1.0,71.18,507,153
3522,,,,8.0,3.0,5.0,99.15,502,220
3523,,,,5.0,1.0,5.0,71.5,510,148
3524,,,,3.0,5.0,,90.27,505,155
3525,,,,6.0,4.0,2.0,71.72,504,141
3526,,,,1.0,2.0,3.0,66.95,509,150
3527,,,,1.0,5.0,6.0,,506,115
3528,,,,8.0,4.0,4.0,74.0,502,125
3529,,,,5.0,1.0,3.0,53.34,508,148
3530,,,,8.0,5.0,2.0,93.81,501,150
3531,,,,6.0,2.0,3.0,,605,137
3532,,,,6.0,2.0,4.0,90.2,508,175
3533,,,,1.0,3.0,4.0,0.0,509,90
3534,,,,2.0,3.0,5.0,8.24,601,130
3535,,,,6.0,2.0,2.0,63.51,508,135
3536,,,,1.0,5.0,4.0,63.45,510,148
3537,,,,1.0,1.0,5.0,21.97,500,90
3538,,,,7.0,1.0,5.0,99.38,508,238
3539,,,,6.0,2.0,5.0,51.82,511,140
3540,,,,1.0,3.0,5.0,69.55,504,125
3541,,,,1.0,2.0,6.0,45.52,601,150
3542,,,,1.0,2.0,3.0,9.13,504,98
3543,,,,8.0,4.0,5.0,,506,N
3544,,,,6.0,4.0,3.0,45.23,501,105
3545,,,,1.0,2.0,5.0,98.13,603,245
3546,,,,1.0,4.0,3.0,83.96,506,150
3547,,,,4.0,1.0,6.0,68.89,511,160
3548,,,,6.0,2.0,5.0,76.14,506,135
3549,,,,6.0,3.0,1.0,93.23,507,162
3550,,,,6.0,1.0,5.0,69.13,506,135
3551,,,,8.0,2.0,5.0,99.09,505,220
3552,,,,4.0,2.0,,57.76,509,140
3553,,,,1.0,3.0,4.0,51.82,511,140
3554,,,,6.0,2.0,4.0,98.85,508,214
3555,,,,1.0,2.0,4.0,,508,N
3556,,,,4.0,2.0,3.0,23.69,506,115
3557,,,,1.0,3.0,4.0,56.03,506,125
3558,,,,1.0,3.0,5.0,19.1,506,113
3559,,,,6.0,2.0,7.0,14.39,504,100
3560,,,,6.0,1.0,5.0,,N N,N
3561,,,,1.0,1.0,6.0,50.87,502,110
3562,,,,1.0,4.0,5.0,65.24,504,125
3563,,,,5.0,1.0,5.0,68.87,600,160
3564,,,,6.0,1.0,6.0,84.46,509,160
3565,,,,6.0,3.0,6.0,3.37,510,110
3566,,,,6.0,4.0,3.0,53.35,508,130
3567,,,,6.0,1.0,,,N N,N
3568,,,,6.0,4.0,2.0,,501,N
3569,,,,4.0,2.0,5.0,98.31,502,178
3570,,,,1.0,2.0,6.0,45.23,501,105
3571,,,,8.0,4.0,6.0,71.79,508,140
3572,,,,6.0,4.0,1.0,95.99,501,156
3573,,,,8.0,4.0,3.0,47.81,504,114
3574,,,,1.0,3.0,3.0,59.66,501,108
3575,,,,2.0,2.0,4.0,50.08,601,147
3576,,,,1.0,3.0,5.0,,507,N
3577,,,,6.0,3.0,4.0,63.8,508,140
3578,,,,1.0,4.0,5.0,60.76,504,120
3579,,,,6.0,2.0,4.0,54.82,503,116
3580,,,,6.0,2.0,3.0,,N N,N
3581,,,,4.0,1.0,7.0,,709,N
3582,,,,6.0,5.0,1.0,97.54,509,208
3583,,,,6.0,4.0,4.0,57.43,501,110
3584,,,,2.0,1.0,6.0,41.8,600,145
3585,,,,8.0,4.0,5.0,37.58,506,120
3586,,,,8.0,2.0,3.0,99.26,506,220
3587,,,,6.0,1.0,3.0,45.04,602,160
3588,,,,8.0,5.0,2.0,98.39,505,220
3589,,,,1.0,2.0,4.0,10.61,600,129
3590,,,,6.0,1.0,3.0,94.87,601,215
3591,,,,4.0,3.0,5.0,52.0,600,150
3592,,,,6.0,4.0,1.0,42.28,505,125
3593,,,,4.0,4.0,2.0,61.32,503,122
3594,,,,8.0,4.0,5.0,21.4,600,140
3595,,,,5.0,3.0,4.0,31.26,504,115
3596,,,,7.0,1.0,4.0,95.79,600,210
3597,,,,5.0,4.0,5.0,30.94,508,130
3598,,,,8.0,4.0,,48.82,506,125
3599,,,,1.0,3.0,5.0,85.35,508,165
3600,,,,6.0,3.0,,94.27,603,224
3601,,,,4.0,3.0,4.0,98.04,600,230
3602,,,,,2.0,3.0,,604,195
3603,,,,6.0,5.0,2.0,92.81,501,150
3604,,,,8.0,1.0,3.0,92.22,508,170
3605,,,,5.0,4.0,,49.31,505,125
3606,,,,6.0,1.0,5.0,,603,125
3607,,,,1.0,2.0,3.0,52.22,507,134
3608,,,,6.0,2.0,4.0,84.85,601,185
3609,,,,8.0,3.0,3.0,50.78,503,117
3610,,,,1.0,4.0,3.0,79.82,505,140
3611,,,,8.0,1.0,5.0,37.55,510,140
3612,,,,5.0,1.0,2.0,45.3,508,140
3613,,,,5.0,5.0,5.0,70.84,502,120
3614,,,,6.0,3.0,3.0,2.47,506,105
3615,,,,7.0,2.0,4.0,98.84,604,270
3616,,,,6.0,5.0,3.0,89.66,505,154
3617,,,,6.0,2.0,3.0,98.04,600,230
3618,,,,8.0,2.0,,92.06,507,173
3619,,,,8.0,3.0,4.0,38.53,510,145
3620,,,,1.0,4.0,5.0,74.22,506,140
3621,,,,2.0,2.0,5.0,92.54,507,165
3622,,,,5.0,3.0,4.0,51.71,600,155
3623,,,,5.0,3.0,4.0,97.38,603,250
3624,,,,5.0,2.0,,68.83,511,165
3625,,,,7.0,2.0,5.0,75.69,511,160
3626,,,,8.0,2.0,3.0,41.98,504,120
3627,,,,1.0,3.0,4.0,96.94,509,195
3628,,,,5.0,4.0,5.0,93.89,508,175
3629,,,,6.0,3.0,4.0,21.4,600,140
3630,,,,8.0,3.0,3.0,31.95,600,150
3631,,,,6.0,4.0,3.0,55.57,500,105
3632,,,,4.0,3.0,4.0,38.13,502,105
3633,,,,1.0,3.0,2.0,23.38,505,115
3634,,,,6.0,4.0,3.0,21.7,603,156
3635,,,,7.0,2.0,,29.49,602,157
3636,,,,1.0,2.0,3.0,,511,140
3637,,,,6.0,3.0,,,604,170
3638,,,,1.0,3.0,5.0,89.91,602,206
3639,,,,5.0,4.0,3.0,78.01,503,130
3640,,,,6.0,2.0,5.0,40.56,505,117
3641,,,,8.0,3.0,5.0,0.0,602,110
3642,,,,8.0,3.0,2.0,,511,200
3643,,,,1.0,2.0,6.0,81.08,507,150
3644,,,,6.0,1.0,,89.73,511,178
3645,,,,7.0,3.0,4.0,32.05,506,125
3646,,,,5.0,3.0,4.0,73.8,507,146
3647,,,,6.0,3.0,4.0,14.86,506,115
3648,,,,6.0,1.0,5.0,66.09,502,120
3649,,,,5.0,3.0,3.0,79.58,510,160
3650,,,,8.0,5.0,7.0,,711,210
3651,,,,6.0,1.0,4.0,40.06,510,150
3652,,,,6.0,3.0,4.0,31.06,507,120
3653,,,,8.0,3.0,4.0,29.93,504,115
3654,,,,6.0,3.0,,93.62,505,165
3655,,,,6.0,1.0,3.0,48.32,510,145
3656,,,,2.0,3.0,7.0,66.67,600,169
3657,,,,5.0,2.0,3.0,41.35,510,145
3658,,,,8.0,3.0,2.0,61.13,511,160
3659,,,,8.0,5.0,5.0,99.18,411,213
3660,,,,4.0,2.0,3.0,,503,138
3661,,,,1.0,2.0,5.0,46.24,510,144
3662,,,,5.0,4.0,4.0,69.13,511,170
3663,,,,7.0,5.0,4.0,96.27,502,175
3664,,,,8.0,1.0,4.0,44.3,502,110
3665,,,,8.0,4.0,4.0,45.85,501,110
3666,,,,6.0,3.0,5.0,80.6,511,170
3667,,,,6.0,3.0,3.0,11.63,509,117
3668,,,,5.0,3.0,3.0,67.66,504,135
3669,,,,1.0,3.0,6.0,89.76,503,145
3670,,,,5.0,2.0,2.0,94.75,603,215
3671,,,,1.0,3.0,5.0,35.67,602,150
3672,,,,8.0,5.0,3.0,35.49,507,125
3673,,,,8.0,3.0,,70.67,503,130
3674,,,,8.0,4.0,4.0,29.06,502,108
3675,,,,6.0,1.0,4.0,67.0,505,130
3676,,,,4.0,4.0,1.0,35.07,601,150
3677,,,,5.0,2.0,3.0,79.67,600,180
3678,,,,6.0,1.0,5.0,25.3,511,135
3679,,,,6.0,3.0,,92.42,505,165
3680,,,,7.0,5.0,5.0,31.06,507,120
3681,,,,1.0,3.0,5.0,,N N,N
3682,,,,1.0,2.0,3.0,47.49,506,130
3683,,,,1.0,3.0,5.0,72.08,507,145
3684,,,,6.0,3.0,5.0,67.17,504,130
3685,,,,5.0,3.0,3.0,58.55,510,155
3686,,,,4.0,3.0,4.0,99.19,600,260
3687,,,,6.0,,,80.48,511,175
3688,,,,6.0,5.0,3.0,73.06,507,150
3689,,,,8.0,4.0,1.0,68.33,600,165
3690,,,,8.0,2.0,2.0,52.4,600,154
3691,,,,8.0,3.0,3.0,81.83,603,185
3692,,,,6.0,2.0,4.0,,N N,122
3693,,,,1.0,1.0,5.0,2.1,511,120
3694,,,,6.0,2.0,4.0,86.86,502,138
3695,,,,6.0,1.0,5.0,58.13,508,137
3696,,,,6.0,3.0,4.0,69.87,505,135
3697,,,,6.0,5.0,3.0,41.49,511,145
3698,,,,3.0,4.0,3.0,25.61,509,130
3699,,,,6.0,2.0,2.0,50.97,505,129
3700,,,,8.0,2.0,4.0,68.81,503,120
3701,,,,8.0,1.0,5.0,49.01,509,145
3702,,,,8.0,4.0,,36.56,506,127
3703,,,,1.0,3.0,2.0,58.23,504,125
3704,,,,6.0,1.0,6.0,88.3,502,137
3705,,,,6.0,2.0,3.0,45.3,508,140
3706,,,,7.0,3.0,4.0,51.71,600,155
3707,,,,7.0,2.0,4.0,86.52,507,163
3708,,,,6.0,1.0,5.0,99.31,510,255
3709,,,,8.0,3.0,4.0,97.08,505,180
3710,,,,6.0,3.0,3.0,97.47,507,214
3711,,,10th grade,6.0,3.0,3.0,78.13,501,125
3712,,,,2.0,4.0,3.0,98.49,509,210
3713,,,,6.0,3.0,5.0,86.12,506,160
3714,,,,6.0,2.0,4.0,87.52,508,175
3715,,,,1.0,2.0,5.0,68.89,511,160
3716,,,,2.0,,5.0,27.0,507,115
3717,,,,8.0,4.0,4.0,41.98,504,120
3718,,,,8.0,3.0,5.0,83.61,506,160
3719,,,,1.0,3.0,4.0,68.74,505,130
3720,,,,7.0,4.0,4.0,64.73,508,150
3721,,,,8.0,4.0,3.0,47.59,501,103
3722,,,,4.0,2.0,4.0,70.03,509,155
3723,,,,6.0,1.0,4.0,,N N,N
3724,,,,8.0,3.0,4.0,,600,N
3725,,,,8.0,4.0,1.0,48.4,502,109
3726,,,,2.0,3.0,5.0,42.66,602,160
3727,,,,6.0,3.0,2.0,44.33,502,114
3728,,,,5.0,3.0,4.0,,607,140
3729,,,,8.0,5.0,,50.87,502,110
3730,,,,8.0,2.0,5.0,,609,195
3731,,,,6.0,3.0,2.0,,508,N
3732,,,,,,,,610,N
3733,,,,6.0,3.0,5.0,17.23,601,136
3734,,,,8.0,2.0,4.0,41.16,511,140
3735,,,,6.0,3.0,4.0,53.7,602,170
3736,,,,6.0,2.0,3.0,84.51,509,170
3737,,,,1.0,2.0,,,N N,N
3738,,,,6.0,5.0,2.0,10.1,602,145
3739,,,,6.0,1.0,4.0,84.63,511,180
3740,,,,5.0,1.0,4.0,87.13,508,160
3741,,,,6.0,1.0,5.0,,508,140
3742,,,,8.0,2.0,,90.64,509,180
3743,,,,1.0,1.0,4.0,2.7,511,125
3744,,,,4.0,3.0,5.0,54.41,507,135
3745,,,,4.0,4.0,4.0,,509,N
3746,,,,2.0,2.0,7.0,0.13,606,130
3747,,,,6.0,5.0,4.0,90.5,507,165
3748,,,,,,,2.12,600,120
3749,,,,4.0,1.0,6.0,3.21,505,100
3750,,,,8.0,3.0,3.0,18.1,602,155
3751,,,,6.0,1.0,6.0,71.06,510,158
3752,,,,6.0,4.0,5.0,86.12,506,160
3753,,,,6.0,2.0,5.0,66.85,510,160
3754,,,,8.0,3.0,4.0,60.05,507,137
3755,,,,6.0,2.0,4.0,80.98,503,141
3756,,,,6.0,2.0,2.0,71.89,508,150
3757,,,,8.0,1.0,4.0,29.93,504,115
3758,,,,8.0,4.0,1.0,37.98,503,109
3759,,,,6.0,1.0,5.0,90.07,504,142
3760,,,,8.0,3.0,2.0,75.53,603,184
3761,,,,6.0,2.0,5.0,97.44,510,220
3762,,,,6.0,3.0,5.0,93.8,510,190
3763,,,,6.0,2.0,5.0,92.1,506,160
3764,,,,3.0,3.0,1.0,87.9,509,170
3765,,,,8.0,2.0,2.0,99.57,502,286
3766,,,,4.0,2.0,5.0,97.91,510,220
3767,,,,5.0,1.0,2.0,2.99,510,115
3768,,,,6.0,4.0,3.0,,507,N
3769,,,,6.0,4.0,3.0,93.3,503,165
3770,,,,6.0,3.0,3.0,16.74,510,130
3771,,,,8.0,5.0,2.0,96.97,507,190
3772,,,,6.0,4.0,4.0,98.94,508,278
3773,,,,5.0,3.0,4.0,66.76,509,145
3774,,,,6.0,4.0,,,600,N
3775,,,,6.0,2.0,1.0,85.29,505,150
3776,,,,8.0,5.0,3.0,99.03,509,230
3777,,,,8.0,5.0,1.0,93.27,508,180
3778,,,,8.0,4.0,4.0,99.09,502,199
3779,,,,6.0,4.0,7.0,4.01,601,130
3780,,,,8.0,4.0,1.0,5.48,601,140
3781,,,,6.0,3.0,3.0,30.94,508,130
3782,,,,6.0,2.0,4.0,69.23,502,119
3783,,,,6.0,5.0,2.0,72.21,501,125
3784,,,,8.0,1.0,4.0,99.34,600,265
3785,,,,7.0,4.0,3.0,95.56,508,177
3786,,,,8.0,4.0,3.0,93.53,510,194
3787,,,,7.0,5.0,4.0,27.25,509,135
3788,,,,8.0,4.0,4.0,37.19,504,118
3789,,,,7.0,5.0,1.0,96.97,505,190
3790,,,,7.0,1.0,4.0,42.91,600,160
3791,,,,8.0,1.0,4.0,96.87,511,215
3792,,,,8.0,2.0,3.0,97.14,501,174
3793,,,,2.0,3.0,1.0,69.16,511,155
3794,,,,8.0,3.0,5.0,41.98,504,120
3795,,,,6.0,5.0,2.0,38.2,505,116
3796,,,,8.0,3.0,3.0,75.42,505,136
3797,,,,6.0,1.0,2.0,62.29,600,161
3798,,,,1.0,1.0,2.0,88.09,509,180
3799,,,,8.0,2.0,4.0,52.12,507,125
3800,,,,1.0,1.0,1.0,12.36,507,120
3801,,,,8.0,4.0,2.0,85.03,504,146
3802,,,,6.0,1.0,6.0,79.19,508,165
3803,,,,5.0,2.0,1.0,98.13,510,215
3804,,,,4.0,4.0,1.0,0.16,511,115
3805,,,,7.0,3.0,1.0,94.43,602,220
3806,,,,6.0,2.0,5.0,10.71,601,145
3807,,,,8.0,2.0,5.0,96.68,511,199
3808,,,,6.0,3.0,1.0,86.12,506,160
3809,,,,8.0,4.0,3.0,,700,128
3810,,,,8.0,3.0,3.0,98.01,507,210
3811,,,,6.0,5.0,2.0,99.5,600,276
3812,,,,6.0,3.0,3.0,94.42,502,160
3813,,,,7.0,4.0,5.0,30.7,505,120
3814,,,,8.0,3.0,3.0,79.37,510,165
3815,,,,7.0,1.0,5.0,76.45,505,135
3816,,,,7.0,4.0,4.0,49.88,505,124
3817,,,,7.0,3.0,3.0,47.13,507,135
3818,,,,6.0,3.0,6.0,98.06,502,180
3819,,,,7.0,5.0,3.0,58.87,506,130
3820,,,,7.0,2.0,5.0,15.02,504,115
3821,,,,8.0,4.0,4.0,98.65,507,205
3822,,,,8.0,4.0,4.0,36.21,506,120
3823,,,,6.0,3.0,3.0,85.92,509,167
3824,,,,8.0,4.0,4.0,,601,264
3825,,,,4.0,4.0,3.0,52.94,507,130
3826,,,,5.0,4.0,4.0,96.36,508,200
3827,,,,8.0,4.0,3.0,99.38,505,300
3828,,,,6.0,4.0,2.0,63.89,501,110
3829,,,,8.0,3.0,3.0,76.46,508,158
3830,,,,8.0,4.0,5.0,95.22,502,160
3831,,,,6.0,4.0,4.0,,505,151
3832,,,,6.0,5.0,2.0,93.3,503,165
3833,,,,8.0,3.0,5.0,56.15,510,139
3834,,,,5.0,2.0,5.0,0.12,503,80
3835,,,,7.0,2.0,4.0,59.97,509,155
3836,,,,5.0,3.0,3.0,54.41,507,135
3837,,,,8.0,3.0,6.0,63.1,509,150
3838,,,,7.0,5.0,4.0,65.63,508,142
3839,,,,8.0,4.0,4.0,49.29,500,105
3840,,,,7.0,4.0,2.0,46.6,505,125
3841,,,,6.0,3.0,3.0,47.76,511,148
3842,,,,8.0,1.0,7.0,56.89,500,112
3843,,,,8.0,4.0,4.0,19.44,508,120
3844,,,,8.0,,3.0,71.95,511,157
3845,,,,6.0,4.0,4.0,96.31,506,180
3846,,,,8.0,3.0,,91.16,503,155
3847,,,,6.0,4.0,5.0,94.46,507,180
3848,,,,6.0,4.0,2.0,97.29,504,200
3849,,,,8.0,4.0,3.0,93.33,504,160
3850,,,,8.0,2.0,4.0,41.78,502,103
3851,,,,6.0,4.0,5.0,52.94,507,130
3852,,,,6.0,5.0,3.0,22.22,600,145
3853,,,,8.0,3.0,,65.23,507,145
3854,,,,6.0,4.0,3.0,,504,115
3855,,,,5.0,4.0,3.0,45.42,507,131
3856,,,,8.0,2.0,3.0,81.39,503,135
3857,,,,8.0,1.0,2.0,32.84,503,104
3858,,,,,,,83.39,508,150
3859,,,,6.0,5.0,3.0,,504,130
3860,,,,8.0,4.0,1.0,94.35,600,203
3861,,,,6.0,4.0,3.0,96.22,506,195
3862,,,,5.0,2.0,6.0,88.09,509,160
3863,,,,6.0,2.0,5.0,95.4,511,200
3864,,,,,,,37.61,600,148
3865,,,,8.0,2.0,4.0,56.13,502,115
3866,,,,5.0,5.0,1.0,,505,87
3867,,,,8.0,4.0,3.0,,504,N
3868,,,,8.0,3.0,3.0,89.76,503,145
3869,,,,6.0,2.0,3.0,48.21,511,153
3870,,,,1.0,1.0,5.0,73.06,507,150
3871,,,,6.0,4.0,4.0,25.54,508,135
3872,,,,6.0,3.0,4.0,42.53,504,115
3873,,,,8.0,3.0,4.0,,603,180
3874,,,,6.0,5.0,4.0,,506,N
3875,,,,8.0,3.0,5.0,6.32,506,101
3876,,,,6.0,3.0,4.0,83.65,507,160
3877,,,,6.0,4.0,4.0,96.08,510,205
3878,,,,8.0,1.0,6.0,88.19,505,158
3879,,,,4.0,1.0,2.0,,510,125
3880,,,,6.0,1.0,5.0,91.95,509,168
3881,,,,4.0,2.0,5.0,78.87,509,154
3882,,,,6.0,5.0,6.0,25.72,500,100
3883,,,,8.0,2.0,5.0,58.11,601,162
3884,,,,6.0,4.0,4.0,,504,N
3885,,,,8.0,2.0,5.0,16.65,509,120
3886,,,,8.0,4.0,1.0,0.16,509,102
3887,,,,6.0,4.0,4.0,92.39,508,180
3888,,,,6.0,1.0,4.0,high,510,150
3889,,,,6.0,2.0,5.0,95.79,600,215
3890,,,,8.0,2.0,4.0,87.2,506,151
3891,,,,8.0,1.0,,74.74,600,170
3892,,,,7.0,2.0,5.0,31.55,505,110
3893,,,,,,,12.1,600,130
3894,,,,8.0,4.0,4.0,93.05,500,145
3895,,,,6.0,2.0,3.0,14.93,504,110
3896,,,,6.0,4.0,4.0,47.04,506,120
3897,,,,6.0,3.0,4.0,93.13,510,190
3898,,,,6.0,3.0,3.0,60.52,503,124
3899,,,,5.0,1.0,3.0,97.78,605,265
3900,,,,5.0,4.0,4.0,8.45,600,140
3901,,,,6.0,3.0,3.0,87.91,601,190
3902,,,,6.0,3.0,5.0,,505,N
3903,,,,6.0,3.0,4.0,14.79,507,109
3904,,,,6.0,3.0,5.0,92.99,504,170
3905,,,,8.0,1.0,3.0,52.12,511,155
3906,,,,8.0,1.0,2.0,4.65,600,130
3907,,,,6.0,4.0,5.0,50.22,503,110
3908,,,,6.0,3.0,2.0,19.64,511,130
3909,,,,8.0,4.0,4.0,90.25,500,135
3910,,,,3.0,3.0,1.0,,505,N
3911,,,,4.0,1.0,4.0,52.96,511,160
3912,,,,8.0,3.0,5.0,94.03,511,190
3913,,,,1.0,5.0,6.0,66.72,509,140
3914,,,,8.0,1.0,5.0,97.31,507,195
3915,,,,8.0,2.0,4.0,62.28,506,140
3916,,,,6.0,2.0,,83.84,510,175
3917,,,,8.0,1.0,3.0,88.12,508,170
3918,,,,4.0,4.0,4.0,48.82,506,125
3919,,,,8.0,4.0,3.0,66.39,500,110
3920,,,,6.0,3.0,5.0,92.22,508,170
3921,,,,6.0,4.0,2.0,95.09,510,200
3922,,,,,,,99.09,507,280
3923,,,,7.0,3.0,2.0,36.64,509,133
3924,,,,8.0,4.0,5.0,16.74,510,130
3925,,,,8.0,4.0,4.0,52.94,507,130
3926,,,,8.0,3.0,2.0,,507,N
3927,,,,8.0,2.0,2.0,75.68,502,120
3928,,,,8.0,4.0,4.0,,507,140
3929,,,,8.0,2.0,4.0,95.2,511,205
3930,,,,8.0,2.0,,90.64,511,180
3931,,,,6.0,1.0,4.0,63.49,507,135
3932,,,,5.0,4.0,1.0,43.23,503,108
3933,,,,1.0,4.0,5.0,74.19,505,135
3934,,,,8.0,3.0,3.0,79.52,510,175
3935,,,,8.0,3.0,2.0,61.11,500,110
3936,,,,6.0,1.0,3.0,84.03,511,180
3937,,,,8.0,4.0,3.0,70.08,500,109
3938,,,,1.0,4.0,6.0,35.8,501,102
3939,,,,6.0,4.0,,65.56,506,142
3940,,,,6.0,3.0,4.0,95.79,600,215
3941,,,,7.0,4.0,7.0,74.24,508,155
3942,,,,6.0,3.0,3.0,86.88,503,140
3943,,,,6.0,5.0,5.0,,508,N
3944,,,,8.0,4.0,3.0,27.11,502,98
3945,,,,8.0,4.0,5.0,98.64,411,196
3946,,,,3.0,2.0,4.0,97.7,600,230
3947,,,,6.0,3.0,4.0,83.16,508,165
3948,,,,6.0,2.0,2.0,32.85,509,128
3949,,,,8.0,1.0,2.0,98.05,507,195
3950,,,,6.0,4.0,2.0,74.11,509,150
3951,,,,8.0,5.0,1.0,96.23,509,185
3952,,,,8.0,4.0,2.0,62.46,503,127
3953,,,,2.0,2.0,4.0,0.09,511,110
3954,,,,6.0,5.0,5.0,99.47,511,265
3955,,,,6.0,2.0,5.0,79.69,506,145
3956,,,,6.0,5.0,1.0,43.23,502,104
3957,,,,6.0,5.0,1.0,57.73,502,113
3958,,,,6.0,3.0,4.0,82.39,502,135
3959,,,,6.0,2.0,4.0,42.04,603,172
3960,,,,8.0,3.0,2.0,50.27,506,130
3961,,,,8.0,5.0,2.0,14.24,502,98
3962,,,,6.0,2.0,4.0,70.9,505,129
3963,,,,8.0,2.0,3.0,55.11,501,109
3964,,,,4.0,5.0,3.0,,500,115
3965,,,,8.0,5.0,1.0,32.33,511,136
3966,,,,6.0,3.0,3.0,56.12,508,136
3967,,,,4.0,4.0,2.0,98.42,510,220
3968,,,,8.0,2.0,5.0,42.05,600,155
3969,,,,8.0,4.0,2.0,97.1,503,180
3970,,,,6.0,3.0,4.0,90.07,508,170
3971,,,,8.0,3.0,5.0,81.5,601,175
3972,,,,5.0,3.0,,95.37,507,170
3973,,,,always online,5.0,2.0,,504,N
3974,,,,6.0,4.0,3.0,53.2,504,125
3975,,,,8.0,3.0,3.0,13.97,502,100
3976,,,,8.0,2.0,4.0,17.75,505,110
3977,,,,8.0,2.0,,99.44,509,248
3978,,,,6.0,2.0,2.0,86.22,510,168
3979,,,,8.0,2.0,,65.15,510,149
3980,,,,1.0,1.0,1.0,,502,52
3981,,,,7.0,4.0,4.0,88.76,506,165
3982,,,,8.0,2.0,,65.82,603,176
3983,,,,6.0,4.0,2.0,66.54,506,138
3984,,,,6.0,2.0,2.0,94.92,601,210
3985,,,,6.0,3.0,4.0,96.43,501,154
3986,,,,8.0,1.0,3.0,81.34,511,160
3987,,,,6.0,2.0,5.0,29.49,602,157
3988,,,,6.0,3.0,5.0,38.67,506,126
3989,,,,6.0,3.0,4.0,66.76,509,145
3990,,,,7.0,1.0,6.0,15.55,510,125
3991,,,,2.0,1.0,3.0,91.66,506,160
3992,,,,8.0,2.0,,66.67,510,155
3993,,,,6.0,3.0,4.0,89.51,508,164
3994,,,,6.0,2.0,5.0,95.54,507,180
3995,,,,1.0,3.0,5.0,90.71,600,197
3996,,,,,,,66.85,510,160
3997,,,,8.0,3.0,3.0,62.87,504,130
3998,,,,6.0,3.0,4.0,40.85,507,130
3999,,,,8.0,3.0,4.0,,508,N
4000,,,,6.0,5.0,4.0,95.97,411,150
4001,,,,8.0,3.0,3.0,43.54,508,130
4002,,,,8.0,2.0,4.0,42.53,504,115
4003,,,,2.0,1.0,4.0,,402,110
4004,,,,8.0,4.0,6.0,97.54,503,185
4005,,,,7.0,3.0,3.0,83.38,508,160
4006,,,,4.0,1.0,2.0,84.41,509,165
4007,,,,8.0,3.0,4.0,47.22,505,120
4008,,,,7.0,4.0,5.0,98.11,506,200
4009,,,,6.0,4.0,2.0,93.55,508,190
4010,,,,8.0,1.0,5.0,41.91,505,122
4011,,,,6.0,2.0,5.0,86.88,503,140
4012,,,,6.0,2.0,4.0,78.96,506,142
4013,,,,8.0,1.0,4.0,32.35,508,130
4014,,,,6.0,2.0,4.0,68.25,503,123
4015,,,,8.0,2.0,3.0,74.74,600,170
4016,,,,,,,73.74,510,165
4017,,,,6.0,4.0,3.0,96.08,510,205
4018,,,,6.0,3.0,4.0,80.6,511,170
4019,,,,8.0,5.0,5.0,98.56,505,225
4020,,,,5.0,2.0,4.0,98.28,505,190
4021,,,,7.0,3.0,3.0,7.33,508,113
4022,,,,8.0,2.0,2.0,99.59,505,235
4023,,,,2.0,1.0,4.0,84.28,504,145
4024,,,,6.0,1.0,4.0,90.58,509,170
4025,,,,8.0,3.0,3.0,94.76,507,185
4026,,,,6.0,3.0,1.0,35.68,500,100
4027,,,,4.0,2.0,2.0,,506,204
4028,,,,,,,70.84,601,165
4029,,,,6.0,2.0,4.0,,502,N
4030,,,,8.0,3.0,2.0,10.19,503,95
4031,,,,8.0,3.0,3.0,80.21,503,132
4032,,,,,,,,511,N
4033,,,,8.0,1.0,1.0,,N N,N
4034,,,,,,,,711,125
4035,,,,2.0,3.0,5.0,,708,125
4036,,,,8.0,1.0,3.0,,N N,N
4037,,,,6.0,2.0,4.0,96.94,509,195
4038,,,,7.0,2.0,4.0,98.11,511,215
4039,,,,6.0,2.0,5.0,84.52,601,190
4040,,,,8.0,3.0,4.0,52.09,506,135
4041,,,,8.0,3.0,3.0,71.36,509,148
4042,,,,8.0,3.0,4.0,58.55,510,155
4043,,,,7.0,3.0,3.0,70.84,506,145
4044,,,,6.0, always,5.0,38.28,506,125
4045,,,,6.0,4.0,2.0,92.73,511,180
4046,,,,6.0,3.0,4.0,3.97,600,135
4047,,,,8.0,4.0,2.0,64.26,508,145
4048,,,,6.0,3.0,4.0,87.37,510,175
4049,,,,8.0,1.0,4.0,81.68,605,215
4050,,,,4.0,3.0,4.0,97.65,600,225
4051,,,,5.0,3.0,3.0,83.23,510,164
4052,,,,8.0,2.0,5.0,97.31,507,187
4053,,,,8.0,2.0,3.0,23.04,602,158
4054,,,,7.0,4.0,2.0,68.86,602,180
4055,,,,8.0,1.0,5.0,44.31,504,120
4056,,,,7.0,4.0,2.0,60.77,600,170
4057,,,,6.0,1.0,2.0,17.15,602,150
4058,,,,7.0,,5.0,,604,225
4059,,,,6.0,3.0,2.0,,600,145
4060,,,,6.0,1.0,4.0,87.19,600,190
4061,,,,8.0,2.0,5.0,63.38,600,151
4062,,,,6.0,4.0,3.0,89.82,600,195
4063,,,,8.0,2.0,5.0,27.91,510,140
4064,,,,6.0,2.0,7.0,41.8,600,145
4065,,,,7.0,3.0,3.0,29.7,510,145
4066,,,,4.0,2.0,4.0,95.51,602,220
4067,,,,6.0,1.0,4.0,7.03,506,110
4068,,,,8.0,2.0,,59.83,506,130
4069,,,,6.0,1.0,4.0,65.03,509,158
4070,,,,7.0,2.0,3.0,62.65,601,170
4071,,,,7.0,4.0,4.0,19.44,508,120
4072,,,,6.0,2.0,3.0,88.09,509,180
4073,,,,8.0,1.0,3.0,83.68,602,195
4074,,,,6.0,2.0,4.0,99.12,507,220
4075,,,,,1.0,3.0,95.58,506,167
4076,,,,8.0,2.0,4.0,79.33,602,195
4077,,,,5.0,1.0,5.0,,N N,N
4078,,,,3.0,3.0,6.0,69.13,506,135
4079,,,,8.0,,,,607,260
4080,,,,6.0,1.0,4.0,67.03,601,178
4081,,,,4.0,5.0,3.0,92.39,605,225
4082,,,,6.0,2.0,3.0,72.14,508,150
4083,,,,8.0,3.0,2.0,75.69,511,160
4084,,,,6.0,3.0,4.0,77.62,600,183
4085,,,,6.0,3.0,,81.46,601,186
4086,,,,6.0,3.0,4.0,96.92,600,213
4087,,,,5.0,1.0,,57.49,509,135
4088,,,,6.0,1.0,5.0,,507,145
4089,,,,6.0,1.0,5.0,,600,130
4090,,,,5.0,2.0,1.0,54.63,601,160
4091,,,,8.0,3.0,4.0,79.95,504,130
4092,,,,8.0,1.0,4.0,84.74,511,175
4093,,,,8.0,4.0,4.0,35.13,601,145
4094,,,,6.0,1.0,4.0,85.22,509,161
4095,,,,1.0,2.0,5.0,93.05,510,177
4096,,,,1.0,1.0,6.0,66.67,510,155
4097,,,,8.0,1.0,,41.16,511,140
4098,,,,6.0,3.0,3.0,76.15,510,167
4099,,,,6.0,1.0,3.0,8.74,600,132
4100,,,,5.0,1.0,4.0,36.2,510,130
4101,,,,2.0,1.0,4.0,11.8,510,135
4102,,,,7.0,2.0,4.0,62.41,602,170
4103,,,,8.0,1.0,4.0,,705,185
4104,,,,8.0,1.0,4.0,18.64,511,125
4105,,,,6.0,2.0,4.0,42.91,600,160
4106,,,,8.0,4.0,3.0,88.96,508,163
4107,,,,7.0,3.0,4.0,65.64,506,133
4108,,,,6.0,3.0,3.0,71.79,511,172
4109,,,,6.0,2.0,5.0,88.95,601,192
4110,,,,8.0,3.0,,47.98,509,140
4111,,,,8.0,3.0,5.0,92.8,600,208
4112,,,,8.0,3.0,2.0,98.92,600,248
4113,,,,6.0,1.0,2.0,3.74,510,120
4114,,,,8.0,2.0,3.0,63.66,603,180
4115,,,,6.0,3.0,1.0,56.27,509,144
4116,,,,5.0,1.0,5.0,47.28,509,135
4117,,,,6.0,3.0,5.0,65.46,603,170
4118,,,,7.0,3.0,3.0,95.05,510,195
4119,,,,8.0,1.0,4.0,76.17,602,175
4120,,,,6.0,4.0,4.0,52.96,511,160
4121,,,,,,,84.17,507,160
4122,,,,6.0,4.0,3.0,64.24,605,180
4123,,,,6.0,3.0,,99.64,604,325
4124,,,,1.0,4.0,4.0,97.45,508,195
4125,,,,7.0,3.0,4.0,52.41,600,145
4126,,,,7.0,1.0,5.0,84.17,507,160
4127,,,,5.0,5.0,2.0,24.76,507,130
4128,,,,8.0,2.0,4.0,91.31,511,192
4129,,,,5.0,2.0,3.0,12.5,603,150
4130,,,,1.0,3.0,3.0,96.97,505,190
4131,,,,6.0,2.0,3.0,98.22,602,250
4132,,,,6.0,4.0,3.0,42.15,506,125
4133,,,,7.0,4.0,1.0,59.4,511,159
4134,,,,8.0,2.0,3.0,43.55,505,115
4135,,,,4.0,4.0,1.0,98.05,411,175
4136,,,,6.0,4.0,4.0,98.04,600,230
4137,,,,6.0,3.0,1.0,96.08,510,205
4138,,,,8.0,4.0,2.0,55.64,502,109
4139,,,,4.0,3.0,1.0,29.39,509,136
4140,,,,6.0,1.0,5.0,59.83,506,130
4141,,,,8.0,4.0,2.0,56.52,503,122
4142,,,,8.0,2.0,3.0,10.67,506,105
4143,,,,6.0,3.0,,94.43,602,220
4144,,,,8.0,4.0,,52.85,506,130
4145,,,,8.0,2.0,2.0,95.04,505,180
4146,,,,5.0,3.0,1.0,77.45,510,158
4147,,,,8.0,3.0,1.0,3.96,509,120
4148,,,,6.0,4.0,3.0,97.58,503,180
4149,,,,8.0,3.0,4.0,10.3,507,115
4150,,,,6.0,4.0,6.0,64.48,505,125
4151,,,,6.0,1.0,5.0,,N N,N
4152,,,,8.0,4.0,3.0,52.56,503,115
4153,,,,8.0,2.0,2.0,75.86,603,190
4154,,,,6.0,1.0,5.0,84.03,510,165
4155,,,,8.0,5.0,2.0,57.02,505,130
4156,,,,6.0,2.0,4.0,97.7,511,214
4157,,,,6.0,3.0,2.0,35.24,504,119
4158,,,,6.0,3.0,2.0,76.45,505,135
4159,,,,8.0,3.0,3.0,50.0,503,119
4160,,,,6.0,4.0,4.0,81.51,510,165
4161,,,,8.0,2.0,,62.28,506,140
4162,,,,6.0,3.0,2.0,98.54,508,210
4163,,,,7.0,1.0,3.0,50.27,506,130
4164,,,,6.0,3.0,2.0,0.12,505,96
4165,,,,6.0,2.0,5.0,72.6,508,155
4166,,,,8.0,3.0,4.0,73.6,505,133
4167,,,,8.0,4.0,2.0,21.85,500,97
4168,,,,8.0,4.0,5.0,74.81,500,115
4169,,,,8.0,1.0,5.0,83.01,504,150
4170,,,,6.0,4.0,6.0,84.85,601,185
4171,,,,,1.0,2.0,96.02,510,200
4172,,,,6.0,2.0,4.0,69.79,510,152
4173,,,,8.0,3.0,2.0,,508,162
4174,,,,6.0,1.0,5.0,48.81,508,128
4175,,,,8.0,3.0,3.0,93.66,601,210
4176,,,,6.0,2.0,2.0,99.11,601,260
4177,,,,4.0,4.0,3.0,54.85,510,153
4178,,,,6.0,2.0,4.0,90.58,509,170
4179,,,,6.0,,,0.0,509,90
4180,,,,1.0,3.0,4.0,94.12,503,157
4181,,,Grade 10,6.0,3.0,3.0,70.84,506,145
4182,,,,6.0,2.0,4.0,22.13,506,110
4183,,,,3.0,2.0,1.0,4.57,602,135
4184,,,,6.0,4.0,3.0,21.89,500,95
4185,,,,8.0,1.0,4.0,38.19,509,140
4186,,,,8.0,2.0,1.0,92.6,508,182
4187,,,,6.0,4.0,3.0,97.18,507,190
4188,,,,6.0,4.0,4.0,91.16,503,155
4189,,,,8.0,1.0,2.0,4.09,508,110
4190,,,,6.0,3.0,2.0,23.85,510,138
4191,,,,8.0,4.0,1.0,96.36,504,180
4192,,,,8.0,1.0,4.0,31.56,509,137
4193,,,,8.0,1.0,5.0,16.64,506,108
4194,,,,6.0,4.0,5.0,16.98,509,126
4195,,,,6.0,2.0,5.0,67.67,602,168
4196,,,,,A,,,711,280
4197,,,,6.0,2.0,2.0,93.9,502,140
4198,,,,3.0,2.0,3.0,26.69,510,135
4199,,,,8.0,2.0,2.0,97.91,511,230
4200,,,,6.0,5.0,3.0,6.21,506,104
4201,,,,7.0,3.0,3.0,99.79,601,325
4202,,,,1.0,3.0,2.0,27.11,502,98
4203,,,,7.0,5.0,2.0,0.0,507,92
4204,,,,7.0,2.0,3.0,57.01,509,140
4205,,,,4.0,3.0,4.0,,402,N
4206,,,,6.0,4.0,3.0,95.94,507,182
4207,,,,1.0,5.0,7.0,1.04,507,99
4208,,,,4.0,1.0,3.0,98.93,510,238
4209,,,,1.0,2.0,4.0,98.69,506,221
4210,,,,3.0,2.0,3.0,43.9,507,126
4211,,,,6.0,5.0,2.0,9.59,601,140
4212,,,,,,,,502,N
4213,,,,7.0,4.0,1.0,3.96,509,120
4214,,,,6.0,3.0,3.0,75.93,600,160
4215,,,,8.0,1.0,4.0,,510,180
4216,,,,8.0,3.0,2.0,67.0,505,130
4217,,,,8.0,3.0,1.0,77.78,504,143
4218,,,,6.0,3.0,3.0,27.33,507,115
4219,,,,6.0,1.0,3.0,51.78,511,150
4220,,,,6.0,1.0,1.0,17.55,507,115
4221,,,,4.0,2.0,3.0,57.82,601,167
4222,,,,7.0,1.0,3.0,98.36,509,215
4223,,,,6.0,2.0,4.0,2.12,600,120
4224,,,,5.0,2.0,5.0,82.19,510,168
4225,,,,8.0,4.0,4.0,99.66,504,235
4226,,,,6.0,5.0,3.0,98.91,600,245
4227,,,,8.0,2.0,4.0,69.78,601,175
4228,,,,6.0,3.0,3.0,40.55,503,110
4229,,,,6.0,2.0,2.0,69.6,511,150
4230,,,,6.0,5.0,4.0,95.31,510,201
4231,,,,6.0,2.0,,21.36,509,128
4232,,,,6.0,2.0,3.0,90.71,509,185
4233,,,,6.0,3.0,4.0,47.96,510,140
4234,,,,8.0,3.0,4.0,79.67,600,180
4235,,,,6.0,3.0,,47.58,504,120
4236,,,,8.0,3.0,4.0,62.83,510,155
4237,,,,8.0,,4.0,96.38,504,170
4238,,,,6.0,2.0,4.0,69.78,601,175
4239,,,,8.0,3.0,3.0,69.91,508,145
4240,,,,5.0,1.0,4.0,,601,155
4241,,,,8.0,2.0,4.0,47.28,509,135
4242,,,,6.0,3.0,,36.69,508,130
4243,,,,6.0,3.0,5.0,10.52,506,110
4244,,,,6.0,4.0,4.0,53.2,504,125
4245,,,,8.0,2.0,4.0,83.96,506,150
4246,,,,8.0,5.0,2.0,44.91,507,135
4247,,,,6.0,2.0,4.0,35.2,504,112
4248,,,,6.0,3.0,4.0,55.79,508,145
4249,,,,6.0,1.0,5.0,66.76,509,145
4250,,,,6.0,3.0,4.0,95.22,502,160
4251,,,,7.0,4.0,4.0,93.12,504,167
4252,,,,1.0,4.0,5.0,99.0,511,240
4253,,,,8.0,3.0,3.0,,511,170
4254,,,,6.0,3.0,4.0,,507,N
4255,,,,6.0,4.0,1.0,71.86,507,140
4256,,,,6.0,3.0,1.0,,503,109
4257,,,,6.0,3.0,4.0,10.15,508,115
4258,,,,6.0,4.0,2.0,27.56,504,114
4259,,,,6.0,3.0,4.0,64.96,508,150
4260,,,,7.0,4.0,2.0,28.6,503,108
4261,,,,6.0,3.0,4.0,17.42,507,121
4262,,,,6.0,1.0,4.0,89.88,604,205
4263,,,,6.0,1.0,,26.69,510,135
4264,,,,7.0,4.0,5.0,78.81,505,139
4265,,,,7.0,3.0,,93.12,504,167
4266,,,,8.0,5.0,2.0,,N N,150
4267,,,,1.0,3.0,5.0,61.92,501,119
4268,,,,8.0,,,6.48,600,130
4269,,,,6.0,3.0,5.0,52.71,500,101
4270,,,,6.0,3.0,2.0,74.76,509,156
4271,,,,1.0,4.0,,,502,109
4272,,,,6.0,1.0,5.0,79.52,510,175
4273,,,,6.0,2.0,4.0,51.07,508,130
4274,,,,6.0,2.0,3.0,2.06,510,121
4275,,,,7.0,1.0,4.0,68.33,600,165
4276,,,,6.0,3.0,5.0,55.79,508,145
4277,,,,8.0,3.0,3.0,50.87,502,110
4278,,,,6.0,4.0,2.0,92.69,509,185
4279,,,,6.0,1.0,4.0,43.09,507,130
4280,,,,7.0,4.0,2.0,89.95,507,175
4281,,,,1.0,3.0,5.0,95.35,509,180
4282,,,,1.0,2.0,3.0,76.51,504,130
4283,,,,6.0,2.0,3.0,27.25,509,135
4284,,,,1.0,3.0,,29.23,508,120
4285,,,,6.0,1.0,3.0,97.18,604,250
4286,,,,6.0,2.0,5.0,21.46,505,110
4287,,,,6.0,4.0,4.0,87.27,506,155
4288,,,,6.0,2.0,4.0,5.07,602,140
4289,,,,8.0,3.0,2.0,92.19,510,185
4290,,,,8.0,4.0,,29.93,504,115
4291,,,,6.0,2.0,2.0,66.72,509,140
4292,,,,6.0,2.0,4.0,83.32,501,130
4293,,,,8.0,2.0,4.0,48.82,506,125
4294,,,,8.0,1.0,5.0,39.26,511,153
4295,,,,6.0,4.0,3.0,92.73,511,180
4296,,,,1.0,2.0,5.0,87.4,600,185
4297,,,,6.0,1.0,4.0,26.69,510,135
4298,,,,6.0,1.0,5.0,63.49,507,135
4299,,,,8.0,4.0,3.0,87.82,411,130
4300,,,,8.0,4.0,3.0,,505,N
4301,,,,4.0,4.0,5.0,41.77,510,143
4302,,,,6.0,2.0,4.0,61.17,511,150
4303,,,,8.0,3.0,4.0,65.97,509,149
4304,,,,8.0,2.0,5.0,31.04,509,128
4305,,,,6.0,1.0,6.0,83.84,510,175
4306,,,,6.0,2.0,,74.11,509,150
4307,,,,3.0,4.0,2.0,,508,165
4308,,,,8.0,3.0,4.0,36.8,505,120
4309,,,,1.0,3.0,3.0,3.99,601,138
4310,,,,6.0,2.0,5.0,3.65,508,101
4311,,,,6.0,3.0,3.0,68.25,503,123
4312,,,,5.0,3.0,5.0,91.66,507,180
4313,,,,6.0,3.0,4.0,34.59,509,125
4314,,,,8.0,4.0,4.0,31.06,507,120
4315,,,,6.0,3.0,2.0,,506,120
4316,,,,4.0,2.0,3.0,62.96,503,120
4317,,,,8.0,3.0,3.0,21.97,500,90
4318,,,,7.0,4.0,5.0,61.99,504,124
4319,,,,6.0,2.0,5.0,99.0,510,240
4320,,,,6.0,1.0,4.0,65.69,510,157
4321,,,,6.0,4.0,1.0,99.28,510,250
4322,,,,,,,,510,130
4323,,,,6.0,5.0,3.0,57.23,508,150
4324,,,,8.0,4.0,2.0,77.42,503,126
4325,,,,1.0,1.0,2.0,63.35,509,143
4326,,,,8.0,4.0,5.0,,502,N
4327,,,,8.0,1.0,4.0,76.17,602,175
4328,,,,7.0,4.0,2.0,74.61,507,150
4329,,,,8.0,5.0,4.0,95.16,508,180
4330,,,,1.0,,5.0,,610,250
4331,,,,8.0,4.0,2.0,90.51,511,185
4332,,,,7.0,3.0,2.0,98.0,506,205
4333,,,,6.0,3.0,2.0,68.89,511,160
4334,,,,8.0,2.0,2.0,63.0,601,165
4335,,,,8.0,3.0,5.0,82.0,410,120
4336,,,,8.0,4.0,3.0,68.28,507,145
4337,,,,5.0,2.0,3.0,97.99,505,183
4338,,,,6.0,1.0,5.0,64.9,604,175
4339,,,,4.0,4.0,4.0,97.37,510,210
4340,,,,6.0,4.0,2.0,96.84,510,210
4341,,,,6.0,5.0,6.0,57.45,506,135
4342,,,,6.0,3.0,4.0,57.45,506,135
4343,,,,8.0,4.0,,99.01,509,290
4344,,,,2.0,5.0,1.0,7.68,504,99
4345,,,,,,,12.54,504,102
4346,,,,8.0,4.0,5.0,62.32,501,115
4347,,,,1.0,3.0,4.0,0.95,505,93
4348,,,,8.0,3.0,1.0,89.17,505,160
4349,,,,6.0,4.0,4.0,77.19,503,135
4350,,,,7.0,5.0,2.0,27.97,503,110
4351,,,,8.0,1.0,3.0,15.24,509,125
4352,,,,6.0,3.0,2.0,74.22,506,140
4353,,,,,,,65.32,503,118
4354,,,,8.0,3.0,4.0,71.89,508,145
4355,,,,8.0,1.0,3.0,19.38,510,127
4356,,,,8.0,,,98.14,511,228
4357,,,,8.0,4.0,1.0,79.66,507,155
4358,,,,3.0,2.0,2.0,77.04,502,132
4359,,,,6.0,2.0,5.0,57.49,509,135
4360,,,,,,,78.32,508,150
4361,,,,1.0,2.0,6.0,87.5,510,170
4362,,,,6.0,2.0,4.0,,604,155
4363,,,,6.0,3.0,2.0,,510,N
4364,,,,6.0,4.0,3.0,78.66,505,145
4365,,,,,,,36.43,507,128
4366,,,,6.0,3.0,4.0,74.59,502,130
4367,,,,6.0,3.0,3.0,34.05,507,122
4368,,,,6.0,4.0,3.0,42.15,506,125
4369,,,,8.0,2.0,1.0,99.05,600,250
4370,,,,6.0,5.0,5.0,84.51,509,170
4371,,,,8.0,3.0,2.0,,710,100
4372,,,,7.0,3.0,3.0,59.72,502,119
4373,,,,6.0,3.0,3.0,97.47,511,240
4374,,,,8.0,4.0,1.0,23.9,505,110
4375,,,,,,,75.68,502,120
4376,,,,6.0,3.0,4.0,30.7,506,120
4377,,,,6.0,3.0,4.0,33.36,507,121
4378,,,,1.0,2.0,4.0,0.0,506,90
4379,,,,8.0,4.0,5.0,19.72,501,100
4380,,,,8.0,2.0,,4.64,510,125
4381,,,,6.0,2.0,4.0,98.3,510,230
4382,,,,6.0,2.0,4.0,15.51,507,114
4383,,,,,,,96.52,504,171
4384,,,,6.0,3.0,2.0,,503,N
4385,,,,8.0,3.0,4.0,99.04,508,225
4386,,,,6.0,3.0,1.0,,510,160
4387,,,,8.0,1.0,3.0,36.53,502,107
4388,,,,6.0,2.0,2.0,32.67,501,105
4389,,,,8.0,3.0,2.0,95.76,601,225
4390,,,,6.0,1.0,5.0,69.6,511,150
4391,,,,,,,81.66,504,136
4392,,,,6.0,1.0,6.0,80.98,507,152
4393,,,,6.0,4.0,,93.05,507,173
4394,,,,8.0,4.0,2.0,6.48,600,130
4395,,,,7.0,1.0,4.0,69.55,504,125
4396,,,,,,,,510,N
4397,,,,8.0,5.0,3.0,27.82,504,109
4398,,,,7.0,2.0,4.0,,507,152
4399,,,,4.0,3.0,5.0,,N N,N
4400,,,,1.0,5.0,4.0,,506,130
4401,,,,6.0,1.0,4.0,90.08,510,185
4402,,,,3.0,1.0,1.0,63.41,509,157
4403,,,,,,,25.71,501,95
4404,,,,8.0,3.0,2.0,98.96,508,245
4405,,,,7.0,4.0,5.0,12.58,508,118
4406,,,,1.0,,,,610,119
4407,,,,8.0,4.0,3.0,,507,153
4408,,,,6.0,3.0,5.0,15.11,600,145
4409,,,,6.0,2.0,4.0,23.82,503,110
4410,,,,7.0,4.0,2.0,96.35,504,175
4411,,,,,,,99.33,509,240
4412,,,,6.0,4.0,7.0,83.84,505,148
4413,,,,8.0,3.0,6.0,71.95,511,157
4414,,,,8.0,4.0,7.0,91.69,511,198
4415,,,,5.0,3.0,3.0,95.18,511,200
4416,,,,3.0,5.0,4.0,78.86,411,120
4417,,,,6.0,3.0,4.0,79.66,507,155
4418,,,,8.0,4.0,4.0,76.49,506,140
4419,,,,,,,90.1,509,169
4420,,,,8.0,2.0,1.0,38.29,507,128
4421,,,,8.0,4.0,1.0,98.75,507,210
4422,,,,4.0,,4.0,99.09,509,282
4423,,,,8.0,1.0,3.0,11.8,510,135
4424,,,,8.0,3.0,3.0,99.08,602,275
4425,,,,,,,97.58,503,180
4426,,,,8.0,4.0,5.0,19.94,501,98
4427,,,,8.0,2.0,4.0,43.23,503,108
4428,,,,6.0,3.0,6.0,82.96,504,140
4429,,,,5.0,2.0,2.0,95.79,600,210
4430,,,,4.0,4.0,1.0,80.03,503,140
4431,,,,,,,53.25,507,130
4432,,,,6.0,4.0,1.0,98.29,600,230
4433,,,,6.0,3.0,4.0,7.84,509,120
4434,,,,5.0,1.0,2.0,96.4,504,185
4435,,,,6.0,4.0,1.0,95.57,506,190
4436,,,,1.0,5.0,,75.24,600,165
4437,,,,,,,56.06,602,155
4438,,,,6.0,3.0,2.0,99.82,511,310
4439,,,,6.0,3.0,5.0,88.67,504,158
4440,,,,8.0,2.0,4.0,70.79,504,135
4441,,,,8.0,5.0,,,508,N
4442,,,,,,,68.14,507,135
4443,,,,8.0,2.0,4.0,,711,399
4444,,,,6.0,1.0,3.0,83.71,600,190
4445,,,,2.0,3.0,1.0,,N N,203
4446,,,,1.0,4.0,3.0,79.48,508,146
4447,,,,8.0,3.0,4.0,13.01,507,108
4448,,,,6.0,3.0,3.0,,600,151
4449,,,,7.0,3.0,2.0,69.15,503,129
4450,,,,1.0,2.0,2.0,54.37,601,165
4451,,,,,,,94.54,506,175
4452,,,,8.0,2.0,6.0,88.53,507,165
4453,,,,5.0,1.0,1.0,36.43,507,128
4454,,,,8.0,2.0,1.0,,506,N
4455,,,,6.0,4.0,4.0,32.5,502,100
4456,,,,,,,,505,128
4457,,,,6.0,1.0,5.0,37.04,600,157
4458,,,,6.0,2.0,3.0,81.79,508,163
4459,,,,6.0,1.0,3.0,3.43,506,103
4460,,,,8.0,4.0,4.0,53.32,502,108
4461,,,,6.0,3.0,4.0,30.28,509,130
4462,,,,8.0,4.0,,17.81,500,91
4463,,,,,,,60.07,504,123
4464,,,,8.0,1.0,4.0,61.88,509,147
4465,,,,1.0,,7.0,99.96,501,300
4466,,,,8.0,4.0,,74.35,504,135
4467,,,,8.0,1.0,4.0,28.82,509,132
4468,,,,6.0,4.0,2.0,39.31,502,112
4469,,,,5.0,2.0,4.0,98.65,507,208
4470,,,,,,,54.05,508,135
4471,,,,7.0,1.0,5.0,58.07,510,145
4472,,,,6.0,4.0,4.0,56.76,504,121
4473,,,,6.0,4.0,4.0,56.12,505,124
4474,,,,6.0,4.0,5.0,3.0,501,88
4475,,,,7.0,3.0,6.0,60.51,505,130
4476,,,,8.0,1.0,2.0,15.11,600,145
4477,,,,5.0,4.0,3.0,42.13,511,150
4478,,,,6.0,3.0,5.0,45.81,510,139
4479,,,,,,,,306,66
4480,,,,6.0,1.0,2.0,26.15,506,118
4481,,,,6.0,4.0,1.0,83.96,506,150
4482,,,,6.0,1.0,5.0,12.09,509,123
4483,,,,1.0,3.0,2.0,8.54,603,151
4484,,,,4.0,2.0,3.0,96.28,500,160
4485,,,,3.0,1.0,,,510,N
4486,,,,,,,,509,128
4487,,,,6.0,4.0,3.0,71.41,503,125
4488,,,,,,7.0,98.28,502,190
4489,,,,8.0,4.0,3.0,11.5,506,113
4490,,,,8.0,4.0,3.0,40.85,507,130
4491,,,,8.0,3.0,5.0,82.26,511,182
4492,,,,7.0,4.0,1.0,96.37,603,225
4493,,,,,,,93.82,506,160
4494,,,,7.0,3.0,5.0,89.74,602,200
4495,,,,6.0,3.0,2.0,6.85,501,95
4496,,,,5.0,1.0,5.0,98.92,507,235
4497,,,,,A,,,507,399
4498,,,,8.0,5.0,,68.25,503,123
4499,,,,8.0,3.0,3.0,35.26,508,132
4500,,,,1.0,,3.0,,600,230
4501,,,,8.0,5.0,4.0,6.55,508,120
4502,,,,8.0,2.0,3.0,38.28,506,125
4503,,,,6.0,2.0,4.0,60.66,600,160
4504,,,,6.0,3.0,4.0,98.24,503,190
4505,,,,4.0,2.0,3.0,60.77,600,170
4506,,,,6.0,3.0,2.0,9.15,602,135
4507,,,,1.0,1.0,3.0,36.35,508,136
4508,,,,1.0,5.0,4.0,93.28,503,148
4509,,,,6.0,4.0,1.0,60.52,507,140
4510,,,,8.0,3.0,3.0,48.82,506,125
4511,,,,6.0,3.0,4.0,52.09,506,135
4512,,,,6.0,4.0,2.0,98.31,503,198
4513,,,,5.0,1.0,4.0,60.66,600,160
4514,,,,,,,87.44,507,150
4515,,,,5.0,5.0,6.0,74.61,507,150
4516,,,,6.0,5.0,5.0,38.69,503,112
4517,,,,,4.0,3.0,70.55,508,158
4518,,,,7.0,3.0,3.0,89.97,510,175
4519,,,,6.0,3.0,2.0,92.24,507,182
4520,,,,,,,,N N,160
4521,,,,6.0,1.0,4.0,99.17,510,243
4522,,,,6.0,2.0,3.0,63.8,508,140
4523,,,,1.0,1.0,4.0,27.96,600,148
4524,,,,6.0,4.0,2.0,3.27,504,95
4525,,,,6.0,4.0,2.0,,506,N
4526,,,,1.0,2.0,3.0,90.38,509,175
4527,,,,,,,94.79,501,150
4528,,,,6.0,1.0,4.0,2.31,510,125
4529,,,,6.0,3.0,3.0,,506,100
4530,,,,8.0,4.0,3.0,68.07,508,150
4531,,,,6.0,3.0,5.0,21.4,600,140
4532,,,,6.0,3.0,1.0,74.72,500,120
4533,,,,1.0,3.0,4.0,30.14,511,135
4534,,,,1.0,1.0,1.0,4.87,511,120
4535,,,,5.0,3.0,5.0,94.89,506,190
4536,,,,6.0,4.0,4.0,47.58,504,120
4537,,,,8.0,4.0,1.0,,503,N
4538,,,,6.0,2.0,3.0,71.04,505,140
4539,,,,1.0,2.0,1.0,3.74,510,120
4540,,,,8.0,3.0,3.0,,609,270
4541,,,,5.0,2.0,,84.55,508,170
4542,,,,6.0,3.0,4.0,,511,145
4543,,,,8.0,1.0,3.0,78.82,507,150
4544,,,,3.0,1.0,3.0,,508,140
4545,,,,6.0,2.0,2.0,95.79,507,201
4546,,,,8.0,2.0,,78.5,507,145
4547,,,,,,,28.81,510,136
4548,,,,6.0,3.0,4.0,95.38,509,190
4549,,,,8.0,2.0,4.0,,506,N
4550,,,,8.0,4.0,4.0,77.2,502,130
4551,,,,4.0,2.0,5.0,1.27,502,85
4552,,,,6.0,1.0,1.0,49.82,601,159
4553,,,,7.0,,3.0,,505,140
4554,,,,8.0,4.0,5.0,,507,N
4555,,,,3.0,1.0,4.0,96.43,505,170
4556,,,,6.0,3.0,4.0,88.73,500,135
4557,,,,7.0,3.0,2.0,97.37,510,210
4558,,,,1.0,5.0,5.0,,504,N
4559,,,,6.0,2.0,4.0,74.42,504,140
4560,,,,8.0,4.0,3.0,0.35,511,110
4561,,,,8.0,2.0,2.0,99.45,504,220
4562,,,,6.0,2.0,3.0,41.48,507,125
4563,,,,5.0,5.0,1.0,25.05,601,145
4564,,,,1.0,3.0,5.0,98.98,504,210
4565,,,,6.0,5.0,2.0,98.66,501,210
4566,,,,8.0,1.0,,,501,N
4567,,,,6.0,5.0,3.0,90.51,511,185
4568,,,,8.0,1.0,5.0,14.39,504,100
4569,,,,7.0,3.0,2.0,50.96,502,115
4570,,,,8.0,3.0,4.0,86.88,503,140
4571,,,,6.0,2.0,4.0,28.16,502,106
4572,,,,7.0,4.0,3.0,83.07,503,135
4573,,,,8.0,4.0,3.0,91.69,603,215
4574,,,,6.0,4.0,5.0,65.52,504,126
4575,,,,6.0,1.0,6.0,87.6,504,150
4576,,,,8.0,4.0,3.0,,504,N
4577,,,,6.0,3.0,4.0,13.16,505,110
4578,,,,8.0,3.0,2.0,,502,180
4579,,,,8.0,2.0,3.0,64.18,503,126
4580,,,,1.0,1.0,6.0,41.9,600,140
4581,,,,8.0,4.0,3.0,21.58,502,105
4582,,,,6.0,4.0,4.0,70.84,502,120
4583,,,,6.0,1.0,5.0,95.22,500,150
4584,,,,2.0,3.0,4.0,26.17,504,113
4585,,,,7.0,1.0,3.0,79.19,508,165
4586,,,,8.0,4.0,4.0,4.91,508,109
4587,,,,6.0,3.0,4.0,35.05,505,120
4588,,,,6.0,3.0,2.0,79.94,511,164
4589,,,,6.0,1.0,4.0,10.13,510,130
4590,,,,6.0,4.0,3.0,,602,N
4591,,,,5.0,,,78.75,508,160
4592,,,,4.0,2.0,4.0,94.66,508,200
4593,,,,,,,,710,90
4594,,,,6.0,2.0,1.0,,606,N
4595,,,,8.0,2.0,2.0,51.57,505,130
4596,,,,6.0,4.0,1.0,19.38,510,127
4597,,,,,1.0,1.0,84.11,600,180
4598,,,,7.0,2.0,ten,89.46,411,130
4599,,,,6.0,4.0,5.0,,501,160
4600,,,,8.0,5.0,5.0,97.27,502,175
4601,,,,8.0,1.0,1.0,11.76,508,120
4602,,,,,,,96.72,501,170
4603,,,,5.0,3.0,4.0,93.27,509,177
4604,,,,,,,74.22,506,140
4605,,,,8.0,5.0,5.0,,504,217
4606,,,,2.0,2.0,3.0,3.02,509,115
4607,,,,5.0,1.0,4.0,36.8,505,120
4608,,,,,,,26.69,510,135
4609,,,,6.0,1.0,4.0,45.17,601,155
4610,,,,6.0,1.0,1.0,92.62,505,160
4611,,,,4.0,4.0,,98.1,503,200
4612,,,,7.0,,,71.25,501,120
4613,,,,,,,70.67,503,130
4614,,,,6.0,4.0,3.0,6.18,501,93
4615,,,,8.0,5.0,4.0,64.31,501,116
4616,,,,8.0,1.0,3.0,85.97,501,136
4617,,,,6.0,4.0,1.0,35.74,509,130
4618,,,,,,,82.88,503,138
4619,,,,4.0,1.0,5.0,71.42,509,143
4620,,,,6.0,1.0,4.0,,403,103
4621,,,,8.0,3.0,4.0,73.25,503,129
4622,,,,8.0,3.0,3.0,55.34,504,128
4623,,,,5.0,3.0,6.0,,506,N
4624,,,,6.0,2.0,4.0,84.46,509,160
4625,,,,7.0,3.0,3.0,25.1,506,120
4626,,,,6.0,1.0,4.0,51.66,508,140
4627,,,,1.0,3.0,4.0,85.59,407,100
4628,,,,6.0,3.0,4.0,41.49,511,145
4629,,,,8.0,5.0,3.0,6.38,504,103
4630,,,,5.0,3.0,4.0,84.52,601,190
4631,,,,8.0,3.0,4.0,84.64,509,155
4632,,,,1.0,3.0,4.0,73.88,510,155
4633,,,,8.0,5.0,3.0,95.87,503,170
4634,,,,6.0,2.0,4.0,42.05,600,155
4635,,,,6.0,1.0,4.0,34.1,500,97
4636,,,,6.0,1.0,5.0,38.28,506,125
4637,,,,6.0,3.0,3.0,66.09,502,120
4638,,,,6.0,1.0,4.0,65.23,507,145
4639,,,,8.0,4.0,2.0,96.84,508,185
4640,,,,5.0,3.0,3.0,82.08,502,132
4641,,,,6.0,3.0,4.0,,N N,N
4642,,,,1.0,1.0,1.0,,500,100
4643,,,,7.0,1.0,4.0,5.39,506,105
4644,,,,6.0,4.0,3.0,51.33,507,135
4645,,,,6.0,4.0,3.0,51.33,507,135
4646,,,,6.0,1.0,5.0,60.77,600,170
4647,,,,5.0,1.0,4.0,53.25,507,130
4648,,,,8.0,5.0,3.0,35.67,504,115
4649,,,,6.0,3.0,2.0,54.77,508,140
4650,,,,8.0,3.0,2.0,62.81,507,130
4651,,,,6.0,4.0,5.0,84.19,505,145
4652,,,,8.0,3.0,2.0,52.01,505,125
4653,,,,6.0,2.0,3.0,61.05,510,161
4654,,,,8.0,1.0,5.0,,505,112
4655,,,,8.0,4.0,4.0,56.78,506,132
4656,,,,4.0,3.0,3.0,17.75,505,110
4657,,,,8.0,4.0,4.0,89.66,509,178
4658,,,,6.0,2.0,5.0,97.05,600,209
4659,,,,8.0,3.0,4.0,61.11,600,155
4660,,,,6.0,1.0,4.0,60.66,600,160
4661,,,,6.0,3.0,3.0,53.2,504,125
4662,,,,8.0,3.0,6.0,80.91,504,134
4663,,,,6.0,1.0,5.0,41.49,511,145
4664,,,,6.0,1.0,4.0,39.55,505,125
4665,,,,6.0,2.0,4.0,67.66,504,135
4666,,,,6.0,2.0,4.0,81.08,507,150
4667,,,,6.0,2.0,4.0,43.09,507,130
4668,,,,6.0,1.0,5.0,,509,N
4669,,,,8.0,4.0,3.0,65.94,503,127
4670,,,,6.0,1.0,5.0,86.48,506,150
4671,,,,8.0,3.0,3.0,47.52,505,120
4672,,,,8.0,3.0,,42.05,600,155
4673,,,,8.0,4.0,3.0,67.24,502,125
4674,,,,1.0,2.0,6.0,2.57,508,108
4675,,,,6.0,1.0,3.0,72.59,506,142
4676,,,,8.0,3.0,3.0,55.8,510,158
4677,,,,8.0,3.0,4.0,42.36,507,125
4678,,,,6.0,4.0,3.0,27.25,509,135
4679,,,,8.0,3.0,5.0,74.74,504,138
4680,,,,8.0,3.0,4.0,39.12,509,136
4681,,,,8.0,4.0,ten,62.36,505,135
4682,,,,6.0,3.0,4.0,31.25,502,105
4683,,,,7.0,3.0,,,601,142
4684,,,,2.0,3.0,4.0,73.92,504,128
4685,,,,6.0,3.0,5.0,71.41,503,125
4686,,,,5.0,2.0,4.0,90.07,508,170
4687,,,,6.0,2.0,7.0,23.82,503,110
4688,,,,8.0,1.0,,78.57,501,130
4689,,,,6.0,2.0,4.0,53.34,506,127
4690,,,,8.0,4.0,3.0,3.63,603,145
4691,,,,6.0,3.0,5.0,70.84,502,120
4692,,,,8.0,2.0,1.0,11.08,509,130
4693,,,,8.0,4.0,5.0,57.28,504,129
4694,,,,6.0,4.0,6.0,89.96,502,140
4695,,,,6.0,3.0,3.0,66.54,506,138
4696,,,,7.0,2.0,3.0,21.95,507,125
4697,,,,7.0,2.0,4.0,85.69,501,138
4698,,,,6.0,3.0,3.0,80.86,501,130
4699,,,,8.0,3.0,1.0,64.7,507,131
4700,,,,4.0,5.0,5.0,94.03,511,190
4701,,,,6.0,3.0,4.0,36.2,510,130
4702,,,,8.0,3.0,4.0,97.69,506,200
4703,,,,6.0,3.0,4.0,38.13,502,105
4704,,,,8.0,5.0,4.0,37.26,508,135
4705,,,,6.0,3.0,2.0,36.17,601,160
4706,,,,5.0,3.0,6.0,85.47,507,157
4707,,,,6.0,5.0,4.0,96.74,508,189
4708,,,,8.0,1.0,5.0,95.81,600,205
4709,,,,6.0,3.0,5.0,96.05,503,180
4710,,,,8.0,4.0,3.0,68.28,507,145
4711,,,,1.0,1.0,2.0,39.34,601,147
4712,,,,8.0,4.0,,87.56,505,150
4713,,,,6.0,3.0,5.0,33.65,501,107
4714,,,,7.0,5.0,1.0,46.75,502,115
4715,,,,8.0,3.0,5.0,99.21,507,240
4716,,,,8.0,3.0,3.0,,506,170
4717,,,,6.0,1.0,5.0,61.63,511,165
4718,,,,6.0,5.0,1.0,89.46,507,163
4719,,,,6.0,4.0,4.0,39.92,506,121
4720,,,,8.0,2.0,5.0,51.33,507,135
4721,,,,8.0,1.0,3.0,98.92,602,270
4722,,,,6.0,2.0,4.0,22.92,507,113
4723,,,,8.0,1.0,5.0,98.24,503,190
4724,,,,6.0,3.0,4.0,,610,N
4725,,,,6.0,4.0,2.0,30.79,502,107
4726,,,,6.0,4.0,1.0,99.62,604,320
4727,,,,6.0,3.0,4.0,98.57,600,243
4728,,,,3.0,1.0,4.0,63.49,507,135
4729,,,,6.0,4.0,1.0,76.31,505,140
4730,,,,8.0,2.0,4.0,80.04,603,200
4731,,,,3.0,3.0,5.0,99.36,510,250
4732,,,,6.0,4.0,4.0,,503,N
4733,,,,6.0,5.0,1.0,,502,N
4734,,,,5.0,3.0,6.0,97.66,510,224
4735,,,,6.0,2.0,5.0,99.81,510,305
4736,,,,5.0,1.0,5.0,43.78,506,123
4737,,,,1.0,1.0,4.0,61.88,502,115
4738,,,,8.0,2.0,3.0,87.83,511,190
4739,,,,8.0,3.0,6.0,52.77,501,108
4740,,,,6.0,2.0,5.0,45.92,502,108
4741,,,,8.0,1.0,4.0,76.17,505,145
4742,,,,8.0,2.0,,19.38,509,135
4743,,,,8.0,1.0,3.0,79.58,510,160
4744,,,,8.0,2.0,3.0,97.71,600,230
4745,,,,1.0,1.0,5.0,10.71,411,83
4746,,,,6.0,3.0,4.0,69.55,504,125
4747,,,,8.0,3.0,3.0,27.62,501,101
4748,,,,8.0,2.0,3.0,36.32,508,140
4749,,,,8.0,4.0,4.0,32.93,503,112
4750,,,,8.0,2.0,4.0,98.82,600,242
4751,,,,8.0,2.0,4.0,97.93,509,205
4752,,,,8.0,4.0,4.0,77.8,601,171
4753,,,,8.0,3.0,4.0,57.32,604,170
4754,,,,5.0,1.0,4.0,90.06,510,190
4755,,,,8.0,3.0,4.0,8.31,508,125
4756,,,,8.0,3.0,2.0,,700,120
4757,,,,6.0,4.0,5.0,99.35,507,250
4758,,,,8.0,4.0,5.0,91.84,503,160
4759,,,,5.0,3.0,4.0,98.07,605,275
4760,,,,8.0,4.0,1.0,55.57,500,105
4761,,,,8.0,1.0,5.0,26.67,601,155
4762,,,,8.0,4.0,3.0,,N N,N
4763,,,,6.0,4.0,2.0,87.56,505,150
4764,,,,6.0,2.0,4.0,56.02,604,175
4765,,,,5.0,3.0,5.0,52.25,600,165
4766,,,,8.0,2.0,3.0,84.17,507,160
4767,,,,5.0,3.0,4.0,,504,N
4768,,,,6.0,3.0,3.0,29.8,411,93
4769,,,,6.0,3.0,4.0,50.95,502,110
4770,,,,8.0,1.0,2.0,,611,315
4771,,,,2.0,2.0,4.0,87.69,600,180
4772,,,,8.0,4.0,6.0,38.2,505,116
4773,,,,8.0,5.0,1.0,56.48,507,135
4774,,,,6.0,4.0,2.0,34.11,508,135
4775,,,,6.0,1.0,3.0,70.22,506,143
4776,,,,5.0,4.0,4.0,98.92,505,230
4777,,,,6.0,4.0,2.0,93.29,602,210
4778,,,,6.0,2.0,5.0,97.38,504,190
4779,,,,6.0,4.0,3.0,17.6,502,97
4780,,,,4.0,2.0,5.0,57.32,503,120
4781,,,,8.0,3.0,5.0,63.31,603,185
4782,,,,7.0,1.0,5.0,61.66,602,180
4783,,,,8.0,4.0,1.0,99.24,511,250
4784,,,,6.0,5.0,2.0,90.3,507,169
4785,,,,7.0,3.0,4.0,95.79,600,210
4786,,,,6.0,4.0,1.0,99.33,506,267
4787,,,,6.0,4.0,2.0,,502,N
4788,,,,5.0,3.0,4.0,87.9,511,185
4789,,,,6.0,3.0,5.0,11.81,504,110
4790,,,,6.0,3.0,3.0,21.84,507,121
4791,,,,1.0,1.0,4.0,80.49,603,195
4792,,,,8.0,1.0,6.0,41.8,600,145
4793,,,,7.0,4.0,3.0,35.26,508,132
4794,,,,6.0,4.0,2.0,61.13,511,160
4795,,,,6.0,4.0,4.0,62.32,501,115
4796,,,,5.0,2.0,3.0,43.38,502,107
4797,,,,6.0,2.0,3.0,0.6,605,141
4798,,,,6.0,5.0,1.0,96.02,503,171
4799,,,,7.0,3.0,1.0,,502,N
4800,,,,,,,,N N,N
4801,,,,8.0,5.0,5.0,70.84,506,145
4802,,,,6.0,5.0,3.0,48.65,605,176
4803,,,,5.0,4.0,2.0,1.84,507,101
4804,,,,6.0,3.0,5.0,98.23,509,213
4805,,,,7.0,3.0,7.0,89.25,501,144
4806,,,,6.0,4.0,2.0,92.21,511,184
4807,,,,6.0,4.0,3.0,65.43,600,163
4808,,,,6.0,2.0,3.0,77.2,502,130
4809,,,,7.0,2.0,5.0,83.57,508,165
4810,,,,6.0,3.0,4.0,43.95,508,135
4811,,,,6.0,4.0,4.0,95.75,505,180
4812,,,,6.0,4.0,5.0,23.65,503,106
4813,,,,6.0,1.0,2.0,10.13,510,130
4814,,,,7.0,2.0,5.0,67.0,505,130
4815,,,,5.0,5.0,,97.54,508,200
4816,,,,8.0,3.0,2.0,78.35,506,150
4817,,,,8.0,2.0,4.0,73.35,502,127
4818,,,,2.0,3.0,7.0,,600,176
4819,,,,7.0,4.0,,66.09,502,120
4820,,,,8.0,2.0,4.0,98.56,505,225
4821,,,,8.0,4.0,3.0,,506,235
4822,,,,8.0,4.0,6.0,48.4,502,109
4823,,,,6.0,1.0,5.0,93.4,503,150
4824,,,,8.0,3.0,2.0,97.27,502,170
4825,,,,8.0,3.0,5.0,67.06,601,173
4826,,,,6.0,2.0,2.0,58.31,511,163
4827,,,,7.0,2.0,5.0,,503,N
4828,,,,6.0,3.0,4.0,81.1,506,150
4829,,,,6.0,2.0,3.0,98.18,509,216
4830,,,,6.0,1.0,5.0,78.96,511,163
4831,,,,8.0,3.0,4.0,69.91,506,140
4832,,,,8.0,2.0,5.0,79.67,600,180
4833,,,,6.0,4.0,4.0,96.51,508,215
4834,,,,1.0,1.0,1.0,69.51,600,176
4835,,,,8.0,2.0,4.0,,502,125
4836,,,,5.0,4.0,4.0,4.69,600,136
4837,,,,6.0,2.0,4.0,45.66,601,165
4838,,,,8.0,1.0,6.0,52.0,504,119
4839,,,,5.0,2.0,4.0,94.99,507,182
4840,,,,8.0,2.0,3.0,42.05,600,155
4841,,,,8.0,5.0,1.0,,711,399
4842,,,,8.0,1.0,4.0,48.68,507,128
4843,,,,5.0,2.0,4.0,92.22,505,168
4844,,,,6.0,1.0,5.0,73.74,510,165
4845,,,,1.0,4.0,4.0,,511,N
4846,,,,8.0,1.0,3.0,52.0,600,150
4847,,,,6.0,3.0,2.0,,502,130
4848,,,,2.0,3.0,2.0,45.29,504,119
4849,,,,5.0,2.0,3.0,93.81,505,170
4850,,,,,,,58.09,505,125
4851,,,,6.0,2.0,4.0,68.89,511,160
4852,,,,4.0,4.0,6.0,13.75,600,140
4853,,,,6.0,2.0,5.0,72.86,600,163
4854,,,,6.0,1.0,,35.19,502,101
4855,,,,6.0,4.0,3.0,96.97,506,208
4856,,,,6.0,4.0,4.0,,504,N
4857,,,,1.0,5.0,4.0,5.17,504,97
4858,,,,4.0,2.0,6.0,9.23,503,99
4859,,,,6.0,3.0,4.0,62.19,506,135
4860,,,,1.0,1.0,6.0,,504,N
4861,,,,6.0,3.0,3.0,40.85,509,135
4862,,,,8.0,4.0,3.0,75.23,502,123
4863,,,,7.0,5.0,3.0,93.85,503,160
4864,,,,8.0,1.0,6.0,79.92,510,155
4865,,,,,,,97.35,508,194
4866,,,,7.0,4.0,3.0,36.47,507,130
4867,,,,5.0,2.0,4.0,50.78,509,145
4868,,,,1.0,3.0,3.0,99.62,510,275
4869,,,,7.0,3.0,2.0,54.82,503,116
4870,,,,6.0,2.0,5.0,13.06,504,105
4871,,,,,,,81.89,504,135
4872,,,,6.0,2.0,5.0,52.0,600,150
4873,,,,6.0,4.0,,,505,150
4874,,,,8.0,2.0,4.0,98.33,504,206
4875,,,,6.0,4.0,4.0,84.96,507,155
4876,,,,8.0,3.0,3.0,12.19,600,143
4877,,,,5.0,4.0,4.0,53.97,504,120
4878,,,,8.0,2.0,,74.42,504,140
4879,,,,6.0,3.0,4.0,30.3,504,110
4880,,,,6.0,3.0,4.0,38.53,510,145
4881,,,,6.0,4.0,6.0,69.48,602,175
4882,,,,8.0,3.0,4.0,95.33,509,185
4883,,,,5.0,2.0,5.0,89.82,600,195
4884,,,,6.0,2.0,6.0,78.32,507,140
4885,,,,8.0,2.0,4.0,41.3,506,122
4886,,,,8.0,2.0,4.0,84.37,506,152
4887,,,,6.0,4.0,4.0,96.14,511,210
4888,,,,2.0,2.0,4.0,74.11,509,150
4889,,,,8.0,3.0,,69.55,504,125
4890,,,,8.0,4.0,5.0,81.71,505,142
4891,,,,6.0,1.0,6.0,79.13,508,149
4892,,,,7.0,3.0,4.0,21.38,510,130
4893,,,,8.0,3.0,4.0,27.78,503,105
4894,,,,8.0,3.0,4.0,30.94,508,130
4895,,,,7.0,2.0,5.0,40.55,503,110
4896,,,,8.0,3.0,1.0,28.83,603,160
4897,,,,1.0,3.0,4.0,8.11,504,102
4898,,,,5.0,2.0,4.0,38.19,509,140
4899,,,,6.0,3.0,3.0,71.06,502,123
4900,,,,6.0,1.0,5.0,76.31,505,140
4901,,,,8.0,5.0,3.0,96.44,505,190
4902,,,,6.0,4.0,4.0,63.79,504,125
4903,,,,6.0,4.0,4.0,58.88,509,150
4904,,,,6.0,5.0,5.0,94.97,500,145
4905,,,,6.0,2.0,3.0,60.66,600,160
4906,,Male ,,8.0,3.0,4.0,30.04,600,145
4907,,,,8.0,3.0,6.0,31.25,502,105
4908,,,,6.0,1.0,4.0,98.57,511,235
4909,,,,8.0,5.0,5.0,83.09,505,150
4910,,,,6.0,2.0,3.0,16.03,600,137
4911,,,,6.0,2.0,4.0,99.54,510,265
4912,,,,6.0,1.0,3.0,40.55,506,130
4913,,,,4.0,4.0,3.0,86.13,511,180
4914,,,,6.0,1.0,5.0,80.39,600,170
4915,,,,8.0,4.0,5.0,57.03,507,138
4916,,,,7.0,2.0,3.0,98.47,507,220
4917,,,,8.0,1.0,5.0,78.81,505,139
4918,,,,8.0,2.0,6.0,48.82,506,125
4919,,,,6.0,4.0,3.0,57.29,504,127
4920,,,,6.0,3.0,5.0,3.64,509,110
4921,,,,1.0,3.0,7.0,49.79,505,121
4922,,,,6.0,4.0,4.0,82.19,503,140
4923,,,,7.0,1.0,4.0,87.13,508,160
4924,,,,8.0,5.0,4.0,80.61,511,175
4925,,,,8.0,3.0,,31.37,601,153
4926,,,,6.0,3.0,4.0,46.93,602,161
4927,,,,6.0,3.0,3.0,40.02,600,154
4928,,,,6.0,2.0,4.0,94.92,601,210
4929,,,,7.0,4.0,3.0,18.67,502,100
4930,,,,6.0,4.0,5.0,69.91,506,140
4931,,,,8.0,4.0,4.0,74.19,505,135
4932,,,,6.0,5.0,2.0,23.65,504,110
4933,,,,8.0,4.0,3.0,1.63,510,120
4934,,,,5.0,4.0,,94.23,506,175
4935,,,,6.0,3.0,4.0,15.57,508,114
4936,,,,5.0,4.0,6.0,91.93,503,150
4937,,,,8.0,1.0,3.0,71.37,602,182
4938,,,,4.0,3.0,4.0,75.69,511,160
4939,,,,6.0,2.0,ten,51.78,511,150
4940,,,,5.0,2.0,5.0,77.92,509,148
4941,,,,6.0,2.0,4.0,43.09,507,130
4942,,,,6.0,4.0,2.0,,510,145
4943,,,,5.0,2.0,4.0,80.21,503,132
4944,,,,7.0,4.0,4.0,29.47,511,140
4945,,,,8.0,4.0,2.0,82.96,504,140
4946,,,,8.0,5.0,2.0,38.55,503,116
4947,,,,5.0,3.0,6.0,74.42,509,160
4948,,,,8.0,4.0,7.0,47.58,504,120
4949,,,,8.0,3.0,4.0,25.1,506,120
4950,,,,6.0,4.0,4.0,90.63,505,160
4951,,,,6.0,3.0,,40.83,507,132
4952,,,,6.0,4.0,3.0,16.01,508,120
4953,,,,6.0,4.0,3.0,97.61,504,193
4954,,,,7.0,4.0,2.0,45.37,509,140
4955,,,,6.0,3.0,3.0,85.29,505,150
4956,,,,6.0,4.0,4.0,52.85,506,130
4957,,,,8.0,4.0,2.0,99.36,503,260
4958,,,,6.0,4.0,4.0,74.42,504,140
4959,,,,4.0,3.0,2.0,,506,135
4960,,,,6.0,3.0,4.0,77.32,510,170
4961,,,,7.0,5.0,2.0,95.23,502,164
4962,,,,7.0,4.0,3.0,83.94,509,170
4963,,,,6.0,4.0,5.0,18.46,504,110
4964,,,,8.0,4.0,4.0,57.45,506,135
4965,,,,5.0,4.0,5.0,62.39,503,125
4966,,,,6.0,3.0,3.0,65.89,506,140
4967,,,,6.0,3.0,4.0,,507,115
4968,,,,7.0,4.0,1.0,80.49,603,195
4969,,,,7.0,3.0,5.0,53.2,504,125
4970,,,,5.0,4.0,3.0,15.53,507,120
4971,,,,6.0,4.0,6.0,,600,160
4972,,,,8.0,3.0,2.0,97.08,503,190
4973,,,,7.0,3.0,3.0,29.93,504,115
4974,,,,7.0,3.0,5.0,84.8,505,155
4975,,,,7.0,3.0,,55.79,508,145
4976,sixteen,,,7.0,5.0,6.0,43.15,506,128
4977,,,,8.0,2.0,3.0,98.75,600,240
4978,,,,3.0,3.0,5.0,97.01,505,185
4979,,,,4.0,2.0,2.0,87.1,505,150
4980,,,,6.0,1.0,1.0,97.68,502,180
4981,,,,1.0,4.0,5.0,76.78,507,152
4982,,,,6.0,3.0,2.0,92.69,507,180
4983,,,,2.0,2.0,4.0,,N N,N
4984,,,,6.0,1.0,5.0,26.72,509,131
4985,,,,2.0,2.0,5.0,67.85,502,125
4986,,,,1.0,1.0,ten,,704,300
4987,,,,8.0,3.0,4.0,90.28,506,165
4988,,,,8.0,3.0,3.0,82.96,600,173
4989,,,,6.0,3.0,2.0,98.34,601,240
4990,,,,6.0,4.0,4.0,99.01,504,220
4991,,,,8.0,2.0,4.0,86.8,506,150
4992,,,,8.0,3.0,5.0,98.28,504,198
4993,,,,6.0,2.0,6.0,77.09,501,118
4994,,,,6.0,5.0,5.0,41.68,504,115
4995,,,,5.0,2.0,3.0,98.07,503,187
4996,,,,6.0,5.0,3.0,,502,154
4997,,,,8.0,3.0,4.0,54.77,508,140
4998,,,,8.0,3.0,5.0,99.03,504,230
4999,,,,8.0,5.0,7.0,78.96,409,110
5000,,,,6.0,2.0,3.0,94.76,508,183
5001,,,,4.0,1.0,,99.84,511,317
5002,,,,6.0,1.0,5.0,89.83,507,154
5003,,,,6.0,3.0,1.0,93.7,507,173
5004,,,,8.0,1.0,7.0,71.29,509,153
5005,,,,2.0,1.0,4.0,9.48,511,124
5006,,,,8.0,3.0,3.0,98.45,510,224
5007,,,,6.0,2.0,5.0,84.66,501,125
5008,,,,2.0,2.0,5.0,94.51,508,182
5009,,,,8.0,3.0,3.0,,N N,N
5010,,,,6.0,3.0,5.0,86.31,505,148
5011,,,,4.0,3.0,4.0,,507,N
5012,,,,4.0,3.0,4.0,78.35,506,150
5013,,,,8.0,3.0,2.0,97.77,510,210
5014,,,,6.0,4.0,3.0,67.46,601,168
5015,,,,6.0,3.0,3.0,97.84,600,223
5016,,,,8.0,4.0,1.0,36.35,508,136
5017,,,,8.0,2.0,2.0,72.97,504,125
5018,,,,1.0,1.0,3.0,98.4,607,280
5019,,,,8.0,3.0,2.0,17.94,503,98
5020,,,,8.0,2.0,2.0,99.87,600,350
5021,,,,6.0,2.0,2.0,32.7,505,119
5022,,,,6.0,3.0,5.0,1.88,507,110
5023,,,,8.0,3.0,4.0,74.81,604,195
5024,,,,6.0,1.0,4.0,92.19,510,185
5025,,,,7.0,1.0,3.0,78.32,508,150
5026,,,,6.0,1.0,5.0,80.0,602,173
5027,,,,6.0,4.0,7.0,23.65,504,110
5028,,,,8.0,3.0,5.0,98.96,502,210
5029,,,,8.0,1.0,2.0,90.51,511,185
5030,,,,8.0,5.0,4.0,,500,N
5031,,,,5.0,3.0,5.0,83.38,508,160
5032,,,,6.0,,,,502,102
5033,,,,8.0,4.0,3.0,91.61,501,140
5034,,,,8.0,1.0,3.0,19.16,606,157
5035,,,,,,,,706,N
5036,,,,8.0,4.0,3.0,99.54,505,287
5037,,,,3.0,2.0,4.0,65.35,510,144
5038,,,,8.0,1.0,3.0,84.85,601,185
5039,,,,6.0,2.0,4.0,98.85,510,230
5040,,,,,,,,506,32
5041,,,,8.0,5.0,2.0,87.77,508,161
5042,,,,8.0,5.0,5.0,36.56,507,119
5043,,,,8.0,1.0,,80.48,511,175
5044,,,,6.0,1.0,5.0,67.74,505,125
5045,,,,2.0,2.0,2.0,80.24,500,122
5046,,,,7.0,4.0,5.0,40.06,510,150
5047,,,,8.0,1.0,4.0,90.94,511,186
5048,,,,8.0,3.0,3.0,91.02,507,178
5049,,,,8.0,3.0,3.0,,N N,98
5050,,,,4.0,3.0,4.0,57.6,501,115
5051,,,,6.0,2.0,2.0,72.48,510,164
5052,,,,8.0,1.0,3.0,95.09,504,180
5053,,,,6.0,2.0,4.0,99.02,506,255
5054,,,,6.0,1.0,5.0,99.59,504,228
5055,,,,8.0,4.0,1.0,89.49,508,180
5056,,,,8.0,4.0,2.0,21.58,502,105
5057,,,,6.0,5.0,2.0,65.18,600,168
5058,,,,8.0,4.0,3.0,40.85,507,130
5059,,,,5.0,3.0,2.0,45.15,601,160
5060,,,,1.0,4.0,2.0,,506,N
5061,,,,8.0,3.0,5.0,99.39,504,217
5062,,,,6.0,4.0,4.0,96.6,508,205
5063,,,,4.0,1.0,3.0,91.99,600,195
5064,,,,1.0,1.0,5.0,95.18,511,200
5065,,,,6.0,3.0,1.0,98.23,504,218
5066,,,,8.0,4.0,4.0,96.58,600,220
5067,,,,4.0,1.0,5.0,27.91,510,140
5068,,,,8.0,5.0,4.0,91.79,501,150
5069,,,,8.0,1.0,2.0,52.04,602,174
5070,,,,8.0,3.0,1.0,84.41,509,165
5071,,,,6.0,3.0,4.0,0.4,504,95
5072,,,,6.0,5.0,3.0,65.92,506,142
5073,,,,8.0,3.0,3.0,97.27,508,225
5074,,,,6.0,4.0,5.0,11.04,602,150
5075,,,,8.0,1.0,7.0,9.59,601,140
5076,,,,6.0,2.0,4.0,57.8,507,141
5077,,,,6.0,2.0,2.0,81.86,503,142
5078,,,,8.0,1.0,6.0,98.13,502,200
5079,,,,8.0,2.0,4.0,28.83,603,160
5080,,,,8.0,3.0,2.0,6.78,509,123
5081,,,,6.0,2.0,1.0,33.1,600,155
5082,,,,8.0,4.0,3.0,38.19,509,140
5083,,,,8.0,2.0,2.0,72.6,508,155
5084,,,,8.0,3.0,2.0,93.33,506,182
5085,,,,6.0,2.0,,99.7,508,267
5086,,,,6.0,1.0,5.0,11.76,508,120
5087,,,,6.0,2.0,4.0,,507,165
5088,,,,7.0,2.0,3.0,29.32,603,165
5089,,,,5.0,1.0,5.0,67.72,505,142
5090,,,,3.0,3.0,,73.72,510,160
5091,,,,6.0,1.0,3.0,74.35,504,135
5092,,,,8.0,2.0,4.0,82.96,506,158
5093,,,,6.0,2.0,5.0,81.97,507,153
5094,,,,8.0,3.0,4.0,87.6,504,150
5095,,,2,8.0,3.0,4.0,27.19,511,147
5096,,,,7.0,1.0,3.0,38.53,510,145
5097,,,,6.0,3.0,3.0,97.85,511,220
5098,,,,,,,85.39,510,182
5099,,,,,,,4.64,510,125
5100,,,,6.0,2.0,3.0,97.91,510,220
5101,,,,8.0,3.0,2.0,98.28,506,225
5102,,,,8.0,4.0,3.0,9.85,506,112
5103,,,,6.0,3.0,3.0,95.49,603,230
5104,,,,8.0,,4.0,87.25,506,162
5105,,,,6.0,4.0,5.0,71.04,505,140
5106,,,,7.0,3.0,4.0,27.97,503,110
5107,,,,6.0,4.0,4.0,98.05,504,200
5108,,,,,,,94.43,602,220
5109,,,,6.0,2.0,3.0,88.75,506,158
5110,,,,8.0,1.0,1.0,,711,160
5111,,,,6.0,3.0,4.0,69.87,505,135
5112,,,,6.0,2.0,5.0,62.48,508,140
5113,,,,5.0,3.0,2.0,89.7,506,155
5114,,,,4.0,3.0,3.0,26.05,506,120
5115,,,,6.0,3.0,4.0,,502,130
5116,,,,6.0,5.0,1.0,,504,N
5117,,,,3.0,3.0,3.0,,500,N
5118,,,,8.0,3.0,4.0,18.94,504,110
5119,,,,1.0,5.0,1.0,93.32,601,198
5120,,,,6.0,4.0,4.0,21.46,505,110
5121,,,,6.0,4.0,5.0,9.14,504,100
5122,,,,5.0,3.0,1.0,81.17,506,144
5123,,,,8.0,1.0,7.0,84.25,511,169
5124,,,,8.0,4.0,1.0,47.94,503,113
5125,,,,8.0,3.0,4.0,89.23,502,142
5126,,,,6.0,4.0,4.0,91.47,510,178
5127,,,,6.0,2.0,4.0,90.37,507,160
5128,,,,6.0,3.0,3.0,85.79,507,160
5129,,,,6.0,3.0,5.0,31.69,511,145
5130,,,,2.0,4.0,6.0,95.48,506,180
5131,,,,8.0,1.0,3.0,4.07,503,95
5132,,,,8.0,4.0,2.0,82.39,502,135
5133,,,,6.0,1.0,,,511,175
5134,,,,8.0,4.0,3.0,91.13,502,146
5135,,,,6.0,2.0,4.0,79.0,600,174
5136,,,,8.0,4.0,5.0,76.76,503,132
5137,,,,1.0,1.0,7.0,20.45,605,160
5138,,,,6.0,3.0,3.0,90.69,507,170
5139,,,,7.0,2.0,4.0,52.94,507,130
5140,,,,4.0,3.0,2.0,,508,N
5141,,,,7.0,5.0,1.0,28.77,507,122
5142,,,,8.0,5.0,,43.04,503,111
5143,,,,6.0,4.0,1.0,66.09,502,120
5144,,,,8.0,4.0,,52.85,506,130
5145,,,,7.0,2.0,4.0,92.22,508,170
5146,,,,8.0,3.0,5.0,94.83,503,160
5147,,,,6.0,3.0,3.0,,511,N
5148,,,,6.0,2.0,3.0,89.74,602,200
5149,,,,6.0,3.0,4.0,81.38,505,145
5150,,,,8.0,3.0,,50.28,503,114
5151,,,,8.0,4.0,2.0,61.79,505,130
5152,,,,6.0,3.0,7.0,84.11,600,180
5153,,,,6.0,1.0,5.0,74.24,503,130
5154,,,,6.0,2.0,5.0,16.01,601,140
5155,,,,8.0,4.0,3.0,87.19,501,135
5156,,,,2.0,4.0,2.0,,511,N
5157,,,,6.0,3.0,3.0,81.86,508,160
5158,,,,8.0,2.0,3.0,26.69,510,135
5159,,,,4.0,1.0,5.0,82.65,603,192
5160,,,,6.0,3.0,3.0,24.92,502,100
5161,,,,6.0,3.0,2.0,19.13,507,120
5162,,,,3.0,3.0,5.0,98.48,506,200
5163,,,,2.0,2.0,6.0,,411,60
5164,,,,6.0,4.0,5.0,96.12,600,212
5165,,,,8.0,4.0,3.0,99.1,505,240
5166,,,,8.0,4.0,2.0,45.32,503,117
5167,,,,6.0,4.0,3.0,,511,132
5168,,,,6.0,2.0,4.0,26.02,506,115
5169,,,,1.0,1.0,4.0,92.6,509,175
5170,,,,6.0,3.0,4.0,52.22,503,120
5171,,,,8.0,1.0,5.0,39.01,602,162
5172,,,,6.0,1.0,6.0,,604,N
5173,,,,5.0,4.0,1.0,40.55,503,110
5174,,,,5.0,1.0,4.0,21.4,600,140
5175,,,Grade 10,8.0,2.0,4.0,12.85,600,135
5176,,,,6.0,4.0,4.0,57.32,503,120
5177,,,,8.0,3.0,4.0,37.58,506,120
5178,,,,6.0,2.0,4.0,13.28,510,128
5179,,,,4.0,4.0,3.0,62.98,411,108
5180,,,,6.0,3.0,5.0,85.29,505,150
5181,,,,8.0,3.0,5.0,46.08,503,115
5182,,,,6.0,2.0,3.0,85.38,510,172
5183,,,,6.0,4.0,3.0,52.94,507,130
5184,,,,8.0,2.0,5.0,68.83,511,165
5185,,,,8.0,3.0,4.0,47.25,508,135
5186,,,,4.0,1.0,3.0,48.68,507,128
5187,,,,5.0,4.0,1.0,,501,N
5188,,,,1.0,3.0,4.0,94.63,506,180
5189,,,,8.0,3.0,4.0,57.02,505,130
5190,,,,8.0,4.0,1.0,52.85,506,130
5191,,,,6.0,4.0,3.0,90.25,500,135
5192,,,,6.0,3.0,4.0,29.93,504,115
5193,,,,6.0,4.0,2.0,42.05,600,155
5194,,,,6.0,4.0,4.0,64.33,511,157
5195,,,,8.0,5.0,3.0,0.5,510,105
5196,,,,8.0,3.0,4.0,38.08,504,110
5197,,,,6.0,2.0,3.0,57.56,511,148
5198,,,,8.0,4.0,5.0,87.19,600,190
5199,,,,6.0,5.0,3.0,8.88,503,101
5200,,,,,,,90.52,600,180
5201,,,,6.0,2.0,5.0,40.93,506,134
5202,,,,8.0,3.0,2.0,95.84,601,220
5203,,,,5.0,3.0,4.0,63.79,504,125
5204,,,,5.0,3.0,4.0,54.05,508,135
5205,,,,6.0,5.0,4.0,99.65,601,300
5206,,,,8.0,1.0,5.0,,504,140
5207,,,,6.0,4.0,1.0,93.89,508,175
5208,,,,8.0,1.0,3.0,74.8,602,185
5209,,,,6.0,4.0,1.0,19.33,505,120
5210,,,,7.0,4.0,4.0,10.0,505,100
5211,,,,8.0,4.0,4.0,50.11,510,141
5212,,,,8.0,3.0,4.0,94.79,600,210
5213,,,,6.0,2.0,2.0,97.28,601,236
5214,,,,6.0,3.0,2.0,66.75,510,150
5215,,,,6.0,3.0,6.0,36.9,510,135
5216,,,,1.0,5.0,5.0,29.23,508,120
5217,,,,6.0,4.0,3.0,,508,170
5218,,,,6.0,2.0,5.0,46.18,508,136
5219,,,,6.0,4.0,3.0,63.19,500,115
5220,,,,7.0,3.0,3.0,22.22,600,145
5221,,,,6.0,3.0,5.0,36.78,511,138
5222,,,,6.0,1.0,4.0,39.83,507,120
5223,,,,6.0,2.0,4.0,0.42,507,108
5224,,,,5.0,2.0,5.0,94.14,505,160
5225,,,,6.0,3.0,1.0,91.89,503,157
5226,,,,6.0,3.0,4.0,87.12,501,140
5227,,,,1.0,1.0,4.0,83.53,507,145
5228,,,,6.0,1.0,3.0,,502,113
5229,,,,8.0,5.0,3.0,51.65,506,132
5230,,,,6.0,4.0,3.0,96.73,510,200
5231,,,,8.0,3.0,5.0,99.46,601,280
5232,,,,4.0,1.0,5.0,58.1,510,140
5233,,,,8.0,2.0,4.0,66.53,507,150
5234,,,,6.0,4.0,5.0,97.92,505,216
5235,,,,6.0,2.0,5.0,98.07,601,245
5236,,,,6.0,3.0,3.0,56.06,602,155
5237,,,,1.0,2.0,5.0,61.71,600,150
5238,,,,7.0,2.0,5.0,24.76,507,130
5239,,,,5.0,3.0,1.0,4.43,504,98
5240,,,,6.0,4.0,5.0,41.64,508,135
5241,,,,6.0,1.0,3.0,21.97,502,96
5242,,,,6.0,2.0,4.0,0.67,510,120
5243,,,,8.0,3.0,4.0,25.57,511,142
5244,,,,8.0,5.0,,27.91,510,140
5245,,,,8.0,5.0,6.0,92.11,509,180
5246,,,,6.0,4.0,5.0,99.39,604,300
5247,,,,6.0,5.0,3.0,84.35,506,160
5248,,,,6.0,2.0,3.0,87.36,509,174
5249,,,,1.0,4.0,3.0,,507,N
5250,,,,6.0,2.0,3.0,79.56,600,185
5251,,,,7.0,2.0,4.0,96.18,603,240
5252,,,,6.0,4.0,2.0,96.26,507,200
5253,,,,8.0,2.0,5.0,88.11,502,140
5254,,,,8.0,3.0,4.0,,508,N
5255,,,,8.0,3.0,4.0,,303,169
5256,,,,8.0,2.0,6.0,74.24,503,130
5257,,,,6.0,1.0,5.0,95.18,511,195
5258,,,,5.0,1.0,5.0,9.85,602,149
5259,,,,8.0,1.0,1.0,80.37,601,190
5260,,,,6.0,3.0,4.0,84.44,502,128
5261,,,,7.0,1.0,4.0,29.93,504,115
5262,,,,8.0,2.0,4.0,21.46,505,110
5263,,,,8.0,5.0,3.0,,500,150
5264,,,,1.0,2.0,6.0,98.76,500,206
5265,,,,5.0,4.0,2.0,48.67,506,125
5266,,,,1.0,3.0,2.0,92.24,511,200
5267,,,,8.0,2.0,4.0,83.84,510,175
5268,,,,7.0,2.0,5.0,27.27,600,143
5269,,,,6.0,3.0,3.0,45.45,504,113
5270,,,,1.0,1.0,3.0,52.25,600,165
5271,,,,2.0,3.0,4.0,4.78,511,128
5272,,,,8.0,3.0,5.0,47.31,500,108
5273,,,,,,,79.94,504,140
5274,,,,8.0,1.0,5.0,82.96,504,140
5275,,,,8.0,4.0,4.0,67.85,505,127
5276,,,,6.0,3.0,4.0,,502,N
5277,,,,8.0,2.0,3.0,97.43,603,235
5278,,,,8.0,2.0,3.0,40.59,501,100
5279,,,,6.0,4.0,4.0,18.56,504,105
5280,,,,6.0,2.0,2.0,60.51,505,130
5281,,,,7.0,2.0,2.0,12.29,509,114
5282,,,,6.0,2.0,6.0,,504,N
5283,,,,3.0,5.0,7.0,47.96,510,140
5284,,,,8.0,2.0,5.0,71.44,505,136
5285,,,,1.0,2.0,5.0,96.59,601,220
5286,,,,6.0,3.0,5.0,35.13,601,145
5287,,,,8.0,3.0,6.0,98.34,601,240
5288,,,,8.0,3.0,3.0,5.69,511,125
5289,,,,6.0,3.0,2.0,,501,N
5290,,,,6.0,4.0,3.0,21.96,508,120
5291,,,,8.0,1.0,5.0,42.79,508,130
5292,,,,8.0,1.0,4.0,53.75,509,138
5293,,,,2.0,3.0,5.0,19.89,603,145
5294,,,,8.0,3.0,6.0,57.01,509,140
5295,,,,6.0,1.0,3.0,,511,240
5296,,,,6.0,4.0,4.0,96.02,510,200
5297,,,,4.0,2.0,4.0,19.76,507,112
5298,,,,4.0,4.0,2.0,32.89,503,107
5299,,,,7.0,3.0,3.0,17.86,506,108
5300,,,,6.0,5.0,3.0,42.99,504,112
5301,,,,6.0,2.0,,7.03,506,110
5302,,,,6.0,4.0,3.0,59.82,507,130
5303,,,,5.0,4.0,2.0,89.52,504,150
5304,,,,1.0,4.0,6.0,97.12,503,175
5305,,,,8.0,2.0,4.0,8.87,510,125
5306,,,,8.0,3.0,3.0,60.0,505,126
5307,,,,6.0,4.0,6.0,79.93,509,155
5308,,,,6.0,2.0,2.0,90.18,510,175
5309,,,,8.0,4.0,4.0,92.27,508,165
5310,sixteen,,,8.0,1.0,2.0,84.48,600,175
5311,,,,6.0,3.0,3.0,98.74,510,230
5312,,,,7.0,4.0,6.0,71.8,504,130
5313,,,,8.0,3.0,2.0,84.39,507,150
5314,,,,6.0,3.0,5.0,,509,150
5315,,,,6.0,2.0,,81.56,506,149
5316,,,,5.0,2.0,4.0,59.37,600,154
5317,,,,8.0,1.0,5.0,90.98,602,203
5318,,,,8.0,4.0,4.0,34.1,500,97
5319,,,,8.0,4.0,7.0,86.06,502,130
5320,,,,6.0,4.0,6.0,47.58,509,135
5321,,,,6.0,4.0,3.0,74.2,510,150
5322,,,,8.0,3.0,6.0,96.43,505,180
5323,,,,6.0,3.0,6.0,58.17,510,150
5324,,,,,,,,711,231
5325,,,,1.0,4.0,3.0,57.76,509,140
5326,,,,8.0,2.0,3.0,57.64,508,132
5327,,,,8.0,5.0,3.0,92.23,510,180
5328,,,,5.0,5.0,1.0,,504,150
5329,,,,8.0,4.0,3.0,,502,140
5330,,,,2.0,2.0,5.0,99.06,507,216
5331,,,,1.0,4.0,3.0,25.79,511,133
5332,,,,8.0,3.0,2.0,14.4,600,136
5333,,,,8.0,4.0,2.0,,509,125
5334,,,,8.0,2.0,4.0,3.02,509,115
5335,,,,6.0,2.0,3.0,95.19,505,172
5336,,,,4.0,2.0,5.0,71.95,511,157
5337,,,,6.0,4.0,3.0,,510,N
5338,,,,6.0,2.0,5.0,23.69,506,115
5339,,,,1.0,4.0,3.0,97.3,508,189
5340,,,,,,,,503,110
5341,,,,8.0,2.0,3.0,30.3,504,110
5342,,,,6.0,3.0,2.0,20.57,511,135
5343,,,,5.0,,,34.67,507,118
5344,,,,6.0,2.0,6.0,93.8,510,190
5345,,,,6.0,3.0,3.0,65.01,507,140
5346,,,,8.0,5.0,1.0,17.81,500,91
5347,,,,6.0,3.0,2.0,12.81,604,155
5348,,,,6.0,4.0,3.0,10.15,502,98
5349,,,,6.0,2.0,5.0,58.19,509,145
5350,,,,8.0,5.0,3.0,5.13,503,96
5351,,,,8.0,2.0,5.0,53.2,504,125
5352,,,,6.0,2.0,3.0,48.61,502,114
5353,,,,8.0,3.0,3.0,61.32,503,122
5354,,,,6.0,4.0,3.0,98.13,508,215
5355,,,,8.0,4.0,3.0,97.36,508,220
5356,,,,4.0,5.0,4.0,75.74,507,152
5357,,,,8.0,3.0,5.0,98.03,508,225
5358,,,,8.0,3.0,6.0,87.81,502,145
5359,,,,5.0,3.0,3.0,31.95,600,150
5360,,,,7.0,3.0,4.0,45.3,508,140
5361,,,,6.0,2.0,4.0,75.71,509,160
5362,,,,6.0,4.0,3.0,,N N,N
5363,,,,6.0,4.0,2.0,13.37,508,123
5364,,,,8.0,5.0,3.0,93.75,506,180
5365,,,,7.0,4.0,2.0,10.3,507,115
5366,,,,6.0,4.0,1.0,62.39,503,125
5367,,,,7.0,5.0,5.0,3.4,505,106
5368,,,,6.0,1.0,4.0,15.61,602,149
5369,,,,1.0,3.0,3.0,99.53,511,270
5370,,,,5.0,4.0,5.0,28.81,510,136
5371,,,,,,,,N N,N
5372,,,,6.0,2.0,4.0,58.55,510,155
5373,,,,6.0,3.0,4.0,42.91,600,160
5374,,,,8.0,2.0,2.0,,509,215
5375,,,,8.0,3.0,4.0,,511,175
5376,,,,7.0,5.0,3.0,77.71,600,178
5377,,,,6.0,3.0,3.0,38.67,506,126
5378,,,,5.0,2.0,2.0,20.35,605,170
5379,,,,8.0,1.0,4.0,49.36,601,167
5380,,,,8.0,2.0,5.0,84.11,600,180
5381,,,,5.0,3.0,2.0,87.88,507,165
5382,,,,6.0,3.0,4.0,91.89,600,200
5383,,,,8.0,4.0,,94.76,506,185
5384,,,,8.0,,3.0,27.63,508,136
5385,,,,6.0,5.0,4.0,82.19,503,140
5386,,,,6.0,4.0,7.0,94.8,501,154
5387,,,,7.0,4.0,3.0,48.78,505,126
5388,,,,8.0,3.0,3.0,,601,190
5389,,,,6.0,,5.0,,503,N
5390,,,,6.0,3.0,2.0,47.13,507,135
5391,,,,8.0,4.0,6.0,62.21,507,141
5392,,,,4.0,3.0,3.0,,410,200
5393,,,,8.0,4.0,2.0,14.65,510,133
5394,,,,7.0,4.0,3.0,35.26,508,132
5395,,,,8.0,4.0,2.0,,510,150
5396,,,,8.0,3.0,1.0,52.25,600,165
5397,,,,4.0,1.0,3.0,,504,120
5398,,,,4.0,2.0,3.0,47.14,507,140
5399,,,,8.0,3.0,5.0,80.48,511,175
5400,,,,8.0,5.0,5.0,82.8,509,165
5401,,,,6.0,5.0,1.0,95.88,505,190
5402,,,,4.0,5.0,2.0,98.28,506,225
5403,,,,6.0,4.0,6.0,35.05,505,120
5404,,,,5.0,2.0,3.0,96.41,509,205
5405,,,,7.0,2.0,5.0,72.05,600,178
5406,,,,7.0,2.0,4.0,48.55,602,172
5407,,,,6.0,4.0,1.0,84.57,505,152
5408,,,,2.0,1.0,4.0,,601,220
5409,,,,6.0,2.0,3.0,77.05,504,140
5410,,,,8.0,1.0,5.0,70.78,600,172
5411,,,,6.0,3.0,5.0,83.2,511,173
5412,,,,8.0,3.0,3.0,44.02,600,156
5413,,,,1.0,2.0,4.0,,502,N
5414,,,,8.0,2.0,6.0,34.28,506,126
5415,,,,6.0,4.0,1.0,42.05,600,155
5416,,,,1.0,4.0,3.0,49.64,508,142
5417,,,,8.0,4.0,2.0,97.74,508,206
5418,,,,6.0,3.0,4.0,32.05,506,125
5419,,,,6.0,3.0,2.0,99.24,509,240
5420,,,,6.0,4.0,2.0,56.25,504,124
5421,,,,8.0,2.0,4.0,29.93,504,115
5422,,,,7.0,2.0,3.0,53.66,501,115
5423,,,,7.0,1.0,4.0,96.18,602,235
5424,,,,6.0,4.0,5.0,51.14,601,168
5425,,,,8.0,1.0,5.0,,600,280
5426,,,,6.0,2.0,4.0,29.09,507,120
5427,,,,7.0,3.0,5.0,54.63,601,160
5428,,,,8.0,3.0,5.0,44.21,509,129
5429,,,,6.0,2.0,4.0,62.19,507,135
5430,,,,6.0,3.0,5.0,83.57,508,165
5431,,,,7.0,4.0,3.0,8.57,507,110
5432,,,,7.0,4.0,1.0,62.35,502,118
5433,,,,6.0,3.0,4.0,97.38,510,220
5434,,,,5.0,4.0,4.0,,601,N
5435,,,,8.0,5.0,1.0,75.45,510,151
5436,,,,6.0,1.0,2.0,60.48,600,165
5437,,,,8.0,4.0,3.0,29.78,509,123
5438,,,,8.0,3.0,,99.05,504,200
5439,,,,4.0,3.0,4.0,89.0,508,168
5440,,,,5.0,1.0,3.0,98.02,509,210
5441,,,,6.0,1.0,3.0,90.1,508,160
5442,,,,7.0,2.0,5.0,,510,N
5443,,,,6.0,2.0,4.0,18.12,510,135
5444,,,,6.0,2.0,5.0,80.99,600,165
5445,,,,8.0,3.0,3.0,21.67,511,140
5446,,,,6.0,2.0,3.0,96.02,510,200
5447,,,,4.0,5.0,3.0,88.35,510,166
5448,,,,8.0,4.0,3.0,63.49,507,135
5449,,,,8.0,5.0,1.0,62.21,500,105
5450,,,,8.0,A,,76.82,509,162
5451,,,,3.0,1.0,6.0,,511,N
5452,,,,6.0,3.0,3.0,80.08,502,130
5453,,,,6.0,1.0,3.0,53.25,507,130
5454,,,,7.0,4.0,2.0,98.69,411,190
5455,,,,6.0,1.0,5.0,94.99,601,205
5456,,,,5.0,3.0,4.0,60.66,600,160
5457,,,,7.0,2.0,4.0,99.82,504,270
5458,,,,4.0,3.0,1.0,,508,126
5459,,,,8.0,3.0,3.0,98.86,507,210
5460,,,,8.0,2.0,4.0,12.95,504,100
5461,,,,7.0,4.0,4.0,78.82,507,150
5462,,,,6.0,2.0,4.0,75.12,510,156
5463,,,,2.0,5.0,5.0,41.76,600,150
5464,,,,2.0,3.0,5.0,83.67,411,113
5465,,,,5.0,2.0,4.0,,510,218
5466,,,,8.0,4.0,5.0,82.65,511,167
5467,,,,4.0,4.0,4.0,98.56,503,190
5468,,,,6.0,4.0,3.0,62.51,505,133
5469,,,,6.0,3.0,3.0,62.19,507,135
5470,,,,1.0,4.0,5.0,56.3,500,110
5471,,,,1.0,5.0,7.0,30.86,600,135
5472,,,,6.0,2.0,4.0,62.39,503,125
5473,,,,5.0,4.0,6.0,56.06,602,155
5474,,,,6.0,4.0,6.0,29.76,507,125
5475,,,,8.0,4.0,3.0,,504,N
5476,,,,5.0,1.0,6.0,96.87,508,190
5477,,,,7.0,4.0,4.0,45.04,602,160
5478,,,,6.0,2.0,5.0,40.13,504,114
5479,,,,6.0,5.0,4.0,,505,N
5480,,,,6.0,4.0,5.0,72.54,504,127
5481,,,,6.0,3.0,5.0,80.07,503,135
5482,,,,6.0,5.0,,89.6,504,146
5483,,,,6.0,1.0,5.0,69.78,601,175
5484,,,,,,,5.66,505,105
5485,,,,8.0,4.0,1.0,98.38,505,198
5486,,,,6.0,2.0,3.0,97.11,506,185
5487,,,,8.0,4.0,3.0,59.82,507,130
5488,,,,8.0,5.0,5.0,25.57,511,142
5489,,,,8.0,5.0,3.0,91.11,507,167
5490,,,,1.0,1.0,4.0,78.35,508,145
5491,,,,6.0,3.0,3.0,96.84,510,215
5492,,,,6.0,4.0,3.0,99.41,507,256
5493,,,,6.0,5.0,1.0,42.55,500,100
5494,,,,6.0,1.0,,78.82,507,150
5495,,,,6.0,2.0,3.0,81.17,506,144
5496,,,,6.0,4.0,2.0,4.65,600,130
5497,,,,4.0,3.0,6.0,65.84,505,135
5498,,,,8.0,3.0,3.0,95.79,600,210
5499,,,,8.0,4.0,4.0,94.34,505,165
5500,,,,5.0,4.0,5.0,98.6,504,230
5501,,,,6.0,4.0,1.0,95.36,508,200
5502,,,,7.0,3.0,5.0,80.98,601,180
5503,,,,5.0,3.0,5.0,58.31,502,116
5504,,,,4.0,4.0,3.0,2.69,600,125
5505,,,,6.0,2.0,4.0,98.2,505,215
5506,,,,6.0,5.0,4.0,,608,120
5507,,,,8.0,2.0,3.0,98.88,603,266
5508,,,,6.0,4.0,2.0,36.69,508,130
5509,,,,6.0,2.0,4.0,60.77,600,170
5510,,,,6.0,4.0,5.0,74.19,505,135
5511,,,,8.0,4.0,3.0,,501,110
5512,,,,,,,,711,290
5513,,,,7.0,3.0,4.0,59.97,509,155
5514,,,,6.0,2.0,5.0,61.17,511,150
5515,,,,6.0,3.0,2.0,95.48,508,196
5516,,,,6.0,1.0,4.0,17.15,602,150
5517,,,,6.0,4.0,7.0,85.25,501,135
5518,,,,4.0,3.0,3.0,,505,N
5519,,,,5.0,4.0,3.0,72.36,507,145
5520,,,,6.0,5.0,3.0,99.59,503,340
5521,,,,4.0,3.0,6.0,95.8,506,182
5522,,,,6.0,3.0,3.0,88.94,503,150
5523,,,,8.0,1.0,5.0,,700,169
5524,,,,8.0,4.0,3.0,92.31,508,185
5525,,,,5.0,2.0,,98.28,511,230
5526,,,,8.0,1.0,5.0,45.52,601,150
5527,,,,4.0,4.0,1.0,11.99,503,98
5528,,,,1.0,4.0,3.0,80.06,509,165
5529,,,,8.0,3.0,3.0,,507,145
5530,,,,6.0,3.0,4.0,99.71,507,260
5531,,,,8.0,2.0,5.0,65.84,505,135
5532,,,,8.0,5.0,2.0,26.13,503,107
5533,,,,6.0,2.0,6.0,6.27,510,120
5534,,,,7.0,3.0,4.0,65.89,506,140
5535,,,,8.0,2.0,3.0,49.48,504,118
5536,,,,1.0,3.0,3.0,35.24,600,150
5537,,,,6.0,2.0,3.0,,609,220
5538,,,,7.0,2.0,5.0,21.4,510,128
5539,,,,6.0,3.0,4.0,42.13,511,150
5540,,,,8.0,1.0,4.0,84.41,509,165
5541,,,,6.0,2.0,4.0,92.62,505,160
5542,,,,6.0,1.0,5.0,98.71,509,225
5543,,,,6.0,2.0,5.0,65.18,509,145
5544,,,,8.0,4.0,1.0,48.06,503,120
5545,,,,6.0,3.0,3.0,87.13,508,160
5546,,,,6.0,3.0,5.0,78.97,502,126
5547,,,,6.0,1.0,6.0,7.96,511,135
5548,,,,6.0,,,19.12,508,124
5549,,,,8.0,4.0,2.0,99.01,502,222
5550,,,,6.0,2.0,3.0,99.89,505,281
5551,,,,6.0,5.0,3.0,83.6,507,150
5552,,,,6.0,2.0,4.0,63.1,509,150
5553,,,,8.0,2.0,5.0,90.64,511,180
5554,,,,5.0,3.0,1.0,47.96,510,140
5555,,,,5.0,3.0,1.0,0.22,507,100
5556,,,,6.0,2.0,4.0,46.63,504,122
5557,,,,8.0,3.0,1.0,61.71,410,98
5558,,,,6.0,4.0,4.0,87.97,500,131
5559,,,,7.0,3.0,4.0,45.37,509,140
5560,,,,8.0,3.0,5.0,92.6,509,175
5561,,,,6.0,5.0,1.0,72.77,501,115
5562,,,,6.0,2.0,4.0,54.05,508,135
5563,,,,6.0,3.0,3.0,50.96,502,115
5564,,,,8.0,2.0,4.0,21.4,600,140
5565,,,,8.0,1.0,5.0,53.25,507,130
5566,,,,8.0,2.0,4.0,25.77,602,155
5567,,,,8.0,2.0,2.0,58.09,505,125
5568,,,,6.0,2.0,3.0,76.16,511,155
5569,,,,8.0,3.0,4.0,87.01,504,149
5570,,,,8.0,4.0,3.0,98.55,509,215
5571,,,,1.0,5.0,4.0,,600,170
5572,,,,8.0,3.0,3.0,42.36,507,125
5573,,,,6.0,4.0,2.0,90.07,508,170
5574,,,,6.0,4.0,5.0,83.53,507,145
5575,,,,,,,,506,N
5576,,,,6.0,,,71.95,511,157
5577,,,,6.0,5.0,3.0,72.56,507,142
5578,,,,6.0,3.0,5.0,98.9,502,180
5579,,,,8.0,4.0,2.0,40.55,503,110
5580,,,,6.0,1.0,4.0,96.3,507,175
5581,,,,6.0,3.0,4.0,84.35,411,120
5582,,,,,,,59.99,511,164
5583,,,,6.0,2.0,5.0,36.9,510,135
5584,,,,7.0,1.0,4.0,60.97,506,135
5585,,,,8.0,2.0,3.0,96.48,508,196
5586,,,,6.0,4.0,3.0,95.67,507,180
5587,,,,1.0,3.0,6.0,57.61,600,153
5588,,,,6.0,3.0,5.0,70.22,506,143
5589,,,,1.0,3.0,6.0,86.12,506,160
5590,,,,6.0,4.0,4.0,,509,190
5591,,,,5.0,4.0,3.0,78.01,503,130
5592,,,,6.0,3.0,2.0,41.8,600,145
5593,,,,6.0,3.0,3.0,97.09,508,196
5594,,,,6.0,3.0,4.0,85.71,504,150
5595,,,,2.0,3.0,4.0,5.09,508,122
5596,,,,6.0,4.0,4.0,78.58,506,140
5597,,,,6.0,4.0,4.0,81.38,505,145
5598,,,,6.0,4.0,4.0,98.39,505,220
5599,,,,6.0,4.0,3.0,22.48,505,118
5600,,,,7.0,3.0,3.0,74.52,504,132
5601,,,,6.0,4.0,4.0,82.78,509,158
5602,,,,6.0,3.0,,73.99,501,119
5603,,,,4.0,1.0,6.0,5.05,505,101
5604,,,,6.0,3.0,4.0,74.24,503,130
5605,,,,7.0,2.0,5.0,67.85,502,121
5606,,,,6.0,3.0,4.0,47.13,507,135
5607,,,,6.0,3.0,5.0,42.36,507,125
5608,,,,8.0,1.0,4.0,30.06,509,132
5609,,,,8.0,3.0,5.0,33.86,502,106
5610,,,,8.0,2.0,4.0,86.79,507,168
5611,,,,8.0,4.0,3.0,97.39,506,196
5612,,,,6.0,4.0,2.0,54.05,508,135
5613,,,,5.0,4.0,5.0,30.97,510,137
5614,,,,6.0,5.0,2.0,42.79,510,147
5615,,,,1.0,2.0,5.0,97.45,602,225
5616,,,,8.0,3.0,3.0,,509,114
5617,,,,,,,74.52,504,132
5618,,,,1.0,3.0,5.0,47.22,505,120
5619,,,,6.0,4.0,4.0,50.78,503,117
5620,,,,7.0,5.0,3.0,61.13,511,160
5621,,,,6.0,3.0,,89.82,600,195
5622,,,,7.0,3.0,5.0,47.52,505,120
5623,,,,6.0,4.0,3.0,90.73,501,138
5624,,,,8.0,1.0,4.0,93.82,510,195
5625,,,,8.0,3.0,4.0,,509,140
5626,,,,8.0,2.0,4.0,98.29,601,235
5627,,,,8.0,2.0,3.0,56.42,504,125
5628,,,,1.0,1.0,5.0,,509,N
5629,,,,6.0,4.0,,28.37,501,105
5630,,,,6.0,4.0,3.0,86.88,503,140
5631,,,,7.0,3.0,4.0,45.05,511,145
5632,,,,8.0,3.0,3.0,27.91,510,140
5633,,,,6.0,3.0,4.0,78.66,505,145
5634,,,,8.0,4.0,2.0,62.96,503,120
5635,,,,6.0,2.0,4.0,16.21,505,104
5636,,,,8.0,2.0,3.0,70.18,601,170
5637,,,,6.0,3.0,5.0,35.05,505,120
5638,,,,5.0,1.0,3.0,65.11,509,144
5639,,,,6.0,1.0,,63.8,508,140
5640,,,,8.0,3.0,3.0,89.97,600,190
5641,,,,1.0,3.0,7.0,32.4,500,97
5642,,,,7.0,1.0,5.0,87.92,509,165
5643,,,,4.0,3.0,3.0,95.41,502,165
5644,,,,1.0,2.0,,81.07,504,144
5645,,,,6.0,4.0,1.0,,506,125
5646,,,,6.0,3.0,6.0,50.87,502,110
5647,,,,6.0,4.0,5.0,73.47,504,137
5648,,,,6.0,1.0,2.0,75.4,511,175
5649,,,,8.0,4.0,3.0,74.81,500,115
5650,,,,7.0,3.0,5.0,59.83,506,130
5651,,,,6.0,4.0,4.0,99.33,509,242
5652,,,,5.0,4.0,4.0,25.1,506,120
5653,,,,6.0,3.0,4.0,,601,178
5654,,,,5.0,4.0,3.0,84.91,603,201
5655,,,,1.0,5.0,1.0,96.27,502,175
5656,,,,7.0,3.0,5.0,68.87,600,160
5657,,,,8.0,2.0,5.0,89.76,503,145
5658,,,,6.0,3.0,5.0,85.0,511,178
5659,,,,6.0,3.0,4.0,83.09,505,150
5660,,,,6.0,3.0,5.0,47.28,504,117
5661,,,,5.0,3.0,,87.5,510,170
5662,,,,6.0,4.0,5.0,83.94,509,170
5663,,,,7.0,4.0,3.0,0.01,505,90
5664,,,,6.0,5.0,3.0,97.81,504,190
5665,,,,7.0,4.0,4.0,86.75,510,174
5666,,,,6.0,3.0,4.0,81.94,504,145
5667,,,,6.0,3.0,4.0,,504,N
5668,,,,5.0,3.0,4.0,83.96,506,150
5669,,,,6.0,3.0,4.0,42.99,504,112
5670,,,,2.0,4.0,4.0,9.45,506,108
5671,,,,6.0,4.0,5.0,52.41,510,147
5672,,,,7.0,3.0,4.0,47.28,509,135
5673,,,,6.0,1.0,6.0,83.87,510,170
5674,,,,6.0,4.0,5.0,51.07,508,130
5675,,,,7.0,3.0,5.0,57.29,510,145
5676,,,,8.0,4.0,4.0,67.36,506,135
5677,,,,6.0,2.0,4.0,,506,N
5678,,,,7.0,1.0,5.0,80.98,601,180
5679,,,,6.0,3.0,1.0,48.82,506,125
5680,,,,4.0,5.0,3.0,67.0,505,130
5681,,,,8.0,2.0,4.0,66.37,510,160
5682,,,,6.0,2.0,5.0,,508,N
5683,,,,8.0,4.0,3.0,87.48,503,150
5684,,,,6.0,2.0,4.0,,511,140
5685,,,,6.0,2.0,4.0,16.74,601,145
5686,,,,8.0,2.0,5.0,74.89,509,165
5687,,,,6.0,3.0,3.0,47.58,504,120
5688,,,,6.0,3.0,4.0,32.97,509,134
5689,,,,6.0,2.0,4.0,68.6,604,195
5690,,,,6.0,3.0,4.0,13.06,504,105
5691,,,,8.0,4.0,3.0,1.46,504,97
5692,,,,6.0,4.0,3.0,75.21,507,153
5693,,,,7.0,3.0,4.0,48.32,510,145
5694,,,,8.0,4.0,,37.6,504,120
5695,,,,6.0,3.0,3.0,87.25,602,195
5696,,,,6.0,3.0,3.0,57.02,505,130
5697,,,,6.0,,,,504,N
5698,,,,2.0,3.0,2.0,93.55,508,190
5699,,,,7.0,2.0,3.0,2.89,507,115
5700,,,,8.0,3.0,5.0,89.58,504,160
5701,,,,6.0,2.0,3.0,17.75,505,110
5702,,,,6.0,3.0,5.0,25.58,601,150
5703,,,,6.0,4.0,4.0,16.31,503,105
5704,,,,6.0,1.0,5.0,96.94,509,195
5705,,,,6.0,2.0,5.0,25.54,507,125
5706,,,,8.0,5.0,2.0,61.88,502,115
5707,,,,7.0,4.0,4.0,93.55,508,190
5708,,,,7.0,3.0,4.0,37.26,508,135
5709,,,,6.0,4.0,3.0,42.15,506,125
5710,,,,7.0,2.0,3.0,87.22,507,164
5711,,,,6.0,4.0,4.0,,N N,N
5712,,,,5.0,4.0,4.0,20.1,509,125
5713,,,,6.0,3.0,4.0,73.74,510,165
5714,,,,6.0,3.0,3.0,57.45,506,135
5715,,,,8.0,2.0,4.0,49.07,601,157
5716,,,,6.0,3.0,4.0,73.06,507,150
5717,,,,6.0,2.0,3.0,21.36,509,128
5718,,,,6.0,4.0,3.0,63.97,501,120
5719,,,,6.0,5.0,4.0,43.44,411,95
5720,,,,7.0,2.0,3.0,98.16,507,200
5721,,,,7.0,2.0,3.0,74.16,509,155
5722,,,,8.0,2.0,6.0,80.51,511,180
5723,,,,6.0,3.0,,71.36,509,148
5724,,,,8.0,5.0,,17.75,505,110
5725,,,,6.0,3.0,4.0,75.38,602,180
5726,,,,6.0,3.0,4.0,94.67,508,192
5727,,,,8.0,3.0,2.0,,503,148
5728,,,,6.0,3.0,6.0,92.62,509,180
5729,,,,5.0,3.0,,95.42,507,175
5730,,,,4.0,2.0,5.0,82.37,504,148
5731,,,,6.0,2.0,4.0,75.42,505,136
5732,,,,6.0,3.0,4.0,,N N,N
5733,,,,8.0,4.0,3.0,71.41,503,125
5734,,,,7.0,3.0,4.0,46.6,505,125
5735,,,,6.0,5.0,2.0,95.77,508,183
5736,,,,5.0,3.0,4.0,81.38,505,145
5737,,,,8.0,2.0,2.0,25.05,601,145
5738,,,,6.0,3.0,3.0,14.41,507,115
5739,,,,6.0,1.0,3.0,74.05,510,170
5740,,,,6.0,4.0,4.0,55.44,510,140
5741,,,,6.0,2.0,4.0,72.37,510,165
5742,,,,5.0,1.0,,67.67,602,168
5743,,,,7.0,3.0,4.0,35.76,505,115
5744,,,,8.0,3.0,4.0,55.34,504,128
5745,,,,6.0,3.0,4.0,52.0,600,150
5746,,,,1.0,2.0,7.0,64.42,603,175
5747,,,,6.0,3.0,2.0,43.63,510,138
5748,,,,6.0,3.0,3.0,63.1,509,150
5749,,,,5.0,2.0,4.0,61.88,502,115
5750,,,,7.0,4.0,4.0,62.39,503,125
5751,,,,6.0,4.0,4.0,28.48,506,121
5752,,,,6.0,3.0,2.0,68.84,502,126
5753,,,,6.0,3.0,3.0,82.36,605,210
5754,,,,6.0,3.0,4.0,92.86,503,160
5755,,,,7.0,4.0,4.0,98.73,506,240
5756,,,,6.0,2.0,3.0,69.78,601,175
5757,,,,6.0,4.0,4.0,92.62,505,160
5758,,,,8.0,5.0,3.0,27.56,504,114
5759,,,,8.0,1.0,1.0,80.46,503,130
5760,,,,6.0,3.0,1.0,26.13,503,107
5761,,,,7.0,2.0,4.0,57.32,503,120
5762,,,,6.0,2.0,3.0,,508,123
5763,,,,2.0,1.0,2.0,51.74,600,160
5764,,,,6.0,2.0,3.0,53.22,502,111
5765,,,,8.0,3.0,4.0,57.19,504,117
5766,,,,6.0,2.0,4.0,98.5,511,230
5767,,,,6.0,2.0,3.0,98.44,508,215
5768,,,,6.0,1.0,5.0,38.53,510,145
5769,,,,8.0,5.0,1.0,19.52,410,78
5770,,,,5.0,3.0,3.0,42.79,508,130
5771,,,,7.0,2.0,7.0,99.07,509,234
5772,,,,8.0,1.0,,54.01,502,115
5773,,,,6.0,2.0,2.0,92.47,511,190
5774,,,,5.0,2.0,1.0,88.09,509,180
5775,,,,,,,22.12,504,115
5776,,,,6.0,3.0,,81.3,503,139
5777,,,,6.0,4.0,5.0,38.85,507,120
5778,,,,6.0,3.0,4.0,96.21,508,190
5779,,,,3.0,3.0,4.0,97.77,502,170
5780,,,,6.0,2.0,2.0,83.96,506,150
5781,,,,1.0,2.0,5.0,72.98,505,140
5782,,,,8.0,3.0,1.0,10.76,504,106
5783,,,,1.0,3.0,5.0,,604,N
5784,,,,6.0,2.0,4.0,72.6,508,155
5785,,,,5.0,3.0,1.0,36.98,505,112
5786,,,,8.0,3.0,5.0,99.27,410,225
5787,,,,,,,19.1,506,113
5788,,,,6.0,3.0,3.0,2.12,600,120
5789,,,,8.0,3.0,5.0,96.92,504,190
5790,,,,7.0,1.0,4.0,80.04,603,200
5791,,,,8.0,,,92.99,507,180
5792,,,,8.0,4.0,3.0,21.33,504,109
5793,,,,8.0,3.0,5.0,7.95,506,107
5794,,,,7.0,3.0,3.0,90.09,510,180
5795,,,,6.0,2.0,4.0,58.13,508,137
5796,,,,6.0,4.0,3.0,,507,N
5797,,,,8.0,3.0,5.0,13.76,506,118
5798,,,,6.0,2.0,3.0,1.15,510,115
5799,,,,7.0,5.0,1.0,95.74,501,150
5800,,,,8.0,1.0,6.0,,N N,N
5801,,,,5.0,4.0,3.0,8.75,508,118
5802,,,,6.0,4.0,2.0,33.1,600,155
5803,,,,1.0,1.0,4.0,1.47,600,130
5804,,,,8.0,2.0,4.0,97.81,504,180
5805,,,,6.0,2.0,5.0,12.36,507,120
5806,,,,3.0,5.0,4.0,35.76,505,115
5807,,,,6.0,2.0,4.0,92.24,601,200
5808,,,,5.0,3.0,4.0,81.97,506,140
5809,,,,5.0,4.0,4.0,,411,N
5810,,,,5.0,5.0,1.0,99.14,511,250
5811,,,,8.0,1.0,3.0,88.15,502,143
5812,,,,6.0,4.0,2.0,73.03,504,134
5813,,,,6.0,4.0,2.0,50.57,500,103
5814,,,,6.0,3.0,3.0,98.67,600,245
5815,,,,6.0,4.0,3.0,62.19,507,135
5816,,,,8.0,2.0,6.0,61.56,507,134
5817,,,,6.0,3.0,2.0,38.53,510,145
5818,,,,6.0,2.0,3.0,83.34,602,200
5819,,,,8.0,5.0,2.0,93.29,602,210
5820,,,,1.0,3.0,4.0,83.33,505,140
5821,,,,7.0,5.0,1.0,98.57,511,235
5822,,,,6.0,5.0,5.0,89.35,502,135
5823,,,,6.0,3.0,5.0,97.99,601,230
5824,,,,7.0,3.0,3.0,,502,160
5825,,,,5.0,4.0,1.0,87.74,509,180
5826,,,,6.0,3.0,1.0,71.89,508,145
5827,,,,8.0,1.0,3.0,,N N,60
5828,,,,6.0,4.0,4.0,42.36,507,125
5829,,,,,,,67.58,503,128
5830,,,,1.0,1.0,4.0,59.21,504,130
5831,,,,3.0,3.0,6.0,98.14,511,224
5832,,,,6.0,1.0,3.0,,510,70
5833,,,,1.0,2.0,5.0,94.16,511,185
5834,,,,8.0,1.0,4.0,78.82,507,150
5835,,,,6.0,5.0,,95.43,503,163
5836,,,,8.0,4.0,1.0,53.09,500,104
5837,,,,2.0,3.0,3.0,21.95,507,125
5838,,,,6.0,5.0,1.0,0.06,510,110
5839,,,,6.0,4.0,5.0,17.65,506,114
5840,,,,6.0,1.0,4.0,88.43,506,148
5841,,,,8.0,5.0,1.0,12.02,505,107
5842,,,,8.0,1.0,5.0,23.69,506,115
5843,,,,6.0,1.0,6.0,80.6,511,170
5844,,,,4.0,3.0,2.0,17.92,503,109
5845,,,,8.0,3.0,3.0,52.25,600,165
5846,,,,6.0,1.0,4.0,31.69,511,145
5847,,,,8.0,3.0,5.0,25.66,510,130
5848,,,,6.0,1.0,5.0,,510,N
5849,,,,8.0,4.0,4.0,89.77,503,141
5850,,,,5.0,5.0,3.0,96.68,508,193
5851,,,,6.0,3.0,,84.6,511,185
5852,,,,8.0,3.0,4.0,95.09,504,180
5853,,,,8.0,3.0,1.0,42.55,500,100
5854,,,,6.0,2.0,6.0,35.74,509,130
5855,,,,8.0,3.0,7.0,0.01,605,120
5856,,,,8.0,3.0,5.0,67.17,504,130
5857,,,,8.0,1.0,5.0,95.35,509,180
5858,,,,5.0,2.0,4.0,91.21,505,165
5859,,,,6.0,4.0,4.0,32.74,504,111
5860,,,,8.0,2.0,1.0,42.79,508,130
5861,,,,2.0,1.0,,83.84,510,175
5862,,,,7.0,1.0,4.0,54.2,602,165
5863,,,,8.0,4.0,5.0,93.57,502,145
5864,,,,6.0,1.0,3.0,93.42,600,210
5865,,,,6.0,1.0,4.0,97.93,504,198
5866,,,,6.0,2.0,2.0,69.16,511,155
5867,,,,6.0,3.0,2.0,13.26,502,95
5868,,,,6.0,1.0,4.0,33.36,509,129
5869,,,,7.0,3.0,4.0,30.7,505,120
5870,,,,8.0,5.0,1.0,96.44,505,190
5871,,,,6.0,1.0,1.0,,504,168
5872,,,,5.0,3.0,5.0,53.76,511,146
5873,,,,6.0,2.0,6.0,61.88,502,115
5874,,,,,,,,507,66
5875,,,,6.0,4.0,,10.13,510,130
5876,,,,6.0,2.0,4.0,32.05,506,125
5877,,,,8.0,4.0,4.0,21.01,508,129
5878,,,,6.0,4.0,5.0,79.58,510,160
5879,,,,8.0,2.0,4.0,94.19,509,185
5880,,,,8.0,2.0,6.0,,506,N
5881,,,,7.0,4.0,6.0,92.97,603,219
5882,,,,2.0,1.0,1.0,,607,196
5883,,,,6.0,3.0,5.0,62.96,503,120
5884,,,,8.0,2.0,3.0,98.97,601,255
5885,,,,6.0,2.0,5.0,74.0,502,125
5886,,,,7.0,2.0,4.0,65.03,600,152
5887,,,,7.0,1.0,1.0,21.41,506,118
5888,,,,8.0,3.0,4.0,91.06,502,149
5889,,,,8.0,5.0,2.0,40.72,506,118
5890,,,,6.0,3.0,4.0,98.0,510,217
5891,,,,8.0,2.0,4.0,57.73,502,113
5892,,,,7.0,3.0,4.0,94.03,511,190
5893,,,,8.0,4.0,1.0,84.75,506,143
5894,,,,6.0,2.0,3.0,81.1,502,131
5895,,,,6.0,4.0,5.0,95.24,501,152
5896,,,,6.0,2.0,3.0,57.49,509,135
5897,,,,6.0,4.0,5.0,49.21,502,112
5898,,,,7.0,1.0,4.0,2.89,507,115
5899,,,,5.0,1.0,2.0,29.95,500,100
5900,,,,8.0,5.0,5.0,94.43,500,150
5901,,,,7.0,4.0,3.0,94.78,500,148
5902,,,,8.0,4.0,4.0,40.66,501,108
5903,,,,8.0,3.0,2.0,60.59,503,126
5904,,,,8.0,1.0,2.0,,504,240
5905,,,,8.0,2.0,,62.69,411,110
5906,,,,7.0,1.0,3.0,7.61,510,128
5907,,,,8.0,2.0,3.0,84.63,511,180
5908,,,,6.0,4.0,4.0,38.69,503,112
5909,,,,8.0,4.0,3.0,,507,N
5910,,,,8.0,3.0,5.0,96.6,507,198
5911,,,,8.0,2.0,2.0,36.86,509,135
5912,,,,8.0,3.0,4.0,91.68,504,155
5913,,,,6.0,4.0,2.0,95.41,502,165
5914,,,,6.0,4.0,2.0,66.73,503,125
5915,,,,8.0,3.0,1.0,99.86,506,290
5916,,,,4.0,3.0,3.0,40.7,503,107
5917,,,,6.0,5.0,1.0,27.97,503,110
5918,,,,8.0,3.0,2.0,69.07,501,121
5919,,,,5.0,2.0,5.0,88.19,505,158
5920,,,,7.0,1.0,4.0,7.8,509,120
5921,,,,3.0,3.0,4.0,87.37,510,175
5922,,,,6.0,3.0,2.0,,508,155
5923,,,,8.0,2.0,3.0,93.58,600,200
5924,,,,6.0,4.0,,48.32,510,145
5925,,,,2.0,3.0,4.0,87.37,510,175
5926,,,,8.0,1.0,5.0,72.14,508,150
5927,,,,8.0,3.0,3.0,,509,160
5928,,,,1.0,4.0,6.0,99.2,506,269
5929,,,,6.0,3.0,4.0,44.91,507,135
5930,,,,8.0,2.0,5.0,21.67,511,140
5931,,,,6.0,4.0,4.0,85.71,504,150
5932,,,,8.0,3.0,,95.42,500,151
5933,,,,8.0,4.0,3.0,56.13,502,115
5934,,,,8.0,3.0,2.0,82.27,510,178
5935,,,,6.0,4.0,3.0,68.28,507,145
5936,,,,8.0,4.0,2.0,94.3,505,180
5937,,,,6.0,3.0,3.0,90.64,509,180
5938,,,,8.0,4.0,3.0,84.74,511,175
5939,,,,8.0,2.0,4.0,89.96,502,140
5940,,,,8.0,1.0,3.0,13.33,505,110
5941,,,,8.0,5.0,3.0,,N N,N
5942,,,,6.0,3.0,,,N N,N
5943,,,,8.0,4.0,3.0,12.0,502,99
5944,,,,8.0,1.0,3.0,42.36,507,125
5945,,,,7.0,1.0,5.0,35.74,506,128
5946,,,,8.0,2.0,4.0,63.8,508,140
5947,,,,1.0,1.0,6.0,52.56,503,115
5948,,,,1.0,2.0,1.0,97.49,509,200
5949,,,,6.0,4.0,,75.39,501,120
5950,,,,8.0,5.0,6.0,17.54,507,111
5951,,,,8.0,3.0,4.0,93.33,504,160
5952,,,,8.0,4.0,4.0,20.75,507,112
5953,,,,6.0,3.0,3.0,92.1,506,160
5954,,,,5.0,4.0,5.0,82.65,511,167
5955,,,,6.0,4.0,5.0,,502,N
5956,,,,6.0,3.0,3.0,,507,180
5957,,,,6.0,4.0,2.0,74.22,506,140
5958,,,,6.0,1.0,5.0,21.46,505,110
5959,,,,8.0,3.0,4.0,81.4,501,125
5960,,,,6.0,3.0,4.0,,500,100
5961,,,,5.0,4.0,1.0,38.6,411,96
5962,,,,6.0,3.0,2.0,94.14,505,160
5963,,,,7.0,2.0,1.0,89.33,503,140
5964,,,,6.0,4.0,3.0,97.82,500,160
5965,,,,1.0,4.0,5.0,98.48,503,195
5966,,,,6.0,2.0,3.0,89.18,501,135
5967,,,,8.0,4.0,3.0,82.17,507,158
5968,,,,8.0,3.0,2.0,37.42,411,100
5969,,,,8.0,4.0,1.0,99.63,508,260
5970,,,,8.0,1.0,3.0,8.9,508,120
5971,,,,,,,87.82,411,130
5972,,,,6.0,4.0,1.0,20.76,503,107
5973,,,,6.0,3.0,2.0,44.38,505,124
5974,,,,6.0,2.0,3.0,77.2,502,130
5975,,,,8.0,2.0,5.0,97.45,511,220
5976,,,,6.0,4.0,2.0,93.12,508,182
5977,,,,6.0,1.0,5.0,19.67,506,115
5978,,,,8.0,3.0,3.0,80.6,506,155
5979,,,,,,,2.86,505,102
5980,,,,8.0,4.0,2.0,26.13,503,107
5981,,,,,,,,510,140
5982,,,,8.0,4.0,1.0,87.03,502,135
5983,,,,6.0,4.0,,65.45,506,137
5984,,,,8.0,5.0,,,503,N
5985,,,,8.0,,,11.66,508,120
5986,,,,6.0,3.0,2.0,95.12,509,203
5987,,,,1.0,2.0,4.0,61.69,502,120
5988,,,,6.0,3.0,2.0,98.94,508,225
5989,,,,6.0,2.0,3.0,87.0,501,140
5990,,,,8.0,3.0,2.0,,511,N
5991,,,,7.0,2.0,2.0,80.19,411,116
5992,,,,8.0,2.0,5.0,,503,100
5993,,,,6.0,3.0,3.0,70.84,502,120
5994,,,,8.0,1.0,2.0,66.73,503,125
5995,,,,8.0,4.0,1.0,86.64,503,143
5996,,,,8.0,2.0,3.0,92.12,507,178
5997,,,,5.0,4.0,4.0,66.54,506,138
5998,,,,6.0,5.0,4.0,25.52,508,127
5999,,,,8.0,3.0,4.0,99.48,502,250
6000,,,,8.0,3.0,5.0,61.69,502,120
6001,,,,7.0,4.0,3.0,51.33,507,135
6002,,,,8.0,3.0,3.0,57.6,501,115
6003,,,,8.0,2.0,4.0,11.08,509,130
6004,,,,6.0,2.0,3.0,17.78,600,138
6005,,,,8.0,4.0,4.0,48.61,502,114
6006,,,,8.0,5.0,2.0,73.35,502,127
6007,,,,8.0,5.0,2.0,23.82,503,110
6008,,,,7.0,5.0,6.0,80.84,500,125
6009,,,,8.0,1.0,1.0,14.88,507,125
6010,,,,8.0,1.0,4.0,98.4,505,195
6011,,,,8.0,3.0,ten,97.27,502,175
6012,,,,6.0,1.0,3.0,92.24,601,200
6013,,,,6.0,3.0,2.0,73.72,510,160
6014,,,,1.0,1.0,1.0,84.51,509,170
6015,,,,8.0,1.0,3.0,26.67,601,155
6016,,,,8.0,2.0,4.0,74.52,504,132
6017,,,,8.0,4.0,4.0,93.61,508,186
6018,,,,8.0,2.0,1.0,47.04,506,120
6019,,,,7.0,4.0,1.0,73.74,510,165
6020,,,,8.0,1.0,4.0,99.73,509,276
6021,,,,8.0,4.0,2.0,89.18,500,133
6022,,,,6.0,3.0,4.0,75.73,601,180
6023,,,,8.0,5.0,3.0,42.53,504,115
6024,,,,6.0,3.0,3.0,35.65,411,95
6025,,,,4.0,3.0,2.0,99.62,600,290
6026,,,,6.0,3.0,5.0,40.7,503,107
6027,,,,8.0,2.0,4.0,97.9,508,200
6028,,,,5.0,1.0,5.0,87.85,508,156
6029,,,,7.0,3.0,4.0,42.24,503,111
6030,,,,6.0,1.0,3.0,31.06,507,120
6031,,,,7.0,2.0,5.0,99.25,510,245
6032,,,,6.0,3.0,5.0,,705,156
6033,,,,6.0,3.0,4.0,94.55,504,160
6034,,,,7.0,3.0,2.0,35.07,601,150
6035,,,,1.0,4.0,2.0,67.36,506,135
6036,,,,6.0,3.0,2.0,63.8,508,140
6037,,,,6.0,1.0,,97.94,511,217
6038,,,,8.0,3.0,3.0,96.11,503,167
6039,,,,6.0,3.0,3.0,71.41,503,125
6040,,,,8.0,5.0,1.0,51.81,504,119
6041,,,,6.0,3.0,5.0,50.22,503,110
6042,,,,,,,95.6,502,150
6043,,,,8.0,4.0,3.0,15.99,503,100
6044,,,,8.0,3.0,4.0,84.35,411,120
6045,,,,6.0,3.0,5.0,97.82,500,160
6046,,,,8.0,1.0,1.0,88.51,409,120
6047,,,,6.0,3.0,5.0,,502,N
6048,,,,8.0,3.0,2.0,62.17,508,136
6049,,,,4.0,2.0,3.0,9.17,504,105
6050,,,,8.0,2.0,4.0,47.98,509,140
6051,,,,8.0,3.0,1.0,85.7,411,127
6052,,,,6.0,4.0,4.0,89.04,503,153
6053,,,,8.0,3.0,2.0,57.45,506,135
6054,,,,8.0,4.0,3.0,83.35,501,127
6055,,,,1.0,3.0,2.0,9.01,508,122
6056,,,,6.0,4.0,3.0,95.38,509,190
6057,,,,5.0,1.0,4.0,,508,138
6058,,,,6.0,4.0,3.0,98.83,504,230
6059,,,,8.0,5.0,2.0,58.55,510,155
6060,,,,8.0,3.0,2.0,,711,110
6061,,,,2.0,4.0,5.0,97.85,507,200
6062,,,,8.0,4.0,4.0,50.87,502,110
6063,,,,6.0,2.0,4.0,87.56,505,150
6064,,,,8.0,4.0,3.0,54.89,507,131
6065,,,,6.0,3.0,3.0,,N N,N
6066,,,,6.0,3.0,4.0,84.28,504,145
6067,,,,8.0,3.0,2.0,67.17,504,130
6068,,,,8.0,5.0,2.0,94.42,502,160
6069,,,,8.0,5.0,1.0,,504,N
6070,,,,6.0,3.0,6.0,16.41,502,99
6071,,,,6.0,2.0,5.0,14.03,509,120
6072,,,,7.0,3.0,2.0,29.0,601,147
6073,,,,8.0,4.0,4.0,45.85,501,110
6074,,,,,,3.0,56.96,503,117
6075,,,,8.0,2.0,,66.09,502,120
6076,,,,1.0,2.0,4.0,58.79,504,119
6077,,,,6.0,1.0,5.0,8.8,505,105
6078,,,,6.0,1.0,4.0,13.33,505,110
6079,,,,6.0,3.0,5.0,5.21,508,115
6080,,,,6.0,Always ,3.0,39.9,501,103
6081,,,,6.0,2.0,4.0,0.63,508,110
6082,,,,7.0,2.0,4.0,33.86,502,106
6083,,,,8.0,3.0,3.0,,510,190
6084,,,,6.0,4.0,4.0,24.06,509,127
6085,,,,6.0,3.0,2.0,23.29,508,126
6086,,,,8.0,1.0,,,N N,N
6087,,,,8.0,3.0,2.0,70.08,505,132
6088,,,,8.0,2.0,6.0,78.66,505,145
6089,,,,4.0,4.0,,64.18,503,126
6090,,,,6.0,2.0,4.0,87.03,502,135
6091,,,,7.0,3.0,3.0,73.72,510,160
6092,,,,6.0,1.0,3.0,41.63,508,125
6093,,,,6.0,2.0,4.0,82.7,603,180
6094,,,,6.0,4.0,1.0,61.69,502,120
6095,,,,8.0,2.0,3.0,98.56,604,270
6096,,,,6.0,2.0,3.0,10.33,507,115
6097,,,,5.0,1.0,4.0,90.37,507,160
6098,,,,7.0,2.0,4.0,22.13,506,110
6099,,,,8.0,3.0,3.0,0.04,508,100
6100,,,,8.0,4.0,4.0,51.06,411,105
6101,,,,7.0,1.0,4.0,91.47,508,173
6102,,,,8.0,3.0,2.0,85.54,505,148
6103,,,,2.0,1.0,6.0,22.69,509,120
6104,,,,7.0,3.0,4.0,74.72,507,142
6105,,,,6.0,2.0,2.0,82.13,508,168
6106,,,,8.0,3.0,3.0,98.58,508,214
6107,,,,6.0,4.0,3.0,61.88,502,115
6108,,,,2.0,2.0,2.0,6.48,600,130
6109,,,,6.0,4.0,4.0,65.35,507,143
6110,,,,8.0,4.0,3.0,76.31,505,140
6111,,,,7.0,3.0,4.0,57.6,501,115
6112,,,,6.0,4.0,4.0,7.34,503,100
6113,,,,6.0,3.0,5.0,38.28,506,125
6114,,,,6.0,3.0,4.0,26.69,510,135
6115,,,,8.0,4.0,2.0,46.48,507,130
6116,,,,6.0,2.0,4.0,92.88,510,197
6117,,,,7.0,1.0,5.0,33.1,600,155
6118,,,,8.0,1.0,5.0,98.26,503,172
6119,,,,6.0,2.0,4.0,99.75,511,297
6120,,,,8.0,5.0,1.0,,505,N
6121,,,,8.0,1.0,5.0,,N N,N
6122,,,,,,,,N N,N
6123,,,,4.0,4.0,,97.59,600,234
6124,,,,6.0,2.0,4.0,87.53,407,105
6125,,,,6.0,1.0,3.0,69.13,511,170
6126,,,,5.0,2.0,4.0,,601,N
6127,,,,8.0,4.0,2.0,64.31,500,106
6128,,,,7.0,2.0,5.0,92.09,508,184
6129,,,,7.0,3.0,2.0,,511,153
6130,,,,8.0,5.0,2.0,23.7,501,97
6131,,,,8.0,5.0,2.0,23.33,511,145
6132,,,,8.0,4.0,3.0,56.36,601,171
6133,,,,5.0,3.0,3.0,,603,170
6134,,,,8.0,4.0,4.0,8.45,600,140
6135,,,,8.0,3.0,2.0,98.39,505,185
6136,,,,8.0,4.0,2.0,97.52,503,196
6137,,,,6.0,4.0,2.0,,502,170
6138,,,,8.0,3.0,,88.37,500,125
6139,,,,4.0,1.0,3.0,31.64,506,130
6140,,,,6.0,4.0,2.0,93.3,503,165
6141,,,,8.0,1.0,1.0,91.41,504,150
6142,,,,7.0,4.0,3.0,69.84,506,145
6143,,,,6.0,2.0,2.0,99.74,506,310
6144,,,,8.0,3.0,3.0,7.43,507,120
6145,,,,3.0,1.0,4.0,60.39,505,138
6146,,,,8.0,3.0,1.0,98.01,506,190
6147,,,,6.0,3.0,5.0,96.12,605,255
6148,,,,7.0,5.0,1.0,96.95,502,167
6149,,,,8.0,5.0,1.0,23.82,503,110
6150,,,,8.0,3.0,3.0,14.65,511,140
6151,,,,8.0,1.0,4.0,50.15,510,155
6152,,,,6.0,3.0,2.0,99.91,509,369
6153,,,,8.0,5.0,4.0,,508,140
6154,,,,8.0,2.0,4.0,87.36,510,185
6155,,,,1.0,2.0,4.0,60.77,600,170
6156,,,,6.0,1.0,3.0,0.32,504,90
6157,,,,6.0,3.0,4.0,98.09,600,235
6158,,,,4.0,1.0,4.0,47.58,504,120
6159,,,,8.0,4.0,4.0,,502,N
6160,,,,8.0,3.0,1.0,95.43,504,178
6161,,,,4.0,5.0,2.0,23.1,508,130
6162,,,,8.0,5.0,2.0,76.75,504,137
6163,,,,8.0,3.0,3.0,95.75,505,180
6164,,,,8.0,5.0,5.0,97.67,509,210
6165,,,,8.0,3.0,3.0,,503,220
6166,,,Grade 10,8.0,3.0,1.0,49.86,504,121
6167,,,,7.0,3.0,2.0,45.51,511,142
6168,,,,6.0,2.0,3.0,52.41,510,147
6169,,,,5.0,2.0,4.0,96.6,505,179
6170,,,,7.0,2.0,5.0,42.36,507,125
6171,,,,7.0,3.0,4.0,30.11,510,132
6172,,,,8.0,4.0,4.0,62.19,506,135
6173,,,,8.0,3.0,3.0,77.2,502,130
6174,,,,6.0,3.0,6.0,45.71,511,147
6175,,,,6.0,5.0,5.0,91.99,600,195
6176,,,,8.0,5.0,2.0,65.18,509,145
6177,,,,4.0,3.0,2.0,81.02,505,150
6178,,,,6.0,5.0,5.0,,505,N
6179,,,,6.0,4.0,3.0,,507,N
6180,,,,,,,28.91,505,115
6181,,,,6.0,3.0,4.0,99.01,507,260
6182,,,,4.0,1.0,4.0,65.23,507,145
6183,,,,5.0,2.0,4.0,50.27,506,130
6184,,,,7.0,4.0,4.0,26.69,510,135
6185,,,,,5.0,2.0,,405,390
6186,,,,6.0,4.0,4.0,41.49,511,145
6187,,,,1.0,4.0,1.0,31.06,507,120
6188,,,,5.0,5.0,1.0,96.99,511,220
6189,,,,6.0,3.0,2.0,98.3,507,202
6190,,,,6.0,3.0,4.0,,505,70
6191,,,,3.0,3.0,5.0,61.79,505,130
6192,,,,8.0,4.0,7.0,99.72,508,270
6193,,,,6.0,2.0,7.0,98.84,600,249
6194,,,,8.0,3.0,,66.67,510,155
6195,,,,1.0,4.0,4.0,71.8,504,130
6196,,,,6.0,5.0,2.0,88.11,502,140
6197,,,,6.0,3.0,4.0,96.72,501,170
6198,,,,6.0,1.0,7.0,,501,N
6199,,,,8.0,3.0,3.0,89.76,503,145
6200,,,,8.0,3.0,1.0,76.75,501,121
6201,,,,8.0,2.0,3.0,97.06,508,200
6202,,,,6.0,2.0,6.0,,503,128
6203,,,,6.0,3.0,4.0,,509,N
6204,,,,5.0,1.0,5.0,65.72,502,117
6205,,,,7.0,1.0,4.0,99.22,510,245
6206,,,,6.0,4.0,2.0,47.58,504,120
6207,,,,8.0,3.0,4.0,24.37,507,120
6208,,,,6.0,2.0,2.0,98.85,509,225
6209,,,,6.0,1.0,5.0,93.82,510,195
6210,,,,6.0,5.0,3.0,97.23,501,175
6211,,,,8.0,3.0,5.0,99.01,504,220
6212,,,,7.0,1.0,6.0,,705,215
6213,,,,8.0,3.0,3.0,98.26,507,205
6214,,,,6.0,4.0,,96.48,506,187
6215,,,,8.0,2.0,3.0,,508,147
6216,,,,6.0,3.0,4.0,99.47,510,260
6217,,,,8.0,1.0,4.0,67.0,505,130
6218,,,,6.0,4.0,3.0,19.44,508,120
6219,,,,6.0,2.0,,91.8,506,165
6220,,,,1.0,2.0,4.0,31.11,506,118
6221,,,,6.0,3.0,3.0,70.08,505,132
6222,,,,6.0,3.0,2.0,87.72,501,129
6223,,,,5.0,2.0,5.0,81.72,507,148
6224,,,,4.0,3.0,3.0,56.96,503,117
6225,,,,6.0,1.0,4.0,31.09,600,140
6226,,,,5.0,4.0,3.0,70.84,502,120
6227,,,,6.0,2.0,3.0,,503,181
6228,,,,6.0,,2.0,96.43,505,180
6229,,,,8.0,4.0,2.0,49.76,411,100
6230,,,,6.0,4.0,5.0,72.35,505,130
6231,,,,8.0,2.0,2.0,77.51,509,155
6232,,,,8.0,2.0,6.0,89.79,505,150
6233,,,,1.0,4.0,4.0,18.56,504,105
6234,,,,6.0,2.0,5.0,23.7,501,97
6235,,,,6.0,4.0,4.0,,505,N
6236,,,,8.0,4.0,5.0,98.83,504,230
6237,,,,6.0,3.0,,98.92,511,243
6238,,,,6.0,1.0,3.0,87.11,506,160
6239,,,,6.0,2.0,3.0,99.19,600,260
6240,,,,8.0,1.0,4.0,75.56,601,185
6241,,,,8.0,3.0,5.0,99.78,509,285
6242,,,,6.0,2.0,5.0,58.88,509,150
6243,,,,8.0,5.0,1.0,,301,399
6244,,,,8.0,3.0,4.0,98.28,511,230
6245,,,,8.0,2.0,2.0,45.15,601,160
6246,,,,6.0,2.0,4.0,36.32,508,140
6247,,,,8.0,3.0,6.0,74.69,502,128
6248,,,,6.0,3.0,2.0,99.18,503,242
6249,,,,6.0,4.0,4.0,73.35,502,127
6250,,,,8.0,3.0,1.0,88.56,509,176
6251,,,,4.0,1.0,3.0,11.66,508,120
6252,,,,8.0,3.0,3.0,85.04,504,149
6253,,,,7.0,4.0,2.0,90.46,505,163
6254,,,,8.0,3.0,3.0,30.87,502,110
6255,,,,8.0,2.0,5.0,37.19,504,118
6256,,,,6.0,3.0,5.0,,N N,N
6257,,,,,,,,605,N
6258,,,,,,,96.4,504,185
6259,,,,4.0,1.0,6.0,96.36,504,180
6260,,,,6.0,3.0,2.0,,504,150
6261,,,,1.0,2.0,1.0,,N N,N
6262,,,,,,,6.55,508,120
6263,,,,7.0,3.0,3.0,20.47,503,102
6264,,,,,,,,502,N
6265,,,,1.0,2.0,5.0,78.55,500,125
6266,,,,,,,96.28,500,160
6267,,,,8.0,1.0,,70.84,502,120
6268,,,,,,,,500,50
6269,,,,6.0,3.0,4.0,36.86,509,135
6270,,M,,,,,,503,N
6271,,,,,,,97.16,503,170
6272,,,,8.0,2.0,3.0,53.2,504,125
6273,,,,6.0,1.0,5.0,87.98,509,175
6274,,,,5.0,,4.0,13.71,509,128
6275,,,,,,,,502,110
6276,,,,,,,,503,110
6277,,,,6.0,3.0,,97.3,504,189
6278,,,,,,,89.97,509,182
6279,,,,,,,,504,N
6280,,,,,,,48.32,510,145
6281,,,,4.0,1.0,1.0,0.23,602,130
6282,,,,,,,90.96,501,145
6283,,,,6.0,3.0,5.0,27.35,506,121
6284,,,,,,,47.49,506,130
6285,,,,6.0,4.0,5.0,32.35,508,130
6286,,,,,,,14.41,504,103
6287,,,,6.0,4.0,2.0,95.16,510,200
6288,,,,,,,67.09,500,113
6289,,,,2.0,1.0,4.0,64.18,505,140
6290,,,,6.0,2.0,5.0,63.41,509,157
6291,,,,,,,44.51,505,126
6292,,,,,,,,N N,N
6293,,,,,,,,410,123
6294,,,,,,,72.14,508,150
6295,,,,,,,74.46,600,175
6296,,,,,,,10.13,510,130
6297,,,,,,,17.58,506,120
6298,,,,1.0,1.0,4.0,25.82,510,129
6299,,,,1.0,2.0,4.0,97.94,509,213
6300,,,,4.0,2.0,,,509,155
6301,,,,,,,94.18,507,170
6302,,,,6.0,3.0,2.0,,N N,N
6303,,,,6.0,2.0,3.0,77.29,508,154
6304,,,,,,,95.58,502,166
6305,,,,8.0,3.0,4.0,93.82,510,195
6306,,,,,,,,508,N
6307,,,,6.0,3.0,3.0,82.96,504,140
6308,,,,,,,96.36,504,180
6309,,,,,,,13.41,604,160
6310,,,,8.0,3.0,,98.09,508,210
6311,,,,,,,,N N,N
6312,,,,,,,,503,108
6313,,,,,,,80.86,501,130
6314,,,,6.0,3.0,3.0,81.1,502,131
6315,,,,8.0,1.0,3.0,66.76,509,145
6316,,,,6.0,4.0,1.0,62.39,503,125
6317,,,,5.0,1.0,4.0,88.17,511,175
6318,,,,7.0,2.0,5.0,32.35,508,130
6319,,,,7.0,2.0,4.0,45.3,508,140
6320,,,,8.0,1.0,6.0,,N N,197
6321,,,,6.0,2.0,3.0,92.99,504,170
6322,,,,,,,94.1,502,155
6323,,,,8.0,5.0,7.0,89.97,600,190
6324,,,,6.0,3.0,5.0,82.08,502,132
6325,,,,4.0,4.0,4.0,84.47,504,138
6326,,,,,,,98.47,409,160
6327,,,,,,,49.64,508,142
6328,,,,,,,37.06,504,121
6329,,,,6.0,4.0,1.0,37.6,504,120
6330,,,,1.0,4.0,7.0,47.58,504,120
6331,,,,,,,98.12,508,203
6332,,,,,,,25.66,510,143
6333,,,,7.0,3.0,2.0,71.51,510,168
6334,,,,,,,80.08,502,130
6335,,,,,,,88.17,511,175
6336,,,,,,,21.17,508,125
6337,,,,4.0,4.0,4.0,0.5,508,106
6338,,,,,,,96.43,505,180
6339,,,,5.0,4.0,4.0,92.84,506,180
6340,,,,,,,86.79,511,185
6341,,,,5.0,2.0,4.0,98.66,511,230
6342,,,,,,,99.79,508,284
6343,,,,6.0,4.0,3.0,53.5,506,135
6344,,,,,,,,507,160
6345,,,,8.0,3.0,5.0,24.92,502,100
6346,,,,,,,,N N,142
6347,,,,,,,84.35,411,120
6348,,,,1.0,1.0,3.0,80.51,511,180
6349,,,,,,,53.2,504,125
6350,,,,,,,92.09,504,160
6351,,,,6.0,4.0,2.0,63.31,603,185
6352,,,,,,,98.17,503,195
6353,,,,8.0,5.0,3.0,62.47,506,132
6354,,,,,,,92.01,411,132
6355,,,,2.0,1.0,5.0,22.22,600,145
6356,,Male ,,,,,,509,N
6357,,,,,,,69.41,505,128
6358,,,,,,,42.05,600,155
6359,,,,,,,97.68,502,180
6360,,,,,,,98.63,508,215
6361,,,,5.0,3.0,3.0,44.3,502,110
6362,,,,6.0,3.0,,52.53,603,162
6363,,,,6.0,2.0,4.0,73.74,510,165
6364,,,,7.0,4.0,3.0,76.31,505,140
6365,,,,6.0,3.0,,53.05,505,130
6366,,,,8.0,1.0,2.0,99.18,510,250
6367,,,,8.0,3.0,1.0,93.13,501,140
6368,,,,5.0,4.0,4.0,90.37,507,160
6369,,,,8.0,4.0,1.0,74.35,504,135
6370,,,,8.0,2.0,7.0,40.79,505,120
6371,,,,6.0,3.0,2.0,10.14,510,120
6372,,,,5.0,4.0,4.0,,505,N
6373,,,,7.0,4.0,3.0,68.08,600,170
6374,,,,8.0,4.0,4.0,90.32,507,165
6375,,,,5.0,3.0,4.0,62.03,504,127
6376,,,,3.0,2.0,4.0,98.68,509,218
6377,,,,8.0,3.0,,,507,N
6378,,,,2.0,3.0,4.0,99.16,511,255
6379,,,,,,,99.75,600,315
6380,,,,1.0,1.0,5.0,91.79,505,170
6381,,,,8.0,5.0,3.0,,505,N
6382,,,,8.0,4.0,3.0,14.24,502,98
6383,,,,6.0,4.0,4.0,84.5,503,140
6384,,,,8.0,5.0,1.0,49.88,505,124
6385,,,,6.0,4.0,2.0,75.77,508,159
6386,,,,8.0,4.0,1.0,,705,133
6387,,,,7.0,5.0,5.0,82.44,508,157
6388,,,,6.0,5.0,3.0,98.83,504,230
6389,,,,6.0,3.0,1.0,52.85,506,130
6390,,,,8.0,4.0,2.0,99.35,500,220
6391,,,,8.0,3.0,2.0,46.08,503,115
6392,,,,8.0,5.0,,99.6,503,306
6393,,,,6.0,4.0,1.0,35.76,505,115
6394,,,,,1.0,5.0,,N N,N
6395,,,,8.0,3.0,2.0,62.19,506,135
6396,,,,6.0,3.0,4.0,66.73,503,125
6397,,,,7.0,3.0,3.0,87.32,508,170
6398,,,,6.0,3.0,,3.31,600,134
6399,,,,7.0,3.0,3.0,80.94,511,168
6400,,,,7.0,4.0,,63.35,509,143
6401,,,,8.0,1.0,5.0,55.75,507,140
6402,,,,7.0,4.0,3.0,83.42,505,144
6403,,,,5.0,2.0,4.0,25.3,511,135
6404,,,,8.0,3.0,6.0,46.48,507,130
6405,,,,8.0,2.0,5.0,67.34,510,165
6406,,,,6.0,3.0,4.0,37.15,509,130
6407,,,,8.0,5.0,4.0,86.06,502,130
6408,,,,8.0,3.0,3.0,0.04,508,106
6409,,,,6.0,4.0,1.0,84.68,502,135
6410,,,,6.0,5.0,2.0,,N N,N
6411,,,,6.0,4.0,1.0,,508,130
6412,,,,6.0,,,67.34,510,165
6413,,,,6.0,3.0,3.0,94.92,504,175
6414,,,,4.0,1.0,2.0,98.36,500,165
6415,,,,7.0,5.0,2.0,1.96,504,98
6416,,,,1.0,2.0,6.0,60.12,508,138
6417,,,,1.0,1.0,4.0,91.95,509,168
6418,,,,8.0,1.0,4.0,97.47,603,230
6419,,,,6.0,3.0,3.0,89.98,503,149
6420,,,,6.0,5.0,2.0,43.63,509,138
6421,,,,6.0,1.0,3.0,,601,N
6422,,,,6.0,4.0,3.0,90.43,503,150
6423,,,,6.0,4.0,3.0,59.21,504,130
6424,,,,6.0,3.0,4.0,96.05,503,180
6425,,,,7.0,4.0,3.0,27.25,509,135
6426,,,,6.0,3.0,5.0,63.68,601,160
6427,,,,6.0,4.0,4.0,99.91,510,341
6428,,,,6.0,3.0,2.0,98.21,510,220
6429,,,,5.0,3.0,4.0,98.46,506,222
6430,,,,8.0,4.0,2.0,82.39,501,126
6431,,,,6.0,3.0,3.0,,508,205
6432,,,,6.0,2.0,5.0,92.84,506,180
6433,,,,6.0,,2.0,24.92,502,100
6434,,,,8.0,5.0,1.0,98.75,504,210
6435,,,,6.0,4.0,5.0,31.38,600,145
6436,,,,,,,66.73,503,125
6437,,,,6.0,4.0,1.0,95.59,507,190
6438,,,,6.0,5.0,2.0,57.76,509,140
6439,,,,1.0,4.0,2.0,98.28,511,230
6440,,,,6.0,5.0,2.0,92.39,508,180
6441,,,,8.0,3.0,3.0,98.74,509,216
6442,,,,1.0,1.0,4.0,99.26,507,224
6443,,,,2.0,4.0,3.0,95.4,509,200
6444,,,,6.0,4.0,4.0,56.82,508,141
6445,,,,6.0,5.0,2.0,54.77,508,140
6446,,,,1.0,2.0,6.0,10.28,500,85
6447,,,,8.0,3.0,3.0,89.59,506,170
6448,,,,8.0,2.0,4.0,64.15,509,153
6449,,,,8.0,2.0,4.0,82.58,505,143
6450,,,,8.0,2.0,,96.21,508,190
6451,,,,1.0,4.0,1.0,83.9,510,180
6452,,,,6.0,4.0,2.0,85.47,507,157
6453,,,,4.0,1.0,6.0,43.95,508,135
6454,,,,8.0,3.0,5.0,75.36,511,165
6455,,,,6.0,2.0,1.0,97.9,508,200
6456,,,,6.0,2.0,5.0,23.65,504,110
6457,,,,8.0,4.0,4.0,80.07,503,135
6458,,,,6.0,2.0,4.0,3.63,509,123
6459,,,,8.0,4.0,4.0,54.15,504,123
6460,,,,7.0,4.0,1.0,73.31,508,160
6461,,,,5.0,3.0,1.0,93.8,601,216
6462,,,,6.0,3.0,3.0,30.3,504,110
6463,,,,8.0,4.0,3.0,45.34,506,120
6464,,,,6.0,4.0,4.0,31.95,600,150
6465,,,,2.0,2.0,4.0,98.84,506,210
6466,,,,8.0,5.0,3.0,88.11,502,140
6467,,,,8.0,2.0,4.0,67.66,510,161
6468,,,,8.0,3.0,3.0,52.96,511,160
6469,,,,8.0,4.0,1.0,97.58,501,169
6470,,,,8.0,2.0,3.0,82.18,506,145
6471,,,,4.0,4.0,3.0,64.23,507,140
6472,,,,8.0,3.0,3.0,,302,129
6473,,,,8.0,3.0,5.0,31.25,502,105
6474,,,,5.0,2.0,4.0,,705,112
6475,,,,5.0,2.0,5.0,20.46,602,152
6476,,,,6.0,2.0,6.0,,505,N
6477,,,,8.0,2.0,2.0,39.33,506,117
6478,,,,,,,19.34,500,94
6479,,,,6.0,3.0,2.0,69.91,506,140
6480,,,,6.0,4.0,1.0,75.41,509,156
6481,,,,4.0,3.0,4.0,99.7,510,283
6482,,,,7.0,4.0,3.0,96.35,507,180
6483,,,,8.0,5.0,2.0,95.34,508,190
6484,,,,7.0,4.0,6.0,67.17,504,130
6485,,,,8.0,,,96.87,508,190
6486,,,,8.0,1.0,6.0,,600,179
6487,,,,6.0,3.0,5.0,30.94,508,130
6488,,,,8.0,4.0,3.0,,505,104
6489,,,,8.0,4.0,1.0,,506,128
6490,,,,8.0,3.0,3.0,49.07,504,125
6491,,,,6.0,3.0,3.0,87.81,502,145
6492,,,,8.0,3.0,4.0,0.68,508,100
6493,,,,1.0,2.0,6.0,98.77,508,215
6494,,,,6.0,3.0,4.0,96.6,507,190
6495,,,,8.0,5.0,2.0,35.97,502,109
6496,,,,,,,43.48,502,118
6497,,,,6.0,3.0,1.0,,506,N
6498,,,,5.0,1.0,4.0,75.69,511,160
6499,,,,4.0,4.0,1.0,98.17,506,215
6500,,,,5.0,4.0,4.0,36.52,507,123
6501,,,,7.0,1.0,,96.62,503,185
6502,,,,6.0,3.0,3.0,10.13,510,130
6503,,,,,1.0,4.0,90.2,508,175
6504,,,,,,,99.47,511,265
6505,,,,8.0,,5.0,90.14,507,160
6506,,,,8.0,3.0,,66.26,504,132
6507,,,,8.0,5.0,1.0,58.7,503,125
6508,,,,6.0,1.0,3.0,89.99,507,164
6509,,,,6.0,2.0,6.0,16.33,510,134
6510,,,,2.0,3.0,1.0,93.32,408,130
6511,,,,8.0,2.0,4.0,62.28,506,140
6512,,,,6.0,3.0,,,503,N
6513,,,,5.0,1.0,4.0,,711,150
6514,,,,8.0,3.0,4.0,10.54,503,102
6515,,,,6.0,2.0,3.0,96.87,508,190
6516,,,,8.0,2.0,3.0,29.95,500,100
6517,,,,6.0,4.0,4.0,85.71,504,150
6518,,,,6.0,2.0,4.0,74.74,600,170
6519,,,,6.0,5.0,4.0,31.07,507,125
6520,,,,8.0,2.0,4.0,,509,121
6521,,,,8.0,2.0,3.0,91.64,506,168
6522,,,,6.0,3.0,2.0,99.64,511,280
6523,,,,5.0,4.0,1.0,,508,N
6524,,,,8.0,5.0,1.0,,501,222
6525,,,,8.0,1.0,5.0,92.19,510,190
6526,,,,3.0,1.0,2.0,93.4,509,192
6527,,,,6.0,5.0,3.0,91.42,501,149
6528,,,,5.0,1.0,6.0,,511,205
6529,,,,6.0,1.0,5.0,92.95,602,220
6530,,,,6.0,2.0,4.0,93.74,601,205
6531,,,,,1.0,1.0,93.29,500,139
6532,,,,8.0,3.0,3.0,41.98,504,120
6533,,,,4.0,2.0,7.0,0.24,600,120
6534,,,,2.0,1.0,4.0,10.44,511,129
6535,,,,,,,,505,N
6536,,,,5.0,1.0,6.0,87.6,504,150
6537,,,,8.0,2.0,4.0,33.32,601,154
6538,,,,6.0,5.0,1.0,,510,130
6539,,,,6.0,1.0,3.0,95.67,509,196
6540,,,,6.0,3.0,3.0,97.35,511,219
6541,,,,6.0,1.0,5.0,95.04,510,190
6542,,,,6.0,3.0,2.0,96.24,503,177
6543,,,,,,,98.34,511,231
6544,,,,6.0,4.0,2.0,50.96,502,115
6545,,,,6.0,4.0,3.0,63.89,501,110
6546,,,,6.0,2.0,3.0,77.19,503,135
6547,,,,8.0,3.0,3.0,98.01,506,226
6548,,,,2.0,5.0,1.0,97.54,508,200
6549,,,,8.0,3.0,4.0,41.98,504,120
6550,,,,6.0,2.0,4.0,27.56,504,114
6551,,,,3.0,3.0,1.0,97.95,502,196
6552,,,,6.0,2.0,5.0,90.45,511,190
6553,,,,1.0,2.0,4.0,98.09,602,248
6554,,,,5.0,2.0,4.0,,600,220
6555,,,,6.0,4.0,3.0,92.48,502,156
6556,,,,8.0,2.0,4.0,58.82,505,133
6557,,,,6.0,1.0,5.0,78.32,508,150
6558,,,,8.0,3.0,3.0,58.09,505,125
6559,,,,4.0,2.0,5.0,91.35,511,187
6560,,,,8.0,3.0,4.0,57.92,502,110
6561,,,,,3.0,4.0,16.74,510,130
6562,,,,8.0,,3.0,17.21,509,130
6563,,,,7.0,5.0,5.0,0.0,608,130
6564,,,,5.0,4.0,1.0,98.28,511,230
6565,,,,7.0,4.0,1.0,65.94,503,127
6566,,,,,,,95.94,507,182
6567,,,,6.0,1.0,5.0,,700,225
6568,,,,6.0,4.0,3.0,79.94,504,140
6569,,,,5.0,2.0,2.0,,506,153
6570,,,,8.0,2.0,4.0,99.9,511,356
6571,,,,1.0,4.0,3.0,96.23,511,201
6572,,,,6.0,3.0,2.0,25.27,510,132
6573,,,,6.0,2.0,4.0,93.58,600,200
6574,,,,3.0,1.0,5.0,72.14,508,150
6575,,,,8.0,4.0,1.0,91.95,503,153
6576,,,,2.0,4.0,1.0,98.98,509,226
6577,,,,7.0,2.0,5.0,18.67,501,95
6578,,,,6.0,3.0,4.0,67.86,502,115
6579,,,,6.0,4.0,3.0,71.67,504,133
6580,,,,8.0,2.0,,,510,N
6581,,,,6.0,1.0,2.0,30.7,506,120
6582,,,,,1.0,,,302,130
6583,,,,4.0,3.0,5.0,59.38,503,121
6584,,,,7.0,2.0,,45.34,506,120
6585,,,,6.0,4.0,5.0,,508,130
6586,,,,3.0,2.0,4.0,97.76,511,210
6587,,,,6.0,4.0,2.0,37.7,504,113
6588,,,,8.0,1.0,3.0,97.94,504,178
6589,,,,6.0,1.0,5.0,33.2,508,126
6590,,,,8.0,1.0,4.0,60.51,505,130
6591,,,,8.0,4.0,3.0,97.36,500,165
6592,,,,6.0,3.0,4.0,27.97,503,110
6593,,,,8.0,4.0,2.0,80.48,502,133
6594,,,,6.0,3.0,7.0,15.55,510,125
6595,,,,6.0,2.0,5.0,21.46,505,110
6596,,,,7.0,1.0,,,608,138
6597,,,,8.0,4.0,3.0,,505,N
6598,,,,1.0,2.0,2.0,99.48,600,275
6599,,,,,,,98.93,510,235
6600,,,,,,,22.16,501,101
6601,,,,,,,36.17,601,160
6602,,,,1.0,2.0,,51.78,511,150
6603,,,,4.0,,,61.7,501,112
6604,,,,6.0,3.0,4.0,77.74,505,138
6605,,,,8.0,1.0,6.0,95.4,504,169
6606,,,,6.0,4.0,3.0,,511,N
6607,,,,8.0,5.0,5.0,51.66,508,140
6608,,,,1.0,2.0,5.0,90.09,510,180
6609,,,,6.0,5.0,3.0,51.29,501,110
6610,,,,5.0,5.0,1.0,62.36,505,135
6611,,,,4.0,4.0,2.0,94.75,506,176
6612,,,,4.0,,4.0,,N N,N
6613,,,,8.0,1.0,1.0,98.04,501,193
6614,,,,6.0,5.0,3.0,99.58,508,256
6615,,,,,,,53.91,502,114
6616,,,,8.0,1.0,5.0,11.09,506,109
6617,,,,8.0,3.0,4.0,15.53,506,110
6618,,,,8.0,1.0,3.0,,N N,N
6619,,,,8.0,5.0,2.0,81.17,500,120
6620,,,,,,,54.43,503,121
6621,,,,6.0,4.0,3.0,,502,N
6622,,,,4.0,3.0,3.0,91.0,604,214
6623,,,,5.0,2.0,4.0,95.16,508,180
6624,,,,,,,57.96,502,120
6625,,,,8.0,4.0,2.0,67.02,506,138
6626,,,,6.0,3.0,3.0,68.21,508,152
6627,,,,8.0,3.0,4.0,35.97,502,109
6628,,,,6.0,3.0,3.0,84.5,503,133
6629,,,,7.0,5.0,4.0,96.82,500,160
6630,,,,8.0,,,37.25,511,152
6631,,,,6.0,3.0,2.0,23.57,600,150
6632,,,,4.0,3.0,3.0,32.71,500,101
6633,,,,8.0,3.0,5.0,98.7,507,206
6634,,,,8.0,1.0,4.0,26.83,510,126
6635,,,,4.0,2.0,4.0,25.3,511,135
6636,,,,4.0,1.0,,17.15,602,150
6637,,,,7.0,2.0,4.0,91.16,503,155
6638,,,,7.0,1.0,2.0,90.71,507,170
6639,,,,8.0,4.0,4.0,,505,N
6640,,,,8.0,2.0,3.0,53.25,507,130
6641,,,,2.0,4.0,6.0,96.91,502,181
6642,,,,4.0,1.0,5.0,92.72,511,201
6643,,,,6.0,5.0,5.0,70.56,503,132
6644,,,,8.0,,,97.2,500,168
6645,,,,1.0,1.0,4.0,96.13,508,185
6646,,,,6.0,4.0,3.0,78.11,504,135
6647,,,,,,,31.07,507,125
6648,,,,6.0,1.0,5.0,69.82,505,135
6649,,,,2.0,1.0,3.0,98.99,511,245
6650,,,,7.0,1.0,5.0,97.44,510,215
6651,,,,8.0,4.0,2.0,77.05,504,140
6652,,,,7.0,2.0,3.0,98.28,510,225
6653,,,,6.0,3.0,,96.08,511,200
6654,,,,8.0,1.0,3.0,,N N,160
6655,,,,5.0,2.0,1.0,1.15,510,115
6656,,,,8.0,5.0,3.0,24.92,502,100
6657,,,,8.0,1.0,5.0,15.84,508,130
6658,,,,1.0,1.0,7.0,,605,N
6659,,,,,,,71.86,507,140
6660,,,,8.0,4.0,1.0,10.65,509,118
6661,,,,,,,50.5,509,150
6662,,,,4.0,3.0,3.0,27.25,509,135
6663,,,,6.0,1.0,5.0,,506,N
6664,,,,7.0,2.0,5.0,66.09,502,120
6665,,,,4.0,1.0,4.0,97.05,505,178
6666,,,,7.0,5.0,,84.39,507,150
6667,,,,5.0,1.0,1.0,,N N,N
6668,,,,,,,96.39,509,200
6669,,,,4.0,3.0,5.0,71.18,501,114
6670,,,,,,,65.24,504,125
6671,,,,6.0,2.0,4.0,90.88,506,158
6672,,,,8.0,4.0,3.0,19.13,504,108
6673,,,,6.0,4.0,5.0,62.36,505,135
6674,,,,6.0,1.0,4.0,6.55,508,120
6675,,,,6.0,3.0,3.0,48.99,510,150
6676,,,,6.0,3.0,3.0,50.12,504,115
6677,,,,6.0,5.0,4.0,93.06,506,169
6678,,,,6.0,1.0,5.0,81.1,506,150
6679,,,,5.0,3.0,4.0,87.11,506,160
6680,,,,6.0,4.0,3.0,97.08,503,190
6681,,,,8.0,3.0,4.0,98.97,510,236
6682,,,,6.0,5.0,2.0,36.43,507,128
6683,,,,8.0,3.0,5.0,82.1,502,137
6684,,,,6.0,4.0,2.0,,503,N
6685,,,,2.0,3.0,2.0,,605,N
6686,,,,4.0,1.0,1.0,80.18,502,129
6687,,,,6.0,3.0,1.0,45.49,503,112
6688,,,,2.0,1.0,1.0,90.54,510,186
6689,,,,,,,11.76,508,120
6690,,,,6.0,3.0,4.0,55.77,603,180
6691,,,,8.0,3.0,1.0,,510,N
6692,,,,6.0,1.0,,95.96,506,182
6693,,,,6.0,3.0,3.0,23.1,508,130
6694,,,,8.0,2.0,3.0,91.21,505,165
6695,,,,3.0,1.0,4.0,96.6,506,190
6696,,,,6.0,3.0,3.0,97.82,505,181
6697,,,,2.0,3.0,1.0,78.01,501,122
6698,,,,1.0,3.0,4.0,99.88,509,345
6699,,,,8.0,5.0,2.0,77.84,502,128
6700,,,,,,,91.28,602,215
6701,,,,8.0,2.0,3.0,98.46,600,237
6702,,,,6.0,3.0,1.0,25.58,601,150
6703,,,,8.0,4.0,2.0,11.37,506,120
6704,,,,4.0,5.0,5.0,45.26,505,119
6705,,,,6.0,2.0,,94.34,510,187
6706,,,,6.0,4.0,4.0,53.01,503,118
6707,,,,6.0,4.0,4.0,97.73,504,207
6708,,,,6.0,3.0,2.0,82.99,502,133
6709,,,,5.0,3.0,3.0,,504,145
6710,,,,,,,53.97,504,120
6711,,,,8.0,5.0,1.0,51.46,410,99
6712,,,,2.0,4.0,1.0,84.54,502,140
6713,,,,6.0,4.0,6.0,87.69,500,124
6714,,,,1.0,2.0,7.0,,709,91
6715,,,,6.0,3.0,4.0,98.44,508,215
6716,,,,8.0,3.0,4.0,49.76,600,154
6717,,,,8.0,3.0,3.0,28.09,504,116
6718,,,,6.0,2.0,2.0,16.27,511,141
6719,,,,8.0,3.0,4.0,12.78,500,90
6720,,,,8.0,2.0,4.0,99.38,509,250
6721,,,,2.0,3.0,2.0,,505,N
6722,,,,8.0,3.0,3.0,45.04,602,160
6723,,,,8.0,2.0,4.0,92.69,509,185
6724,,,,4.0,4.0,1.0,87.92,504,147
6725,,,,,,,78.75,509,160
6726,,,,8.0,5.0,1.0,93.33,504,160
6727,,,,8.0,3.0,4.0,75.24,508,157
6728,,,,5.0,1.0,6.0,92.62,509,180
6729,,,,4.0,4.0,2.0,0.06,503,86
6730,,,,,,,97.78,505,192
6731,,,,8.0,3.0,4.0,98.22,602,250
6732,,,,8.0,3.0,4.0,56.48,507,135
6733,,,,,,,43.54,508,130
6734,,,,8.0,3.0,2.0,99.76,509,280
6735,,,,6.0,3.0,3.0,62.41,506,140
6736,,,,4.0,1.0,5.0,97.62,504,205
6737,,,,4.0,1.0,2.0,99.27,509,245
6738,,,,6.0,4.0,4.0,91.84,503,160
6739,,,,6.0,3.0,1.0,1.4,601,125
6740,,,,8.0,2.0,3.0,93.01,503,157
6741,,,,8.0,2.0,4.0,98.89,505,250
6742,,,,8.0,4.0,3.0,3.96,509,120
6743,,,,,,,89.66,509,178
6744,,,,5.0,5.0,1.0,,611,399
6745,,,,6.0,2.0,,60.48,600,165
6746,,,,6.0,4.0,3.0,55.37,503,120
6747,,,,8.0,4.0,1.0,98.01,503,205
6748,,,,2.0,,1.0,99.45,509,250
6749,,,,6.0,4.0,1.0,86.8,506,150
6750,,,,6.0,1.0,3.0,43.95,508,135
6751,,,,6.0,,6.0,,N N,N
6752,,,,7.0,1.0,7.0,22.22,600,145
6753,,,,4.0,2.0,4.0,74.62,601,179
6754,,,,3.0,,,97.92,505,209
6755,,,,8.0,5.0,2.0,,N N,N
6756,,,,8.0,4.0,1.0,88.87,507,162
6757,,,,5.0,2.0,4.0,69.87,506,140
6758,,,,8.0,4.0,4.0,99.01,508,231
6759,,,,,,,60.15,504,126
6760,sixteen,,,,,,59.2,504,128
6761,,,,,,,95.35,509,180
6762,,,,8.0,4.0,5.0,97.15,510,208
6763,,,,6.0,1.0,3.0,16.74,510,130
6764,,,,4.0,3.0,5.0,95.22,502,160
6765,,,,4.0,1.0,,97.91,511,230
6766,,,,1.0,,,,507,54
6767,,,,8.0,2.0,4.0,80.08,502,130
6768,,,,4.0,3.0,1.0,99.84,505,267
6769,,,,,,,98.69,500,195
6770,,,,6.0,3.0,2.0,87.73,505,160
6771,,,,,,,96.13,508,185
6772,,,,5.0,,,98.09,508,210
6773,,,,8.0,3.0,4.0,90.33,508,180
6774,,,,,,,11.95,508,124
6775,,,,,,,99.19,600,256
6776,,,,8.0,3.0,2.0,43.09,507,130
6777,,,,6.0,3.0,6.0,87.31,500,130
6778,,,,,,,,502,N
6779,,,,5.0,,,90.02,508,165
6780,,,,5.0,2.0,5.0,76.62,509,152
6781,,,,,1.0,4.0,,510,N
6782,,,,5.0,3.0,4.0,90.38,511,195
6783,,,,,,,0.82,509,110
6784,,,,4.0,5.0,1.0,99.27,503,250
6785,,,,8.0,1.0,1.0,,503,55
6786,,,,4.0,1.0,3.0,97.68,508,210
6787,,,,7.0,2.0,4.0,16.74,510,130
6788,,,,8.0,1.0,3.0,97.03,600,214
6789,,,,2.0,1.0,5.0,72.03,506,150
6790,,,,6.0,1.0,5.0,,N N,N
6791,,,,6.0,2.0,2.0,88.94,503,150
6792,,,,6.0,1.0,4.0,16.89,506,112
6793,,,,6.0,2.0,4.0,94.06,505,175
6794,,,,6.0,3.0,1.0,,N N,N
6795,,,2,6.0,,5.0,,502,N
6796,,,,6.0,1.0,5.0,47.13,507,135
6797,,,,6.0,2.0,5.0,97.27,502,180
6798,,,,8.0,5.0,1.0,,502,N
6799,,,,5.0,4.0,2.0,23.65,504,110
6800,,,,7.0,1.0,6.0,62.36,505,135
6801,,,,2.0,3.0,5.0,,502,N
6802,,,,4.0,3.0,4.0,5.04,506,115
6803,,,,,,,56.04,505,132
6804,,,,6.0,3.0,3.0,45.61,507,123
6805,,,,3.0,1.0,5.0,95.6,511,207
6806,,,,1.0,1.0,5.0,,N N,N
6807,,,,6.0,5.0,5.0,,508,N
6808,,,,6.0,4.0,3.0,57.63,502,118
6809,,,,8.0,,,8.87,510,125
6810,,,,6.0,4.0,2.0,92.09,506,170
6811,,,,7.0,3.0,5.0,79.58,501,120
6812,,,,6.0,2.0,5.0,98.21,504,210
6813,,,,8.0,3.0,1.0,10.9,503,100
6814,,,,6.0,1.0,5.0,3.74,510,120
6815,,,,6.0,4.0,5.0,,510,210
6816,,,,2.0,3.0,6.0,98.99,504,250
6817,,,,4.0,1.0,6.0,,511,N
6818,,,,,,,,505,N
6819,,,,6.0,3.0,3.0,,502,N
6820,,,,1.0,5.0,5.0,79.82,504,147
6821,,,,8.0,3.0,2.0,,504,N
6822,,,,7.0,3.0,5.0,77.2,502,130
6823,,,,7.0,3.0,3.0,48.99,510,150
6824,,,,,,,,509,185
6825,,,,6.0,2.0,6.0,48.16,510,154
6826,,,,6.0,2.0,,95.65,603,220
6827,,,,8.0,,2.0,40.79,505,120
6828,,,,8.0,,,84.8,505,155
6829,,,,4.0,1.0,4.0,,N N,N
6830,,,,,,,99.54,508,250
6831,,,,7.0,3.0,3.0,94.74,504,170
6832,,,,6.0,1.0,4.0,31.64,506,130
6833,,,,4.0,3.0,3.0,96.94,509,195
6834,,,,6.0,4.0,4.0,34.22,502,110
6835,,,,6.0,1.0,6.0,87.04,600,195
6836,,,,,1.0,5.0,90.83,504,160
6837,,,,8.0,5.0,4.0,44.31,504,120
6838,,,,6.0,2.0,5.0,68.08,600,170
6839,,,,6.0,2.0,4.0,53.5,506,135
6840,,,,6.0,3.0,5.0,97.27,502,180
6841,,,,6.0,3.0,1.0,97.59,511,217
6842,,,,6.0,4.0,1.0,0.06,504,87
6843,,,,6.0,2.0,3.0,,504,N
6844,,,,6.0,3.0,3.0,78.35,506,150
6845,,,,6.0,,4.0,89.23,502,142
6846,,,,8.0,1.0,2.0,93.58,600,200
6847,,,,4.0,1.0,5.0,97.38,504,190
6848,,,,5.0,4.0,3.0,88.67,504,158
6849,,,,4.0,1.0,2.0,,611,210
6850,,,,4.0,1.0,5.0,33.67,503,110
6851,,,,6.0,3.0,,74.59,502,130
6852,,,,6.0,1.0,7.0,,502,N
6853,,,,3.0,1.0,1.0,,N N,N
6854,,,,6.0,2.0,3.0,,505,112
6855,,,,8.0,3.0,3.0,47.18,508,145
6856,,,,8.0,3.0,5.0,90.19,511,179
6857,,,,7.0,3.0,4.0,,509,120
6858,,,,6.0,4.0,2.0,95.75,505,180
6859,,,,5.0,4.0,4.0,98.62,508,260
6860,,,,7.0,4.0,3.0,,504,115
6861,,,,7.0,2.0,3.0,98.74,505,195
6862,,,,8.0,3.0,2.0,94.9,503,153
6863,,,,6.0,3.0,3.0,42.91,505,118
6864,,,,1.0,2.0,5.0,12.3,509,119
6865,,,,8.0,4.0,1.0,,504,N
6866,,,,5.0,5.0,4.0,97.49,509,200
6867,,,,4.0,1.0,6.0,,505,N
6868,,,,6.0,4.0,4.0,,507,N
6869,,,,5.0,2.0,5.0,58.87,506,130
6870,,,,2.0,,5.0,44.4,505,123
6871,,,,8.0,1.0,5.0,20.47,503,102
6872,,,,4.0,3.0,3.0,65.32,503,118
6873,,,,1.0,5.0,5.0,84.29,604,188
6874,,,,1.0,1.0,4.0,68.81,503,120
6875,,,,5.0,1.0,2.0,24.19,509,125
6876,,,,5.0,2.0,4.0,99.42,509,246
6877,,,,1.0,1.0,3.0,97.55,508,196
6878,,,,4.0,3.0,3.0,96.08,507,187
6879,,,,6.0,3.0,4.0,98.32,503,185
6880,,,,6.0,3.0,5.0,82.19,503,140
6881,,,,8.0,3.0,5.0,63.51,509,140
6882,,,,8.0,3.0,4.0,98.54,508,210
6883,,,,6.0,5.0,3.0,79.08,500,115
6884,,,,8.0,4.0,3.0,99.32,508,235
6885,,,,6.0,3.0,5.0,50.47,505,118
6886,,,,8.0,4.0,4.0,,511,N
6887,,,,3.0,2.0,4.0,84.98,503,146
6888,,,,1.0,1.0,1.0,89.82,600,195
6889,,,,6.0,1.0,4.0,61.17,511,150
6890,,,,6.0,3.0,1.0,,500,N
6891,,,,8.0,5.0,3.0,98.43,501,195
6892,,,,6.0,1.0,4.0,47.28,509,135
6893,,,,6.0,3.0,4.0,78.66,505,145
6894,,,,,4.0,2.0,,N N,N
6895,,,,8.0,1.0,2.0,91.99,600,195
6896,,,,6.0,5.0,5.0,94.86,507,190
6897,,,,8.0,3.0,,,505,N
6898,,,,2.0,4.0,,97.7,507,205
6899,,,,,,,89.9,503,152
6900,,,,8.0,5.0,,94.87,411,148
6901,,,,6.0,1.0,1.0,16.89,506,112
6902,,,,6.0,5.0,4.0,18.46,504,110
6903,,,,8.0,3.0,2.0,5.53,504,100
6904,,,,6.0,2.0,4.0,52.75,509,141
6905,,,,7.0,3.0,4.0,79.58,501,120
6906,,,,7.0,1.0,4.0,63.97,501,120
6907,,,,8.0,3.0,3.0,1.83,500,85
6908,,,,8.0,4.0,1.0,83.07,503,135
6909,,,,8.0,4.0,3.0,58.31,502,116
6910,,,,8.0,5.0,1.0,74.42,600,180
6911,,,,6.0,4.0,1.0,81.05,503,136
6912,,,,6.0,4.0,,87.2,505,153
6913,,,,5.0,3.0,3.0,99.8,604,350
6914,,,,8.0,2.0,5.0,50.78,503,117
6915,,,,6.0,3.0,4.0,44.3,502,110
6916,,,,6.0,2.0,4.0,,509,135
6917,,,,7.0,3.0,3.0,11.5,506,113
6918,,,,1.0,1.0,1.0,74.0,502,125
6919,,,,8.0,4.0,2.0,98.21,504,210
6920,,,,6.0,4.0,3.0,90.0,504,155
6921,,,,8.0,4.0,3.0,,502,N
6922,,,,8.0,3.0,4.0,98.1,503,200
6923,,,,6.0,4.0,3.0,83.3,500,125
6924,,,,8.0,2.0,,83.82,507,155
6925,,,,6.0,1.0,,24.57,503,101
6926,,,,8.0,2.0,5.0,95.84,601,220
6927,,,,8.0,4.0,4.0,,411,105
6928,,,,4.0,1.0,5.0,35.67,602,150
6929,,,,8.0,4.0,1.0,73.88,510,155
6930,,,,1.0,2.0,4.0,30.44,503,111
6931,,,,6.0,1.0,3.0,52.09,506,135
6932,,,,,2.0,5.0,79.92,509,160
6933,,,,8.0,4.0,1.0,,506,118
6934,,,,6.0,4.0,5.0,99.79,508,280
6935,,,,4.0,3.0,4.0,49.31,505,125
6936,,,,8.0,4.0,1.0,99.25,510,245
6937,,,,2.0,3.0,2.0,91.99,600,195
6938,,,,8.0,1.0,5.0,99.26,508,230
6939,,,,6.0,1.0,5.0,6.23,504,95
6940,,,,6.0,4.0,3.0,57.92,502,110
6941,,,,8.0,2.0,4.0,53.01,503,118
6942,,,,8.0,3.0,4.0,98.14,511,220
6943,,,,8.0,1.0,5.0,77.6,511,167
6944,,,,6.0,3.0,2.0,96.68,503,176
6945,,,,8.0,1.0,4.0,44.69,602,165
6946,,,,6.0,2.0,5.0,46.58,506,127
6947,,,,,,,84.08,503,129
6948,,,,1.0,1.0,1.0,76.64,509,157
6949,,,,6.0,4.0,3.0,83.33,504,142
6950,,,,1.0,5.0,1.0,62.14,502,112
6951,,,,2.0,1.0,2.0,63.97,501,120
6952,,,,8.0,4.0,4.0,0.27,509,110
6953,,,,6.0,2.0,2.0,99.46,509,250
6954,,,,8.0,5.0,2.0,53.15,501,113
6955,,,,8.0,4.0,3.0,69.33,504,134
6956,,,,6.0,4.0,4.0,35.68,500,100
6957,,,,6.0,2.0,4.0,82.97,502,138
6958,,,,8.0,4.0,3.0,33.26,507,130
6959,,,,8.0,1.0,4.0,99.59,602,300
6960,,,,,3.0,2.0,30.3,503,106
6961,,,,8.0,1.0,,28.8,411,95
6962,,,,8.0,4.0,1.0,48.78,505,126
6963,,,,6.0,2.0,3.0,95.22,502,160
6964,,,,6.0,5.0,2.0,22.91,500,93
6965,,,,6.0,1.0,4.0,46.91,505,124
6966,,,,6.0,2.0,3.0,97.7,600,230
6967,,,,3.0,2.0,2.0,83.35,501,127
6968,,,,8.0,3.0,4.0,93.95,502,158
6969,,,,6.0,5.0,4.0,52.92,503,112
6970,,,,8.0,2.0,1.0,71.18,508,154
6971,,,,8.0,4.0,3.0,90.18,510,175
6972,,,,2.0,1.0,5.0,88.09,509,160
6973,,,,,,,99.59,509,262
6974,,,,6.0,2.0,3.0,31.32,510,135
6975,,,,,3.0,5.0,74.22,509,145
6976,,,,7.0,2.0,5.0,89.47,602,205
6977,,,,5.0,3.0,4.0,58.62,504,126
6978,,,,1.0,1.0,7.0,,711,N
6979,,,,8.0,5.0,1.0,98.39,505,220
6980,,,,6.0,5.0,1.0,60.97,506,135
6981,,,,5.0,4.0,4.0,92.07,507,165
6982,,,,8.0,2.0,3.0,48.32,510,145
6983,,,,,,,,503,120
6984,,,,2.0,,2.0,91.73,507,158
6985,,,,4.0,3.0,5.0,98.75,600,240
6986,,,,1.0,1.0,4.0,44.62,503,123
6987,,,,5.0,3.0,2.0,95.21,506,170
6988,,,,6.0,2.0,4.0,64.48,505,132
6989,,,,8.0,1.0,5.0,96.48,603,220
6990,,,,1.0,1.0,7.0,,N N,N
6991,,,,8.0,3.0,4.0,69.91,506,140
6992,,,,,,,,605,182
6993,,,,8.0,2.0,5.0,81.91,506,154
6994,,,,6.0,,4.0,,600,200
6995,,,,8.0,2.0,3.0,52.85,506,130
6996,,,,8.0,1.0,2.0,77.45,510,158
6997,,,,4.0,3.0,6.0,98.67,508,219
6998,,,,8.0,5.0,3.0,5.53,504,100
6999,,,,8.0,1.0,3.0,99.74,603,330
7000,,,,6.0,3.0,4.0,98.95,505,200
7001,,M,,6.0,4.0,2.0,6.85,501,95
7002,,,,8.0,3.0,4.0,70.84,502,120
7003,,,,8.0,4.0,1.0,99.03,506,210
7004,,,,8.0,1.0,4.0,95.53,506,180
7005,,,,6.0,4.0,1.0,78.86,509,159
7006,,,,6.0,3.0,6.0,99.2,505,210
7007,,,,,2.0,4.0,84.54,502,140
7008,,,,always online,A,2.0,49.55,506,121
7009,,,,6.0,1.0,5.0,68.07,508,150
7010,,,,8.0,1.0,5.0,0.0,511,100
7011,,,,3.0,1.0,3.0,,504,N
7012,,,,6.0,2.0,5.0,84.03,510,165
7013,,,,4.0,3.0,3.0,98.15,508,207
7014,,,,,,,32.5,502,100
7015,,,,3.0,4.0,4.0,99.16,604,288
7016,,,,4.0,2.0,3.0,95.09,510,200
7017,,,,8.0,2.0,3.0,98.16,601,228
7018,,,,,1.0,1.0,99.41,511,260
7019,,,,8.0,3.0,4.0,80.6,511,170
7020,,,,,,3.0,86.49,508,164
7021,,,,8.0,4.0,3.0,10.54,503,102
7022,,,,8.0,2.0,2.0,,600,N
7023,,,,1.0,4.0,3.0,,404,76
7024,,,,4.0,3.0,3.0,94.43,500,150
7025,,,,8.0,2.0,3.0,75.77,503,136
7026,,,,,4.0,2.0,,301,390
7027,,,,8.0,3.0,2.0,43.67,502,112
7028,,,,6.0,2.0,2.0,94.26,509,190
7029,,,,8.0,1.0,,75.03,407,100
7030,,,,6.0,1.0,6.0,92.49,509,190
7031,,,,8.0,3.0,2.0,65.18,600,168
7032,,,,6.0,,,77.26,507,155
7033,,,,6.0,4.0,2.0,7.0,508,114
7034,,,,8.0,5.0,2.0,92.19,502,152
7035,,,,8.0,4.0,2.0,91.79,505,170
7036,,,,8.0,4.0,5.0,83.32,501,130
7037,,,,8.0,3.0,2.0,0.61,511,119
7038,,,,8.0,3.0,,88.73,601,197
7039,,,,2.0,5.0,3.0,,999,165
7040,,,,8.0,5.0,6.0,90.5,507,165
7041,,,,3.0,2.0,7.0,81.55,504,147
7042,,,,6.0,5.0,,41.52,501,110
7043,,,,5.0,2.0,5.0,66.67,510,155
7044,,,,6.0,2.0,4.0,77.77,506,141
7045,,,,6.0,1.0,1.0,31.95,600,150
7046,,,,,,,52.56,503,115
7047,,,,8.0,1.0,5.0,94.71,600,215
7048,,,,6.0,1.0,5.0,68.75,507,138
7049,,,,6.0,2.0,7.0,68.82,411,115
7050,,,,6.0,3.0,,94.19,509,185
7051,,,,8.0,4.0,3.0,95.17,505,185
7052,,,,8.0,3.0,5.0,94.75,507,175
7053,,,,6.0,4.0,2.0,66.83,505,133
7054,,,,8.0,5.0,1.0,10.13,506,114
7055,,,,6.0,3.0,4.0,98.95,508,220
7056,,,,8.0,,5.0,,508,N
7057,,,,2.0,,,61.13,511,160
7058,,,,5.0,1.0,4.0,31.07,507,125
7059,,,,6.0,3.0,,98.85,501,193
7060,,,,6.0,4.0,1.0,28.91,505,115
7061,,,,1.0,3.0,4.0,,N N,N
7062,,,,2.0,1.0,1.0,,511,N
7063,,,,6.0,3.0,4.0,14.93,504,110
7064,,,,6.0,4.0,1.0,84.87,502,138
7065,,,,6.0,1.0,5.0,,508,180
7066,,,,6.0,2.0,4.0,66.8,600,174
7067,,,,6.0,2.0,4.0,93.82,506,160
7068,,,,1.0,1.0,5.0,45.98,601,145
7069,,,,8.0,4.0,5.0,57.02,505,130
7070,,,,6.0,1.0,3.0,75.38,509,151
7071,,,,4.0,1.0,1.0,96.65,601,210
7072,,,,4.0,1.0,4.0,2.61,502,86
7073,,,,3.0,4.0,3.0,91.07,506,163
7074,,,,2.0,1.0,4.0,25.66,510,130
7075,,,,,1.0,1.0,,N N,N
7076,,,,8.0,3.0,1.0,,507,125
7077,,,,2.0,1.0,5.0,72.01,409,103
7078,,,,5.0,4.0,3.0,,N N,N
7079,,,,,1.0,4.0,,411,N
7080,,,,6.0,1.0,5.0,51.91,506,123
7081,,,,6.0,1.0,3.0,44.69,602,165
7082,,,,6.0,1.0,1.0,36.32,508,140
7083,,,,4.0,5.0,3.0,19.07,505,109
7084,,,,8.0,2.0,5.0,59.47,504,118
7085,,,,8.0,3.0,5.0,69.91,506,140
7086,,,,5.0,1.0,5.0,90.18,510,175
7087,,,,8.0,3.0,3.0,35.74,509,130
7088,,,,6.0,2.0,2.0,94.15,507,165
7089,,,,6.0,5.0,4.0,30.28,509,130
7090,,,,6.0,2.0,4.0,15.39,500,90
7091,,,,8.0,3.0,2.0,27.97,503,110
7092,,,,8.0,2.0,5.0,97.4,506,190
7093,,,,8.0,2.0,3.0,59.47,503,115
7094,,,,8.0,5.0,2.0,98.91,411,190
7095,,,,2.0,1.0,2.0,,N N,N
7096,,,,5.0,1.0,4.0,96.13,508,185
7097,,,,7.0,1.0,5.0,93.81,602,212
7098,,,,8.0,4.0,1.0,41.17,505,114
7099,,,,6.0,4.0,1.0,33.18,511,150
7100,,,,8.0,2.0,3.0,21.46,505,110
7101,,,,6.0,1.0,3.0,82.95,505,136
7102,,,,8.0,5.0,4.0,91.88,411,135
7103,,,,1.0,3.0,3.0,90.33,508,180
7104,,,,8.0,2.0,2.0,50.93,506,126
7105,,,,7.0,1.0,3.0,,506,110
7106,,,,7.0,3.0,4.0,60.29,501,114
7107,,,,6.0,2.0,3.0,61.79,505,130
7108,,,,8.0,4.0,4.0,56.13,502,115
7109,,,,8.0,5.0,4.0,96.6,501,160
7110,,,,6.0,4.0,3.0,,510,250
7111,,,,1.0,1.0,4.0,50.15,510,155
7112,,,,6.0,1.0,,99.73,508,270
7113,,,,6.0,2.0,5.0,32.75,411,94
7114,,,,5.0,4.0,3.0,,510,N
7115,,,,,4.0,3.0,,506,N
7116,,,,8.0,3.0,5.0,97.67,501,170
7117,,,,6.0,3.0,3.0,80.08,502,130
7118,,,,8.0,,3.0,90.83,504,160
7119,,,,8.0,2.0,2.0,96.79,505,183
7120,,,,6.0,1.0,3.0,98.21,511,225
7121,,,,8.0,1.0,4.0,87.63,507,160
7122,,,,6.0,1.0,2.0,96.05,503,180
7123,,,,6.0,2.0,2.0,84.5,503,140
7124,,,,8.0,3.0,3.0,34.05,507,122
7125,,,,6.0,4.0,2.0,76.4,506,138
7126,,,,8.0,2.0,2.0,92.26,506,165
7127,,,,8.0,2.0,5.0,38.08,504,110
7128,,,,7.0,5.0,3.0,75.39,501,120
7129,,,,7.0,2.0,4.0,36.21,506,120
7130,,,,7.0,1.0,3.0,86.48,506,150
7131,,,,1.0,1.0,6.0,0.0,508,90
7132,,,,8.0,3.0,3.0,,504,N
7133,,,,,,,,507,N
7134,,,,8.0,2.0,6.0,99.09,503,190
7135,,,,4.0,,2.0,70.25,504,132
7136,,,,,,,29.09,507,120
7137,,,,8.0,3.0,2.0,97.08,505,180
7138,,,,,,,86.46,505,140
7139,,,,,,,,501,N
7140,,,,6.0,,4.0,90.37,507,160
7141,,,,6.0,4.0,2.0,48.22,503,110
7142,,,,6.0,2.0,3.0,98.35,508,210
7143,,,,8.0,4.0,3.0,59.61,501,111
7144,,,,6.0,1.0,4.0,91.59,408,110
7145,,,,6.0,2.0,5.0,,N N,N
7146,,,,8.0,4.0,4.0,98.82,502,197
7147,,,,6.0,3.0,3.0,96.56,508,183
7148,,,,4.0,3.0,2.0,56.3,500,110
7149,,,,4.0,3.0,4.0,55.18,408,89
7150,,,,6.0,2.0,3.0,66.73,503,125
7151,,,,8.0,2.0,6.0,90.88,506,158
7152,,,,8.0,3.0,2.0,,505,N
7153,,,,8.0,2.0,7.0,88.37,500,125
7154,,,,7.0,5.0,1.0,98.27,411,179
7155,,,,7.0,2.0,4.0,88.25,411,128
7156,,,,6.0,1.0,4.0,,502,N
7157,,,,6.0,4.0,5.0,87.9,509,170
7158,,,,6.0,1.0,5.0,40.44,509,132
7159,,,,6.0,4.0,4.0,85.35,508,165
7160,,,,6.0,3.0,4.0,86.29,501,127
7161,,,,6.0,1.0,1.0,95.74,507,181
7162,,,,,,,,506,N
7163,,,,2.0,1.0,5.0,19.38,509,135
7164,,,,8.0,,7.0,,N N,N
7165,,,,4.0,3.0,4.0,0.36,601,122
7166,,,,6.0,2.0,3.0,98.12,503,170
7167,,,,,,,,N N,125
7168,,,,,,,7.78,510,120
7169,,,,6.0,4.0,3.0,95.4,409,144
7170,,,,6.0,3.0,2.0,,708,165
7171,,,,,,,82.62,502,126
7172,,,,8.0,3.0,4.0,29.4,504,118
7173,,,,,,,,605,N
7174,,,,1.0,3.0,2.0,95.96,500,149
7175,,,,,,,99.11,505,230
7176,,,,,,,42.73,505,130
7177,,,,1.0,5.0,2.0,,508,N
7178,,,,4.0,1.0,1.0,99.69,506,249
7179,,,,8.0,5.0,1.0,,503,N
7180,,,,8.0,3.0,3.0,94.51,502,164
7181,,,,3.0,2.0,4.0,55.81,502,108
7182,,,,6.0,2.0,2.0,75.14,506,148
7183,,,,6.0,2.0,2.0,,600,N
7184,,,,8.0,1.0,5.0,88.94,503,150
7185,,,,6.0,4.0,5.0,,411,N
7186,,,,8.0,1.0,4.0,0.84,503,92
7187,,,,8.0,2.0,3.0,28.69,411,90
7188,,,,8.0,3.0,2.0,83.86,502,140
7189,,,,8.0,2.0,2.0,93.18,601,203
7190,,,,6.0,5.0,1.0,74.86,411,109
7191,,,,8.0,3.0,3.0,99.18,503,230
7192,,,,6.0,2.0,3.0,87.45,500,135
7193,,,,6.0,4.0,3.0,,502,165
7194,,,,6.0,1.0,4.0,50.27,506,130
7195,,,,8.0,4.0,5.0,88.23,410,120
7196,,,,1.0,3.0,3.0,98.96,506,210
7197,,,,8.0,2.0,2.0,35.64,508,127
7198,,,,8.0,,3.0,,N N,N
7199,,,,6.0,4.0,2.0,,500,99
7200,,,,,,,,504,N
7201,,,,5.0,1.0,3.0,76.0,503,134
7202,,,,1.0,1.0,5.0,86.72,505,145
7203,,,,7.0,3.0,3.0,,503,133
7204,,,,7.0,2.0,3.0,95.58,508,182
7205,,,,8.0,5.0,3.0,54.59,504,117
7206,,,,6.0,3.0,1.0,23.72,506,119
7207,,,,8.0,2.0,7.0,98.86,505,219
7208,,,,8.0,5.0,,96.03,508,200
7209,,,,,,,40.75,502,106
7210,,,,8.0,4.0,1.0,98.21,504,190
7211,,,,8.0,2.0,2.0,66.73,503,125
7212,,,,,1.0,,,508,N
7213,,,,8.0,4.0,1.0,,N N,135
7214,,,,8.0,4.0,1.0,98.75,507,210
7215,,,,8.0,5.0,6.0,,511,190
7216,,,,5.0,3.0,5.0,77.42,503,126
7217,,,,8.0,3.0,4.0,93.51,506,175
7218,,,,7.0,1.0,7.0,87.5,500,120
7219,,,,6.0,2.0,1.0,75.86,505,139
7220,,,,8.0,3.0,2.0,82.15,503,134
7221,,,,8.0,2.0,,67.36,501,120
7222,,,,8.0,2.0,6.0,72.77,501,115
7223,,,,6.0,2.0,5.0,73.34,507,141
7224,,,,6.0,1.0,2.0,60.76,504,120
7225,,,,,,,87.0,505,145
7226,,,,,,,67.5,502,118
7227,,,,8.0,1.0,3.0,89.23,503,140
7228,,,,6.0,1.0,5.0,,504,N
7229,,,,6.0,3.0,2.0,98.9,508,224
7230,,,,6.0,5.0,2.0,,602,390
7231,,,,8.0,3.0,3.0,95.78,509,192
7232,,,,8.0,3.0,,21.38,510,130
7233,,,,7.0,4.0,2.0,,506,120
7234,,,,8.0,4.0,1.0,72.82,506,145
7235,,,,8.0,4.0,5.0,62.96,503,120
7236,,,,8.0,3.0,3.0,88.27,511,180
7237,,,,7.0,3.0,3.0,75.04,503,126
7238,,,,6.0,1.0,5.0,75.26,511,170
7239,,,,1.0,1.0,5.0,64.23,507,140
7240,,,,6.0,2.0,4.0,,509,120
7241,,,,7.0,3.0,,85.29,503,134
7242,,,,6.0,5.0,2.0,,N N,160
7243,,,,5.0,3.0,4.0,,600,165
7244,,,,8.0,1.0,3.0,7.99,600,127
7245,,,,,,,,510,155
7246,,,,8.0,1.0,,31.04,509,128
7247,,,,7.0,3.0,4.0,61.69,502,120
7248,,,,6.0,4.0,2.0,40.79,505,120
7249,,,,4.0,5.0,5.0,,605,180
7250,,,,1.0,5.0,7.0,89.37,502,148
7251,,,,6.0,3.0,3.0,87.68,501,125
7252,,,,8.0,4.0,4.0,89.47,602,205
7253,,,,6.0,3.0,4.0,46.08,503,115
7254,,,,2.0,3.0,3.0,,300,N
7255,,,,6.0,2.0,4.0,36.05,505,118
7256,,,,6.0,1.0,5.0,62.96,503,120
7257,,,,6.0,4.0,3.0,74.86,507,140
7258,,,,6.0,3.0,5.0,,507,160
7259,,,,6.0,3.0,3.0,40.85,507,130
7260,,,,8.0,1.0,5.0,98.85,505,200
7261,,,,6.0,3.0,4.0,62.81,507,130
7262,,,,6.0,3.0,4.0,,611,399
7263,,,,8.0,3.0,2.0,23.82,503,110
7264,,,,6.0,,6.0,63.52,508,144
7265,,,,6.0,3.0,3.0,84.85,508,156
7266,,,,6.0,3.0,,,508,189
7267,,,,6.0,1.0,5.0,84.74,511,175
7268,,,,6.0,4.0,3.0,90.64,509,180
7269,,,,5.0,4.0,4.0,0.0,605,120
7270,,,,8.0,3.0,3.0,15.39,500,90
7271,,,,,,,99.13,600,258
7272,,,,6.0,4.0,4.0,79.69,506,145
7273,,,,8.0,3.0,2.0,,501,102
7274,,,,8.0,2.0,2.0,77.54,603,186
7275,,,,6.0,5.0,4.0,,504,119
7276,,,,8.0,3.0,5.0,57.29,504,127
7277,,,,8.0,4.0,4.0,37.58,506,120
7278,,,,1.0,5.0,1.0,99.67,601,299
7279,,,,8.0,5.0,7.0,,502,N
7280,,,,6.0,4.0,2.0,19.84,505,111
7281,,,,6.0,1.0,3.0,96.73,510,200
7282,,,,6.0,2.0,4.0,16.03,505,115
7283,,,,4.0,3.0,3.0,95.05,510,195
7284,,,,8.0,5.0,1.0,,504,120
7285,,,,6.0,4.0,1.0,29.95,500,100
7286,,,,6.0,2.0,4.0,86.76,506,164
7287,,,,8.0,4.0,,0.81,600,120
7288,,,,6.0,3.0,3.0,60.76,504,120
7289,,,,8.0,2.0,3.0,39.33,508,133
7290,,,,6.0,4.0,4.0,20.6,604,165
7291,,,,6.0,2.0,3.0,94.3,507,175
7292,,,,6.0,3.0,2.0,76.08,504,140
7293,,,,6.0,4.0,4.0,,510,N
7294,,,,8.0,5.0,7.0,,501,N
7295,,,,8.0,4.0,1.0,62.35,502,118
7296,,,,8.0,3.0,4.0,52.56,503,115
7297,,,,7.0,3.0,2.0,99.0,510,240
7298,,,,8.0,1.0,5.0,58.88,509,150
7299,,,,6.0,3.0,2.0,68.08,600,170
7300,,,,8.0,5.0,,50.57,500,103
7301,,,,8.0,5.0,2.0,17.12,502,94
7302,,,,6.0,1.0,5.0,59.85,502,114
7303,,,,,,,,401,350
7304,,,,5.0,1.0,4.0,99.25,510,245
7305,,,,1.0,3.0,3.0,79.19,508,165
7306,,,,8.0,3.0,2.0,28.66,509,134
7307,,,,8.0,3.0,4.0,21.4,600,140
7308,,,,8.0,4.0,3.0,,507,180
7309,,,,8.0,4.0,3.0,54.87,509,135
7310,,,,6.0,1.0,1.0,,605,250
7311,,,,6.0,2.0,3.0,92.19,510,185
7312,,,,4.0,1.0,4.0,80.1,509,150
7313,,,,8.0,2.0,4.0,68.74,505,130
7314,,,,7.0,2.0,4.0,53.11,509,147
7315,,,,8.0,5.0,3.0,77.44,508,155
7316,,,,7.0,2.0,3.0,99.14,510,240
7317,,,,8.0,3.0,3.0,,507,175
7318,,,,8.0,2.0,4.0,95.19,601,206
7319,,,,6.0,3.0,4.0,91.53,503,156
7320,,,,5.0,4.0,,98.93,511,300
7321,,,,8.0,3.0,3.0,67.4,511,159
7322,,,,6.0,2.0,5.0,76.51,504,130
7323,,,,6.0,5.0,1.0,78.01,503,130
7324,,,,6.0,4.0,5.0,,504,180
7325,,,,6.0,5.0,7.0,74.72,500,120
7326,,,,6.0,3.0,5.0,,510,N
7327,,,,6.0,5.0,4.0,99.58,506,305
7328,,,,8.0,4.0,5.0,78.86,411,120
7329,,,,8.0,3.0,5.0,,505,N
7330,,,,8.0,2.0,2.0,,504,108
7331,,,,6.0,1.0,3.0,33.1,600,155
7332,,,,1.0,2.0,7.0,99.53,511,270
7333,,,,6.0,2.0,6.0,9.23,509,125
7334,,,,8.0,3.0,2.0,79.92,509,160
7335,,,,4.0,2.0,4.0,29.96,501,104
7336,,,,1.0,3.0,3.0,2.89,509,111
7337,,,,6.0,1.0,4.0,53.02,505,128
7338,,,,6.0,2.0,3.0,93.81,510,200
7339,,,,6.0,3.0,4.0,13.15,501,95
7340,,,,6.0,4.0,4.0,57.45,506,135
7341,,,,8.0,4.0,5.0,87.17,508,165
7342,,,,6.0,3.0,4.0,8.57,507,110
7343,,,,6.0,4.0,4.0,67.17,504,130
7344,,,,8.0,2.0,6.0,,502,140
7345,,,,6.0,2.0,6.0,70.33,505,138
7346,,,,6.0,4.0,4.0,1.28,508,109
7347,,,,6.0,1.0,5.0,91.94,509,183
7348,,,,1.0,5.0,4.0,99.32,510,250
7349,,,,6.0,4.0,3.0,,N N,N
7350,,,,6.0,2.0,4.0,84.28,504,145
7351,,,,8.0,2.0,3.0,61.88,502,115
7352,,,,8.0,4.0,3.0,91.19,500,137
7353,,,,8.0,1.0,4.0,,506,N
7354,,,,7.0,4.0,,5.57,500,87
7355,,,,8.0,1.0,6.0,74.19,505,135
7356,,,,6.0,2.0,3.0,57.32,503,120
7357,,,,6.0,1.0,5.0,0.06,506,95
7358,,,,,,,74.19,505,135
7359,,,,8.0,3.0,2.0,85.01,501,132
7360,,,,8.0,1.0,,,506,180
7361,,,,8.0,2.0,4.0,98.09,508,210
7362,,,,6.0,4.0,3.0,,511,155
7363,,,,2.0,1.0,2.0,29.37,509,140
7364,,,,8.0,1.0,3.0,10.76,504,106
7365,,,,6.0,1.0,1.0,77.19,503,135
7366,,,,6.0,2.0,4.0,12.85,600,135
7367,,,,6.0,4.0,4.0,11.99,503,98
7368,,,,,3.0,4.0,,N N,N
7369,,,,1.0,4.0,4.0,62.69,510,162
7370,,,,6.0,5.0,1.0,61.57,509,142
7371,,,,5.0,3.0,2.0,,403,45
7372,,,,8.0,1.0,5.0,2.12,603,138
7373,,,,8.0,3.0,3.0,66.54,506,138
7374,,,,8.0,3.0,5.0,,502,N
7375,,,,6.0,4.0,4.0,,504,108
7376,,,,6.0,2.0,5.0,18.03,511,138
7377,,,,4.0,1.0,3.0,19.97,508,119
7378,,,,6.0,2.0,,,507,140
7379,,,,7.0,3.0,5.0,24.0,502,106
7380,,,,6.0,4.0,3.0,55.57,500,105
7381,,,,6.0,3.0,3.0,98.58,510,230
7382,,,,7.0,1.0,5.0,83.87,600,185
7383,,,,6.0,5.0,4.0,30.7,506,120
7384,,,,6.0,2.0,7.0,65.66,501,114
7385,,,,6.0,4.0,2.0,85.71,504,150
7386,,,,6.0,4.0,2.0,97.65,502,185
7387,,,,6.0,2.0,3.0,84.58,504,142
7388,,,,1.0,3.0,3.0,80.09,506,143
7389,,,,1.0,1.0,3.0,45.3,508,140
7390,,,,6.0,2.0,,84.19,505,145
7391,,,,6.0,4.0,2.0,78.66,505,145
7392,,,,6.0,2.0,5.0,66.95,509,150
7393,,,,6.0,4.0,3.0,99.0,503,220
7394,,,,6.0,5.0,3.0,93.85,503,160
7395,,,,7.0,3.0,6.0,58.06,505,128
7396,,,,8.0,3.0,4.0,65.56,506,142
7397,,,,6.0,3.0,4.0,58.07,510,145
7398,,,,6.0,1.0,5.0,45.95,503,120
7399,,,,6.0,4.0,4.0,71.25,501,120
7400,,,,8.0,4.0,3.0,41.76,600,150
7401,,,,6.0,3.0,3.0,78.84,500,118
7402,,,,8.0,2.0,2.0,,511,120
7403,,,,4.0,2.0,5.0,61.87,505,127
7404,,,,8.0,3.0,4.0,61.17,511,150
7405,,,,7.0,3.0,4.0,77.61,511,168
7406,,,,8.0,5.0,1.0,75.17,506,139
7407,,,,,,,90.64,511,180
7408,,,,6.0,,2.0,97.76,505,200
7409,,,,6.0,3.0,5.0,,502,N
7410,,,,8.0,2.0,4.0,70.84,502,120
7411,,,,8.0,2.0,4.0,4.22,507,110
7412,,,,8.0,1.0,6.0,30.14,511,135
7413,,,,8.0,1.0,5.0,79.28,501,126
7414,,,,6.0,,2.0,,507,N
7415,,,,6.0,2.0,5.0,74.19,505,135
7416,,,,6.0,3.0,3.0,75.19,500,118
7417,,,,8.0,3.0,5.0,77.71,600,178
7418,,,,6.0,3.0,3.0,,502,N
7419,,,,6.0,2.0,2.0,85.35,508,165
7420,,,,6.0,2.0,4.0,82.8,509,165
7421,,,,,,,25.58,601,150
7422,,,,5.0,4.0,3.0,91.93,603,210
7423,,,,6.0,2.0,5.0,,500,N
7424,,,,6.0,4.0,3.0,48.99,510,150
7425,,,,,,,76.45,505,135
7426,,,,6.0,2.0,4.0,67.46,601,168
7427,,,,6.0,4.0,1.0,94.42,502,160
7428,,,,8.0,5.0,5.0,,511,180
7429,,,,6.0,3.0,4.0,92.94,509,176
7430,,,,8.0,2.0,4.0,8.87,510,125
7431,,,,,,,84.25,603,200
7432,,,,1.0,1.0,4.0,,704,220
7433,,,,6.0,4.0,4.0,14.41,504,103
7434,,,,8.0,3.0,3.0,45.05,511,145
7435,,,,1.0,1.0,4.0,93.99,503,150
7436,,,,4.0,2.0,,98.84,507,212
7437,,,,5.0,4.0,1.0,66.76,509,145
7438,,,,6.0,3.0,5.0,85.35,508,165
7439,,,,4.0,1.0,,19.73,507,116
7440,,,,6.0,4.0,3.0,,503,118
7441,,,,6.0,3.0,2.0,60.0,505,126
7442,,,,6.0,4.0,4.0,66.73,503,125
7443,,,,6.0,2.0,5.0,97.26,509,202
7444,,,,6.0,3.0,3.0,92.8,411,134
7445,,,,6.0,3.0,3.0,35.76,505,115
7446,,,,8.0,2.0,,83.87,510,170
7447,,,,8.0,3.0,4.0,47.98,509,140
7448,,,,6.0,3.0,3.0,84.68,502,135
7449,,,,6.0,2.0,4.0,84.46,509,160
7450,,,,7.0,3.0,2.0,77.18,505,140
7451,,,,8.0,5.0,1.0,65.24,504,125
7452,,,,5.0,3.0,5.0,53.2,504,125
7453,,,,7.0,3.0,4.0,94.59,510,193
7454,,,,8.0,3.0,3.0,,509,65
7455,,,,6.0,3.0,4.0,56.13,502,115
7456,,,,6.0,3.0,3.0,95.82,501,155
7457,,,,6.0,3.0,4.0,37.21,501,102
7458,,,,1.0,4.0,3.0,71.86,507,140
7459,,,,6.0,4.0,3.0,67.5,502,118
7460,,,,4.0,2.0,5.0,63.49,507,135
7461,,,,8.0,4.0,2.0,57.56,511,148
7462,,,,1.0,2.0,5.0,,511,125
7463,,,,1.0,2.0,6.0,56.48,507,135
7464,,,,6.0,4.0,5.0,46.08,503,115
7465,,,,,4.0,5.0,76.31,505,140
7466,,,,6.0,2.0,4.0,57.73,502,113
7467,, male,,6.0,3.0,2.0,90.63,505,160
7468,,,,7.0,2.0,5.0,97.57,506,185
7469,,,,6.0,1.0,,70.03,509,152
7470,,,,7.0,5.0,4.0,84.85,601,185
7471,,,,6.0,1.0,3.0,99.47,601,280
7472,,,,6.0,2.0,6.0,62.47,506,132
7473,,,,2.0,4.0,5.0,5.39,506,105
7474,,,,2.0,3.0,4.0,47.77,507,132
7475,,,,8.0,3.0,4.0,40.75,502,106
7476,,,,6.0,2.0,2.0,70.84,502,120
7477,,,,5.0,4.0,3.0,82.26,507,155
7478,,,,4.0,3.0,4.0,81.38,505,145
7479,,,,6.0,1.0,5.0,44.31,504,120
7480,,,,2.0,1.0,1.0,36.32,508,140
7481,,,,8.0,1.0,3.0,81.4,501,125
7482,,,,6.0,3.0,4.0,,510,125
7483,,,,5.0,3.0,2.0,98.98,600,250
7484,,,,8.0,2.0,3.0,77.51,509,155
7485,,,,1.0,3.0,2.0,41.17,602,158
7486,,,,2.0,2.0,5.0,7.78,510,120
7487,,,,8.0,3.0,2.0,,503,N
7488,,,,8.0,3.0,4.0,56.13,502,115
7489,,,,8.0,1.0,3.0,39.49,503,110
7490,,,,8.0,1.0,5.0,63.3,602,165
7491,,,,6.0,2.0,3.0,,508,N
7492,,,,1.0,3.0,3.0,,507,110
7493,,,,4.0,2.0,6.0,89.59,509,173
7494,,,,6.0,1.0,1.0,,710,196
7495,,,,,,,,N N,N
7496,,,,6.0,2.0,6.0,44.3,502,110
7497,,,,8.0,4.0,1.0,33.24,504,114
7498,,,,8.0,2.0,2.0,72.05,600,173
7499,,,,8.0,3.0,4.0,18.96,503,104
7500,,,,6.0,3.0,4.0,76.64,502,127
7501,,,,5.0,2.0,3.0,16.85,511,133
7502,,,,8.0,3.0,5.0,62.48,508,140
7503,,,,7.0,3.0,5.0,74.72,500,120
7504,,,,8.0,4.0,4.0,74.35,504,135
7505,,,,6.0,3.0,2.0,,506,N
7506,,,,8.0,1.0,4.0,16.74,510,130
7507,,,,8.0,1.0,4.0,99.4,508,240
7508,,,,8.0,2.0,2.0,95.54,507,180
7509,,,,6.0,3.0,,50.27,506,130
7510,,,,,,,,N N,115
7511,,,,6.0,1.0,4.0,83.6,507,150
7512,,,,5.0,3.0,4.0,93.03,506,167
7513,,,,8.0,2.0,3.0,82.96,504,140
7514,,,,8.0,4.0,5.0,6.33,504,98
7515,,,,1.0,2.0,3.0,71.41,503,125
7516,,,,6.0,5.0,1.0,87.03,502,135
7517,,,,6.0,3.0,,83.81,505,146
7518,,,,8.0,2.0,6.0,61.17,511,150
7519,,,,6.0,3.0,4.0,66.76,509,145
7520,,,,6.0,3.0,3.0,,503,100
7521,,,,5.0,3.0,,89.75,504,146
7522,,,,6.0,3.0,4.0,,506,N
7523,,,,6.0,5.0,1.0,93.8,502,150
7524,,,,3.0,3.0,3.0,56.13,502,115
7525,,,,3.0,3.0,1.0,78.82,507,150
7526,,,,8.0,2.0,4.0,83.82,507,155
7527,,,,,,,99.91,602,399
7528,,,,6.0,3.0,3.0,98.74,508,245
7529,,,,6.0,3.0,,92.67,504,152
7530,,,,8.0,3.0,2.0,88.13,503,142
7531,,,,8.0,4.0,1.0,3.78,503,97
7532,,,,8.0,3.0,3.0,49.51,601,152
7533,,,,3.0,1.0,4.0,,505,150
7534,,,,6.0,5.0,2.0,87.23,503,137
7535,,,,8.0,3.0,2.0,93.08,601,208
7536,,,,6.0,3.0,3.0,33.67,503,110
7537,,,,8.0,3.0,5.0,69.87,506,140
7538,,,,1.0,1.0,3.0,,N N,N
7539,,,,6.0,2.0,4.0,37.29,601,156
7540,,,,5.0,4.0,1.0,60.15,504,126
7541,,,,6.0,2.0,2.0,98.58,510,230
7542,,,,7.0,4.0,3.0,63.62,502,121
7543,,,,8.0,2.0,4.0,90.53,601,184
7544,,,,8.0,4.0,2.0,37.58,506,120
7545,,,,6.0,2.0,,60.3,510,156
7546,,,,5.0,2.0,2.0,,506,N
7547,,,,8.0,1.0,2.0,83.87,510,170
7548,,,,4.0,5.0,2.0,21.37,411,90
7549,,,,6.0,2.0,4.0,58.88,509,150
7550,,,,6.0,2.0,3.0,80.61,505,137
7551,,,,8.0,5.0,4.0,97.67,601,240
7552,,,,1.0,3.0,4.0,72.62,505,137
7553,,,,3.0,1.0,3.0,54.41,507,135
7554,,,,6.0,5.0,4.0,80.39,501,127
7555,,,,6.0,4.0,4.0,87.6,504,150
7556,,,,6.0,3.0,2.0,58.06,505,128
7557,,,,7.0,2.0,2.0,80.59,507,153
7558,,,,4.0,3.0,5.0,17.55,507,115
7559,,,,5.0,2.0,3.0,,505,N
7560,,,,6.0,4.0,4.0,97.34,511,210
7561,,,,2.0,2.0,4.0,6.62,601,133
7562,,,,6.0,1.0,4.0,89.9,507,164
7563,,,,3.0,2.0,5.0,79.0,600,174
7564,,,,6.0,3.0,3.0,29.23,508,120
7565,,,,2.0,2.0,2.0,91.03,508,177
7566,,,,8.0,5.0,1.0,62.19,506,135
7567,,,,5.0,2.0,2.0,94.16,503,165
7568,,,,6.0,3.0,2.0,36.28,505,112
7569,,,,6.0,4.0,3.0,40.85,509,135
7570,,,,8.0,3.0,3.0,59.83,506,130
7571,,,,6.0,3.0,3.0,0.95,503,90
7572,,,,6.0,3.0,6.0,93.85,503,160
7573,,,,2.0,1.0,,53.25,507,130
7574,,,,6.0,3.0,3.0,43.09,507,130
7575,,,,4.0,5.0,1.0,38.77,505,113
7576,,,,6.0,4.0,3.0,97.17,507,192
7577,,,,8.0,3.0,1.0,,510,170
7578,,,,6.0,3.0,3.0,62.71,506,138
7579,,,,6.0,4.0,3.0,16.21,507,113
7580,,,,4.0,4.0,2.0,52.41,510,147
7581,,,,6.0,3.0,5.0,,506,146
7582,,,,6.0,5.0,2.0,86.69,504,145
7583,,,,8.0,1.0,4.0,76.64,509,157
7584,,,,6.0,3.0,4.0,67.66,504,135
7585,,,,6.0,1.0,4.0,14.03,509,120
7586,,,,6.0,3.0,3.0,,503,N
7587,,,,8.0,4.0,1.0,89.59,510,179
7588,,,,6.0,2.0,3.0,,502,N
7589,,,,4.0,2.0,4.0,28.6,502,104
7590,,,,6.0,3.0,3.0,81.38,505,145
7591,,,,8.0,,4.0,69.41,505,128
7592,,,,8.0,5.0,,77.19,503,135
7593,,,,6.0,3.0,4.0,58.23,504,125
7594,,,,6.0,1.0,3.0,83.09,505,150
7595,,,,6.0,2.0,,92.37,505,155
7596,,,,8.0,3.0,3.0,24.61,508,127
7597,,,,8.0,3.0,1.0,99.18,505,245
7598,,,,7.0,5.0,2.0,26.03,502,103
7599,,,,6.0,3.0,3.0,,500,N
7600,,,,1.0,3.0,2.0,81.51,510,165
7601,,,,8.0,4.0,3.0,30.83,508,125
7602,,,,6.0,2.0,4.0,56.04,505,132
7603,,,,6.0,4.0,4.0,99.12,509,271
7604,,,,5.0,3.0,2.0,65.28,510,159
7605,,,,7.0,1.0,4.0,84.99,600,170
7606,,,,4.0,3.0,5.0,33.26,507,130
7607,,,,8.0,3.0,2.0,65.89,503,129
7608,,,,4.0,3.0,2.0,92.52,502,153
7609,,,,8.0,2.0,4.0,62.71,505,124
7610,,,,6.0,3.0,7.0,84.5,503,140
7611,,,,6.0,3.0,3.0,68.73,504,131
7612,,,,6.0,2.0,,,411,105
7613,,,,6.0,3.0,7.0,79.01,503,134
7614,,,,6.0,2.0,4.0,61.57,509,142
7615,,,,7.0,2.0,3.0,54.2,602,165
7616,,,,6.0,3.0,5.0,,506,175
7617,,,,6.0,4.0,3.0,92.1,505,164
7618,,,,,,,34.22,507,127
7619,,,,6.0,3.0,1.0,13.26,502,95
7620,,,,6.0,5.0,1.0,,504,134
7621,,,,6.0,4.0,3.0,80.79,503,129
7622,,,,3.0,3.0,4.0,6.05,500,85
7623,,,,6.0,4.0,2.0,,504,N
7624,,,,7.0,2.0,4.0,98.7,501,203
7625,,,,6.0,4.0,4.0,84.46,411,123
7626,,,,6.0,4.0,3.0,76.17,503,125
7627,,,,4.0,3.0,2.0,68.36,503,126
7628,,,,6.0,3.0,4.0,63.8,504,128
7629,,,,6.0,4.0,2.0,,504,N
7630,,,,6.0,3.0,2.0,82.15,600,172
7631,,,,6.0,2.0,2.0,74.81,500,115
7632,,,,6.0,3.0,2.0,88.94,503,150
7633,,,,5.0,3.0,4.0,93.29,600,199
7634,,,,8.0,2.0,3.0,78.01,503,130
7635,,,,7.0,3.0,3.0,40.79,505,120
7636,,,,6.0,3.0,2.0,58.1,510,140
7637,,,,6.0,4.0,1.0,25.9,508,125
7638,,,,7.0,5.0,3.0,89.78,505,158
7639,,,,6.0,2.0,2.0,59.2,504,128
7640,,,,6.0,2.0,3.0,1.88,507,110
7641,,,,8.0,3.0,2.0,28.33,506,116
7642,,,,5.0,4.0,4.0,45.62,508,131
7643,,,,6.0,3.0,4.0,92.66,503,143
7644,,,,6.0,2.0,3.0,62.41,602,170
7645,,,,6.0,2.0,1.0,92.73,511,180
7646,,,,6.0,3.0,3.0,76.17,503,125
7647,,,,6.0,3.0,3.0,58.75,506,125
7648,,,,8.0,3.0,4.0,82.38,506,148
7649,,,,2.0,4.0,1.0,97.4,506,190
7650,,,,6.0,3.0,3.0,71.25,509,156
7651,,,,6.0,3.0,,56.83,507,132
7652,,,,8.0,5.0,7.0,42.19,506,122
7653,,,,6.0,2.0,6.0,49.0,508,129
7654,,,,6.0,3.0,,,504,180
7655,,,,6.0,4.0,,42.91,505,118
7656,,,,8.0,1.0,4.0,,610,165
7657,,,,6.0,2.0,3.0,95.33,509,185
7658,,,,6.0,4.0,1.0,78.45,508,155
7659,,,,4.0,4.0,5.0,,501,N
7660,,,,always online,3.0,3.0,29.82,502,99
7661,,,,6.0,5.0,1.0,78.01,503,130
7662,,,,8.0,4.0,1.0,0.16,508,103
7663,,,,6.0,2.0,3.0,55.5,603,158
7664,,,,6.0,3.0,2.0,,504,N
7665,,,,2.0,2.0,3.0,31.04,509,128
7666,,,,8.0,4.0,3.0,6.08,503,99
7667,,,,6.0,3.0,5.0,71.98,509,150
7668,,,,,,,90.14,507,160
7669,,,,6.0,1.0,1.0,29.09,507,120
7670,,,,8.0,2.0,4.0,48.81,508,128
7671,,,,6.0,2.0,3.0,72.62,505,137
7672,,,,1.0,2.0,7.0,79.9,504,133
7673,,,,2.0,3.0,3.0,79.92,509,160
7674,,,,2.0,1.0,2.0,47.04,506,120
7675,,,,6.0,3.0,,63.68,601,160
7676,,,,6.0,3.0,1.0,61.05,503,119
7677,,,,6.0,3.0,2.0,6.03,603,135
7678,,,,6.0,2.0,,98.34,503,192
7679,,,,6.0,3.0,4.0,87.13,508,160
7680,,,,4.0,2.0,4.0,96.54,508,192
7681,,,,,,,63.79,504,125
7682,,,,6.0,3.0,2.0,71.41,503,125
7683,,,,6.0,3.0,5.0,66.78,602,173
7684,,,,8.0,3.0,4.0,98.75,409,160
7685,,,,6.0,4.0,2.0,98.94,508,235
7686,,,,6.0,3.0,2.0,89.76,503,145
7687,,,,6.0,2.0,4.0,87.35,510,180
7688,,,,6.0,5.0,1.0,6.34,603,140
7689,,,,8.0,2.0,2.0,27.2,505,120
7690,,,,,,,38.19,509,140
7691,,,,5.0,4.0,4.0,67.0,505,130
7692,,,,6.0,5.0,1.0,54.82,505,120
7693,,,,5.0,1.0,5.0,54.37,601,165
7694,,,,6.0,3.0,2.0,29.59,506,122
7695,,,,1.0,5.0,5.0,74.16,509,155
7696,,,,6.0,2.0,5.0,8.45,505,100
7697,,,,8.0,1.0,4.0,51.72,508,143
7698,,,,8.0,3.0,3.0,8.31,508,125
7699,,,,6.0,4.0,3.0,,507,N
7700,,,,5.0,3.0,5.0,15.24,509,125
7701,,,,1.0,3.0,4.0,82.26,507,155
7702,,,,6.0,5.0,2.0,73.92,504,128
7703,,,,6.0,1.0,2.0,0.67,510,120
7704,,,,8.0,4.0,3.0,,501,N
7705,,,,7.0,2.0,2.0,17.54,507,111
7706,,,,6.0,2.0,3.0,98.83,510,240
7707,,,,3.0,4.0,,2.27,509,110
7708,,,,7.0,3.0,5.0,54.82,505,120
7709,,,,6.0,4.0,1.0,,505,N
7710,,,,4.0,3.0,2.0,,503,N
7711,,,,6.0,4.0,,80.1,509,150
7712,,,,7.0,2.0,4.0,20.57,511,135
7713,,,,8.0,3.0,2.0,94.92,502,155
7714,,,,6.0,4.0,4.0,22.01,505,112
7715,,,,8.0,3.0,3.0,79.95,504,130
7716,,,,6.0,4.0,6.0,45.85,501,110
7717,,,,8.0,3.0,4.0,25.43,504,108
7718,,,,8.0,3.0,4.0,58.88,509,150
7719,,,,8.0,2.0,,47.47,503,109
7720,,,,6.0,1.0,3.0,41.76,600,150
7721,,,,7.0,3.0,4.0,38.19,509,140
7722,,,,,3.0,3.0,,600,N
7723,,,,,,,28.6,502,104
7724,,,,6.0,4.0,4.0,90.64,509,180
7725,,,,6.0,2.0,,31.07,507,125
7726,,,,1.0,2.0,4.0,94.37,504,164
7727,,,,5.0,2.0,4.0,23.85,510,138
7728,,,,8.0,2.0,3.0,,501,N
7729,,,,6.0,1.0,5.0,89.97,505,150
7730,,,,,,,93.82,510,195
7731,,,,8.0,2.0,1.0,7.04,504,110
7732,,,,,2.0,,41.76,600,150
7733,,,,7.0,4.0,2.0,55.49,502,112
7734,,,,5.0,1.0,4.0,76.45,505,135
7735,,,,5.0,3.0,4.0,54.82,505,120
7736,,,,6.0,3.0,4.0,61.82,602,175
7737,,,,1.0,1.0,5.0,89.06,506,163
7738,,,,6.0,2.0,3.0,8.57,507,110
7739,,,,5.0,2.0,4.0,37.58,506,120
7740,,,,4.0,3.0,4.0,39.02,504,114
7741,,,,8.0,4.0,4.0,45.23,501,105
7742,,,,,,,,506,135
7743,,,,6.0,1.0,2.0,18.55,506,124
7744,,,,2.0,3.0,3.0,7.34,503,100
7745,,,,8.0,4.0,3.0,36.21,506,120
7746,,,,6.0,4.0,1.0,,601,N
7747,,,,6.0,1.0,1.0,14.88,507,125
7748,,,,6.0,5.0,1.0,65.01,507,140
7749,,,,6.0,3.0,3.0,47.58,509,135
7750,,,,8.0,2.0,4.0,74.42,509,160
7751,,,,7.0,4.0,1.0,9.17,504,105
7752,,,,6.0,3.0,4.0,24.37,507,120
7753,,,,6.0,3.0,3.0,15.99,503,100
7754,,,,1.0,1.0,4.0,77.66,507,149
7755,,,,6.0,2.0,4.0,62.96,503,120
7756,,,,2.0,2.0,,82.7,508,164
7757,,,,1.0,1.0,5.0,60.51,505,130
7758,,,,5.0,5.0,6.0,,506,107
7759,,,,,,,66.53,507,150
7760,,,,5.0,3.0,4.0,58.87,506,130
7761,,,,1.0,4.0,3.0,,508,135
7762,,,,8.0,3.0,2.0,81.08,603,190
7763,,,,7.0,3.0,,50.15,510,155
7764,,,,5.0,2.0,3.0,15.55,510,125
7765,,,,1.0,2.0,5.0,62.81,507,130
7766,,,,8.0,2.0,3.0,68.07,508,150
7767,,,,6.0,5.0,2.0,0.0,600,108
7768,,,,3.0,1.0,5.0,7.29,602,138
7769,,,,6.0,2.0,5.0,89.62,506,150
7770,,,,1.0,2.0,4.0,49.01,509,145
7771,,,,2.0,2.0,5.0,14.65,511,140
7772,,,,6.0,3.0,3.0,44.3,502,110
7773,,,,6.0,3.0,,58.87,506,130
7774,,,,1.0,2.0,2.0,70.03,509,152
7775,,,,1.0,3.0,1.0,67.34,510,165
7776,,,,1.0,3.0,3.0,43.09,507,130
7777,,,,6.0,2.0,3.0,66.93,505,129
7778,,,,8.0,2.0,2.0,59.97,509,155
7779,,,,8.0,2.0,1.0,55.79,508,145
7780,,,,6.0,4.0,3.0,52.41,510,147
7781,,,,8.0,5.0,1.0,99.65,505,240
7782,,,,6.0,5.0,3.0,19.38,509,135
7783,,,,7.0,3.0,,,510,161
7784,,,,5.0,2.0,5.0,0.93,501,82
7785,,,,7.0,2.0,4.0,35.33,601,155
7786,,,,8.0,3.0,3.0,52.25,600,165
7787,,,,8.0,2.0,,61.11,600,155
7788,,,,4.0,2.0,5.0,35.67,602,150
7789,,,,7.0,2.0,4.0,73.98,507,155
7790,,,,4.0,3.0,2.0,70.67,503,130
7791,,,,6.0,3.0,1.0,42.13,511,150
7792,,,,7.0,3.0,4.0,31.95,600,150
7793,,,,7.0,1.0,4.0,98.2,508,200
7794,,,,4.0,1.0,3.0,47.76,511,148
7795,,,,3.0,,,,N N,N
7796,,,,5.0,3.0,4.0,91.23,502,138
7797,,,,6.0,3.0,5.0,97.63,604,250
7798,,,,6.0,3.0,3.0,32.92,506,118
7799,,,,6.0,1.0,4.0,53.25,507,130
7800,,,,6.0,4.0,2.0,4.77,505,99
7801,,,,6.0,4.0,1.0,50.12,504,115
7802,,,,8.0,1.0,3.0,31.59,507,121
7803,,,,3.0,4.0,2.0,81.97,506,140
7804,,,,1.0,2.0,3.0,4.07,503,95
7805,,,,,,,31.06,507,120
7806,,,,6.0,3.0,4.0,48.41,502,106
7807,,,,,,,70.18,601,170
7808,,,,6.0,3.0,2.0,,N N,N
7809,,,,8.0,2.0,2.0,72.67,506,135
7810,,,,,,,15.84,508,130
7811,,,,5.0,4.0,,34.38,501,98
7812,,,,6.0,3.0,2.0,52.56,503,115
7813,,,,4.0,3.0,3.0,38.98,511,139
7814,,,,8.0,1.0,3.0,31.69,511,145
7815,,,,8.0,4.0,4.0,83.96,506,150
7816,,,,6.0,3.0,4.0,24.92,502,100
7817,,,,6.0,3.0,2.0,66.75,510,150
7818,,,,8.0,1.0,3.0,77.77,509,153
7819,,,,6.0,3.0,3.0,6.39,503,96
7820,,,,8.0,3.0,2.0,54.37,601,165
7821,,,,,,,5.84,505,100
7822,,,,6.0,1.0,5.0,47.98,509,140
7823,,,,1.0,2.0,2.0,43.19,601,159
7824,,,,8.0,3.0,3.0,73.31,508,160
7825,,,,6.0,2.0,2.0,98.48,505,190
7826,,,,,,,,705,140
7827,,,,8.0,1.0,5.0,26.25,500,95
7828,,,,8.0,3.0,3.0,40.55,503,110
7829,,,,,,,99.89,405,211
7830,,,,4.0,1.0,3.0,62.23,505,135
7831,,,,6.0,3.0,3.0,65.34,500,105
7832,,,,6.0,2.0,,64.42,603,175
7833,,,,5.0,1.0,4.0,54.41,507,135
7834,,,,7.0,1.0,2.0,,508,142
7835,,,,8.0,,1.0,99.53,602,298
7836,,,,4.0,3.0,4.0,95.16,507,169
7837,,,,4.0,1.0,2.0,,506,60
7838,,,,4.0,2.0,2.0,83.92,509,174
7839,,,,6.0,1.0,5.0,99.91,506,300
7840,,,,6.0,3.0,4.0,28.91,505,115
7841,,,,2.0,3.0,3.0,98.59,507,210
7842,,,,,,,99.19,505,215
7843,,,,6.0,1.0,2.0,71.86,507,140
7844,,,,5.0,2.0,,35.39,600,142
7845,,,,1.0,4.0,5.0,73.98,507,155
7846,,,,,,,96.0,501,144
7847,,,,2.0,2.0,1.0,,N N,N
7848,,,,7.0,1.0,1.0,74.81,500,115
7849,,,,8.0,3.0,6.0,36.8,505,120
7850,,,,5.0,1.0,3.0,3.48,508,120
7851,,,,1.0,1.0,1.0,,507,210
7852,,,,8.0,4.0,3.0,10.0,600,133
7853,,,,1.0,1.0,4.0,94.51,508,182
7854,,,,8.0,,1.0,5.91,602,141
7855,,,,6.0,2.0,4.0,69.48,602,175
7856,,,,1.0,2.0,4.0,99.31,506,220
7857,,,,6.0,1.0,5.0,98.89,511,239
7858,,,,4.0,1.0,3.0,12.36,507,120
7859,,,,6.0,2.0,5.0,95.79,600,215
7860,,,,1.0,2.0,3.0,96.95,504,180
7861,,,,6.0,5.0,2.0,66.53,507,150
7862,,,,4.0,2.0,5.0,60.88,503,130
7863,,,,8.0,5.0,3.0,97.38,601,237
7864,,,,6.0,5.0,2.0,94.82,510,189
7865,,,,7.0,3.0,3.0,,507,145
7866,,,,6.0,5.0,1.0,59.85,502,114
7867,,,,6.0,2.0,,22.41,502,99
7868,,,,8.0,2.0,,60.51,505,130
7869,,,,6.0,3.0,5.0,47.79,501,106
7870,,,,3.0,5.0,4.0,16.64,506,108
7871,,,,8.0,2.0,4.0,19.67,506,115
7872,,,,5.0,3.0,5.0,38.13,502,105
7873,,,,6.0,3.0,3.0,25.71,501,95
7874,,,,5.0,3.0,3.0,30.61,506,117
7875,,,,8.0,2.0,5.0,48.92,601,162
7876,,,,6.0,1.0,4.0,62.87,504,130
7877,,,,4.0,5.0,6.0,,505,N
7878,,,,6.0,5.0,1.0,82.24,500,121
7879,,,,2.0,1.0,5.0,,510,170
7880,,,,8.0,2.0,7.0,93.1,405,112
7881,,,,6.0,2.0,4.0,79.37,510,170
7882,,,,6.0,2.0,5.0,98.22,505,186
7883,,,,6.0,2.0,1.0,8.42,509,128
7884,,,,1.0,1.0,6.0,6.55,508,120
7885,,,,6.0,3.0,1.0,92.84,504,166
7886,,,,8.0,4.0,3.0,78.01,503,130
7887,,,,6.0,2.0,5.0,14.03,509,120
7888,,,,5.0,3.0,2.0,93.05,500,145
7889,,,,8.0,3.0,1.0,95.53,509,186
7890,,,,6.0,2.0,4.0,32.66,508,125
7891,,,,6.0,4.0,3.0,67.53,503,130
7892,,,,6.0,3.0,4.0,30.7,506,120
7893,,,,6.0,2.0,2.0,48.82,600,155
7894,,,,8.0,3.0,4.0,31.09,600,140
7895,,,,6.0,1.0,6.0,93.92,510,180
7896,,,,8.0,3.0,3.0,27.43,510,138
7897,,,,7.0,4.0,3.0,64.31,501,116
7898,,,,8.0,4.0,1.0,,509,N
7899,,,,8.0,2.0,3.0,99.03,507,215
7900,,,,2.0,3.0,3.0,,411,115
7901,,,,6.0,4.0,1.0,61.63,511,165
7902,,,,5.0,4.0,3.0,13.0,501,97
7903,,,,8.0,4.0,1.0,,500,N
7904,,,,8.0,1.0,4.0,42.09,505,118
7905,,,,6.0,1.0,3.0,96.08,511,200
7906,,,,8.0,2.0,4.0,39.14,407,89
7907,,,,7.0,2.0,3.0,35.49,503,105
7908,,,,8.0,4.0,2.0,,506,120
7909,,,,6.0,4.0,1.0,19.82,508,116
7910,,,,8.0,3.0,5.0,83.17,504,149
7911,,,,5.0,3.0,2.0,95.17,503,170
7912,,,,6.0,2.0,5.0,73.3,506,133
7913,,,,5.0,3.0,6.0,2.3,503,92
7914,,,,6.0,2.0,3.0,26.07,505,118
7915,,,,6.0,4.0,4.0,65.23,507,145
7916,,,,6.0,2.0,5.0,38.13,502,105
7917,,,,8.0,2.0,5.0,99.65,505,240
7918,,,,6.0,2.0,5.0,52.96,511,160
7919,,,,1.0,5.0,3.0,76.0,503,134
7920,,,,8.0,4.0,4.0,28.55,505,112
7921,,,,6.0,5.0,4.0,79.58,501,120
7922,,,,1.0,3.0,4.0,1.47,605,145
7923,,,,8.0,4.0,2.0,87.99,511,180
7924,,,,6.0,4.0,1.0,97.02,509,200
7925,,,,6.0,4.0,6.0,99.09,505,220
7926,,,,1.0,4.0,1.0,54.39,507,126
7927,,,,3.0,2.0,3.0,92.39,508,180
7928,,,,2.0,2.0,3.0,98.9,506,248
7929,,,,4.0,3.0,5.0,92.72,510,176
7930,,,,6.0,5.0,3.0,76.31,505,140
7931,,,,6.0,3.0,2.0,52.25,600,165
7932,,,,7.0,,4.0,19.94,501,98
7933,,,,7.0,4.0,4.0,91.72,602,205
7934,,,,8.0,3.0,2.0,80.15,409,110
7935,,,,6.0,2.0,5.0,36.2,510,130
7936,,,,,5.0,4.0,84.54,502,140
7937,,,,6.0,5.0,1.0,91.92,502,148
7938,,,,,,,,509,N
7939,,,,6.0,4.0,4.0,67.7,507,142
7940,,,,3.0,4.0,2.0,79.69,506,145
7941,,,,8.0,4.0,5.0,69.89,411,109
7942,,,,6.0,1.0,3.0,98.55,509,215
7943,,,,8.0,4.0,3.0,,402,150
7944,,,,,,,38.19,509,140
7945,,,,4.0,2.0,4.0,97.85,507,200
7946,,,,,5.0,2.0,99.0,510,240
7947,,,,,,,79.46,502,132
7948,,,,8.0,4.0,3.0,92.11,509,180
7949,,,,8.0,4.0,3.0,68.8,504,128
7950,,,,6.0,1.0,1.0,,507,128
7951,,,,,,,20.22,600,130
7952,,,,,,,66.85,510,160
7953,,,,1.0,1.0,2.0,,509,162
7954,,,,6.0,1.0,5.0,84.25,507,154
7955,,,,8.0,2.0,2.0,90.89,504,153
7956,,,,8.0,1.0,4.0,87.12,411,120
7957,,,,8.0,3.0,,98.67,600,245
7958,,,,8.0,4.0,5.0,,600,170
7959,,,,,,,95.09,510,200
7960,,,,6.0,1.0,4.0,44.91,507,135
7961,,,,,,,37.98,503,109
7962,,,,8.0,2.0,5.0,41.16,511,140
7963,,,,6.0,4.0,1.0,93.89,508,175
7964,,,,6.0,3.0,2.0,99.5,507,239
7965,,,,8.0,4.0,5.0,95.1,510,185
7966,,,,6.0,3.0,4.0,87.17,508,165
7967,,,,8.0,5.0,3.0,81.8,511,166
7968,,,,8.0,3.0,3.0,82.48,505,139
7969,,,,8.0,2.0,6.0,52.22,503,120
7970,,,,1.0,2.0,4.0,0.0,606,111
7971,,,,,,,,603,158
7972,,,,8.0,1.0,4.0,7.15,604,150
7973,,,,6.0,5.0,2.0,79.28,411,118
7974,,,,8.0,3.0,2.0,96.02,508,205
7975,,,,1.0,1.0,5.0,88.17,511,175
7976,,,,6.0,1.0,5.0,99.2,602,275
7977,,,,8.0,3.0,5.0,98.97,503,210
7978,,,,5.0,2.0,4.0,78.6,500,123
7979,,,,8.0,5.0,4.0,96.22,501,166
7980,,,,7.0,2.0,2.0,,508,N
7981,,,,,,,,502,N
7982,,,,8.0,1.0,5.0,96.83,502,166
7983,,,,6.0,1.0,2.0,12.92,506,110
7984,,,,,,,94.16,504,175
7985,,,,8.0,4.0,2.0,97.49,509,200
7986,sixteen,,,4.0,2.0,4.0,68.89,511,160
7987,,,,5.0,4.0,4.0,34.79,504,117
7988,,,,,,,99.34,510,250
7989,,,,8.0,3.0,5.0,85.29,505,150
7990,,,,4.0,1.0,5.0,99.34,510,250
7991,,,,6.0,4.0,4.0,51.46,502,117
7992,,,,,,,42.79,508,130
7993,,,,6.0,2.0,3.0,31.95,600,150
7994,,,,8.0,3.0,3.0,3.55,511,130
7995,,,,6.0,5.0,1.0,92.42,505,165
7996,,,,6.0,,,76.6,505,137
7997,,,,7.0,1.0,4.0,99.21,506,245
7998,,,,8.0,1.0,3.0,74.74,600,170
7999,,,,8.0,2.0,6.0,33.04,411,100
8000,,,,8.0,2.0,4.0,67.0,507,138
8001,,,,1.0,2.0,2.0,1.63,510,120
8002,,,,8.0,5.0,1.0,91.66,507,180
8003,,,,6.0,2.0,5.0,81.39,503,135
8004,,,,5.0,3.0,4.0,95.33,509,185
8005,,,,8.0,4.0,2.0,76.25,500,116
8006,,,,8.0,1.0,2.0,,N N,N
8007,,,,6.0,1.0,3.0,93.96,508,180
8008,,,,6.0,2.0,5.0,52.96,511,160
8009,,,,2.0,2.0,5.0,79.94,504,140
8010,,,,1.0,,,85.19,509,166
8011,,,,8.0,3.0,4.0,72.86,509,144
8012,,,,6.0,5.0,,97.14,504,198
8013,,,,,,,5.66,601,132
8014,,,,6.0,3.0,3.0,90.46,505,163
8015,,,,6.0,1.0,5.0,44.91,507,135
8016,,,,6.0,1.0,5.0,34.59,510,134
8017,,,,6.0,5.0,3.0,76.16,506,145
8018,,,,8.0,2.0,2.0,,705,350
8019,,,,6.0,2.0,4.0,85.22,510,178
8020,,,,2.0,1.0,5.0,,508,142
8021,,,,6.0,1.0,4.0,94.26,509,190
8022,,,,6.0,3.0,3.0,24.74,501,102
8023,,,,6.0,1.0,4.0,99.64,507,250
8024,,,,6.0,5.0,2.0,,505,N
8025,,,,8.0,1.0,4.0,82.38,509,147
8026,,,,6.0,2.0,4.0,,501,134
8027,,,,5.0,1.0,3.0,99.66,508,264
8028,,,,6.0,5.0,1.0,,602,288
8029,,,,8.0,3.0,2.0,25.1,506,120
8030,,,,6.0,5.0,1.0,94.06,505,175
8031,,,,6.0,3.0,3.0,,600,N
8032,,,,8.0,4.0,1.0,97.95,501,185
8033,,,,8.0,2.0,4.0,98.59,510,236
8034,,,,8.0,1.0,3.0,87.66,601,195
8035,,,,1.0,3.0,2.0,0.4,600,125
8036,,,,8.0,3.0,3.0,92.09,506,170
8037,,,,6.0,4.0,4.0,86.12,411,125
8038,,,,1.0,3.0,5.0,93.96,508,180
8039,,,,8.0,1.0,2.0,7.31,600,135
8040,,,,8.0,1.0,5.0,96.3,507,190
8041,,,,6.0,2.0,4.0,84.41,509,165
8042,,,,8.0,1.0,2.0,46.08,503,115
8043,,,,8.0,4.0,4.0,31.06,507,120
8044,,,,1.0,1.0,4.0,24.55,601,135
8045,,,,8.0,3.0,2.0,91.77,600,205
8046,,,,8.0,1.0,4.0,87.28,503,144
8047,,,,1.0,3.0,4.0,98.5,511,230
8048,,,,6.0,4.0,,76.53,507,157
8049,,,,1.0,1.0,2.0,99.66,602,380
8050,,,,,,,62.32,501,115
8051,,,,,1.0,2.0,96.56,600,215
8052,,,,8.0,4.0,5.0,99.26,507,225
8053,,,,8.0,3.0,4.0,67.36,501,120
8054,,,,6.0,1.0,6.0,43.54,508,130
8055,,,,,,,56.42,504,125
8056,,,,8.0,2.0,4.0,5.24,509,125
8057,,,,6.0,3.0,4.0,85.96,600,188
8058,,,,6.0,1.0,4.0,60.66,600,160
8059,,,,6.0,2.0,4.0,90.32,507,165
8060,,,,8.0,1.0,4.0,83.39,508,150
8061,,,,8.0,2.0,2.0,79.18,504,136
8062,,,,8.0,1.0,1.0,80.08,502,130
8063,,,,6.0,2.0,3.0,38.19,509,140
8064,,,,6.0,3.0,,48.49,503,116
8065,,,,4.0,2.0,5.0,59.65,508,133
8066,,,,2.0,2.0,1.0,99.0,510,240
8067,,,,6.0,4.0,2.0,2.0,500,81
8068,,,,,,,3.16,510,123
8069,,,,7.0,1.0,4.0,14.64,511,136
8070,,,,6.0,5.0,3.0,84.28,504,145
8071,,,,6.0,2.0,3.0,37.26,601,146
8072,,,,6.0,3.0,1.0,69.55,600,155
8073,,,,6.0,2.0,7.0,74.57,503,135
8074,,,,6.0,2.0,3.0,48.86,504,123
8075,,,,,,,66.53,507,150
8076,,,,4.0,3.0,5.0,37.19,504,118
8077,,,,4.0,,,45.84,600,152
8078,,,,8.0,2.0,4.0,0.54,600,115
8079,,,,6.0,1.0,3.0,36.52,507,123
8080,,,,6.0,4.0,1.0,27.25,509,135
8081,,,,5.0,1.0,5.0,96.72,500,150
8082,,,,6.0,3.0,5.0,99.51,504,220
8083,,,,8.0,4.0,1.0,73.31,508,160
8084,,,,1.0,2.0,,,500,N
8085,,,,1.0,1.0,2.0,96.35,508,208
8086,,,,6.0,5.0,2.0,73.75,500,117
8087,,,,,,,,705,107
8088,,,,,,,94.03,511,190
8089,,,,6.0,3.0,3.0,31.07,507,125
8090,,,,8.0,3.0,4.0,24.0,502,106
8091,,,,6.0,2.0,4.0,38.19,509,140
8092,,,,7.0,3.0,4.0,90.06,510,190
8093,,,,6.0,2.0,2.0,99.43,504,280
8094,,,,6.0,2.0,3.0,46.08,503,115
8095,,,,8.0,3.0,3.0,98.83,504,230
8096,,,,8.0,1.0,5.0,92.19,510,190
8097,,,,5.0,1.0,1.0,87.9,509,170
8098,,,,8.0,3.0,6.0,93.71,507,180
8099,,,,6.0,3.0,3.0,96.36,506,180
8100,,,,7.0,3.0,6.0,97.57,510,212
8101,,,,8.0,2.0,4.0,99.07,605,290
8102,,,,8.0,5.0,1.0,,501,N
8103,,,,6.0,1.0,2.0,27.91,510,140
8104,,,,2.0,5.0,1.0,45.95,503,120
8105,,,,8.0,3.0,4.0,,507,N
8106,,,,8.0,5.0,6.0,94.03,506,170
8107,,,,8.0,2.0,1.0,33.26,507,130
8108,,,,6.0,3.0,4.0,95.65,504,175
8109,,,,8.0,1.0,6.0,58.23,504,125
8110,,,,,,,96.14,511,210
8111,,,,8.0,4.0,,91.17,507,175
8112,,,,6.0,2.0,5.0,99.4,605,310
8113,,,,,,,,511,179
8114,,,,8.0,4.0,2.0,80.48,511,175
8115,,,,5.0,1.0,5.0,,511,N
8116,,,,1.0,4.0,4.0,97.75,510,214
8117,,,,8.0,1.0,3.0,86.12,506,160
8118,,,,7.0,3.0,2.0,,507,210
8119,,,,6.0,2.0,3.0,95.98,505,180
8120,,,,8.0,3.0,1.0,47.49,506,130
8121,,,,6.0,2.0,5.0,32.1,505,122
8122,,,,8.0,3.0,,92.54,504,165
8123,,,,8.0,5.0,1.0,43.95,508,135
8124,,,,,,,13.97,502,100
8125,,,,6.0,2.0,1.0,98.47,505,200
8126,,,,8.0,3.0,4.0,67.66,504,135
8127,,,,6.0,3.0,3.0,47.71,505,116
8128,,,,8.0,4.0,1.0,82.19,503,140
8129,,,,8.0,1.0,3.0,99.47,601,280
8130,,,,8.0,2.0,3.0,99.14,511,250
8131,,,,8.0,3.0,5.0,87.31,500,130
8132,,,,,2.0,3.0,,N N,145
8133,,,,6.0,3.0,6.0,96.74,502,170
8134,,,,6.0,1.0,3.0,49.22,605,182
8135,,,2,6.0,2.0,4.0,13.26,502,95
8136,,,,6.0,5.0,7.0,,505,N
8137,,,,6.0,5.0,1.0,26.54,502,107
8138,,,,6.0,2.0,3.0,,503,101
8139,,,,5.0,3.0,2.0,13.02,506,121
8140,,,,,,,98.01,500,185
8141,,,,8.0,2.0,5.0,91.5,505,153
8142,,,,8.0,1.0,6.0,99.69,509,280
8143,,,,6.0,2.0,4.0,94.92,504,175
8144,,,,3.0,3.0,,81.85,500,126
8145,,,,4.0,1.0,3.0,,509,N
8146,,,,6.0,3.0,3.0,97.31,501,176
8147,,,,5.0,2.0,4.0,54.64,503,123
8148,,,,6.0,1.0,7.0,96.98,506,180
8149,,,,8.0,2.0,,16.74,601,145
8150,,,,6.0,3.0,5.0,2.19,511,120
8151,,,,,,,98.9,502,180
8152,,,,,,,80.51,511,180
8153,,,,6.0,1.0,3.0,76.45,601,164
8154,,,,8.0,3.0,1.0,99.83,601,330
8155,,,,6.0,4.0,2.0,47.18,508,145
8156,,,,6.0,1.0,1.0,61.17,511,150
8157,,,,3.0,5.0,1.0,,502,119
8158,,,,7.0,3.0,4.0,79.66,507,155
8159,,,,5.0,2.0,5.0,96.78,510,205
8160,,,,6.0,4.0,2.0,83.84,510,175
8161,,,,6.0,1.0,4.0,70.79,504,135
8162,,,,8.0,4.0,1.0,76.62,509,152
8163,,,,7.0,5.0,,61.69,502,120
8164,,,,5.0,2.0,5.0,,511,165
8165,,,,8.0,5.0,1.0,97.5,503,190
8166,,,,5.0,1.0,3.0,54.41,507,999
8167,,,,8.0,4.0,1.0,21.8,506,116
8168,,,,8.0,4.0,3.0,30.7,506,120
8169,,,,6.0,1.0,5.0,74.44,602,190
8170,,,,6.0,3.0,4.0,38.12,503,117
8171,,,,6.0,3.0,4.0,30.3,504,110
8172,,,,6.0,2.0,3.0,71.78,509,158
8173,,,,8.0,5.0,3.0,53.02,505,128
8174,,,,2.0,3.0,4.0,36.32,508,140
8175,,,,7.0,4.0,2.0,99.8,603,355
8176,,,,8.0,5.0,,49.55,509,136
8177,,,,7.0,4.0,,75.96,508,150
8178,,,,8.0,4.0,1.0,14.41,507,115
8179,,,,8.0,4.0,4.0,41.87,502,113
8180,,,,6.0,3.0,3.0,97.07,600,235
8181,,,,4.0,4.0,2.0,71.77,507,150
8182,,,,8.0,3.0,2.0,,505,N
8183,,,,6.0,3.0,3.0,14.93,504,110
8184,,,,8.0,5.0,1.0,99.79,507,270
8185,,,,8.0,4.0,3.0,88.32,602,197
8186,,,,8.0,5.0,1.0,43.67,503,114
8187,,,,6.0,4.0,3.0,94.76,506,185
8188,,,,6.0,4.0,5.0,,504,N
8189,,,,3.0,1.0,4.0,84.72,503,137
8190,,,,8.0,4.0,3.0,19.65,507,120
8191,,,,6.0,4.0,3.0,38.63,507,129
8192,,,,8.0,2.0,6.0,89.4,505,149
8193,,,,7.0,1.0,3.0,84.19,607,230
8194,,,,8.0,4.0,3.0,43.09,507,130
8195,,,,5.0,5.0,3.0,98.09,600,240
8196,,,,4.0,,,92.84,506,180
8197,,,,8.0,5.0,,72.16,504,136
8198,,,,6.0,2.0,,88.18,603,195
8199,,,,1.0,4.0,2.0,19.64,511,130
8200,,,,2.0,1.0,5.0,82.91,507,154
8201,,,,8.0,3.0,2.0,17.94,503,98
8202,,,,6.0,3.0,3.0,21.4,600,140
8203,,,,,,,,400,N
8204,,,,8.0,5.0,3.0,41.98,504,120
8205,,,,6.0,4.0,5.0,87.88,503,145
8206,,,,8.0,1.0,,0.01,511,106
8207,,,,,,,,N N,N
8208,,,,3.0,,5.0,63.43,510,153
8209,,,,4.0,3.0,4.0,,505,N
8210,,,,5.0,3.0,4.0,,601,150
8211,,,,6.0,5.0,3.0,0.23,602,130
8212,,,,6.0,2.0,3.0,98.7,509,215
8213,,,,8.0,5.0,2.0,,506,N
8214,,,,8.0,3.0,2.0,98.95,508,217
8215,,,,6.0,2.0,,90.64,511,180
8216,,,,5.0,1.0,3.0,,509,N
8217,,,,6.0,2.0,4.0,29.06,502,108
8218,,,,6.0,4.0,6.0,89.75,410,119
8219,,,,8.0,5.0,1.0,87.96,506,160
8220,,,,6.0,3.0,,99.34,510,250
8221,,,,8.0,4.0,2.0,98.77,602,254
8222,,,,6.0,5.0,1.0,93.62,505,165
8223,,,,8.0,5.0,3.0,54.63,601,160
8224,,,,6.0,1.0,5.0,54.33,603,174
8225,,,,6.0,3.0,3.0,99.12,505,213
8226,,,,6.0,4.0,3.0,89.83,506,160
8227,,,,5.0,1.0,4.0,38.04,501,107
8228,,,,6.0,2.0,4.0,80.31,604,201
8229,,,,8.0,1.0,4.0,89.73,511,178
8230,,,,6.0,2.0,4.0,72.14,508,150
8231,,,,6.0,5.0,4.0,15.52,509,125
8232,,,,4.0,3.0,4.0,75.4,511,175
8233,,,,8.0,4.0,5.0,90.1,508,160
8234,,,,6.0,4.0,2.0,27.61,602,146
8235,,,,8.0,5.0,4.0,97.97,507,216
8236,,,,8.0,4.0,4.0,82.61,602,199
8237,,,,7.0,5.0,2.0,77.39,504,128
8238,,,,8.0,3.0,1.0,,504,N
8239,,,,6.0,3.0,2.0,56.48,507,135
8240,,,,5.0,2.0,2.0,27.2,505,120
8241,,,,5.0,1.0,4.0,89.6,509,168
8242,,,,6.0,3.0,4.0,,505,120
8243,,,,6.0,3.0,4.0,41.52,501,110
8244,,,,6.0,3.0,5.0,26.03,502,103
8245,,,,7.0,2.0,4.0,64.42,603,175
8246,,,,6.0,2.0,3.0,58.88,509,150
8247,,,,6.0,3.0,4.0,29.93,504,115
8248,,,,8.0,5.0,5.0,60.29,501,114
8249,,,,6.0,1.0,4.0,72.02,603,175
8250,,,,6.0,3.0,2.0,90.64,509,180
8251,,,,7.0,5.0,4.0,999,503,98
8252,,,,6.0,3.0,3.0,,N N,N
8253,,,,4.0,4.0,3.0,85.78,501,133
8254,,,,8.0,3.0,3.0,49.01,509,145
8255,,,,5.0,3.0,4.0,2.89,507,115
8256,,,,6.0,4.0,3.0,91.61,503,145
8257,,,,8.0,2.0,4.0,72.94,511,163
8258,,,,6.0,4.0,2.0,56.79,508,140
8259,,,,6.0,2.0,3.0,87.98,509,175
8260,,,,6.0,1.0,4.0,75.26,511,170
8261,,,,6.0,1.0,5.0,89.91,506,160
8262,,,,8.0,5.0,1.0,93.07,409,132
8263,,,,6.0,4.0,3.0,61.63,511,165
8264,,,,8.0,5.0,2.0,89.33,503,140
8265,,,,2.0,1.0,4.0,93.72,506,169
8266,,,,3.0,3.0,2.0,97.07,509,196
8267,,,,6.0,1.0,4.0,35.07,601,150
8268,,,,6.0,4.0,2.0,31.2,501,97
8269,,,,6.0,3.0,2.0,51.71,600,155
8270,,,,6.0,4.0,5.0,0.05,603,125
8271,,,,8.0,2.0,3.0,79.45,502,123
8272,,,,6.0,5.0,4.0,,503,140
8273,,,,6.0,3.0,2.0,99.24,600,260
8274,,,,7.0,2.0,4.0,98.6,510,235
8275,,,,6.0,3.0,4.0,53.03,506,127
8276,,,,6.0,2.0,4.0,95.14,507,177
8277,,,,8.0,4.0,6.0,40.79,505,120
8278,,,,7.0,4.0,1.0,31.82,508,134
8279,,,,6.0,4.0,3.0,98.13,509,220
8280,,,,6.0,2.0,4.0,54.39,504,120
8281,,,,6.0,2.0,4.0,53.22,502,111
8282,,,,4.0,4.0,3.0,66.75,510,150
8283,,,,8.0,5.0,1.0,82.68,504,143
8284,,,,4.0,5.0,1.0,18.46,504,110
8285,,,,6.0,3.0,1.0,20.0,600,148
8286,,,,1.0,1.0,4.0,,503,115
8287,,,,7.0,2.0,4.0,98.68,508,213
8288,,,,8.0,3.0,2.0,32.74,504,111
8289,,,,6.0,4.0,4.0,,507,174
8290,,,,6.0,2.0,4.0,46.08,503,115
8291,,,,5.0,4.0,2.0,7.31,600,135
8292,,,,4.0,4.0,4.0,19.43,505,108
8293,,,,8.0,3.0,5.0,56.48,507,135
8294,,,,6.0,3.0,4.0,43.15,505,121
8295,,,,8.0,2.0,4.0,80.06,509,165
8296,,,,6.0,1.0,4.0,90.18,510,175
8297,,,,6.0,4.0,5.0,97.12,503,175
8298,,,,6.0,2.0,5.0,,508,208
8299,,,,5.0,2.0,4.0,66.02,507,141
8300,,,,6.0,2.0,2.0,58.88,509,150
8301,,,,6.0,2.0,5.0,,N N,150
8302,,,,6.0,3.0,3.0,52.63,507,133
8303,,,,5.0,2.0,5.0,81.1,506,150
8304,,,,6.0,2.0,6.0,40.85,507,130
8305,,,,,,,14.65,511,140
8306,,,,2.0,3.0,4.0,75.04,506,144
8307,,,,6.0,2.0,3.0,99.54,511,270
8308,,,,6.0,5.0,3.0,11.76,508,120
8309,,,,6.0,3.0,4.0,0.81,411,82
8310,,,,6.0,1.0,4.0,82.85,501,124
8311,,,,6.0,4.0,4.0,56.12,505,124
8312,,,,6.0,2.0,4.0,36.42,506,125
8313,,,,6.0,5.0,1.0,77.71,600,178
8314,,,,2.0,2.0,4.0,48.82,506,125
8315,,,,8.0,3.0,5.0,86.05,601,190
8316,,,,8.0,5.0,2.0,95.74,504,180
8317,,,,5.0,3.0,2.0,83.9,510,180
8318,,,,6.0,3.0,3.0,36.9,510,135
8319,,,,4.0,5.0,2.0,98.03,508,225
8320,,,,6.0,3.0,,81.38,505,145
8321,,,,8.0,4.0,,18.67,501,95
8322,,,,5.0,5.0,4.0,93.86,601,200
8323,,,,7.0,3.0,4.0,99.21,511,250
8324,,,,6.0,4.0,1.0,47.49,506,130
8325,,,,8.0,2.0,4.0,,604,185
8326,,,,5.0,3.0,,,502,129
8327,,,,6.0,1.0,5.0,21.38,510,130
8328,,,,1.0,2.0,5.0,6.13,505,103
8329,,,,1.0,2.0,5.0,67.34,510,165
8330,,,,8.0,4.0,2.0,77.51,509,155
8331,,,,8.0,5.0,4.0,,505,100
8332,,,,6.0,3.0,4.0,10.1,602,145
8333,,,,6.0,1.0,4.0,68.33,504,135
8334,,,,2.0,2.0,3.0,52.17,510,142
8335,,,,3.0,4.0,3.0,81.05,503,136
8336,,,,8.0,4.0,6.0,73.66,509,155
8337,,,,8.0,5.0,1.0,60.52,503,124
8338,,,,8.0,2.0,5.0,46.75,505,127
8339,,,,6.0,2.0,4.0,1.02,508,108
8340,,,,8.0,4.0,2.0,21.58,502,105
8341,,,,6.0,4.0,2.0,83.96,506,150
8342,,,,6.0,5.0,2.0,78.86,411,120
8343,,,,7.0,3.0,2.0,1.77,601,130
8344,,,,8.0,4.0,1.0,91.4,505,162
8345,,,,6.0,3.0,2.0,43.3,511,155
8346,,,,4.0,3.0,4.0,8.24,601,130
8347,,,,,1.0,5.0,,505,N
8348,,,,8.0,2.0,5.0,98.3,510,230
8349,,,,6.0,3.0,4.0,62.96,503,120
8350,,,,8.0,5.0,4.0,18.12,510,135
8351,,,,6.0,1.0,1.0,,601,N
8352,,,,6.0,1.0,2.0,98.58,511,240
8353,,,,6.0,4.0,,7.73,507,115
8354,,,,8.0,3.0,3.0,,505,155
8355,,,,8.0,4.0,3.0,36.05,505,118
8356,,,,8.0,3.0,3.0,,508,252
8357,,,,,,,84.63,511,180
8358,,,,5.0,1.0,5.0,99.29,509,240
8359,,,,8.0,3.0,2.0,40.45,507,137
8360,,,,6.0,3.0,4.0,99.45,503,230
8361,,,,8.0,5.0,1.0,97.55,508,210
8362,,,,8.0,5.0,,,300,198
8363,,,,6.0,3.0,3.0,87.66,601,195
8364,,,,5.0,4.0,3.0,98.4,601,245
8365,,,,8.0,3.0,3.0,90.28,502,150
8366,,,,always online,4.0,3.0,95.04,505,180
8367,,,,1.0,3.0,4.0,70.84,502,120
8368,,,,8.0,2.0,3.0,,506,124
8369,,,,8.0,4.0,1.0,61.62,507,143
8370,,,,1.0,1.0,,95.21,506,170
8371,,,,3.0,1.0,2.0,19.44,508,120
8372,,,,6.0,5.0,1.0,97.96,502,190
8373,,,,6.0,1.0,3.0,97.62,601,225
8374,,,,6.0,4.0,3.0,38.14,504,116
8375,,,,8.0,4.0,1.0,96.92,509,225
8376,,,,6.0,2.0,3.0,19.82,508,116
8377,,,,6.0,1.0,1.0,91.03,508,172
8378,,,,8.0,4.0,2.0,90.06,501,140
8379,,,,6.0,2.0,3.0,84.68,502,135
8380,,,,8.0,2.0,3.0,78.5,507,145
8381,,,,6.0,4.0,1.0,51.8,500,106
8382,,,,8.0,4.0,3.0,15.3,505,106
8383,,,,6.0,3.0,3.0,46.48,507,130
8384,,,,,,,62.28,506,140
8385,,,,1.0,5.0,3.0,33.26,507,130
8386,,,,6.0,3.0,2.0,55.37,602,176
8387,,,,8.0,3.0,3.0,71.89,508,145
8388,,,,6.0,2.0,1.0,98.8,507,211
8389,,,,6.0,2.0,5.0,61.17,511,150
8390,,,,6.0,4.0,2.0,93.88,504,170
8391,,,,7.0,2.0,3.0,76.31,505,140
8392,,,,6.0,3.0,4.0,94.63,506,180
8393,,,,6.0,4.0,2.0,92.4,604,230
8394,,,,4.0,4.0,2.0,60.76,504,120
8395,,,,5.0,3.0,3.0,98.26,507,205
8396,,,,6.0,3.0,4.0,48.81,508,128
8397,,,,1.0,1.0,,,300,90
8398,,,,6.0,2.0,5.0,,601,138
8399,,,,6.0,3.0,,1.46,502,90
8400,,,,4.0,3.0,2.0,98.52,500,190
8401,,,,1.0,4.0,3.0,95.18,511,200
8402,,,,4.0,5.0,2.0,70.98,505,144
8403,,,,6.0,4.0,3.0,,506,119
8404,,,,7.0,5.0,,97.88,503,190
8405,,,,8.0,4.0,3.0,48.61,502,114
8406,,,,8.0,2.0,5.0,11.72,503,95
8407,,,,8.0,3.0,5.0,90.2,508,175
8408,,,,8.0,3.0,4.0,1.04,505,100
8409,,,,7.0,2.0,,64.83,503,121
8410,,,,5.0,3.0,4.0,67.02,506,138
8411,,,,6.0,3.0,4.0,33.24,504,114
8412,,,,1.0,1.0,2.0,87.19,600,190
8413,,,,6.0,4.0,4.0,98.97,502,220
8414,,,,8.0,2.0,4.0,54.05,508,135
8415,,,,8.0,1.0,4.0,,509,175
8416,,,,8.0,2.0,3.0,56.03,506,125
8417,,,,6,3.0,3.0,88.55,503,152
8418,,,,8.0,3.0,3.0,high,510,318
8419,,,,4.0,1.0,4.0,39.14,510,136
8420,,,,7.0,4.0,5.0,66.73,503,125
8421,,,,,,,29.09,507,120
8422,,,,5.0,3.0,2.0,58.07,510,145
8423,,,,5.0,4.0,4.0,23.09,504,107
8424,,,,7.0,4.0,4.0,20.1,509,125
8425,,,,5.0,4.0,2.0,77.62,600,183
8426,,,,8.0,3.0,3.0,,701,185
8427,,,,8.0,3.0,2.0,94.71,507,180
8428,,,,6.0,5.0,2.0,67.53,503,130
8429,,,,1.0,1.0,1.0,,N N,N
8430,,,,8.0,5.0,1.0,,503,129
8431,,,,5.0,4.0,1.0,99.14,510,242
8432,,,,8.0,4.0,1.0,87.79,506,161
8433,,,,6.0,2.0,5.0,33.65,506,115
8434,,,,8.0,3.0,2.0,92.11,601,205
8435,,,,2.0,2.0,,99.1,502,189
8436,,,,8.0,3.0,4.0,98.57,511,235
8437,,,,6.0,2.0,4.0,92.19,510,190
8438,,,,6.0,3.0,2.0,17.21,509,130
8439,,,,8.0,3.0,5.0,31.72,511,131
8440,,,,6.0,4.0,5.0,31.95,600,150
8441,,,,6.0,4.0,2.0,97.61,600,220
8442,,,,8.0,4.0,2.0,47.22,505,120
8443,,,,3.0,3.0,6.0,86.77,507,165
8444,,,,7.0,3.0,2.0,,503,N
8445,,,,6.0,3.0,4.0,53.97,504,120
8446,,,,6.0,2.0,,69.87,506,140
8447,,,,8.0,2.0,3.0,8.57,507,110
8448,,,,8.0,2.0,7.0,34.41,603,163
8449,,,,2.0,4.0,6.0,,507,N
8450,,,,6.0,2.0,2.0,31.07,507,125
8451,,,,8.0,4.0,2.0,71.86,502,128
8452,,,,3.0,4.0,7.0,92.22,508,170
8453,,,,6.0,3.0,4.0,89.74,602,200
8454,,,,5.0,2.0,3.0,95.9,509,188
8455,,,,6.0,4.0,4.0,2.37,506,105
8456,,,,8.0,,1.0,,502,N
8457,,,,8.0,3.0,1.0,61.13,511,160
8458,,,,6.0,4.0,3.0,77.74,505,138
8459,,,,6.0,3.0,4.0,94.92,601,210
8460,,,,8.0,4.0,4.0,99.34,509,248
8461,,,,8.0,4.0,3.0,88.51,501,140
8462,,,,6.0,3.0,1.0,51.78,511,150
8463,,,,5.0,1.0,2.0,25.77,602,155
8464,,,,8.0,2.0,3.0,25.25,509,138
8465,,,,8.0,4.0,4.0,45.98,601,145
8466,,,,6.0,4.0,3.0,63.85,507,136
8467,,,,3.0,4.0,5.0,99.33,507,289
8468,,,,5.0,1.0,6.0,58.07,510,145
8469,,,,8.0,4.0,3.0,,601,290
8470,,,,8.0,2.0,4.0,96.46,504,170
8471,,,,,,,84.52,601,190
8472,,,,6.0,4.0,,39.39,500,105
8473,,,,3.0,3.0,1.0,99.35,511,255
8474,,,,7.0,2.0,3.0,60.66,600,160
8475,,,,1.0,3.0,2.0,44.4,505,123
8476,,,,6.0,1.0,5.0,60.48,600,165
8477,,,,8.0,2.0,3.0,25.54,508,135
8478,,,,1.0,3.0,2.0,15.38,508,118
8479,,,,1.0,3.0,5.0,33.68,506,119
8480,,,,6.0,4.0,5.0,74.26,503,127
8481,,,,8.0,3.0,4.0,,505,N
8482,,,,5.0,3.0,3.0,84.5,503,140
8483,,,,6.0,2.0,,95.84,505,175
8484,,,,8.0,5.0,,87.35,510,180
8485,,,,8.0,4.0,3.0,52.0,409,100
8486,,,,2.0,2.0,3.0,86.82,504,146
8487,,,,1.0,3.0,2.0,57.44,505,120
8488,,,,2.0,1.0,5.0,33.36,506,127
8489,,,,,,,5.59,507,115
8490,,,,8.0,3.0,5.0,78.32,508,150
8491,,,,3.0,2.0,5.0,95.24,508,185
8492,,,,5.0,1.0,5.0,23.05,509,133
8493,,,,6.0,3.0,6.0,67.24,502,125
8494,,,,6.0,3.0,,82.39,510,163
8495,,,,1.0,5.0,1.0,97.6,511,208
8496,,,,8.0,3.0,,58.88,509,150
8497,,,,6.0,4.0,3.0,83.84,510,175
8498,,,,6.0,2.0,4.0,84.98,511,170
8499,,,,8.0,4.0,2.0,72.55,510,154
8500,,,,7.0,3.0,2.0,38.19,509,140
8501,,,,1.0,3.0,5.0,96.36,508,200
8502,,,,6.0,3.0,2.0,47.52,505,120
8503,,,,6.0,3.0,3.0,84.75,510,165
8504,,,,5.0,1.0,5.0,64.26,508,145
8505,,,,8.0,4.0,1.0,97.42,601,232
8506,,,,6.0,3.0,5.0,41.71,502,109
8507,,,,6.0,3.0,4.0,97.55,502,173
8508,,,,8.0,3.0,1.0,25.54,602,150
8509,,,,6.0,3.0,3.0,92.69,507,180
8510,,,,8.0,2.0,3.0,55.07,602,160
8511,,,,5.0,5.0,4.0,87.56,505,150
8512,,,,1.0,5.0,1.0,98.57,511,235
8513,,,,8.0,1.0,1.0,67.39,509,155
8514,,,,6.0,4.0,4.0,98.6,504,213
8515,,,,8.0,4.0,2.0,,507,257
8516,,,,6.0,2.0,4.0,85.42,509,165
8517,,,,6.0,5.0,7.0,87.72,501,129
8518,,,,6.0,4.0,4.0,33.86,502,106
8519,,,,6.0,3.0,4.0,74.46,601,170
8520,,,,6.0,1.0,4.0,78.87,510,154
8521,,,,8.0,3.0,4.0,92.28,508,175
8522,,,,4.0,3.0,4.0,,506,N
8523,,,,5.0,4.0,,99.03,601,260
8524,,,,6.0,4.0,3.0,62.87,504,130
8525,,,,8.0,4.0,2.0,96.74,502,170
8526,,,,6.0,3.0,6.0,10.33,507,115
8527,,,,6.0,4.0,4.0,87.6,504,150
8528,,,,6.0,2.0,3.0,68.57,507,147
8529,,,,5.0,3.0,4.0,92.47,506,175
8530,,,,6.0,2.0,1.0,48.32,510,145
8531,,,,6.0,4.0,2.0,89.83,507,154
8532,,,,7.0,1.0,1.0,99.36,509,245
8533,,,,8.0,1.0,5.0,47.79,508,138
8534,,,,,,,84.41,509,165
8535,,,,8.0,3.0,4.0,81.02,505,150
8536,,,,8.0,1.0,2.0,99.07,602,270
8537,,,,7.0,3.0,2.0,93.55,507,177
8538,,,,6.0,4.0,1.0,1.21,506,100
8539,,,,8.0,3.0,2.0,0.58,510,109
8540,,,,6.0,3.0,5.0,40.66,501,108
8541,,,,7.0,3.0,4.0,93.82,510,195
8542,,,,6.0,4.0,3.0,72.59,506,142
8543,,,,7.0,3.0,3.0,21.28,506,110
8544,,,,6.0,3.0,4.0,78.86,411,120
8545,,,,8.0,3.0,5.0,15.01,505,111
8546,,,,8.0,5.0,1.0,29.39,509,136
8547,,,,6.0,2.0,4.0,52.71,508,139
8548,,,,1.0,1.0,3.0,84.91,506,148
8549,,,,8.0,3.0,2.0,34.11,508,135
8550,,,,6.0,2.0,4.0,54.77,508,140
8551,,,,5.0,2.0,2.0,,602,186
8552,,,,8.0,1.0,6.0,75.74,501,117
8553,,,,8.0,1.0,5.0,95.24,508,185
8554,,,,8.0,3.0,4.0,77.2,502,130
8555,,,,7.0,5.0,3.0,78.75,509,160
8556,,,,6.0,3.0,2.0,66.39,500,110
8557,,,,6.0,4.0,3.0,84.51,509,170
8558,,M,,7.0,2.0,4.0,,505,N
8559,,,,6.0,3.0,4.0,81.93,509,160
8560,,,,6.0,2.0,3.0,1.13,508,105
8561,,,,7.0,3.0,3.0,16.01,508,120
8562,,,,8.0,5.0,5.0,35.05,505,120
8563,,,,6.0,1.0,5.0,85.19,509,166
8564,,,,6.0,4.0,4.0,94.64,510,197
8565,,,,6.0,1.0,5.0,50.96,502,115
8566,,,,8.0,5.0,3.0,0.71,507,100
8567,,,,1.0,2.0,3.0,28.91,505,115
8568,,,,6.0,2.0,4.0,4.46,507,103
8569,,,,,,,19.38,509,135
8570,,,,8.0,3.0,3.0,31.06,507,120
8571,,,,6.0,3.0,3.0,96.97,505,190
8572,,,,1.0,3.0,3.0,62.23,505,135
8573,,,,6.0,2.0,4.0,54.37,510,148
8574,,,,8.0,1.0,5.0,,508,N
8575,,,,8.0,4.0,3.0,93.58,504,165
8576,,,,8.0,4.0,2.0,86.01,509,172
8577,,,,1.0,2.0,4.0,99.24,511,250
8578,,,,5.0,2.0,5.0,20.16,507,118
8579,,,,8.0,5.0,3.0,13.75,600,140
8580,,,,,,,58.88,509,150
8581,,,,8.0,4.0,2.0,82.68,504,143
8582,,,,6.0,4.0,4.0,32.79,502,103
8583,,,,8.0,3.0,,98.6,601,245
8584,,,,6.0,2.0,5.0,,511,142
8585,,,,8.0,2.0,,57.32,503,120
8586,,,,8.0,5.0,2.0,94.64,509,200
8587,,,,6.0,2.0,4.0,87.93,504,143
8588,,,,7.0,1.0,5.0,76.46,508,158
8589,,,,8.0,1.0,4.0,36.98,505,112
8590,,,,6.0,1.0,5.0,91.82,502,154
8591,,,,8.0,1.0,5.0,5.78,600,125
8592,,,,6.0,3.0,,93.68,509,195
8593,,,,6.0,2.0,5.0,,509,148
8594,,,,6.0,3.0,,87.88,507,165
8595,,,,8.0,4.0,3.0,99.54,500,193
8596,,,,8.0,1.0,1.0,98.58,505,210
8597,,,,8.0,2.0,4.0,89.82,600,195
8598,,,,6.0,1.0,7.0,89.74,602,200
8599,,,,6.0,2.0,2.0,97.17,600,220
8600,,,,2.0,2.0,2.0,97.82,603,255
8601,,,,6.0,2.0,4.0,84.98,511,170
8602,,,,6.0,2.0,3.0,94.79,600,210
8603,,,,6.0,5.0,1.0,15.72,506,113
8604,,,,8.0,2.0,,94.28,602,225
8605,,,,8.0,4.0,1.0,95.78,506,168
8606,,,,8.0,4.0,2.0,98.09,600,235
8607,,,,4.0,2.0,1.0,,601,N
8608,,,,8.0,4.0,2.0,99.69,606,353
8609,,,,6.0,1.0,2.0,,504,140
8610,,,,6.0,Always ,,99.36,500,221
8611,,,,8.0,5.0,4.0,97.77,510,210
8612,,,,6.0,2.0,4.0,72.48,510,164
8613,,,,6.0,3.0,5.0,,510,158
8614,,,,8.0,4.0,2.0,69.81,604,196
8615,,,,8.0,2.0,5.0,74.22,506,140
8616,,,,6.0,4.0,3.0,16.03,600,137
8617,,,,6.0,2.0,4.0,,502,101
8618,,,,6.0,3.0,2.0,35.53,504,109
8619,,,,8.0,4.0,3.0,98.0,505,190
8620,,,,6.0,1.0,4.0,87.14,601,183
8621,,,,4.0,4.0,1.0,45.44,502,108
8622,,,,5.0,3.0,3.0,93.96,508,180
8623,,,,6.0,1.0,1.0,98.38,503,180
8624,,,,8.0,5.0,,66.53,507,150
8625,,,,7.0,3.0,3.0,52.25,600,165
8626,,,,6.0,2.0,4.0,87.47,507,155
8627,,,,6.0,2.0,3.0,92.23,503,158
8628,,,,8.0,3.0,3.0,93.8,502,150
8629,,,,8.0,1.0,3.0,98.69,506,201
8630,,,,8.0,5.0,1.0,99.14,511,250
8631,,,,5.0,1.0,5.0,99.0,510,240
8632,,,,8.0,3.0,2.0,15.49,411,90
8633,,,,8.0,1.0,5.0,52.96,511,160
8634,,,,8.0,4.0,2.0,94.87,601,215
8635,,,,8.0,3.0,5.0,70.32,504,129
8636,,,,6.0,3.0,1.0,9.15,602,135
8637,,,,8.0,3.0,5.0,30.7,505,120
8638,,,,3.0,3.0,4.0,38.97,504,110
8639,,,,4.0,1.0,7.0,98.73,511,243
8640,,,,5.0,3.0,2.0,45.23,501,105
8641,,,,6.0,3.0,1.0,83.57,508,165
8642,,,,6.0,5.0,1.0,85.89,508,162
8643,,,,1.0,2.0,2.0,,301,N
8644,,,,6.0,5.0,1.0,86.79,511,185
8645,,,,6.0,3.0,4.0,83.6,507,150
8646,,,,8.0,5.0,,89.08,511,182
8647,,,,4.0,2.0,5.0,70.18,601,170
8648,,,,8.0,1.0,2.0,96.24,509,190
8649,,,,6.0,1.0,4.0,69.87,505,135
8650,,,,6.0,2.0,5.0,74.0,502,125
8651,,,,6.0,1.0,5.0,74.74,504,138
8652,,,,5.0,,,,503,160
8653,,,,6.0,4.0,,95.57,506,190
8654,,,,8.0,3.0,2.0,99.76,601,313
8655,,,,6.0,4.0,2.0,83.17,504,149
8656,,,,8.0,4.0,1.0,98.68,505,239
8657,,,,1.0,4.0,2.0,,507,125
8658,,,,4.0,3.0,2.0,29.8,411,93
8659,,,,6.0,4.0,3.0,84.68,502,135
8660,,,,6.0,1.0,5.0,7.78,510,120
8661,,,,8.0,5.0,1.0,97.75,504,201
8662,,,,7.0,2.0,5.0,98.85,510,230
8663,,,,6.0,4.0,5.0,52.22,503,120
8664,,,,4.0,4.0,4.0,98.86,600,280
8665,,,,4.0,2.0,,90.2,508,175
8666,,,,8.0,4.0,3.0,97.84,602,250
8667,,,,5.0,2.0,4.0,6.03,603,135
8668,,,,7.0,4.0,2.0,98.88,507,220
8669,,,,8.0,3.0,2.0,62.89,506,136
8670,,,,3.0,3.0,4.0,89.35,600,194
8671,,,,8.0,3.0,1.0,10.9,503,100
8672,,,,8.0,1.0,4.0,3.97,600,135
8673,,,,6.0,4.0,,42.05,600,155
8674,,,,8.0,2.0,2.0,88.94,503,150
8675,,,,8.0,3.0,3.0,25.71,504,115
8676,,,,8.0,1.0,7.0,92.39,508,180
8677,,,,8.0,1.0,6.0,23.57,600,150
8678,,,,8.0,4.0,4.0,96.48,506,187
8679,,,,6.0,4.0,,83.72,500,128
8680,,,,6.0,4.0,2.0,79.82,505,140
8681,,,,6.0,3.0,1.0,98.29,505,210
8682,,,,2.0,1.0,6.0,90.45,406,110
8683,,,,8.0,3.0,5.0,21.19,504,113
8684,,,,8.0,5.0,5.0,89.23,502,142
8685,,,,8.0,3.0,2.0,98.69,511,285
8686,,,,8.0,3.0,3.0,39.45,409,90
8687,,,,8.0,1.0,6.0,45.66,601,165
8688,,,,6.0,2.0,5.0,66.67,510,155
8689,,,,4.0,4.0,7.0,90.45,502,141
8690,,,,6.0,2.0,3.0,7.78,510,120
8691,,,,8.0,3.0,4.0,25.71,504,115
8692,,,,8.0,3.0,5.0,,603,150
8693,,,,6.0,4.0,4.0,87.31,500,130
8694,,,,6.0,3.0,2.0,67.37,509,150
8695,,,,6.0,,,25.66,510,130
8696,,,,6.0,4.0,2.0,5.33,503,100
8697,,,,7.0,5.0,3.0,99.95,510,389
8698,,,,6.0,3.0,5.0,,508,215
8699,,,,8.0,4.0,,,510,N
8700,,,,6.0,1.0,5.0,34.21,505,115
8701,,,,7.0,4.0,2.0,67.39,509,155
8702,,,,6.0,2.0,3.0,65.24,504,125
8703,,,,4.0,2.0,3.0,25.69,505,116
8704,,,,,,,84.25,507,154
8705,,,,6.0,3.0,2.0,77.44,505,141
8706,,,,6.0,4.0,3.0,77.05,504,140
8707,,,,8.0,4.0,4.0,,504,120
8708,,,,8.0,3.0,1.0,,608,180
8709,,,,5.0,3.0,3.0,68.14,509,160
8710,,,,,,,,N N,N
8711,,,,1.0,,,,N N,N
8712,,,,8.0,4.0,3.0,81.07,602,186
8713,,,,6.0,4.0,4.0,,506,123
8714,,,,8.0,3.0,2.0,0.0,502,69
8715,,,,6.0,5.0,2.0,90.51,511,185
8716,,,,6.0,4.0,2.0,97.67,501,170
8717,,,,5.0,2.0,4.0,37.52,600,143
8718,,,,8.0,3.0,2.0,91.65,509,187
8719,,,,8.0,4.0,1.0,68.36,503,126
8720,,,,8.0,3.0,5.0,56.34,509,143
8721,,,,8.0,3.0,2.0,83.16,508,165
8722,,,,5.0,1.0,5.0,99.49,510,260
8723,,,,6.0,3.0,4.0,,505,150
8724,,,,8.0,5.0,2.0,5.75,505,105
8725,,,,2.0,4.0,2.0,68.33,600,165
8726,,,,6.0,3.0,4.0,61.69,502,120
8727,,,,6.0,2.0,5.0,81.38,505,145
8728,,,,8.0,3.0,4.0,15.52,509,125
8729,,,,6.0,2.0,3.0,66.85,510,160
8730,,,,8.0,5.0,,80.6,511,170
8731,,,,6.0,3.0,,95.75,505,180
8732,,,,6.0,3.0,3.0,57.57,603,176
8733,,,,8.0,4.0,5.0,79.46,502,132
8734,,,,8.0,5.0,1.0,,506,169
8735,, male,,6.0,4.0,3.0,30.7,506,120
8736,,,,4.0,3.0,4.0,98.48,507,198
8737,,,,8.0,4.0,4.0,94.3,507,175
8738,,,,8.0,4.0,3.0,,510,180
8739,,,,8.0,3.0,3.0,92.07,507,165
8740,,,,6.0,5.0,3.0,53.1,510,149
8741,,,,5.0,1.0,2.0,74.24,503,130
8742,,,,3.0,2.0,4.0,13.75,600,140
8743,,,,6.0,4.0,2.0,,504,180
8744,,,,6.0,1.0,4.0,84.98,511,170
8745,,,,6.0,5.0,1.0,37.55,510,140
8746,,,,1.0,2.0,4.0,96.88,507,179
8747,,,,,3.0,2.0,,N N,N
8748,,,,8.0,1.0,4.0,79.82,505,140
8749,,,,6.0,4.0,3.0,69.87,505,135
8750,,,,2.0,4.0,2.0,99.2,504,220
8751,,,,6.0,4.0,2.0,57.02,505,130
8752,,,,6.0,3.0,,98.01,505,218
8753,,,,6.0,4.0,1.0,16.74,508,123
8754,,,,8.0,4.0,3.0,50.95,502,110
8755,,,,2.0,2.0,5.0,,600,N
8756,,,,8.0,4.0,2.0,62.19,507,135
8757,,,,6.0,1.0,4.0,99.84,506,294
8758,,,,5.0,1.0,,45.3,508,140
8759,,,,6.0,4.0,1.0,97.36,508,220
8760,,,,1.0,3.0,6.0,,501,N
8761,,,,7.0,2.0,2.0,96.27,602,230
8762,,,,6.0,4.0,5.0,42.53,504,115
8763,,,,6.0,2.0,2.0,7.31,600,135
8764,,,,8.0,3.0,3.0,96.53,600,225
8765,,,,6.0,3.0,3.0,92.2,602,212
8766,,,,8.0,3.0,4.0,86.04,506,153
8767,,,,8.0,2.0,3.0,99.65,508,260
8768,,,,8.0,3.0,2.0,54.06,600,166
8769,,,,6.0,2.0,3.0,98.81,510,235
8770,,,,5.0,2.0,5.0,99.34,600,267
8771,,,,8.0,2.0,2.0,98.66,501,210
8772,,,,6.0,2.0,2.0,91.75,511,188
8773,,,,8.0,3.0,4.0,92.56,511,185
8774,,,,6.0,5.0,3.0,89.86,506,164
8775,,,,6.0,4.0,,3.55,511,130
8776,,,,6.0,5.0,3.0,74.85,508,152
8777,,,,8.0,3.0,3.0,48.32,510,145
8778,,,,,,,,706,399
8779,,,,6.0,5.0,4.0,89.62,506,150
8780,,,,1.0,1.0,5.0,99.49,600,275
8781,,,,8.0,5.0,1.0,66.39,500,110
8782,,,,6.0,2.0,1.0,80.98,507,152
8783,,,,6.0,2.0,3.0,94.62,510,198
8784,,,,6.0,4.0,3.0,36.05,505,118
8785,,,,8.0,3.0,2.0,96.97,505,190
8786,,,,,,,,711,N
8787,,,,6.0,3.0,1.0,89.24,502,145
8788,,,,6.0,1.0,5.0,75.86,603,190
8789,,,,1.0,1.0,5.0,77.43,506,136
8790,,,,8.0,1.0,4.0,,511,90
8791,,,,8.0,3.0,2.0,59.83,506,130
8792,,,,8.0,1.0,5.0,99.69,600,295
8793,,,,7.0,2.0,6.0,,N N,N
8794,,,,7.0,3.0,3.0,80.07,503,135
8795,,,,4.0,1.0,2.0,,N N,220
8796,,,,8.0,4.0,5.0,40.08,509,145
8797,,,,8.0,4.0,1.0,96.27,503,163
8798,,,,1.0,3.0,4.0,98.75,504,210
8799,,,,8.0,3.0,3.0,98.62,602,250
8800,,,,6.0,4.0,4.0,12.0,502,99
8801,,,,6.0,2.0,,42.13,511,150
8802,,,,6.0,2.0,6.0,,706,111
8803,,,,7.0,3.0,2.0,26.03,502,103
8804,,,,8.0,5.0,3.0,46.6,505,125
8805,,,,6.0,3.0,2.0,12.36,507,120
8806,,,,8.0,1.0,1.0,66.53,507,150
8807,,,,8.0,4.0,2.0,,508,N
8808,,,,,,,,411,N
8809,,,,7.0,3.0,4.0,96.56,600,215
8810,,,,6.0,2.0,4.0,61.73,510,147
8811,,,,6.0,4.0,1.0,,504,N
8812,,,,8.0,4.0,2.0,59.94,505,129
8813,,,,6.0,4.0,2.0,99.54,508,280
8814,,,,2.0,1.0,1.0,,N N,N
8815,,,,6.0,2.0,3.0,,411,157
8816,,,,6.0,3.0,3.0,13.75,600,140
8817,,,,7.0,3.0,3.0,90.1,508,160
8818,,,,8.0,3.0,,60.52,503,124
8819,,,,8.0,4.0,4.0,53.75,509,138
8820,,,,6.0,3.0,3.0,51.29,501,110
8821,,,,,2.0,1.0,15.52,601,135
8822,,,,6.0,4.0,4.0,92.09,504,160
8823,,,,6.0,3.0,3.0,59.71,505,121
8824,,,,1.0,3.0,3.0,99.03,504,230
8825,,,,8.0,4.0,,47.79,501,106
8826,,,,3.0,2.0,4.0,29.82,502,99
8827,,,,6.0,,6.0,0.0,504,80
8828,,,,6.0,4.0,3.0,42.53,504,115
8829,,,,8.0,2.0,4.0,99.24,509,240
8830,,,,8.0,2.0,1.0,86.49,600,178
8831,,,,6.0,3.0,2.0,73.31,508,160
8832,,,,8.0,1.0,4.0,41.16,511,140
8833,,,,8.0,3.0,,90.06,510,190
8834,,,,6.0,3.0,2.0,96.56,510,213
8835,,,,8.0,3.0,,82.18,506,145
8836,,,,6.0,4.0,2.0,53.67,607,200
8837,,,,6.0,2.0,5.0,52.56,503,115
8838,,,,8.0,2.0,4.0,31.69,511,145
8839,,,,1.0,4.0,3.0,50.47,505,118
8840,,,,8.0,3.0,2.0,48.32,510,145
8841,,,,6.0,4.0,4.0,89.68,600,200
8842,,,,8.0,4.0,2.0,14.65,511,140
8843,,,,6.0,2.0,3.0,14.03,509,120
8844,,,,7.0,4.0,5.0,94.47,604,238
8845,,,,8.0,2.0,2.0,90.6,411,129
8846,,,,7.0,2.0,4.0,79.56,600,185
8847,,,,6.0,3.0,3.0,98.36,605,280
8848,,,,5.0,2.0,5.0,71.8,504,130
8849,,,,4.0,1.0,4.0,9.59,601,140
8850,,,,8.0,2.0,2.0,22.13,506,110
8851,,,,8.0,1.0,4.0,97.51,504,186
8852,,,,6.0,2.0,4.0,39.6,601,142
8853,,,,1.0,1.0,1.0,99.82,600,320
8854,,,,5.0,2.0,,92.87,504,154
8855,,,,7.0,4.0,5.0,98.73,506,250
8856,,,,8.0,2.0,,90.64,509,180
8857,,,,4.0,2.0,4.0,,611,116
8858,,,,6.0,2.0,3.0,1.83,600,131
8859,,,,6.0,3.0,4.0,80.21,507,145
8860,,,,5.0,4.0,5.0,63.94,506,145
8861,,,,1.0,2.0,3.0,,711,366
8862,,,,6.0,3.0,2.0,70.01,505,140
8863,,,,6.0,4.0,6.0,,300,126
8864,,,,8.0,4.0,1.0,97.76,503,200
8865,,,,6.0,2.0,2.0,34.66,508,131
8866,,,,6.0,3.0,2.0,98.74,509,230
8867,,,,6.0,4.0,3.0,80.91,504,134
8868,,,,8.0,2.0,4.0,70.33,505,138
8869,,,,1.0,1.0,2.0,77.38,504,145
8870,,,,8.0,2.0,3.0,99.48,509,251
8871,,,,7.0,4.0,3.0,92.15,507,170
8872,,,,8.0,5.0,2.0,25.26,511,146
8873,,,,6.0,1.0,5.0,74.81,500,115
8874,,,,7.0,3.0,5.0,58.31,511,163
8875,,,,1.0,1.0,3.0,6.83,607,152
8876,,,,6.0,4.0,3.0,37.19,504,118
8877,,,,5.0,3.0,5.0,57.92,502,110
8878,,,,2.0,3.0,5.0,,509,N
8879,,,,1.0,2.0,,42.24,503,111
8880,,,,6.0,2.0,5.0,99.57,511,275
8881,,,,6.0,3.0,4.0,61.66,602,180
8882,,,,8.0,,3.0,21.86,505,106
8883,,,,6.0,3.0,1.0,0.37,510,118
8884,,,,6.0,3.0,2.0,99.16,511,255
8885,,,,6.0,1.0,5.0,,501,100
8886,,,,8.0,3.0,4.0,5.48,601,140
8887,,,,6.0,1.0,5.0,61.11,600,155
8888,,,,4.0,2.0,4.0,97.29,504,200
8889,,,,1.0,4.0,2.0,21.63,506,113
8890,,,,3.0,3.0,,42.28,505,125
8891,,,,1.0,1.0,4.0,52.0,600,150
8892,,,,6.0,3.0,3.0,37.26,508,135
8893,,,,8.0,4.0,3.0,97.55,505,185
8894,,,,7.0,2.0,4.0,28.83,603,160
8895,,,,6.0,4.0,1.0,98.61,510,220
8896,,,,7.0,1.0,5.0,75.56,601,185
8897,,,,5.0,4.0,3.0,25.61,509,130
8898,,,,8.0,3.0,4.0,79.93,507,160
8899,,,,6.0,3.0,4.0,66.94,500,117
8900,,,,6.0,4.0,5.0,98.5,501,190
8901,,,,6.0,3.0,4.0,9.14,504,100
8902,,,,6.0,3.0,4.0,11.72,510,127
8903,,,,8.0,3.0,5.0,25.71,504,115
8904,,,,7.0,2.0,4.0,83.82,507,155
8905,,,,8.0,4.0,3.0,58.17,510,150
8906,,,,8.0,1.0,3.0,74.46,600,175
8907,,,,7.0,4.0,2.0,60.48,600,165
8908,,,,6.0,4.0,1.0,44.4,505,123
8909,,,,8.0,3.0,2.0,,507,N
8910,,,,6.0,1.0,7.0,92.47,511,190
8911,,,,8.0,2.0,3.0,17.15,602,150
8912,,,,4.0,4.0,3.0,89.73,501,145
8913,,,,1.0,2.0,2.0,6.71,507,116
8914,,,,6.0,1.0,4.0,93.58,600,200
8915,,,,6.0,3.0,2.0,62.65,601,170
8916,,,,1.0,4.0,3.0,4.35,501,93
8917,,,,8.0,3.0,2.0,99.65,506,245
8918,,,,8.0,1.0,,83.85,511,184
8919,,,,7.0,5.0,1.0,92.62,509,180
8920,,,,8.0,3.0,4.0,73.88,510,155
8921,,,,8.0,4.0,2.0,94.06,505,175
8922,,,,8.0,4.0,3.0,42.28,505,125
8923,,,,8.0,4.0,4.0,92.69,507,180
8924,,,,6.0,3.0,2.0,87.54,504,153
8925,,,,6.0,2.0,6.0,84.06,506,147
8926,,,,6.0,3.0,3.0,18.58,510,131
8927,,,,5.0,2.0,3.0,40.55,506,130
8928,,,,6.0,2.0,1.0,51.46,502,117
8929,,,,8.0,2.0,4.0,79.67,600,180
8930,,,,6.0,4.0,4.0,25.54,507,125
8931,,,,8.0,2.0,5.0,70.12,602,181
8932,,,,8.0,4.0,1.0,76.64,502,127
8933,,,,8.0,4.0,2.0,43.98,500,103
8934,,,,8.0,3.0,3.0,93.19,505,175
8935,,,,6.0,4.0,1.0,71.37,602,182
8936,,,,7.0,4.0,3.0,95.36,508,200
8937,,,,8.0,5.0,1.0,87.88,503,145
8938,,,,1.0,5.0,1.0,,502,168
8939,,,,8.0,3.0,2.0,74.74,504,138
8940,,,,6.0,4.0,5.0,74.74,504,138
8941,,,,6.0,3.0,4.0,2.45,507,105
8942,,,,6.0,2.0,3.0,27.91,510,140
8943,,,,6.0,4.0,5.0,,506,160
8944,,,,8.0,3.0,4.0,35.05,505,120
8945,,,,6.0,2.0,5.0,12.5,603,150
8946,,,,6.0,3.0,2.0,1.73,602,130
8947,,,,,4.0,4.0,72.03,506,150
8948,,,,8.0,5.0,3.0,94.15,411,145
8949,,,,6.0,4.0,4.0,3.32,504,100
8950,,,,5.0,4.0,1.0,92.99,507,180
8951,,,,6.0,3.0,2.0,47.52,505,120
8952,,,,7.0,4.0,2.0,83.65,507,160
8953,,,,6.0,5.0,4.0,37.19,504,118
8954,,,,7.0,3.0,4.0,40.13,504,114
8955,,,,1.0,5.0,1.0,32.35,508,130
8956,,,,7.0,4.0,1.0,83.3,500,125
8957,,,,5.0,4.0,2.0,64.96,507,145
8958,,,,6.0,2.0,5.0,63.62,604,180
8959,,,,8.0,3.0,2.0,66.2,503,125
8960,,,,6,1.0,3.0,96.56,503,175
8961,,,,1.0,1.0,7.0,29.93,504,115
8962,,,,6.0,3.0,4.0,25.1,506,120
8963,,,,6.0,1.0,3.0,88.17,507,170
8964,,,,8.0,4.0,2.0,68.5,506,139
8965,,,,7.0,2.0,5.0,,503,115
8966,,,,7.0,3.0,1.0,7.68,503,98
8967,,,,8.0,3.0,3.0,98.01,505,218
8968,,,,6.0,3.0,6.0,,602,271
8969,,,,7.0,3.0,3.0,29.37,509,140
8970,,,,6.0,4.0,3.0,30.89,506,122
8971,,,,8.0,1.0,3.0,72.03,506,150
8972,,,,8.0,2.0,3.0,48.99,510,150
8973,,,,6.0,,3.0,92.24,504,164
8974,,,,6.0,5.0,2.0,8.85,601,135
8975,,,,1.0,1.0,5.0,46.18,508,136
8976,,,,6.0,2.0,2.0,97.38,500,175
8977,,,,,,,35.89,510,148
8978,,,,8.0,2.0,3.0,48.56,507,131
8979,,,,8.0,2.0,4.0,98.75,604,280
8980,,,,6.0,3.0,4.0,18.46,504,110
8981,,,,4.0,4.0,7.0,45.04,602,160
8982,,,,3.0,4.0,3.0,99.66,511,285
8983,,,,8.0,3.0,4.0,31.25,502,105
8984,,,,6.0,2.0,2.0,12.85,600,135
8985,,,,8.0,1.0,4.0,5.69,511,125
8986,,,,8.0,4.0,3.0,,502,135
8987,,,,6.0,4.0,3.0,4.63,600,128
8988,,,,4.0,3.0,3.0,98.1,505,206
8989,,,,8.0,3.0,3.0,,507,N
8990,,,,8.0,2.0,,1.26,507,105
8991,,,,8.0,2.0,1.0,47.28,509,135
8992,,,,1.0,3.0,,99.59,502,268
8993,,,,6.0,3.0,3.0,9.35,501,93
8994,,,,6.0,1.0,5.0,11.37,506,120
8995,,,,5.0,3.0,3.0,45.66,601,165
8996,,,,7.0,4.0,2.0,88.73,500,135
8997,,,,4.0,4.0,3.0,15.52,509,125
8998,,,,5.0,2.0,3.0,99.8,602,335
8999,,,,1.0,3.0,4.0,97.85,507,200
9000,,,,8.0,1.0,4.0,97.7,600,230
9001,,,,6.0,4.0,2.0,80.25,502,135
9002,,,,8.0,4.0,3.0,58.17,510,150
9003,,,,8.0,5.0,7.0,,611,245
9004,,,,8.0,2.0,,74.42,504,140
9005,,,,8.0,5.0,3.0,,505,190
9006,,,,8.0,2.0,3.0,37.55,510,140
9007,,,,8.0,5.0,4.0,97.95,507,230
9008,,,,6.0,3.0,3.0,,700,180
9009,,,,8.0,5.0,1.0,94.56,504,177
9010,,,,8.0,3.0,2.0,82.32,505,153
9011,,,,4.0,4.0,1.0,70.67,503,130
9012,,,,8.0,4.0,2.0,90.83,504,160
9013,,,,4.0,3.0,1.0,78.91,604,205
9014,,,,6.0,1.0,4.0,6.66,511,130
9015,,,,8.0,3.0,5.0,48.33,501,111
9016,,,,8.0,5.0,4.0,34.1,500,97
9017,,,,6.0,5.0,3.0,95.78,604,245
9018,,,,7.0,2.0,4.0,65.99,508,155
9019,,,,6.0,5.0,2.0,21.36,509,128
9020,,,,8.0,4.0,1.0,91.49,504,165
9021,,,,8.0,4.0,5.0,46.48,507,130
9022,,,,8.0,4.0,2.0,,502,150
9023,,,,6.0,3.0,3.0,81.38,511,176
9024,,,,6.0,5.0,3.0,30.7,506,120
9025,,,,8.0,4.0,4.0,66.39,500,110
9026,,,,6.0,3.0,3.0,99.18,601,270
9027,,,,6.0,4.0,4.0,70.67,503,130
9028,,,,6.0,3.0,3.0,87.32,508,170
9029,,,,6.0,2.0,5.0,84.28,504,145
9030,,,,8.0,1.0,5.0,88.71,511,176
9031,,,,8.0,3.0,3.0,99.94,602,399
9032,,,,6.0,3.0,,80.57,505,147
9033,,,,8.0,2.0,2.0,92.69,509,185
9034,,,,6.0,4.0,3.0,45.17,508,134
9035,,,,6.0,4.0,1.0,6.1,508,112
9036,,,,5.0,4.0,1.0,,506,N
9037,,,,6.0,5.0,4.0,74.57,503,135
9038,,,,8.0,5.0,2.0,41.64,508,135
9039,,,,8.0,2.0,5.0,74.24,503,130
9040,,,,6.0,5.0,1.0,11.76,508,120
9041,,,,6.0,4.0,3.0,23.9,505,110
9042,,,,6.0,2.0,1.0,11.63,607,172
9043,,,,8.0,3.0,2.0,,504,105
9044,,,,6.0,3.0,5.0,25.29,600,142
9045,,,,6.0,3.0,2.0,4.64,510,125
9046,,,,6.0,2.0,3.0,66.73,503,125
9047,,,,6.0,1.0,4.0,67.58,503,128
9048,,,,8.0,4.0,2.0,,507,130
9049,,,,6.0,2.0,4.0,80.98,601,180
9050,,,,6.0,4.0,3.0,50.12,504,115
9051,,,,6.0,4.0,3.0,13.75,600,140
9052,,,,6.0,2.0,4.0,,508,132
9053,,,,1.0,4.0,3.0,40.13,504,114
9054,,,,8.0,2.0,4.0,91.79,505,170
9055,,,,8.0,3.0,3.0,29.82,506,124
9056,,,,6.0,3.0,,32.34,508,128
9057,,,,4.0,1.0,3.0,56.13,601,166
9058,,,,8.0,4.0,3.0,98.18,504,196
9059,,,,1.0,1.0,6.0,33.19,510,138
9060,,,,8.0,4.0,5.0,45.17,601,155
9061,, male,,6.0,1.0,2.0,99.38,505,217
9062,,,,8.0,4.0,3.0,99.06,600,260
9063,,,,6.0,5.0,2.0,,506,174
9064,,,,6.0,3.0,4.0,93.96,508,180
9065,,,,8.0,2.0,4.0,13.33,505,110
9066,,,,6.0,3.0,5.0,94.62,501,145
9067,,,,8.0,5.0,3.0,,505,N
9068,,,,7.0,3.0,3.0,52.22,503,120
9069,,,,8.0,3.0,3.0,75.71,509,160
9070,,,,8.0,4.0,,99.47,602,290
9071,,,,8.0,2.0,3.0,28.42,500,95
9072,,,,8.0,5.0,1.0,97.27,502,170
9073,,,,8.0,4.0,1.0,97.95,507,230
9074,,,,8.0,3.0,1.0,,606,210
9075,,,,6.0,1.0,4.0,44.93,509,137
9076,,,,6.0,1.0,4.0,5.69,511,125
9077,,,,6.0,3.0,,87.1,505,150
9078,,,,6.0,4.0,4.0,83.04,411,120
9079,,,,8.0,2.0,5.0,14.65,511,140
9080,,,,6.0,3.0,5.0,45.15,601,160
9081,,,,8.0,3.0,4.0,96.65,501,165
9082,,,,2.0,3.0,5.0,81.47,600,182
9083,,,,6.0,3.0,1.0,89.83,506,160
9084,,,,8.0,1.0,5.0,68.83,511,165
9085,,,,8.0,1.0,3.0,,506,250
9086,,,,,,,41.91,505,122
9087,,,,6.0,3.0,4.0,45.85,501,110
9088,,,,8.0,4.0,2.0,,506,190
9089,,,,6.0,3.0,4.0,84.51,509,170
9090,,,,6.0,3.0,3.0,31.25,502,105
9091,,,,4.0,1.0,4.0,29.32,603,165
9092,,,,8.0,3.0,3.0,89.49,508,180
9093,,,,8.0,3.0,3.0,5.17,502,90
9094,,,,8.0,4.0,1.0,72.24,507,148
9095,,M,,4.0,2.0,,0.01,600,109
9096,,,,,,,89.96,508,170
9097,,,,8.0,2.0,3.0,99.96,509,399
9098,,,,6.0,3.0,2.0,27.82,504,109
9099,,,,8.0,1.0,2.0,99.24,507,230
9100,,,,6.0,3.0,2.0,67.16,505,138
9101,,,,6.0,4.0,1.0,93.0,506,164
9102,,,,8.0,3.0,4.0,87.36,510,185
9103,,,,8.0,3.0,3.0,78.13,508,164
9104,,,,6.0,,,78.32,508,150
9105,,,,4.0,2.0,5.0,83.91,504,150
9106,,,,8.0,1.0,3.0,78.13,508,164
9107,,,,6.0,3.0,4.0,79.9,504,133
9108,,,,6.0,3.0,3.0,99.49,600,280
9109,,,,8.0,2.0,5.0,94.67,411,140
9110,,,,7.0,4.0,3.0,14.65,511,140
9111,,,,8.0,3.0,1.0,79.93,509,155
9112,,,,6.0,4.0,2.0,82.39,502,135
9113,,,,6.0,2.0,5.0,91.41,504,150
9114,,,,7.0,2.0,3.0,,506,230
9115,,,,8.0,5.0,1.0,94.71,507,180
9116,,,,8.0,4.0,,97.24,506,186
9117,,,,6.0,4.0,5.0,7.34,506,112
9118,,,,6.0,2.0,4.0,86.03,503,145
9119,,,,6.0,3.0,4.0,79.46,502,132
9120,,,,8.0,5.0,1.0,2.16,504,100
9121,,,,6.0,2.0,3.0,56.75,508,145
9122,,,,1.0,4.0,4.0,43.95,508,135
9123,,,,6.0,4.0,4.0,90.76,503,154
9124,,,,8.0,2.0,3.0,66.75,510,150
9125,,,,5.0,1.0,6.0,78.75,508,160
9126,,,,8.0,4.0,4.0,98.44,503,208
9127,,,,6.0,2.0,3.0,51.78,511,150
9128,,,,6.0,4.0,2.0,60.66,600,160
9129,,,,1.0,3.0,3.0,93.57,502,145
9130,,,,6.0,5.0,5.0,70.41,502,125
9131,,,,8.0,5.0,2.0,81.08,507,150
9132,,,,5.0,3.0,5.0,98.68,508,234
9133,,,,1.0,1.0,4.0,63.11,507,148
9134,,,,6.0,4.0,5.0,42.36,507,125
9135,,,,6.0,4.0,5.0,21.29,503,105
9136,,,,6.0,2.0,5.0,,505,N
9137,,,,6.0,4.0,3.0,99.69,503,230
9138,,,,6.0,4.0,1.0,97.99,501,180
9139,,,,6.0,5.0,6.0,68.47,507,139
9140,,,,7.0,3.0,5.0,96.56,600,215
9141,,,,8.0,1.0,4.0,86.52,507,163
9142,,,,6.0,3.0,1.0,8.87,510,125
9143,,,,8.0,4.0,5.0,90.18,510,175
9144,,,,8.0,3.0,3.0,66.19,505,126
9145,,,,6.0,3.0,3.0,98.66,503,215
9146,,,,6.0,3.0,5.0,98.65,502,192
9147,,,,6.0,3.0,3.0,37.58,506,120
9148,sixteen,,,4.0,2.0,5.0,2.31,601,135
9149,,,,8.0,4.0,4.0,67.95,504,124
9150,,,,8.0,5.0,3.0,79.31,507,155
9151,,,,5.0,4.0,6.0,95.22,502,160
9152,,,,8.0,4.0,4.0,51.47,509,137
9153,,,,6.0,4.0,7.0,44.3,502,110
9154,,,,8.0,4.0,,95.34,508,190
9155,,,,1.0,4.0,4.0,30.3,504,110
9156,,,,6.0,4.0,2.0,63.14,502,115
9157,,,,1.0,5.0,6.0,,502,N
9158,,,,8.0,5.0,1.0,94.87,600,200
9159,,,,7.0,4.0,1.0,68.33,600,165
9160,,,,6.0,3.0,3.0,79.95,600,175
9161,,,,8.0,1.0,2.0,39.33,508,133
9162,,,,8.0,1.0,6.0,99.74,510,289
9163,,,,8.0,2.0,4.0,,502,122
9164,,,,6.0,5.0,3.0,0.89,511,107
9165,,,,7.0,2.0,4.0,53.25,507,130
9166,,,,7.0,3.0,2.0,99.4,510,254
9167,,,,8.0,3.0,2.0,95.18,511,195
9168,,,,8.0,5.0,1.0,87.88,507,165
9169,,,,,,,98.1,601,236
9170,,,,6.0,2.0,3.0,72.55,510,154
9171,,,,6.0,4.0,5.0,,602,200
9172,,,,6.0,1.0,6.0,97.69,504,200
9173,,,,8.0,5.0,2.0,80.07,503,135
9174,,,,5.0,3.0,3.0,,N N,N
9175,,,,6.0,5.0,3.0,8.13,504,106
9176,,,,6.0,4.0,5.0,96.86,505,178
9177,,,,6.0,1.0,4.0,15.44,606,170
9178,,,,5.0,3.0,3.0,10.86,505,105
9179,,,,8.0,2.0,4.0,94.14,505,160
9180,,,,7.0,1.0,3.0,95.16,511,210
9181,,,,6.0,4.0,4.0,60.66,600,160
9182,,,,8.0,3.0,4.0,94.19,502,159
9183,,,,8.0,3.0,5.0,97.47,506,203
9184,,,,8.0,5.0,2.0,98.2,511,221
9185,,,,6.0,5.0,7.0,22.67,503,100
9186,,,,6.0,2.0,4.0,93.67,600,195
9187,,,,6.0,3.0,3.0,16.41,504,104
9188,,,,6.0,3.0,1.0,46.08,503,115
9189,,,,6.0,3.0,4.0,,506,130
9190,,,,8.0,4.0,7.0,20.49,500,98
9191,,,,5.0,3.0,4.0,70.18,601,170
9192,,,,6.0,2.0,2.0,99.82,510,319
9193,,,,6.0,1.0,5.0,90.37,507,160
9194,,,,1.0,3.0,3.0,92.63,502,150
9195,,,,8.0,3.0,4.0,99.06,511,242
9196,,,,5.0,5.0,2.0,81.64,507,160
9197,,,,6.0,2.0,4.0,92.54,507,165
9198,,,,6.0,3.0,3.0,0.02,506,85
9199,,,,7.0,3.0,3.0,96.69,600,216
9200,,,,,,,29.09,507,120
9201,,,,8.0,2.0,4.0,42.91,505,118
9202,,,,8.0,2.0,3.0,69.76,510,162
9203,,,,5.0,4.0,2.0,6.19,509,126
9204,,,,7.0,4.0,3.0,,505,85
9205,,,,7.0,4.0,2.0,65.84,505,135
9206,,,,7.0,5.0,2.0,97.46,505,190
9207,,,,6.0,3.0,2.0,62.96,503,120
9208,,,,6.0,2.0,5.0,0.35,511,110
9209,,,,6.0,4.0,4.0,77.19,503,135
9210,,,,6.0,3.0,5.0,97.27,502,180
9211,,,,8.0,3.0,,98.38,504,190
9212,,,,6.0,2.0,5.0,66.95,509,150
9213,,,,6.0,2.0,4.0,32.35,508,130
9214,,,,5.0,5.0,4.0,60.37,502,117
9215,,,,6.0,,2.0,79.37,510,170
9216,,,,8.0,4.0,,21.95,507,125
9217,,,,8.0,3.0,3.0,68.86,602,180
9218,,,,6.0,2.0,5.0,64.21,503,128
9219,,,,8.0,3.0,2.0,95.93,511,204
9220,,,,8.0,3.0,5.0,99.15,503,240
9221,,,,8.0,3.0,3.0,82.26,507,155
9222,,,,8.0,4.0,3.0,84.19,505,145
9223,,,,8.0,4.0,3.0,51.29,501,110
9224,,,,,,,82.54,506,150
9225,,,,8.0,3.0,5.0,34.05,511,132
9226,,Male ,,8.0,1.0,5.0,86.73,510,184
9227,,,,6.0,4.0,4.0,98.0,507,198
9228,,,,2.0,2.0,4.0,74.96,602,168
9229,,,,8.0,2.0,2.0,,502,105
9230,,,,8.0,3.0,1.0,71.14,410,110
9231,,,,6.0,2.0,4.0,,600,145
9232,,,,8.0,5.0,4.0,66.09,502,120
9233,,,,7.0,4.0,4.0,96.16,503,172
9234,,,,6.0,3.0,7.0,,507,N
9235,,,,4.0,4.0,3.0,98.06,504,194
9236,,,,6.0,1.0,5.0,44.71,505,119
9237,,,,6.0,1.0,5.0,27.11,502,98
9238,,,,8.0,3.0,3.0,3.27,504,95
9239,,,,8.0,4.0,3.0,84.51,509,170
9240,,,,5.0,4.0,4.0,,711,25
9241,,,,8.0,1.0,7.0,80.22,602,185
9242,,,,6.0,2.0,4.0,58.17,510,150
9243,,,,5.0,4.0,4.0,26.2,505,111
9244,,,,7.0,2.0,5.0,57.76,509,140
9245,,,,8.0,5.0,3.0,4.87,511,120
9246,,,,8.0,5.0,4.0,96.43,505,185
9247,,,,8.0,4.0,2.0,70.64,508,149
9248,,,,8.0,4.0,5.0,91.21,505,165
9249,,,,6.0,5.0,3.0,97.33,506,207
9250,,,,8.0,5.0,1.0,98.28,504,198
9251,,,,6.0,1.0,5.0,66.95,509,150
9252,,,,4.0,3.0,5.0,84.15,508,156
9253,,,,2.0,3.0,4.0,84.35,411,120
9254,,,,6.0,4.0,2.0,99.8,511,310
9255,,,,6.0,3.0,3.0,0.9,509,112
9256,,,,8.0,5.0,2.0,83.08,502,130
9257,,,,6.0,4.0,4.0,0.15,600,115
9258,,,,8.0,3.0,4.0,,511,25
9259,,,,8.0,3.0,4.0,91.2,500,140
9260,,,,8.0,2.0,6.0,17.6,502,97
9261,,,,6.0,4.0,3.0,84.35,506,160
9262,,,,6.0,4.0,5.0,3.58,508,113
9263,,,,8.0,4.0,,79.73,506,154
9264,,,,6.0,5.0,3.0,99.41,602,290
9265,,,,8.0,3.0,4.0,85.85,500,125
9266,,,,6.0,1.0,2.0,83.84,510,175
9267,,,,7.0,1.0,4.0,94.12,508,190
9268,,,,3.0,2.0,3.0,31.95,600,150
9269,,,,8.0,2.0,5.0,68.33,600,165
9270,,,,8.0,3.0,1.0,83.38,508,160
9271,,,,4.0,4.0,,83.41,411,119
9272,,,,6.0,3.0,7.0,53.7,602,170
9273,,,,5.0,2.0,2.0,28.34,602,161
9274,,,,8.0,2.0,3.0,98.7,603,270
9275,,,,1.0,3.0,6.0,97.33,507,200
9276,,,,8.0,4.0,1.0,,505,N
9277,,,,7.0,3.0,3.0,87.11,506,160
9278,,,,6.0,2.0,2.0,88.09,509,180
9279,,,,1.0,2.0,3.0,99.32,501,226
9280,,,,7.0,3.0,3.0,88.94,503,150
9281,,,,6.0,2.0,4.0,75.53,603,184
9282,,,,5.0,2.0,5.0,78.94,504,139
9283,,,,8.0,3.0,3.0,8.22,508,115
9284,,,,6.0,3.0,2.0,98.49,506,240
9285,,,,1.0,4.0,1.0,59.74,507,142
9286,,,,6.0,3.0,4.0,0.5,509,115
9287,,,,6.0,3.0,4.0,95.95,506,188
9288,,,,7.0,3.0,2.0,5.86,510,130
9289,,,,6.0,3.0,4.0,69.87,505,135
9290,,,,8.0,3.0,1.0,28.91,505,115
9291,,,,7.0,1.0,4.0,74.59,508,161
9292,,,,8.0,2.0,3.0,62.19,506,135
9293,,,,6.0,3.0,,98.73,602,260
9294,,,,8.0,3.0,4.0,53.05,505,130
9295,,,,7.0,4.0,1.0,,608,285
9296,,,,4.0,1.0,,62.64,604,185
9297,,,,8.0,3.0,3.0,36.05,503,115
9298,,,,8.0,4.0,5.0,96.51,507,181
9299,,,,7.0,3.0,4.0,,601,145
9300,,,,3.0,5.0,7.0,99.83,608,399
9301,,,,1.0,1.0,6.0,79.29,505,146
9302,,,,2.0,1.0,3.0,99.32,508,235
9303,,,,7.0,4.0,1.0,,504,N
9304,,,,8.0,3.0,4.0,19.94,501,98
9305,,,,4.0,5.0,,97.65,510,222
9306,,,,8.0,4.0,2.0,96.6,508,205
9307,,,,1.0,1.0,1.0,71.45,503,128
9308,,,,6.0,3.0,2.0,65.72,502,117
9309,,,,8.0,3.0,4.0,36.42,506,125
9310,,,,8.0,4.0,4.0,13.28,409,85
9311,,,,7.0,5.0,3.0,,505,N
9312,,,,8.0,3.0,4.0,,503,N
9313,,,,1.0,1.0,6.0,73.88,510,155
9314,,,,6.0,2.0,,56.72,507,140
9315,,,,5.0,2.0,4.0,,507,N
9316,,,,8.0,5.0,4.0,89.18,501,135
9317,,,,8.0,3.0,5.0,,604,140
9318,,,,7.0,4.0,2.0,58.7,503,125
9319,,,,2.0,1.0,5.0,,600,N
9320,,,,7.0,4.0,3.0,56.17,510,144
9321,,,,8.0,2.0,,98.88,511,236
9322,,,,8.0,3.0,2.0,,703,300
9323,,,,6.0,3.0,4.0,87.53,507,169
9324,,,,,,,95.79,600,210
9325,,,,6.0,3.0,3.0,98.11,500,175
9326,,,,8.0,2.0,2.0,74.44,602,190
9327,,,,8.0,4.0,1.0,79.15,510,166
9328,,,,7.0,3.0,,20.13,507,115
9329,,,,6.0,3.0,3.0,98.27,507,230
9330,,,,6.0,3.0,5.0,97.08,505,180
9331,,,,2.0,2.0,1.0,17.55,507,115
9332,,,,6.0,4.0,5.0,72.98,505,140
9333,,,,2.0,1.0,4.0,65.43,600,163
9334,,,,2.0,1.0,5.0,,609,140
9335,,,,8.0,3.0,4.0,57.6,501,115
9336,,,,5.0,3.0,,98.36,605,280
9337,,,,8.0,3.0,4.0,20.8,508,116
9338,,,,6.0,3.0,1.0,94.69,508,178
9339,,,,4.0,3.0,3.0,82.19,503,140
9340,,,,8.0,3.0,,96.43,506,202
9341,,,,8.0,3.0,3.0,99.56,505,230
9342,,,,6.0,4.0,4.0,97.19,507,210
9343,,,,8.0,3.0,5.0,78.35,510,169
9344,,,,1.0,3.0,7.0,21.46,505,110
9345,,,,8.0,1.0,3.0,66.98,510,145
9346,,,,7.0,4.0,1.0,62.39,503,125
9347,,,,6.0,2.0,5.0,67.66,504,135
9348,,,,8.0,3.0,2.0,99.59,509,260
9349,,,,8.0,5.0,3.0,26.69,510,135
9350,,,,8.0,1.0,4.0,43.63,510,138
9351,,,,6.0,3.0,3.0,98.86,601,260
9352,,,,7.0,3.0,6.0,4.08,504,101
9353,,,,6.0,3.0,4.0,71.41,503,125
9354,,,,8.0,3.0,5.0,98.6,508,240
9355,,,,8.0,3.0,4.0,,510,178
9356,,,,1.0,4.0,3.0,92.08,511,185
9357,,,,8.0,3.0,5.0,81.63,502,125
9358,,,,4.0,2.0,5.0,,506,112
9359,,,,6.0,3.0,3.0,90.58,601,190
9360,,,,6.0,4.0,2.0,90.02,508,165
9361,,,,8.0,2.0,2.0,98.84,505,210
9362,,,,8.0,1.0,4.0,0.95,503,90
9363,,,,6.0,2.0,4.0,71.95,511,157
9364,,,,8.0,1.0,3.0,14.03,509,120
9365,,,,8.0,3.0,5.0,,506,N
9366,,,,8.0,2.0,4.0,4.85,507,107
9367,,,,4.0,1.0,4.0,99.68,508,356
9368,,,,4.0,3.0,4.0,30.76,511,140
9369,,,,6.0,2.0,,,502,135
9370,,,,7.0,3.0,1.0,81.38,505,145
9371,,,,8.0,5.0,1.0,5.09,506,110
9372,,,,8.0,3.0,3.0,94.01,509,194
9373,,,,6.0,2.0,3.0,35.68,500,100
9374,,,,6.0,3.0,5.0,62.36,505,135
9375,,,,8.0,4.0,1.0,1.74,505,100
9376,,,,8.0,2.0,5.0,74.44,602,190
9377,,,,6.0,4.0,3.0,37.55,510,140
9378,,,,6.0,2.0,6.0,95.74,504,180
9379,,,,6.0,3.0,1.0,77.18,505,140
9380,,,,1.0,2.0,5.0,91.89,600,200
9381,,,,6.0,2.0,3.0,97.91,510,220
9382,,,,6.0,4.0,1.0,70.58,500,115
9383,,,,7.0, always,2.0,74.89,509,165
9384,,,,6.0,4.0,3.0,74.42,600,180
9385,,,,6.0,4.0,2.0,15.53,506,110
9386,,,,8.0,1.0,4.0,62.96,503,120
9387,,,,1.0,1.0,3.0,69.48,602,175
9388,,,,6.0,3.0,3.0,82.55,600,178
9389,,,,6.0,4.0,2.0,37.03,508,132
9390,,,,6.0,3.0,2.0,95.4,508,205
9391,,,,8.0,3.0,5.0,,600,155
9392,,,,1.0,2.0,7.0,77.77,509,153
9393,,,,8.0,4.0,4.0,81.3,509,163
9394,,,,6.0,4.0,3.0,70.41,502,125
9395,,,,8.0,1.0,1.0,98.25,505,197
9396,,,,5.0,5.0,1.0,70.41,502,125
9397,,,,6.0,4.0,4.0,94.8,503,168
9398,,,,5.0,1.0,3.0,38.4,603,170
9399,,,,8.0,3.0,4.0,68.85,411,111
9400,,,,8.0,2.0,4.0,99.14,405,170
9401,,,,8.0,4.0,1.0,73.06,507,150
9402,,,,6.0,2.0,3.0,50.27,506,130
9403,,,,7.0,1.0,3.0,7.54,603,150
9404,,,,2.0,1.0,5.0,88.22,602,208
9405,,,,6.0,3.0,3.0,,508,180
9406,,,,6.0,5.0,3.0,92.31,508,185
9407,,,,,,,60.0,505,126
9408,,,,6.0,4.0,1.0,52.85,506,130
9409,,,,6.0,4.0,,,600,N
9410,,,,8.0,1.0,4.0,64.26,508,145
9411,,,,8.0,5.0,6.0,96.51,509,220
9412,,,,6.0,3.0,2.0,98.86,508,273
9413,,,,6.0,1.0,3.0,,506,145
9414,,,,7.0,3.0,6.0,28.62,503,112
9415,,,,8.0,3.0,3.0,87.99,511,180
9416,,,,6.0,1.0,4.0,44.96,602,170
9417,,,,1.0,2.0,4.0,88.12,508,170
9418,,,,7.0,3.0,4.0,94.61,508,187
9419,,,,6.0,4.0,4.0,99.52,503,250
9420,,,,6.0,3.0,2.0,98.56,604,270
9421,,,,8.0,3.0,3.0,10.41,508,123
9422,,,,8.0,4.0,1.0,96.49,505,175
9423,,,,8.0,1.0,4.0,94.26,509,190
9424,,,,5.0,1.0,6.0,8.37,506,111
9425,,,,8.0,2.0,3.0,98.35,508,210
9426,,,,6.0,1.0,6.0,3.97,600,135
9427,,,,8.0,3.0,5.0,19.47,505,115
9428,,,,2.0,1.0,5.0,78.6,600,184
9429,,,,6.0,4.0,3.0,79.56,600,185
9430,,,,6.0,5.0,1.0,37.7,504,113
9431,,,,1.0,1.0,2.0,0.02,505,90
9432,,,,6.0,4.0,3.0,74.24,503,130
9433,,,,1.0,5.0,2.0,73.45,510,166
9434,,,,1.0,1.0,5.0,84.11,600,180
9435,,,,8.0,4.0,4.0,93.81,505,170
9436,,,,5.0,1.0,4.0,96.93,602,230
9437,,,,6.0,3.0,2.0,,507,150
9438,,,,6.0,3.0,4.0,30.7,506,120
9439,,,,1.0,4.0,3.0,39.69,600,144
9440,,,,8.0,3.0,3.0,99.68,602,310
9441,,,,2.0,4.0,5.0,,508,250
9442,,,,4.0,1.0,5.0,93.96,508,180
9443,,,,8.0,4.0,2.0,36.28,501,108
9444,,,,6.0,3.0,3.0,98.48,508,220
9445,,,,6.0,4.0,3.0,97.73,506,220
9446,,,,6.0,3.0,4.0,70.34,602,170
9447,,,,6.0,3.0,3.0,62.39,503,125
9448,,,,8.0,2.0,4.0,57.32,503,120
9449,,,,6.0,3.0,4.0,,504,120
9450,,,,6.0,3.0,3.0,75.16,408,105
9451,,,,6.0,2.0,3.0,35.74,509,130
9452,,,,2.0,2.0,5.0,93.12,508,182
9453,,,,8.0,4.0,4.0,87.98,507,160
9454,,,,6.0,1.0,3.0,66.27,511,168
9455,,,,6.0,3.0,4.0,,508,N
9456,,,,6.0,2.0,5.0,,509,148
9457,,,,6.0,3.0,5.0,84.61,508,160
9458,,,,6.0,2.0,4.0,61.79,505,130
9459,,,,7.0,1.0,5.0,74.42,600,180
9460,,,,6.0,2.0,5.0,,501,130
9461,,,,1.0,2.0,2.0,12.85,600,135
9462,,,,6.0,2.0,4.0,99.64,505,235
9463,,,,6.0,2.0,3.0,99.02,508,270
9464,,,,8.0,4.0,3.0,83.91,504,150
9465,,,,6.0,2.0,5.0,85.27,601,180
9466,,,,8.0,3.0,3.0,95.69,500,160
9467,,,,6.0,3.0,2.0,81.45,505,148
9468,,,,5.0,1.0,2.0,51.66,508,140
9469,,,,6.0,3.0,4.0,27.97,503,110
9470,,,,2.0,2.0,5.0,17.21,509,130
9471,,,,1.0,3.0,,86.52,505,155
9472,,,,6.0,5.0,,,N N,270
9473,,,,6.0,4.0,5.0,,507,N
9474,,,,7.0,1.0,4.0,14.03,509,120
9475,,,,6.0,2.0,4.0,,N N,37
9476,,,,6.0,4.0,1.0,96.6,506,188
9477,,,,6.0,5.0,1.0,9.14,504,100
9478,,,,6.0,,6.0,71.89,508,145
9479,,,,8.0,3.0,1.0,,507,N
9480,,,,6.0,5.0,1.0,,508,32
9481,,,,7.0,4.0,1.0,85.49,504,140
9482,,,,8.0,5.0,4.0,,506,119
9483,,,,2.0,5.0,7.0,22.67,503,100
9484,,,,4.0,1.0,1.0,,509,135
9485,,,,8.0,2.0,4.0,,503,N
9486,,,,4.0,,,,502,N
9487,,,,6.0,3.0,,,507,N
9488,,,,8.0,4.0,3.0,48.82,506,125
9489,,,,6.0,2.0,3.0,,606,120
9490,,,,8.0,3.0,4.0,,503,N
9491,,,,6.0,,4.0,,508,N
9492,,,,8.0,3.0,3.0,60.76,504,120
9493,,,,1.0,,1.0,95.87,411,138
9494,,,,6.0,3.0,4.0,,706,200
9495,,,,5.0,3.0,2.0,29.81,501,100
9496,,,,5.0,1.0,5.0,62.96,503,120
9497,,,,8.0,5.0,,,711,280
9498,,,,6.0,2.0,5.0,59.85,502,114
9499,,,,8.0,5.0,1.0,97.26,509,193
9500,,,,8.0,2.0,1.0,,506,124
9501,,,,8.0,3.0,5.0,96.55,503,165
9502,,,,5.0,2.0,6.0,42.79,508,130
9503,,,,6.0,1.0,4.0,78.47,600,168
9504,,,,1.0,3.0,5.0,93.33,504,160
9505,,,,5.0,3.0,3.0,98.5,601,235
9506,,,,6.0,3.0,5.0,97.43,508,203
9507,,,,,,,,507,N
9508,,,,6.0,4.0,6.0,98.07,507,218
9509,,,,8.0,4.0,3.0,10.3,507,115
9510,,,,6.0,4.0,4.0,92.52,505,169
9511,,,,6.0,4.0,4.0,,507,N
9512,,,,2.0,1.0,4.0,,608,315
9513,,,,1.0,3.0,1.0,15.52,509,125
9514,,,,6.0,2.0,3.0,,505,135
9515,,,,8.0,5.0,3.0,99.14,505,242
9516,,,,8.0,5.0,2.0,5.56,502,95
9517,,,,,,,64.26,508,145
9518,,,,6.0,3.0,2.0,6.34,603,140
9519,,,,6.0,4.0,3.0,96.4,504,185
9520,,,,,,,52.56,503,115
9521,,,,6.0,4.0,3.0,,511,N
9522,,,,6.0,3.0,3.0,76.17,505,145
9523,,,,8.0,2.0,4.0,30.83,508,125
9524,,,,8.0,4.0,1.0,1.46,502,90
9525,,,,7.0,2.0,3.0,,501,N
9526,,,,8.0,2.0,3.0,98.97,507,213
9527,,,,1.0,1.0,2.0,21.29,503,105
9528,,,,6.0,3.0,3.0,78.55,500,125
9529,,,,5.0,4.0,6.0,89.2,504,153
9530,,,,8.0,3.0,3.0,65.01,507,140
9531,,,,6.0,4.0,4.0,84.32,504,148
9532,,,,7.0,4.0,4.0,98.89,511,239
9533,,,,8.0,3.0,2.0,98.58,510,230
9534,,,,6.0,1.0,7.0,83.3,500,125
9535,,,,6.0,1.0,6.0,15.12,506,115
9536,,,,8.0,4.0,4.0,78.35,506,150
9537,,,,,,,65.17,510,150
9538,,,,6.0,1.0,4.0,72.18,501,123
9539,,,,6.0,2.0,3.0,95.24,508,185
9540,,,,8.0,4.0,2.0,84.28,504,145
9541,,,,6.0,5.0,2.0,73.28,411,111
9542,,,,6.0,4.0,2.0,13.16,505,110
9543,,,,,,,54.63,601,160
9544,,,,8.0,1.0,4.0,,506,100
9545,,,,8.0,2.0,3.0,14.86,506,115
9546,,,,8.0,3.0,2.0,,605,168
9547,,,,8.0,5.0,1.0,98.83,507,250
9548,,,,8.0,2.0,2.0,89.19,510,173
9549,,,,8.0,2.0,2.0,94.66,501,157
9550,,,,6.0,3.0,3.0,90.0,500,140
9551,,,,8.0,2.0,2.0,98.85,600,246
9552,,,,8.0,4.0,1.0,86.12,506,160
9553,,,,8.0,4.0,3.0,,511,150
9554,,,,8.0,3.0,4.0,79.95,600,175
9555,,,,6.0,4.0,4.0,99.18,507,260
9556,,,,6.0,2.0,4.0,28.77,507,122
9557,,,,6.0,3.0,4.0,86.29,502,140
9558,,,,8.0,3.0,2.0,,N N,N
9559,,,,5.0,3.0,3.0,20.85,600,135
9560,,,,8.0,2.0,3.0,87.04,600,195
9561,,,,8.0,3.0,2.0,,701,300
9562,,,,6.0,2.0,3.0,99.01,504,205
9563,,,,6.0,1.0,5.0,6.27,510,120
9564,,,,6.0,3.0,4.0,98.94,508,225
9565,,,,6.0,2.0,3.0,79.1,505,150
9566,,,,6.0,3.0,1.0,54.41,507,135
9567,,,,8.0,5.0,1.0,99.9,506,295
9568,,,,6.0,4.0,3.0,45.15,601,160
9569,,,,4.0,4.0,3.0,19.95,510,140
9570,,,,3.0,2.0,4.0,96.92,504,190
9571,,,,7.0,2.0,2.0,87.66,601,195
9572,,,,8.0,2.0,2.0,89.47,602,205
9573,,,,8.0,1.0,,96.13,507,183
9574,,,,8.0,1.0,,54.77,508,140
9575,,,,6.0,2.0,6.0,97.82,507,220
9576,,,,6.0,4.0,,,502,N
9577,,,,6.0,5.0,3.0,67.24,502,125
9578,,,,8.0,1.0,3.0,96.91,510,206
9579,,,,8.0,4.0,1.0,55.37,503,120
9580,,,,1.0,3.0,3.0,67.4,511,159
9581,,,,8.0,2.0,5.0,92.19,510,190
9582,,,,8.0,1.0,3.0,82.54,506,150
9583,,,,1.0,4.0,4.0,97.17,502,184
9584,,,,6.0,2.0,3.0,91.46,502,150
9585,,,,8.0,2.0,2.0,31.07,507,125
9586,,,,6.0,4.0,3.0,82.19,503,140
9587,,,,6.0,4.0,4.0,99.22,511,249
9588,,,,7.0,4.0,2.0,14.93,503,106
9589,,,,4.0,4.0,4.0,73.74,510,165
9590,,,,6.0,2.0,1.0,98.18,602,245
9591,,,,6.0,2.0,5.0,,700,47
9592,,,,4.0,2.0,4.0,99.16,600,259
9593,,,,7.0,1.0,5.0,,610,168
9594,,,,4.0,2.0,3.0,1.47,600,130
9595,,,,8.0,5.0,6.0,41.98,504,120
9596,,,,8.0,3.0,5.0,90.43,503,150
9597,,,,7.0,2.0,5.0,90.45,511,190
9598,,,,8.0,1.0,,98.4,504,215
9599,,,,4.0,3.0,2.0,99.49,600,280
9600,,,,6.0,1.0,3.0,45.17,601,155
9601,,,,8.0,1.0,4.0,64.23,507,140
9602,,,,6.0,1.0,3.0,28.6,506,125
9603,,,,8.0,3.0,3.0,47.92,506,129
9604,,,,6.0,4.0,4.0,1.43,603,140
9605,,,,6.0,3.0,3.0,92.69,507,180
9606,,,,8.0,4.0,4.0,29.37,509,140
9607,,,,8.0,4.0,3.0,3.26,508,110
9608,,,,8.0,,5.0,,N N,N
9609,,,,2.0,3.0,3.0,70.41,502,125
9610,,,,8.0,4.0,1.0,82.77,506,152
9611,,,,6.0,4.0,2.0,78.66,505,145
9612,,,,3.0,4.0,6.0,54.77,508,140
9613,,,,,,,87.45,601,200
9614,,,,8.0,3.0,3.0,10.15,502,98
9615,,,,6.0,1.0,3.0,61.0,506,137
9616,,,,6.0,2.0,2.0,35.2,504,112
9617,,,,8.0,3.0,1.0,25.63,502,105
9618,,,,8.0,5.0,2.0,53.01,503,118
9619,,,,,,,84.46,501,134
9620,,,,6.0,3.0,2.0,82.39,502,135
9621,,,,4.0,3.0,4.0,90.15,601,200
9622,,,,8.0,5.0,2.0,90.06,510,190
9623,,,,8.0,3.0,3.0,61.79,505,130
9624,,,,7.0,2.0,1.0,8.31,508,125
9625,,,,8.0,3.0,2.0,78.16,507,154
9626,,,,2.0,3.0,4.0,44.3,502,110
9627,,,,6.0,3.0,4.0,67.34,510,165
9628,,,,5.0,4.0,3.0,,503,126
9629,,,,8.0,4.0,2.0,79.76,504,145
9630,,,,6.0,3.0,4.0,77.42,501,129
9631,,,,,,,16.07,502,101
9632,,,,6.0,4.0,4.0,96.9,503,178
9633,,,,6.0,1.0,3.0,95.53,506,180
9634,,,,8.0,5.0,1.0,,507,167
9635,,,,8.0,3.0,2.0,17.72,601,141
9636,,,,6.0,2.0,4.0,34.16,506,124
9637,,,,6.0,4.0,,42.05,600,155
9638,,,,6.0,2.0,4.0,63.48,507,144
9639,,,,4.0,2.0,,99.76,511,300
9640,,,,8.0,4.0,1.0,90.38,511,195
9641,,,,7.0,1.0,3.0,38.53,603,160
9642,,,,8.0,4.0,1.0,93.84,509,200
9643,,,,5.0,1.0,5.0,58.55,510,155
9644,,,,6.0,4.0,3.0,98.6,508,249
9645,,,,6.0,3.0,3.0,94.87,601,215
9646,,,,6.0,2.0,6.0,70.84,502,120
9647,,,,8.0,4.0,3.0,81.08,507,150
9648,,,,6.0,1.0,1.0,999,510,N
9649,,,,6.0,3.0,3.0,59.37,600,154
9650,,,,6.0,4.0,3.0,98.43,509,240
9651,,,,6.0,4.0,1.0,,511,225
9652,,,,6.0,4.0,5.0,23.65,504,110
9653,,,,4.0,3.0,3.0,,709,110
9654,,,,2.0,1.0,1.0,86.75,506,155
9655,,,,8.0,4.0,3.0,99.45,509,250
9656,,,,8.0,4.0,2.0,53.22,502,111
9657,,,,8.0,4.0,2.0,40.55,503,110
9658,,,,7.0,5.0,2.0,4.77,505,99
9659,,,,4.0,3.0,4.0,88.11,502,140
9660,,,,8.0,3.0,5.0,25.43,504,108
9661,,,,6.0,4.0,2.0,,502,115
9662,,,,5.0,1.0,4.0,25.71,501,95
9663,,,,1.0,2.0,4.0,93.99,511,200
9664,,,,4.0,2.0,3.0,97.88,602,245
9665,,,,8.0,2.0,4.0,47.25,508,135
9666,,,,6.0,3.0,3.0,68.39,508,140
9667,,,,1.0,5.0,5.0,25.1,506,120
9668,,,,6.0,1.0,1.0,15.53,506,110
9669,,,,6.0,4.0,1.0,9.16,504,105
9670,,,,8.0,3.0,4.0,95.24,503,162
9671,,,,8.0,4.0,2.0,6.33,503,97
9672,,,10th grade,1.0,5.0,1.0,8.78,999,115
9673,,,,8.0,4.0,4.0,52.04,504,122
9674,,,,2.0,3.0,6.0,98.67,507,202
9675,,,,8.0,3.0,2.0,72.98,505,140
9676,,,,8.0,3.0,1.0,98.7,600,235
9677,,,,6.0,4.0,3.0,23.65,504,110
9678,,,,1.0,2.0,6.0,95.31,504,173
9679,,,,8.0,4.0,3.0,97.83,503,195
9680,,,,5.0,3.0,3.0,91.42,603,220
9681,,,,7.0,3.0,5.0,94.26,509,190
9682,,,,8.0,1.0,1.0,97.76,503,200
9683,,,,8.0,1.0,3.0,52.85,506,130
9684,,,,7.0,3.0,,6.79,603,145
9685,,,,6.0,4.0,2.0,48.49,503,116
9686,,,,6.0,2.0,2.0,84.58,507,165
9687,,,,8.0,4.0,3.0,99.71,503,230
9688,,,,8.0,3.0,,81.64,507,160
9689,,,,6.0,3.0,5.0,40.55,503,110
9690,,,,7.0,1.0,5.0,95.61,508,196
9691,,,,7.0,2.0,3.0,93.53,509,190
9692,,,,8.0,4.0,1.0,97.64,503,198
9693,,,,8.0,4.0,3.0,97.49,510,235
9694,,,,8.0,5.0,1.0,77.2,502,130
9695,,,,6.0,2.0,5.0,,506,136
9696,,,,6.0,5.0,1.0,72.21,501,125
9697,,,,8.0,5.0,,74.0,502,125
9698,,,,6.0,5.0,2.0,61.69,502,120
9699,,,,8.0,2.0,4.0,66.95,509,150
9700,,,,8.0,4.0,3.0,82.39,502,135
9701,,,,6.0,4.0,3.0,,505,150
9702,,,,8.0,5.0,1.0,13.06,504,105
9703,,,,1.0,2.0,6.0,,N N,N
9704,,,,6.0,4.0,4.0,19.19,503,108
9705,,,,7.0,2.0,5.0,,504,125
9706,,,,6.0,1.0,4.0,96.6,507,190
9707,,,,8.0,4.0,4.0,50.87,502,110
9708,,,,6.0,5.0,4.0,51.29,501,110
9709,,,,6.0,3.0,2.0,94.77,601,220
9710,,,,8.0,4.0,3.0,78.13,501,125
9711,,,,,,,51.62,502,113
9712,,,,8.0,5.0,2.0,41.76,600,150
9713,,,,6.0,4.0,1.0,62.71,601,175
9714,,,,6.0,4.0,1.0,26.05,506,120
9715,,,,,,,87.37,510,175
9716,,,,8.0,4.0,2.0,13.02,509,121
9717,,,,6.0,5.0,2.0,72.24,507,148
9718,,,,4.0,3.0,3.0,89.86,510,188
9719,,,,8.0,4.0,3.0,40.66,501,108
9720,,,,6.0,4.0,4.0,96.6,503,180
9721,,,,8.0,3.0,5.0,87.56,505,150
9722,,,,7.0,1.0,2.0,43.67,503,114
9723,,,,8.0,2.0,6.0,84.46,509,160
9724,,,,8.0,4.0,4.0,73.03,504,134
9725,,,,6.0,3.0,4.0,95.41,502,165
9726,,,,6.0,4.0,3.0,91.61,503,145
9727,,,,6.0,3.0,6.0,97.83,506,215
9728,,,,5.0,2.0,5.0,91.23,603,208
9729,,,,6.0,2.0,4.0,80.06,509,165
9730,,,,8.0,2.0,3.0,57.56,511,148
9731,,,,8.0,3.0,4.0,19.79,508,122
9732,,,,6.0,2.0,4.0,29.7,510,145
9733,,,,6.0,2.0,4.0,53.5,506,135
9734,,,,6.0,4.0,2.0,35.76,505,115
9735,,,,8.0,3.0,6.0,63.62,502,121
9736,,,,1.0,2.0,6.0,47.28,509,135
9737,,,,1.0,1.0,6.0,,N N,N
9738,,,,5.0,3.0,3.0,69.55,504,125
9739,,,,8.0,4.0,3.0,63.11,507,148
9740,,,,8.0,3.0,4.0,17.15,602,150
9741,,,,1.0,4.0,5.0,86.88,503,140
9742,,,,6.0,5.0,4.0,98.18,607,285
9743,,,,5.0,2.0,4.0,68.89,511,160
9744,,,,7.0,2.0,5.0,83.87,510,170
9745,,,,1.0,1.0,7.0,,504,125
9746,,,,6.0,5.0,2.0,,507,150
9747,,,,6.0,3.0,5.0,58.7,503,125
9748,,,,6.0,5.0,3.0,40.75,502,106
9749,,,,6.0,4.0,4.0,,504,220
9750,,,,8.0,4.0,6.0,54.56,507,134
9751,,,,6.0,3.0,6.0,71.89,508,150
9752,,,,1.0,3.0,3.0,40.13,504,114
9753,,,,6.0,1.0,3.0,77.26,506,146
9754,,,,8.0,3.0,4.0,50.76,510,150
9755,,,,8.0,2.0,3.0,58.07,510,145
9756,,,,1.0,3.0,,98.97,507,258
9757,,,,4.0,1.0,3.0,96.6,501,160
9758,,,,8.0,2.0,4.0,90.45,511,190
9759,,,,6.0,4.0,3.0,98.49,602,260
9760,,,,6.0,2.0,5.0,27.33,507,115
9761,,,,,4.0,3.0,23.38,505,115
9762,,,,6.0,4.0,3.0,21.29,503,105
9763,,,,8.0,1.0,3.0,78.82,507,150
9764,,,,6.0,3.0,3.0,53.97,504,120
9765,,,,8.0,1.0,4.0,99.71,600,299
9766,,,,8.0,3.0,5.0,99.06,504,255
9767,,,,6.0,4.0,3.0,1.92,509,120
9768,,,,8.0,3.0,4.0,90.56,510,190
9769,,,,8.0,4.0,2.0,78.13,501,125
9770,,,,8.0,2.0,5.0,68.33,600,165
9771,,,,4.0,4.0,4.0,24.58,510,125
9772,,,,6.0,2.0,3.0,79.37,510,170
9773,,,,8.0,5.0,4.0,81.09,506,153
9774,,,,1.0,3.0,7.0,87.95,510,186
9775,,,,1.0,2.0,5.0,93.36,603,209
9776,,,,1.0,4.0,5.0,45.84,605,180
9777,,,,6.0,2.0,4.0,85.35,603,190
9778,,,,5.0,3.0,4.0,91.8,506,165
9779,,,,6.0,3.0,6.0,76.45,505,135
9780,,,,8.0,1.0,4.0,23.82,503,110
9781,,,,5.0,3.0,6.0,38.99,600,158
9782,,,,7.0,3.0,4.0,98.27,500,172
9783,,,,6.0,2.0,4.0,,505,N
9784,,,,7.0,4.0,2.0,48.56,507,131
9785,,,,6.0,4.0,2.0,15.75,503,97
9786,,,,5.0,2.0,6.0,14.9,509,119
9787,,,,8.0,4.0,2.0,,500,235
9788,,,,8.0,4.0,1.0,99.33,510,340
9789,,,,5.0,1.0,3.0,77.48,602,193
9790,,,,1.0,1.0,,90.56,505,156
9791,,,,6.0,4.0,3.0,47.49,506,130
9792,,,,1.0,4.0,4.0,8.68,502,95
9793,,,,4.0,4.0,2.0,7.03,506,110
9794,,,,6.0,4.0,4.0,95.21,504,160
9795,,,,6.0,2.0,4.0,51.71,600,155
9796,,,,1.0,1.0,4.0,53.97,504,120
9797,,,,7.0,5.0,4.0,38.88,501,109
9798,,,,6.0,3.0,4.0,31.25,502,105
9799,,,,6.0,4.0,3.0,92.15,507,170
9800,,,,1.0,3.0,3.0,55.56,506,128
9801,,,,8.0,1.0,5.0,,508,N
9802,,,,6.0,3.0,4.0,87.11,506,160
9803,,,,6.0,4.0,3.0,95.16,511,210
9804,,,,7.0,3.0,3.0,71.8,504,130
9805,,,,1.0,3.0,4.0,49.29,500,105
9806,,,,6.0,3.0,3.0,94.42,502,160
9807,,,,6.0,4.0,4.0,86.87,411,126
9808,,,,6.0,4.0,3.0,99.4,506,228
9809,,,,6.0,3.0,4.0,46.48,507,130
9810,,,,6.0,2.0,4.0,40.55,503,110
9811,,,,8.0,5.0,5.0,63.68,600,167
9812,,,,4.0,3.0,4.0,54.24,506,140
9813,,,,8.0,4.0,2.0,1.11,603,135
9814,,,,8.0,5.0,,92.54,507,165
9815,,,,7.0,2.0,2.0,92.11,601,205
9816,,,,7.0,3.0,4.0,83.51,504,144
9817,,,,8.0,4.0,1.0,90.64,509,180
9818,,,,6.0,4.0,4.0,84.46,500,120
9819,,,,8.0,3.0,3.0,85.25,501,135
9820,,,,6.0,1.0,5.0,99.23,503,200
9821,,,,6.0,2.0,3.0,40.55,503,110
9822,,,,6.0,3.0,4.0,73.35,502,127
9823,,,,8.0,4.0,3.0,80.07,503,135
9824,,,,6.0,3.0,3.0,25.05,601,145
9825,,,,6.0,2.0,1.0,90.37,507,160
9826,,,,8.0,3.0,2.0,41.98,504,120
9827,,,,1.0,2.0,4.0,99.07,508,288
9828,,,,8.0,2.0,1.0,95.43,502,169
9829,,,,,,,75.77,504,133
9830,,,,7.0,3.0,2.0,2.7,511,125
9831,,,,8.0,4.0,6.0,95.31,506,179
9832,,,,6.0,2.0,3.0,69.96,503,127
9833,,,,6.0,3.0,3.0,77.77,509,153
9834,,,,8.0,5.0,5.0,97.05,601,234
9835,,,,6.0,1.0,3.0,83.57,508,165
9836,,,,4.0,2.0,3.0,99.68,508,265
9837,,,,1.0,4.0,3.0,,506,N
9838,,,,8.0,4.0,3.0,47.25,508,135
9839,,,,7.0,4.0,4.0,,504,110
9840,,,,8.0,3.0,5.0,24.06,508,121
9841,,,,8.0,3.0,,86.32,502,134
9842,,,,7.0,1.0,4.0,87.9,511,185
9843,,,,6.0,4.0,2.0,83.91,504,150
9844,,,,6.0,3.0,4.0,40.0,504,121
9845,,,,8.0,3.0,2.0,81.81,503,130
9846,,,,4.0,2.0,4.0,85.93,508,168
9847,,,,8.0,1.0,4.0,8.8,505,105
9848,,,,6.0,3.0,2.0,75.26,511,170
9849,,,,8.0,5.0,1.0,98.75,504,210
9850,,,,8.0,3.0,2.0,73.57,600,169
9851,,,,8.0,4.0,3.0,73.97,407,103
9852,,,,8.0,2.0,4.0,97.69,509,215
9853,,,,1.0,4.0,4.0,5.34,509,110
9854,,,,6.0,3.0,,75.38,602,180
9855,,,,6.0,5.0,1.0,86.69,504,145
9856,,,,6.0,3.0,6.0,53.97,504,120
9857,,,,5.0,5.0,1.0,91.73,601,193
9858,,,,6.0,3.0,3.0,3.47,502,90
9859,,,,7.0,4.0,2.0,60.52,507,138
9860,,,,,,4.0,74.52,504,132
9861,,,,6.0,3.0,2.0,43.54,508,130
9862,,,,3.0,1.0,2.0,76.45,505,135
9863,,,,8.0,1.0,1.0,93.46,608,252
9864,,,,6.0,3.0,3.0,97.06,508,200
9865,,,,6.0,2.0,5.0,60.48,600,165
9866,,,,1.0,4.0,4.0,90.57,509,175
9867,,,,6.0,3.0,5.0,,510,173
9868,,,,3.0,5.0,3.0,75.73,601,180
9869,,,,5.0,2.0,3.0,98.09,600,235
9870,,,,,,,23.82,503,110
9871,,,,1.0,1.0,1.0,97.17,600,230
9872,,,,6.0,5.0,5.0,27.19,511,147
9873,,,,6.0,1.0,,59.97,509,155
9874,,,,4.0,4.0,2.0,47.48,508,140
9875,,,,2.0,5.0,3.0,57.32,503,120
9876,,,,7.0,,,21.88,601,148
9877,,,,8.0,2.0,3.0,98.57,501,207
9878,,,,6.0,1.0,5.0,17.15,602,150
9879,,,,6.0,4.0,4.0,93.55,508,190
9880,,,,1.0,1.0,7.0,,N N,N
9881,,,,8.0,1.0,4.0,97.91,511,230
9882,,,,6.0,2.0,5.0,42.05,600,155
9883,,,,6.0,4.0,3.0,81.94,504,145
9884,,,,5.0,5.0,,42.05,600,155
9885,,,,8.0,1.0,1.0,99.81,511,308
9886,,,,7.0,,,62.71,601,175
9887,,,,7.0,5.0,1.0,0.27,501,85
9888,,,,1.0,4.0,4.0,,505,180
9889,,,,8.0,3.0,3.0,,511,175
9890,,,,8.0,1.0,5.0,60.48,600,165
9891,,,,2.0,2.0,3.0,48.32,510,145
9892,,,,6.0,,4.0,,505,120
9893,,,,6.0,5.0,1.0,35.89,510,148
9894,,,,7.0,4.0,2.0,77.2,502,130
9895,,,,6.0,4.0,2.0,99.39,505,280
9896,,,,6.0,5.0,5.0,90.55,510,181
9897,,,,8.0,4.0,1.0,34.74,603,168
9898,,,,,,,90.27,505,155
9899,,,,8.0,4.0,3.0,97.62,504,205
9900,,,,6.0,5.0,3.0,,602,180
9901,,,,6.0,2.0,3.0,36.05,503,115
9902,,,,4.0,4.0,4.0,,506,N
9903,,,,2.0,4.0,3.0,45.95,503,120
9904,,,,6.0,2.0,4.0,87.19,600,190
9905,,,,2.0,1.0,2.0,94.08,603,229
9906,,,,8.0,3.0,2.0,81.94,504,145
9907,,,,8.0,2.0,2.0,71.86,502,128
9908,,,,8.0,1.0,2.0,53.97,510,157
9909,,,,1.0,2.0,3.0,99.04,602,269
9910,,,,8.0,4.0,4.0,5.53,504,100
9911,,,,8.0,5.0,3.0,90.14,504,155
9912,,,,8.0,1.0,4.0,63.68,601,160
9913,,,,8.0,1.0,3.0,41.48,507,125
9914,,,,6.0,3.0,3.0,24.26,507,118
9915,,,,5.0,3.0,4.0,91.69,603,215
9916,,,,6.0,3.0,2.0,37.86,507,123
9917,,,,6.0,4.0,3.0,87.83,507,167
9918,,,,6.0,3.0,3.0,73.72,510,160
9919,,,,6.0,2.0,5.0,57.22,600,158
9920,,,,8.0,2.0,1.0,98.17,603,250
9921,,,,7.0,2.0,3.0,38.19,509,140
9922,,,,8.0,4.0,4.0,,510,195
9923,,,,8.0,5.0,1.0,30.7,505,120
9924,,,,8.0,4.0,3.0,91.53,503,156
9925,,,,1.0,2.0,4.0,95.15,508,175
9926,,,,8.0,1.0,2.0,82.3,600,183
9927,,,,,,,99.3,502,220
9928,,,,8.0,,,84.23,501,128
9929,,,,6.0,2.0,5.0,5.86,510,130
9930,,,,6.0,2.0,,36.9,510,135
9931,,,,6.0,4.0,3.0,88.37,500,125
9932,,,,8.0,4.0,6.0,71.25,501,120
9933,,,,8.0,2.0,1.0,92.22,505,168
9934,,,,6.0,2.0,4.0,26.49,509,125
9935,,,,6.0,1.0,,38.53,510,145
9936,,,,8.0,3.0,5.0,,509,170
9937,,,,6.0,3.0,,97.69,506,200
9938,,,,8.0,5.0,4.0,10.15,502,98
9939,,,,3.0,2.0,2.0,78.98,502,129
9940,,,,1.0,3.0,4.0,54.18,505,135
9941,,,,6.0,1.0,2.0,95.48,605,233
9942,,,,8.0,3.0,4.0,91.93,503,150
9943,,,,6.0,4.0,3.0,78.01,503,130
9944,,,,8.0,4.0,3.0,46.08,503,115
9945,,,,6.0,3.0,5.0,91.63,500,138
9946,,,,8.0,5.0,2.0,84.39,507,150
9947,,,,6.0,5.0,3.0,11.21,411,90
9948,,,,5.0,1.0,4.0,95.2,511,205
9949,,,,6.0,2.0,3.0,90.25,500,135
9950,,,,4.0,4.0,3.0,74.24,503,130
9951,,,,1.0,3.0,2.0,95.75,505,180
9952,,,,5.0,2.0,4.0,91.42,600,188
9953,,,,6.0,3.0,1.0,,600,165
9954,,,,8.0,3.0,4.0,,507,140
9955,,,,6.0,5.0,1.0,42.55,500,100
9956,,,,8.0,2.0,,0.46,505,90
9957,,,,8.0,,,,300,220
9958,,,,8.0,2.0,4.0,89.97,505,150
9959,,,,6.0,3.0,1.0,0.54,600,115
9960,,,,4.0,1.0,2.0,45.58,506,128
9961,,,,8.0,2.0,7.0,76.17,503,125
9962,,,,1.0,1.0,1.0,36.9,510,135
9963,,,,1.0,1.0,4.0,75.93,508,148
9964,,,,6.0,3.0,2.0,0.71,507,100
9965,,,,8.0,4.0,2.0,72.86,505,134
9966,,,,8.0,4.0,2.0,62.96,503,120
9967,,,,2.0,1.0,5.0,90.57,509,175
9968,,,,6.0,4.0,5.0,3.54,504,98
9969,,,,8.0,3.0,3.0,1.99,504,95
9970,,,,4.0,4.0,1.0,85.97,504,140
9971,,,,6.0,3.0,4.0,96.05,503,180
9972,,,,6.0,2.0,5.0,21.05,509,132
9973,,,,6.0,5.0,4.0,77.19,503,135
9974,,,,6.0,3.0,5.0,96.56,508,210
9975,,,,8.0,3.0,4.0,,503,160
9976,,,,1.0,3.0,4.0,92.89,510,192
9977,,,,8.0,3.0,5.0,19.87,509,123
9978,,,,6.0,4.0,3.0,,504,150
9979,,,,8.0,4.0,4.0,96.09,504,172
9980,,,,6.0,3.0,4.0,76.31,505,140
9981,,,,8.0,,2.0,,508,N
9982,,,,6.0,3.0,4.0,81.58,505,138
9983,,,,6.0,2.0,5.0,87.17,508,165
9984,,,,6.0,2.0,4.0,47.27,511,157
9985,,,,8.0,3.0,6.0,98.73,511,235
9986,,,,7.0,4.0,1.0,98.99,511,242
9987,,,,7.0,4.0,4.0,81.36,600,185
9988,,,,6.0,3.0,3.0,97.85,507,200
9989,,,,6.0,3.0,,53.25,507,130
9990,,,,6.0,3.0,3.0,82.56,604,198
9991,,,,6.0,5.0,1.0,81.18,504,138
9992,,,,8.0,3.0,4.0,37.21,501,102
9993,,,,8.0,3.0,6.0,,503,N
9994,,,,8.0,2.0,2.0,99.8,600,320
9995,,,,8.0,4.0,2.0,41.16,511,140
9996,,,,8.0,1.0,5.0,,N N,N
9997,,,,,,,63.43,510,153
9998,,,,6.0,2.0,1.0,91.93,603,210
9999,,,,1.0,3.0,2.0,84.28,504,145
10000,,,,8.0,2.0,1.0,0.22,502,80
10001,,,,8.0,3.0,4.0,95.31,504,173
10002,,,,8.0,5.0,3.0,28.36,504,112
10003,,,,6.0,1.0,4.0,48.32,510,145
10004,,,,8.0,3.0,2.0,78.71,506,144
10005,,,,6.0,1.0,4.0,85.28,600,187
10006,,,,6.0,2.0,2.0,1.54,506,98
10007,,,,6.0,2.0,3.0,75.38,602,180
10008,,,,1.0,3.0,3.0,78.44,602,180
10009,,,,8.0,5.0,1.0,83.91,504,150
10010,,,,6.0,4.0,1.0,25.58,601,150
10011,,,,8.0,2.0,3.0,69.88,507,140
10012,,,,6.0,1.0,,41.49,511,145
10013,,,,7.0,1.0,3.0,48.67,506,125
10014,,,,5.0,3.0,,18.67,501,95
10015,,,,6.0,3.0,2.0,86.04,511,182
10016,,,,8.0,2.0,4.0,30.76,511,140
10017,,,,8.0,4.0,3.0,78.16,507,154
10018,,,,8.0,2.0,6.0,65.17,510,150
10019,,,,6.0,5.0,1.0,71.25,501,120
10020,,,,6.0,4.0,2.0,89.52,504,150
10021,,,,6.0,1.0,,,506,N
10022,,,,8.0,5.0,2.0,,507,N
10023,,,,6.0,3.0,6.0,53.22,502,111
10024,,,,6.0,4.0,3.0,58.55,510,155
10025,,,,6.0,2.0,3.0,98.74,510,230
10026,,,,1.0,5.0,1.0,,711,300
10027,,,,8.0,4.0,2.0,,500,103
10028,,,,8.0,3.0,2.0,96.13,500,159
10029,,,,2.0,2.0,4.0,75.38,602,180
10030,,,,6.0,4.0,3.0,37.93,502,102
10031,,,,1.0,1.0,1.0,99.52,603,300
10032,,,,8.0,3.0,1.0,54.82,505,120
10033,,,,6.0,3.0,4.0,30.06,509,132
10034,,,,6.0,4.0,ten,72.08,507,145
10035,,,,8.0,3.0,1.0,66.04,509,152
10036,,,,8.0,1.0,4.0,19.47,502,95
10037,,,,7.0,1.0,4.0,84.03,510,165
10038,,,,8.0,3.0,2.0,64.48,505,125
10039,,,,8.0,5.0,2.0,61.69,502,120
10040,,,,3.0,1.0,7.0,47.96,510,140
10041,,,,8.0,3.0,4.0,58.07,510,145
10042,,,,3.0,3.0,3.0,,509,263
10043,,,,7.0,4.0,4.0,89.41,604,210
10044,,,,8.0,4.0,1.0,23.09,502,104
10045,,,,4.0,5.0,1.0,,N N,175
10046,,,,8.0,4.0,1.0,96.75,500,155
10047,,,,6.0,2.0,1.0,86.43,507,153
10048,,,,6.0,3.0,1.0,,601,243
10049,,,,8.0,1.0,2.0,81.34,511,160
10050,,,,8.0,5.0,,98.63,508,250
10051,,,,,,,98.74,509,230
10052,,,,8.0,4.0,1.0,97.16,606,263
10053,,,,8.0,1.0,3.0,96.13,508,185
10054,,,,8.0,4.0,1.0,92.65,503,152
10055,,,,6.0,4.0,4.0,94.07,508,185
10056,,,,8.0,4.0,3.0,94.3,505,180
10057,,,,8.0,5.0,1.0,,608,246
10058,,,,6.0,2.0,3.0,96.6,511,213
10059,,,,6.0,4.0,5.0,95.24,508,185
10060,,,,4.0,3.0,1.0,98.11,504,215
10061,,,,2.0,3.0,2.0,49.79,505,121
10062,,,,6.0,2.0,4.0,23.69,506,115
10063,,,,1.0,2.0,3.0,88.1,510,171
10064,,,,8.0,1.0,,19.95,510,140
10065,,,,7.0,1.0,1.0,97.91,511,230
10066,,,,2.0,1.0,1.0,86.44,502,135
10067,,,,5.0,1.0,4.0,86.9,602,200
10068,,,,7.0,1.0,3.0,10.55,510,122
10069,,,,6.0,3.0,3.0,96.36,508,200
10070,,,,8.0,1.0,3.0,68.14,509,160
10071,,,,,1.0,3.0,74.48,603,183
10072,,,,6.0,3.0,4.0,49.09,603,176
10073,,,,2.0,3.0,1.0,90.05,603,205
10074,,,,8.0,5.0,3.0,95.17,505,185
10075,,,,6.0,2.0,,92.14,600,190
10076,,,,8.0,3.0,1.0,96.34,505,194
10077,,,,8.0,3.0,4.0,99.4,600,270
10078,,,,8.0,1.0,1.0,,706,399
10079,,,,6.0,5.0,2.0,18.12,510,135
10080,,,,6.0,4.0,3.0,,507,148
10081,,,,6.0,2.0,2.0,91.99,600,195
10082,,,,8.0,3.0,2.0,98.82,504,240
10083,,,,8.0,3.0,2.0,93.6,502,160
10084,,,,4.0,2.0,6.0,84.68,502,135
10085,,,,4.0,4.0,5.0,90.68,508,176
10086,,,,6.0,2.0,5.0,37.61,600,148
10087,,,,2.0,1.0,4.0,52.96,511,160
10088,,,,,,,95.76,601,225
10089,,,,6.0,5.0,1.0,95.75,505,180
10090,,,,1.0,1.0,3.0,,606,195
10091,,,,1.0,5.0,4.0,60.76,504,120
10092,,,,,,,36.47,604,164
10093,,,,8.0,,3.0,81.94,505,135
10094,,,,6.0,3.0,4.0,31.07,507,125
10095,,,,8.0,2.0,5.0,41.8,600,145
10096,,,,8.0,5.0,4.0,98.45,505,230
10097,,,,6.0,3.0,3.0,38.53,603,160
10098,,,,5.0,1.0,2.0,29.32,603,165
10099,,,,6.0,2.0,4.0,93.3,509,182
10100,,,,6.0,5.0,7.0,87.03,502,135
10101,,,,8.0,3.0,3.0,52.12,511,155
10102,,,,8.0,3.0,3.0,92.48,508,185
10103,,,,8.0,4.0,3.0,13.15,501,95
10104,,,,7.0,1.0,2.0,77.75,503,140
10105,,,,6.0,3.0,4.0,81.55,411,120
10106,,,,8.0,3.0,5.0,29.09,507,120
10107,,,,4.0,2.0,3.0,98.8,506,209
10108,,,,8.0,3.0,2.0,99.03,505,200
10109,,,,6.0,3.0,4.0,16.07,501,100
10110,,,,8.0,3.0,3.0,27.29,509,139
10111,,,,8.0,4.0,3.0,9.59,601,140
10112,,,,8.0,4.0,4.0,9.83,506,112
10113,,,,8.0,2.0,4.0,87.83,511,190
10114,,,,6.0,2.0,3.0,42.13,511,150
10115,,,,6.0,3.0,5.0,98.74,505,195
10116,,,,6.0,3.0,1.0,89.98,510,180
10117,,,,8.0,5.0,2.0,9.01,508,122
10118,,,,7.0,1.0,4.0,60.3,510,156
10119,,,,8.0,3.0,3.0,87.69,600,180
10120,,,,8.0,4.0,4.0,,502,N
10121,,,,8.0,4.0,4.0,88.51,501,140
10122,,,,6.0,3.0,3.0,49.83,506,134
10123,,,,8.0,3.0,4.0,66.75,510,150
10124,,,,6.0,4.0,3.0,,502,115
10125,,,,8.0,3.0,2.0,93.13,602,215
10126,,,,6.0,1.0,5.0,72.55,510,154
10127,,,,6.0,4.0,1.0,37.6,504,120
10128,,,,8.0,4.0,4.0,47.58,504,120
10129,,,,7.0,4.0,5.0,94.87,600,200
10130,,,,8.0,4.0,3.0,,300,125
10131,,,,7.0,4.0,2.0,0.0,511,110
10132,,,,7.0,4.0,4.0,3.96,509,120
10133,,,,8.0,3.0,4.0,26.69,510,135
10134,,,,4.0,3.0,3.0,59.72,502,119
10135,,,,7.0,1.0,2.0,2.31,503,95
10136,,,,1.0,2.0,5.0,63.68,601,160
10137,,,,6.0,2.0,4.0,,500,N
10138,,,,8.0,1.0,6.0,45.76,503,119
10139,,,,6.0,3.0,1.0,84.51,509,170
10140,,,,5.0,1.0,5.0,,507,135
10141,,,,6.0,1.0,3.0,97.62,507,190
10142,,,,4.0,1.0,4.0,90.33,508,180
10143,,,,6.0,3.0,3.0,,600,235
10144,,,,6.0,4.0,4.0,92.2,501,145
10145,,,,8.0,2.0,4.0,95.23,503,150
10146,,,,8.0,3.0,4.0,74.11,509,150
10147,,,,6.0,2.0,4.0,99.03,509,225
10148,,,,6.0,2.0,3.0,,501,N
10149,,,,6.0,2.0,4.0,99.03,509,225
10150,,,,8.0,3.0,2.0,86.29,502,140
10151,,,,1.0,2.0,3.0,94.46,507,180
10152,,,,7.0,5.0,5.0,41.45,411,97
10153,,,,8.0,2.0,3.0,92.37,505,155
10154,,,,6.0,3.0,5.0,30.94,508,130
10155,,,,7.0,4.0,2.0,95.05,510,195
10156,,,,7.0,4.0,4.0,26.69,510,135
10157,,,,6.0,3.0,7.0,,508,N
10158,,,,8.0,4.0,1.0,,510,200
10159,,,,6.0,5.0,2.0,97.25,506,190
10160,,,,8.0,3.0,4.0,85.57,600,185
10161,,,,8.0,4.0,3.0,99.51,510,263
10162,,,,8.0,5.0,4.0,,506,N
10163,,,,6.0,3.0,2.0,91.89,600,200
10164,,,,8.0,5.0,3.0,99.28,601,270
10165,,,,4.0,3.0,2.0,79.49,604,200
10166,,,,4.0,4.0,3.0,,501,N
10167,,,,6.0,5.0,3.0,74.24,503,130
10168,,,,6.0,2.0,3.0,,505,399
10169,,,,6.0,2.0,4.0,52.96,511,160
10170,,,,6.0,4.0,5.0,36.69,508,130
10171,,,,,,,,505,N
10172,,,,8.0,3.0,3.0,93.42,600,210
10173,,,,5.0,2.0,6.0,76.16,506,145
10174,,,,7.0,3.0,4.0,75.39,501,120
10175,,,,6.0,2.0,4.0,14.93,504,110
10176,,,,8.0,1.0,3.0,98.39,603,250
10177,,,,6.0,3.0,3.0,,410,103
10178,,,,7.0,4.0,4.0,91.47,510,178
10179,,,,8.0,2.0,3.0,48.99,510,150
10180,,,,6.0,5.0,2.0,79.95,504,130
10181,,,,6.0,4.0,4.0,25.58,601,150
10182,,,,6.0,4.0,5.0,63.79,504,125
10183,,,,6.0,3.0,3.0,30.76,511,140
10184,,,,8.0,3.0,1.0,67.12,503,119
10185,,,,6.0,2.0,5.0,,N N,N
10186,,,,6.0,3.0,3.0,75.38,602,180
10187,,,,8.0,4.0,3.0,55.07,509,148
10188,,,,6.0,4.0,4.0,99.41,603,289
10189,,,,1.0,1.0,6.0,,506,N
10190,,,,8.0,2.0,3.0,36.42,506,125
10191,,,,8.0,2.0,3.0,21.4,600,140
10192,,,,4.0,4.0,4.0,98.28,511,230
10193,,,,8.0,3.0,5.0,52.22,503,120
10194,,,,6.0,3.0,5.0,24.19,509,125
10195,,,,8.0,4.0,3.0,81.1,506,150
10196,,,,8.0,4.0,3.0,77.78,509,158
10197,,,,8.0,4.0,4.0,,503,110
10198,,,,7.0,1.0,6.0,64.42,603,175
10199,,,,6.0,4.0,4.0,40.44,503,115
10200,,,,6.0,5.0,1.0,97.46,505,190
10201,,,,6.0,3.0,3.0,66.53,507,150
10202,,,,1.0,5.0,1.0,71.62,511,162
10203,,,,8.0,5.0,1.0,43.78,506,123
10204,,,,6.0,4.0,2.0,,506,N
10205,,,,,,,58.1,510,140
10206,,,,6.0,2.0,3.0,26.67,601,155
10207,,,,6.0,3.0,4.0,56.3,500,110
10208,,,,5.0,2.0,4.0,96.84,600,222
10209,,,,,,,90.28,600,196
10210,,,,6.0,1.0,3.0,15.95,504,105
10211,,,,6.0,2.0,4.0,68.57,507,147
10212,,,,7.0,1.0,3.0,50.64,507,132
10213,,,,8.0,4.0,5.0,41.03,509,140
10214,,,,6.0,5.0,4.0,2.06,410,78
10215,,,,8.0,3.0,2.0,9.58,508,116
10216,,,,8.0,1.0,ten,45.54,409,92
10217,,,,6.0,3.0,3.0,50.96,502,115
10218,,,,6.0,2.0,2.0,51.94,505,122
10219,,,,6.0,2.0,4.0,97.65,600,225
10220,,,,8.0,4.0,1.0,98.58,505,210
10221,,,,6.0,2.0,4.0,3.16,600,130
10222,,,,6.0,3.0,5.0,,510,192
10223,,,,1.0,2.0,,,501,N
10224,,,,8.0,1.0,2.0,87.32,508,170
10225,,,,6.0,2.0,4.0,68.18,600,175
10226,,,,1.0,3.0,4.0,,509,110
10227,,,,8.0,4.0,4.0,93.71,507,180
10228,,,,6.0,2.0,4.0,89.06,506,163
10229,,,,5.0,4.0,1.0,23.69,506,115
10230,,,,8.0,3.0,4.0,25.1,506,120
10231,,,,8.0,3.0,4.0,,507,N
10232,,,,8.0,3.0,3.0,65.89,506,140
10233,,,,6.0,3.0,3.0,0.04,501,78
10234,,,,8.0,2.0,3.0,,505,140
10235,,,,6.0,2.0,3.0,46.95,504,117
10236,,,,6.0,2.0,3.0,46.85,411,105
10237,,,,8.0,3.0,5.0,25.57,503,105
10238,,,,6.0,3.0,3.0,62.32,501,115
10239,,,,8.0,4.0,2.0,94.46,506,167
10240,,,,6.0,1.0,4.0,98.97,506,208
10241,,,,8.0,3.0,4.0,59.21,504,130
10242,,,,8.0,1.0,2.0,54.63,601,160
10243,,,,1.0,3.0,4.0,0.54,511,115
10244,,,,8.0,2.0,3.0,,507,63
10245,,,,6.0,5.0,2.0,87.0,501,140
10246,,,,6.0,4.0,5.0,0.04,508,100
10247,,,,6.0,1.0,4.0,95.2,511,205
10248,,,,8.0,3.0,5.0,98.18,600,228
10249,,,,6.0,3.0,2.0,20.57,507,128
10250,,,,7.0,2.0,,87.91,601,190
10251,,,,4.0,1.0,4.0,91.3,507,157
10252,,,,6.0,2.0,4.0,18.12,510,135
10253,,,,6.0,5.0,4.0,83.54,500,130
10254,,,,8.0,1.0,5.0,87.5,510,170
10255,,,,5.0,4.0,2.0,62.87,504,130
10256,,,,8.0,3.0,2.0,50.71,409,98
10257,,,,6.0,3.0,4.0,83.06,503,141
10258,,,,6.0,3.0,3.0,96.82,504,184
10259,,,,8.0,3.0,3.0,,505,N
10260,,,,8.0,4.0,1.0,95.38,411,143
10261,,,,6.0,1.0,3.0,52.96,511,160
10262,,,,6.0,2.0,4.0,73.06,507,150
10263,,,,8.0,3.0,1.0,97.23,508,218
10264,,,,6.0,2.0,3.0,23.52,502,102
10265,,,,7.0,3.0,,83.38,508,160
10266,,,,6.0,4.0,2.0,95.04,502,155
10267,,,,6.0,1.0,3.0,86.99,511,173
10268,,,,6.0,5.0,1.0,89.49,508,180
10269,,,,8.0,4.0,1.0,,505,N
10270,,,,6.0,4.0,4.0,97.1,503,180
10271,,,,1.0,2.0,5.0,75.38,602,180
10272,,,,8.0,3.0,2.0,97.69,405,125
10273,,,,6.0,2.0,4.0,68.74,505,130
10274,,,,2.0,1.0,4.0,37.6,602,166
10275,,,,7.0,3.0,5.0,98.01,503,192
10276,,,,6.0,2.0,3.0,36.32,508,140
10277,,,,4.0,3.0,3.0,98.28,510,225
10278,,,,6.0,1.0,2.0,98.95,508,220
10279,,,,6.0,4.0,4.0,97.68,600,216
10280,,,,6.0,4.0,2.0,93.02,411,138
10281,,,,8.0,3.0,5.0,14.65,511,140
10282,,,,8.0,3.0,5.0,85.71,504,150
10283,,,,8.0,2.0,4.0,77.62,508,159
10284,,,,6.0,3.0,4.0,,601,140
10285,,,,5.0,4.0,4.0,78.11,504,135
10286,,,,8.0,1.0,,92.23,510,180
10287,,,,8.0,2.0,3.0,98.98,503,229
10288,,,,4.0,2.0,3.0,97.67,509,210
10289,,,,6.0,4.0,2.0,98.86,508,250
10290,,,,8.0,1.0,2.0,99.64,511,283
10291,,,,6.0,1.0,4.0,98.48,506,200
10292,,,,6.0,2.0,4.0,92.54,507,165
10293,,,,6.0,1.0,7.0,89.52,504,150
10294,,,,6.0,2.0,4.0,97.71,502,175
10295,,,,7.0,1.0,6.0,90.96,501,145
10296,,,,6.0,1.0,3.0,39.33,508,133
10297,,,,1.0,1.0,,3.75,508,117
10298,,,,8.0,1.0,2.0,88.11,502,140
10299,,,,4.0,3.0,,44.92,509,130
10300,,,,6.0,1.0,1.0,,N N,N
10301,,,,6.0,3.0,3.0,,504,116
10302,,,,,,,78.29,603,198
10303,,,,6.0,3.0,4.0,96.05,503,180
10304,,,,8.0,1.0,3.0,98.77,509,220
10305,,,,6.0,1.0,5.0,62.07,509,143
10306,,,,6.0,3.0,5.0,88.4,409,117
10307,,,,8.0,1.0,6.0,91.41,508,168
10308,,,,5.0,1.0,1.0,24.76,507,130
10309,,,,8.0,3.0,3.0,65.89,506,140
10310,,,,8.0,5.0,2.0,93.4,503,150
10311,,,,6.0,1.0,5.0,10.15,508,115
10312,,,,8.0,4.0,1.0,42.64,503,115
10313,,,,8.0,2.0,1.0,95.43,504,178
10314,,,,8.0,3.0,3.0,85.57,600,185
10315,,,,8.0,4.0,2.0,81.17,500,120
10316,,,,6.0,2.0,2.0,,508,N
10317,,,,8.0,1.0,,41.68,504,115
10318,,,,6.0,4.0,4.0,,603,297
10319,,,,1.0,1.0,6.0,60.49,500,103
10320,,,,8.0,2.0,2.0,24.19,509,125
10321,,,,6.0,1.0,5.0,94.3,507,175
10322,,,,1.0,2.0,4.0,65.23,507,145
10323,,,,7.0,1.0,6.0,83.82,507,155
10324,,,,6.0,1.0,4.0,96.6,503,180
10325,,,,4.0,3.0,2.0,16.74,601,145
10326,,,,2.0,3.0,5.0,99.19,504,203
10327,,,,8.0,2.0,3.0,98.78,506,200
10328,,,,6.0,1.0,5.0,,506,142
10329,,,,6.0,3.0,4.0,92.54,507,165
10330,,,,4.0,1.0,5.0,90.15,601,200
10331,,,,6.0,4.0,3.0,30.97,505,113
10332,,,,6.0,1.0,4.0,98.64,508,212
10333,,,,8.0,1.0,3.0,99.82,600,320
10334,,,,6.0,3.0,2.0,81.63,508,156
10335,,,,6.0,3.0,4.0,64.33,506,139
10336,,,,4.0,4.0,2.0,96.24,503,177
10337,,,,6.0,3.0,4.0,,N N,N
10338,,,,1.0,2.0,5.0,95.67,507,180
10339,,,,8.0,3.0,4.0,80.09,506,143
10340,,,,4.0,2.0,3.0,90.54,510,186
10341,,,,8.0,3.0,1.0,97.5,503,190
10342,,,,6.0,3.0,4.0,,506,170
10343,,,,8.0,5.0,2.0,96.06,504,173
10344,,,,8.0,1.0,4.0,34.2,508,122
10345,,,,8.0,,6.0,,N N,210
10346,,,,6.0,2.0,3.0,7.96,511,135
10347,,,,6.0,1.0,3.0,80.6,511,170
10348,,,,8.0,1.0,4.0,38.53,510,145
10349,,,,8.0,3.0,3.0,97.82,602,235
10350,,,,6.0,5.0,4.0,21.97,502,96
10351,,,,6.0,4.0,4.0,31.06,507,120
10352,,,,6.0,3.0,2.0,,N N,N
10353,,,,8.0,4.0,4.0,,503,130
10354,,,,5.0,5.0,3.0,86.85,506,158
10355,,,,6.0,4.0,4.0,94.56,509,190
10356,,,,6.0,2.0,4.0,,503,152
10357,,,,1.0,2.0,1.0,98.67,600,250
10358,,,,8.0,2.0,2.0,96.09,504,172
10359,,,,6.0,1.0,5.0,45.06,505,115
10360,,,,7.0,4.0,,96.45,510,198
10361,,,,8.0,5.0,1.0,46.75,502,115
10362,,,,7.0,5.0,4.0,98.0,503,198
10363,,,,8.0,1.0,5.0,45.3,508,140
10364,,,,6.0,5.0,2.0,,604,N
10365,,,,6.0,3.0,5.0,35.65,411,95
10366,,,,8.0,1.0,2.0,74.42,600,180
10367,,,,8.0,1.0,1.0,42.05,600,155
10368,,,,8.0,3.0,2.0,84.63,511,180
10369,,,,8.0,4.0,4.0,,502,N
10370,,,,6.0,Always ,4.0,95.22,501,156
10371,,,,8.0,5.0,2.0,77.05,504,140
10372,,,,6.0,4.0,4.0,96.81,502,180
10373,,,,7.0,3.0,5.0,,504,145
10374,,,,8.0,5.0,5.0,,705,135
10375,,,,5.0,3.0,6.0,95.42,507,175
10376,,,,8.0,3.0,2.0,83.33,505,140
10377,,,,6.0,4.0,2.0,76.13,507,145
10378,,,,8.0,5.0,3.0,98.99,507,229
10379,,,,2.0,5.0,3.0,,504,N
10380,,,,6.0,4.0,2.0,5.81,503,94
10381,,,,6.0,1.0,7.0,,504,N
10382,,,,8.0,2.0,6.0,99.19,505,235
10383,,,,5.0,1.0,3.0,54.77,508,140
10384,,,,8.0,1.0,3.0,94.61,508,187
10385,,,,2.0,2.0,4.0,85.83,510,162
10386,,,,6.0,1.0,4.0,71.05,600,167
10387,,,,6.0,1.0,4.0,40.44,509,132
10388,,,,8.0,1.0,5.0,,511,150
10389,,,,8.0,4.0,4.0,0.38,508,105
10390,,,,6.0,1.0,4.0,52.52,506,131
10391,,,,6.0,1.0,,31.38,600,145
10392,,,,8.0,3.0,6.0,22.92,507,113
10393,,,,8.0,3.0,4.0,78.58,506,140
10394,,,,8.0,3.0,5.0,,605,220
10395,,,,8.0,2.0,4.0,94.19,509,185
10396,,,,7.0,1.0,4.0,34.11,508,135
10397,,,,6.0,1.0,3.0,81.55,411,120
10398,,,,,,,72.14,508,150
10399,,,,6.0,1.0,4.0,42.91,600,160
10400,,,,6.0,2.0,5.0,78.96,506,142
10401,,,,8.0,3.0,4.0,24.19,509,125
10402,,,,8.0,5.0,1.0,99.71,502,280
10403,,,,6.0,4.0,3.0,,304,230
10404,,,,6.0,2.0,5.0,99.6,506,240
10405,,,,5.0,4.0,,88.1,600,175
10406,,,,8.0,1.0,5.0,42.24,509,146
10407,,,,6.0,2.0,4.0,71.28,505,136
10408,,,,8.0,5.0,4.0,13.36,411,91
10409,,,,8.0,1.0,3.0,62.41,602,170
10410,,,,8.0,2.0,2.0,,505,N
10411,,,,7.0,2.0,3.0,97.64,508,205
10412,,,,6.0,4.0,2.0,,507,175
10413,,,,6.0,3.0,,40.55,503,110
10414,,,,6.0,2.0,3.0,0.0,511,104
10415,,,,4.0,4.0,2.0,99.51,508,247
10416,,,,8.0,3.0,4.0,13.06,504,105
10417,,,,8.0,4.0,,95.82,505,185
10418,,,,6.0,2.0,2.0,46.6,505,125
10419,,,,6.0,1.0,2.0,87.19,600,190
10420,,,,6.0,2.0,2.0,94.78,505,165
10421,,,,6.0,2.0,5.0,0.14,503,85
10422,,,,6.0,1.0,2.0,98.77,505,224
10423,,,,6.0,1.0,4.0,12.3,509,119
10424,,,,8.0,,4.0,65.28,510,159
10425,,,,8.0,4.0,3.0,86.06,503,135
10426,,,,1.0,2.0,3.0,36.2,510,130
10427,,,,6.0,1.0,3.0,79.94,504,140
10428,,,,6.0,5.0,3.0,79.92,509,160
10429,,,,6.0,4.0,1.0,50.78,506,129
10430,,,,6.0,3.0,4.0,95.58,504,165
10431,,,,6.0,2.0,4.0,91.68,504,155
10432,,,,8.0,3.0,2.0,71.28,505,136
10433,,,,8.0,1.0,2.0,,508,130
10434,,,,7.0,2.0,2.0,,603,170
10435,,,,8.0,4.0,3.0,68.18,600,175
10436,,,,4.0,5.0,1.0,97.43,504,185
10437,,,,6.0,3.0,4.0,11.99,503,98
10438,,,,8.0,4.0,6.0,94.95,506,177
10439,,,,,1.0,,,509,N
10440,,,,8.0,1.0,6.0,84.5,503,140
10441,,,,8.0,2.0,,99.29,502,230
10442,,,,8.0,4.0,,,506,N
10443,,,,8.0,3.0,1.0,86.77,507,165
10444,,,,6.0,3.0,2.0,,503,156
10445,,,,5.0,1.0,5.0,99.35,504,210
10446,,,,6.0,3.0,3.0,0.46,508,100
10447,,,,8.0,3.0,2.0,58.6,504,130
10448,,,,8.0,1.0,7.0,75.36,511,165
10449,,,,8.0,2.0,3.0,,601,203
10450,,,,4.0,3.0,,83.33,505,140
10451,,,,1.0,1.0,6.0,96.62,411,150
10452,,,,8.0,2.0,3.0,73.29,600,174
10453,,,,7.0,2.0,4.0,23.69,506,115
10454,,,,4.0,2.0,4.0,18.12,510,135
10455,,,,6.0,3.0,2.0,74.86,507,140
10456,,,,1.0,4.0,5.0,59.82,507,130
10457,,,,6.0,2.0,,38.12,504,125
10458,,,,8.0,2.0,4.0,97.5,503,190
10459,,,,5.0,1.0,4.0,14.65,511,140
10460,,,,1.0,3.0,3.0,98.2,511,256
10461,,,,5.0,2.0,4.0,18.1,602,155
10462,,,,8.0,3.0,4.0,14.93,504,110
10463,,,,8.0,4.0,3.0,,503,135
10464,,,,2.0,3.0,2.0,74.42,504,140
10465,,,,8.0,4.0,5.0,89.36,507,172
10466,,,,6.0,4.0,2.0,0.4,600,125
10467,,,,8.0,1.0,5.0,59.16,600,169
10468,,,,6.0,2.0,4.0,35.74,510,140
10469,,,,4.0,4.0,3.0,98.89,603,275
10470,,,,7.0,4.0,,52.96,511,160
10471,,,,6.0,3.0,1.0,54.64,503,123
10472,,,,8.0,4.0,4.0,61.69,502,120
10473,,,,6.0,3.0,3.0,99.22,504,270
10474,,,,6.0,4.0,3.0,92.38,511,200
10475,,,,6.0,3.0,2.0,52.52,503,122
10476,,,,6.0,4.0,2.0,87.48,503,150
10477,,,,7.0,4.0,2.0,2.31,510,125
10478,,,,5.0,4.0,1.0,,504,154
10479,,,,6.0,4.0,4.0,45.3,508,140
10480,,,,6.0,4.0,3.0,,503,N
10481,,,,7.0,2.0,4.0,87.11,506,160
10482,,,,6.0,4.0,3.0,,601,140
10483,,,,6.0,4.0,3.0,98.86,508,220
10484,,,,8.0,3.0,5.0,71.77,507,150
10485,,,,8.0,2.0,5.0,80.04,603,200
10486,,,,6.0,3.0,4.0,50.84,509,140
10487,,,,8.0,2.0,1.0,97.34,511,210
10488,,,,6.0,4.0,,82.36,605,210
10489,,,,1.0,2.0,4.0,,507,130
10490,,,,1.0,2.0,4.0,,509,N
10491,,,,8.0,3.0,3.0,,502,78
10492,,,,8.0,3.0,2.0,,503,112
10493,,,,8.0,4.0,4.0,3.5,601,125
10494,,,,2.0,3.0,4.0,99.3,600,265
10495,,,,6.0,1.0,4.0,24.2,505,115
10496,,,,6.0,1.0,5.0,60.97,506,135
10497,,,,7.0,3.0,3.0,69.78,601,175
10498,,,,8.0,4.0,7.0,99.85,502,260
10499,,,,8.0,4.0,4.0,84.96,507,155
10500,,,,4.0,2.0,4.0,95.79,511,208
10501,,,,8.0,2.0,4.0,95.33,509,185
10502,,,,8.0,3.0,4.0,17.15,602,150
10503,,,,8.0,2.0,,94.14,505,160
10504,,,,8.0,5.0,7.0,,609,69
10505,,,,2.0,3.0,4.0,10.32,506,107
10506,,,,5.0,2.0,4.0,55.79,508,145
10507,,,,6.0,1.0,3.0,96.73,510,195
10508,,,,5.0,2.0,5.0,32.89,503,107
10509,,,,,,,9.53,602,140
10510,,,,6.0,3.0,4.0,97.81,507,200
10511,,,,8.0,2.0,4.0,83.57,508,165
10512,,,,8.0,3.0,,51.74,511,145
10513,,,,4.0,2.0,1.0,,510,123
10514,,,,6.0,2.0,2.0,,508,N
10515,,,,6.0,2.0,5.0,42.79,508,130
10516,,,,8.0,4.0,4.0,1.69,508,110
10517,,,,1.0,3.0,3.0,,500,112
10518,,,,8.0,3.0,4.0,92.48,600,191
10519,,,,5.0,5.0,1.0,13.08,511,135
10520,,,,1.0,3.0,2.0,31.38,600,145
10521,,,,5.0,4.0,2.0,43.55,505,115
10522,,,,6.0,3.0,2.0,79.58,510,160
10523,,,,6.0,4.0,4.0,92.77,506,168
10524,,,,6.0,2.0,4.0,37.55,510,140
10525,,,,7.0,4.0,3.0,58.62,504,126
10526,,,,7.0,1.0,1.0,42.79,508,130
10527,,,,8.0,1.0,5.0,7.62,505,103
10528,,,,7.0,4.0,5.0,99.53,504,300
10529,,,,8.0,3.0,,25.66,510,130
10530,,,,8.0,3.0,2.0,29.93,504,115
10531,,,,6.0,5.0,3.0,64.96,508,150
10532,,,,1.0,2.0,4.0,36.09,503,105
10533,,,,8.0,5.0,4.0,38.69,503,112
10534,,,,6.0,2.0,3.0,99.53,511,270
10535,,,,8.0,1.0,1.0,58.09,505,125
10536,,,,8.0,2.0,3.0,99.45,507,235
10537,,,,6.0,3.0,3.0,51.71,600,155
10538,,,,8.0,2.0,5.0,53.97,504,120
10539,,,,1.0,2.0,7.0,96.71,502,165
10540,,,,6.0,3.0,3.0,,604,213
10541,,,,8.0,2.0,2.0,79.65,505,146
10542,,,,5.0,2.0,2.0,95.04,505,180
10543,,,,8.0,5.0,1.0,20.13,507,115
10544,,,,6.0,4.0,3.0,,508,150
10545,,,,8.0,4.0,,36.05,505,118
10546,,,,4.0,4.0,1.0,69.87,505,135
10547,,,,6.0,2.0,4.0,95.79,600,215
10548,,,,8.0,2.0,1.0,96.73,510,200
10549,,,,5.0,3.0,2.0,7.31,600,135
10550,,,,6.0,4.0,3.0,67.36,506,135
10551,,,,6.0,2.0,3.0,56.3,500,110
10552,,,,8.0,3.0,3.0,,506,N
10553,,,,7.0,3.0,2.0,,N N,N
10554,,,,6.0,3.0,,68.87,600,160
10555,,,,6.0,1.0,5.0,80.98,601,180
10556,,,,6.0,4.0,2.0,90.38,509,175
10557,,,,6.0,4.0,5.0,58.63,506,133
10558,,,,8.0,3.0,3.0,6.34,603,140
10559,,,,5.0,3.0,4.0,19.67,506,115
10560,,,,6.0,4.0,2.0,66.73,503,125
10561,,,,8.0,3.0,4.0,26.25,500,95
10562,,,,6.0,3.0,5.0,89.35,600,194
10563,,,,6.0,3.0,3.0,96.21,506,190
10564,,,,6.0,3.0,6.0,99.11,511,246
10565,,,,6.0,,3.0,,600,145
10566,,,,8.0,5.0,1.0,80.07,503,135
10567,,,,6.0,4.0,4.0,58.87,506,130
10568,,,,6.0,1.0,4.0,,504,100
10569,,,,6.0,2.0,1.0,97.06,507,189
10570,,,,6.0,3.0,1.0,20.1,509,125
10571,,,,8.0,1.0,4.0,,N N,N
10572,,,,6.0,3.0,4.0,,600,135
10573,,,,8.0,3.0,4.0,85.44,502,136
10574,,,,8.0,4.0,4.0,,502,170
10575,,,,8.0,4.0,,25.61,509,130
10576,,,,6.0,3.0,4.0,48.88,505,128
10577,,,,8.0,5.0,1.0,,507,153
10578,,,,6.0,5.0,2.0,99.4,508,245
10579,,,,6.0,3.0,3.0,69.84,506,145
10580,,,,8.0,4.0,3.0,19.05,506,119
10581,,,,7.0,2.0,4.0,73.28,503,134
10582,,,,1.0,2.0,4.0,90.33,508,180
10583,,,,1.0,1.0,4.0,99.41,510,256
10584,,,,6.0,3.0,2.0,5.09,506,110
10585,,,,8.0,2.0,4.0,36.28,501,108
10586,,,,8.0,5.0,1.0,21.55,511,138
10587,,,,4.0,2.0,5.0,96.29,508,186
10588,,,,5.0,4.0,3.0,30.83,508,125
10589,,,,6.0,1.0,3.0,63.68,601,160
10590,,,,8.0,3.0,2.0,53.65,501,111
10591,,,,6.0,2.0,4.0,87.37,510,175
10592,,,,7.0,1.0,3.0,74.46,600,175
10593,,,,6.0,4.0,1.0,93.58,600,200
10594,,,,7.0,2.0,3.0,87.04,600,195
10595,,,,8.0,2.0,5.0,90.63,505,160
10596,,,,8.0,4.0,2.0,,506,N
10597,,,,6.0,2.0,,48.67,506,125
10598,,,,6.0,5.0,3.0,97.34,504,195
10599,,,,1.0,2.0,2.0,86.59,602,205
10600,,,,6.0,2.0,1.0,99.54,508,250
10601,,,,7.0,4.0,,99.58,510,320
10602,,,,6.0,3.0,3.0,,509,N
10603,,,,8.0,4.0,3.0,86.6,500,129
10604,,,,6.0,1.0,3.0,,410,369
10605,,,,6.0,3.0,3.0,45.3,508,140
10606,,,,6.0,4.0,5.0,44.96,602,170
10607,,,,6.0,2.0,5.0,72.98,505,140
10608,,,,6.0,3.0,5.0,51.14,510,145
10609,,,,1.0,3.0,4.0,25.66,510,130
10610,,,,,,,99.15,508,225
10611,,,,4.0,1.0,5.0,72.36,507,145
10612,,,,6.0,3.0,3.0,,600,155
10613,,,,6.0,1.0,4.0,52.85,506,130
10614,,,,6.0,4.0,5.0,51.74,600,160
10615,,,,8.0,2.0,5.0,71.83,500,110
10616,,,,6.0,2.0,3.0,96.73,510,200
10617,,,,5.0,3.0,2.0,31.59,507,121
10618,,,,6.0,4.0,2.0,27.22,500,99
10619,,,,6.0,4.0,3.0,62.23,505,135
10620,,,,8.0,3.0,5.0,41.76,600,150
10621,,,,6.0,3.0,3.0,43.19,506,130
10622,,,,8.0,2.0,3.0,69.82,505,135
10623,,,,8.0,3.0,4.0,69.87,506,140
10624,,,,7.0,2.0,6.0,,507,110
10625,,,,4.0,1.0,4.0,99.64,507,250
10626,,,,8.0,4.0,4.0,88.53,507,165
10627,,,,6.0,5.0,3.0,99.33,507,230
10628,,,,8.0,5.0,2.0,96.03,508,200
10629,,,,6.0,3.0,4.0,81.09,508,165
10630,,,,6.0,4.0,5.0,50.87,502,110
10631,,,,8.0,4.0,4.0,,601,223
10632,,,,6.0,4.0,3.0,97.76,511,210
10633,,,,1.0,2.0,3.0,25.61,509,130
10634,,,,6.0,1.0,2.0,87.4,600,185
10635,,,,6.0,4.0,2.0,35.11,509,135
10636,,,,6.0,2.0,4.0,46.6,505,125
10637,,,,2.0,4.0,5.0,21.96,507,117
10638,,,,8.0,4.0,4.0,99.13,501,213
10639,,,,6.0,3.0,4.0,20.13,507,115
10640,,,,6.0,4.0,3.0,43.26,506,135
10641,,,,6.0,2.0,3.0,68.89,511,160
10642,,,,8.0,5.0,3.0,95.36,508,200
10643,,,,6.0,2.0,1.0,96.65,601,210
10644,,,,2.0,2.0,3.0,26.61,502,105
10645,,,,8.0,5.0,4.0,99.16,510,245
10646,,,,6.0,4.0,3.0,75.02,501,125
10647,,,,,,,24.47,500,98
10648,,,,6.0,4.0,,99.21,502,250
10649,,,,6.0,2.0,5.0,62.22,511,155
10650,,,,6.0,4.0,4.0,85.35,603,190
10651,,,,8.0,3.0,3.0,78.01,503,130
10652,,,,6.0,2.0,2.0,66.73,503,125
10653,,,,8.0,2.0,2.0,,300,356
10654,,,,7.0,3.0,4.0,52.06,510,156
10655,,,,8.0,4.0,1.0,69.7,507,152
10656,,,,8.0,3.0,2.0,98.95,505,205
10657,,,,6.0,4.0,3.0,60.15,504,126
10658,,,,2.0,4.0,4.0,52.83,503,115
10659,,,,1.0,2.0,4.0,41.16,511,140
10660,,,,8.0,2.0,3.0,92.24,601,200
10661,,,,6.0,2.0,3.0,89.47,602,205
10662,,,,8.0,3.0,7.0,36.42,506,125
10663,,,,6.0,1.0,3.0,1.69,508,110
10664,,,,6.0,3.0,4.0,99.87,506,285
10665,,,,6.0,2.0,1.0,72.14,508,150
10666,,,,6.0,5.0,2.0,90.55,504,148
10667,,,,6.0,1.0,5.0,10.85,510,118
10668,,,,7.0,4.0,2.0,92.47,511,190
10669,,,,6.0,4.0,1.0,52.04,504,122
10670,,,,6.0,3.0,3.0,86.3,508,170
10671,,,,6.0,3.0,3.0,95.04,505,180
10672,,,,1.0,2.0,4.0,98.28,601,243
10673,,,,8.0,2.0,1.0,84.85,601,185
10674,,,,6.0,3.0,4.0,59.82,507,130
10675,,,,2.0,1.0,5.0,30.86,600,135
10676,,,,4.0,1.0,4.0,,609,200
10677,,,,6.0,1.0,3.0,57.53,507,145
10678,,,,6.0,1.0,4.0,83.87,600,185
10679,,,,8.0,5.0,4.0,73.49,503,132
10680,,,,8.0,,,,606,100
10681,,,,6.0,4.0,2.0,67.0,505,130
10682,,,,6.0,3.0,3.0,94.03,511,190
10683,,,,6.0,4.0,2.0,76.08,504,140
10684,,,,6.0,2.0,5.0,92.47,506,175
10685,,,,6.0,4.0,3.0,72.82,506,145
10686,,,,1.0,2.0,5.0,53.97,504,120
10687,,,,6.0,3.0,3.0,21.37,411,90
10688,,,Grade 10,1.0,2.0,7.0,,500,N
10689,,,,8.0,5.0,3.0,0.02,602,120
10690,,,,8.0,5.0,5.0,17.75,505,110
10691,,,,7.0,4.0,3.0,99.93,510,350
10692,,,,,,,50.87,502,110
10693,,,,3.0,3.0,5.0,66.09,502,120
10694,,,,6.0,1.0,5.0,,509,N
10695,,,,1.0,3.0,3.0,73.88,510,155
10696,,,,6.0,5.0,3.0,39.13,502,108
10697,,,,7.0,3.0,5.0,84.5,503,140
10698,,,,8.0,3.0,6.0,65.89,506,140
10699,,,,6.0,2.0,4.0,69.18,508,148
10700,,,,,,,66.98,510,145
10701,,,,8.0,3.0,4.0,40.13,504,114
10702,,,,7.0,1.0,3.0,20.45,605,160
10703,,,,8.0,2.0,4.0,40.06,510,150
10704,,,,8.0,2.0,7.0,99.13,603,275
10705,,,,1.0,1.0,4.0,23.04,602,158
10706,,,,5.0,2.0,5.0,45.82,509,139
10707,,,,6.0,4.0,1.0,50.29,503,114
10708,,,,6.0,,,,502,N
10709,,,,8.0,1.0,4.0,84.11,600,180
10710,,,,8.0,4.0,3.0,34.11,508,135
10711,,,,8.0,2.0,3.0,0.32,503,95
10712,,,,8.0,3.0,2.0,42.13,511,150
10713,,,,7.0,5.0,5.0,92.38,511,200
10714,,,,3.0,1.0,4.0,92.47,511,190
10715,,,,5.0,4.0,3.0,65.46,603,170
10716,,,,4.0,4.0,3.0,86.48,506,150
10717,,,,8.0,3.0,3.0,,505,150
10718,,,,8.0,2.0,3.0,81.45,502,134
10719,,,,1.0,5.0,2.0,78.71,501,128
10720,,,,,,,,N N,N
10721,,,,6.0,3.0,5.0,,600,190
10722,,,,1.0,2.0,5.0,31.07,507,125
10723,,,,8.0,4.0,1.0,83.39,508,150
10724,,,,8.0,4.0,,,503,N
10725,,,,8.0,3.0,,3.21,504,100
10726,,,,6.0,3.0,4.0,77.05,504,140
10727,,,,6.0,5.0,6.0,25.73,501,104
10728,,,,1.0,2.0,5.0,34.56,505,123
10729,,,,6.0,4.0,4.0,95.73,600,220
10730,,,,8.0,2.0,2.0,93.85,503,160
10731,,,,6.0,3.0,3.0,99.47,509,250
10732,,,,,,,18.31,409,83
10733,,,,6.0,3.0,,85.87,501,130
10734,,,,6.0,3.0,5.0,65.84,505,135
10735,,,,,,,0.4,604,139
10736,,,,1,5,2.0,16.74,601,145
10737,,,,7.0,3.0,3.0,27.4,411,98
10738,,,,6.0,2.0,5.0,33.65,506,115
10739,,,,6.0,2.0,2.0,97.34,511,210
10740,,,,8.0,3.0,4.0,87.56,505,150
10741,,,,7.0,2.0,3.0,68.89,511,160
10742,,,,8.0,2.0,5.0,28.91,505,115
10743,,,,8.0,2.0,,79.49,601,189
10744,,,,6.0,3.0,4.0,52.41,600,145
10745,,,,6.0,3.0,4.0,0.46,508,100
10746,,,,6.0,3.0,4.0,9.14,504,100
10747,,,,6.0,4.0,1.0,53.22,502,111
10748,,,,5.0,2.0,4.0,99.94,508,350
10749,,,,6.0,4.0,3.0,,505,170
10750,,,,8.0,3.0,5.0,40.85,507,130
10751,,,,6.0,3.0,4.0,69.91,506,140
10752,,,,8.0,4.0,6.0,84.36,510,160
10753,,,,5.0,4.0,1.0,73.91,504,130
10754,,,,always online,3.0,5.0,15.53,506,110
10755,,,,7.0,5.0,5.0,0.97,510,118
10756,,,,8.0,5.0,3.0,97.0,508,215
10757,,,,5.0,3.0,4.0,22.12,504,115
10758,,,,6.0,5.0,1.0,17.05,506,118
10759,,,,8.0,4.0,4.0,,504,N
10760,,,,8.0,1.0,3.0,69.79,510,152
10761,,,,5.0,2.0,5.0,34.59,510,134
10762,,,,8.0,3.0,3.0,47.28,509,135
10763,,,,6.0,2.0,5.0,66.67,510,155
10764,,,,8.0,3.0,5.0,51.74,600,160
10765,,,,6.0,2.0,2.0,,403,97
10766,,,,8.0,1.0,2.0,95.16,504,168
10767,,,,6.0,3.0,2.0,59.75,501,116
10768,,,,6.0,4.0,3.0,94.6,505,157
10769,,,,5.0,3.0,5.0,86.81,600,183
10770,,,,6.0,4.0,3.0,87.9,511,185
10771,,,,6.0,3.0,5.0,44.75,509,143
10772,,,,6.0,4.0,4.0,30.7,506,120
10773,,,,8.0,2.0,5.0,40.85,507,130
10774,,,,8.0,4.0,1.0,57.6,501,115
10775,,,,8.0,3.0,4.0,35.67,504,115
10776,,,,8.0,1.0,3.0,29.93,504,115
10777,,,,6.0,4.0,1.0,8.41,600,136
10778,,,,6.0,3.0,4.0,47.49,506,130
10779,,,,8.0,4.0,3.0,62.39,503,125
10780,,,,6.0,3.0,5.0,70.79,504,135
10781,,,,6.0,3.0,3.0,87.6,504,150
10782,,,,6.0,4.0,5.0,90.33,508,180
10783,,,,8.0,4.0,2.0,52.57,410,103
10784,,,,8.0,3.0,6.0,98.39,505,220
10785,,,,6.0,3.0,4.0,95.39,508,195
10786,,,,7.0,2.0,1.0,999,508,138
10787,,,,8.0,3.0,2.0,58.31,502,116
10788,,,,6.0,3.0,2.0,,606,N
10789,,,,8.0,4.0,5.0,92.1,506,160
10790,,,,6.0,4.0,4.0,24.78,601,140
10791,,,,5.0,4.0,4.0,95.67,507,180
10792,,,,8.0,2.0,4.0,58.75,506,125
10793,,,,6.0,2.0,3.0,63.64,505,128
10794,,,,4.0,1.0,5.0,,603,200
10795,,,,3.0,5.0,7.0,,708,120
10796,,,,8.0,4.0,1.0,72.14,508,150
10797,,,,6.0,1.0,3.0,19.38,509,135
10798,,,,7.0,2.0,,94.79,600,210
10799,,,,8.0,1.0,3.0,,705,109
10800,,,,6.0,2.0,5.0,42.09,505,118
10801,,,,5.0,3.0,5.0,98.06,505,180
10802,,,,1.0,,2.0,21.17,508,125
10803,,,,6.0,4.0,4.0,96.02,510,200
10804,,,,6.0,1.0,2.0,51.74,600,160
10805,,,,8.0,2.0,3.0,62.36,505,135
10806,,,,6.0,3.0,4.0,51.78,511,150
10807,,,,8.0,5.0,3.0,49.08,411,97
10808,sixteen,,,6.0,3.0,6.0,,503,N
10809,,,,8.0,4.0,3.0,40.66,501,108
10810,,,,6.0,3.0,3.0,,503,N
10811,,,,8.0,5.0,1.0,98.83,504,230
10812,,,,8.0,3.0,4.0,81.45,505,148
10813,,,,,,,92.41,500,140
10814,,,,7.0,5.0,5.0,67.5,502,118
10815,,,,6.0,2.0,4.0,91.77,502,140
10816,,,,8.0,3.0,4.0,0.21,600,116
10817,,,,6.0,4.0,2.0,92.69,507,180
10818,,,,6.0,2.0,4.0,74.16,509,155
10819,,,,6.0,4.0,2.0,6.79,504,105
10820,,,,6.0,3.0,4.0,91.46,502,150
10821,,,,7.0,1.0,5.0,51.78,511,150
10822,,,,6.0,3.0,3.0,54.82,503,116
10823,,,,7.0,4.0,4.0,78.01,503,130
10824,,,,7.0,3.0,3.0,93.99,511,195
10825,,,,8.0,3.0,2.0,84.12,602,190
10826,,,,4.0,2.0,3.0,97.68,502,180
10827,,,,7.0,4.0,1.0,92.86,503,160
10828,,,,8.0,2.0,3.0,93.13,602,215
10829,,,,6.0,3.0,3.0,97.84,600,223
10830,,,,8.0,2.0,4.0,96.49,505,175
10831,,,,5.0,5.0,1.0,,503,115
10832,,,,6.0,2.0,4.0,84.7,505,147
10833,,,,8.0,3.0,4.0,77.77,507,150
10834,,,,7.0,2.0,4.0,96.93,602,230
10835,,,,8.0,1.0,3.0,33.18,511,150
10836,,,,6.0,3.0,3.0,50.35,503,121
10837,,,,6.0,3.0,2.0,69.91,506,140
10838,,,,,,,,510,399
10839,,,,6.0,4.0,2.0,,501,N
10840,,,,6.0,2.0,5.0,84.85,601,185
10841,,,,8.0,1.0,,30.06,509,132
10842,,,,,,,0.0,606,120
10843,,,,2.0,1.0,4.0,2.31,601,135
10844,,,,6.0,3.0,3.0,,504,N
10845,,,,8.0,4.0,3.0,43.55,505,115
10846,,,,8.0,4.0,1.0,,503,N
10847,,,,2.0,1.0,3.0,57.72,603,165
10848,,,,6.0,3.0,1.0,23.62,511,141
10849,,,,6.0,3.0,3.0,16.74,510,130
10850,,,,3.0,2.0,1.0,93.42,600,210
10851,,,,6.0,1.0,1.0,,711,123
10852,,,,6.0,4.0,5.0,71.25,501,120
10853,,,,1.0,1.0,3.0,3.81,505,98
10854,,,,8.0,3.0,1.0,,711,118
10855,,,,8.0,5.0,3.0,42.06,505,123
10856,,,,8.0,3.0,3.0,,711,399
10857,,,,8.0,3.0,2.0,39.31,502,112
10858,,,,8.0,,,93.03,603,225
10859,,,,8.0,3.0,4.0,93.27,508,180
10860,,,,6.0,2.0,4.0,99.04,500,172
10861,,,,6.0,2.0,5.0,53.63,506,133
10862,,,,8.0,4.0,2.0,80.59,507,153
10863,,,,7.0,2.0,5.0,69.69,601,180
10864,,,,7.0,2.0,6.0,83.9,510,180
10865,,,,6.0,2.0,3.0,88.31,505,155
10866,,,,,,,41.8,600,145
10867,,,,4.0,4.0,5.0,54.82,503,116
10868,,,,6.0,2.0,3.0,96.7,510,209
10869,,,,1.0,2.0,7.0,,N N,N
10870,,,,,,,,511,230
10871,,,,8.0,4.0,3.0,20.76,503,107
10872,,,,7.0,3.0,4.0,56.83,507,132
10873,,,,6.0,5.0,2.0,66.19,505,126
10874,,,,5.0,3.0,2.0,,507,N
10875,,,,8.0,5.0,1.0,99.29,509,240
10876,,,,4.0,2.0,4.0,62.46,509,152
10877,,,,6.0,3.0,2.0,87.9,509,170
10878,,,,7.0,2.0,4.0,55.75,507,140
10879,,,,8.0,3.0,5.0,87.81,502,145
10880,,,,8.0,3.0,4.0,79.69,506,145
10881,,,,8.0,3.0,3.0,97.19,601,215
10882,,,,5.0,3.0,2.0,97.62,507,190
10883,,,,1.0,4.0,,,N N,N
10884,,,,5.0,3.0,3.0,2.11,600,128
10885,,,,,,,94.37,506,180
10886,,,,6.0,4.0,2.0,33.18,511,150
10887,,,,6.0,2.0,4.0,66.93,505,129
10888,,,,6.0,2.0,4.0,19.64,505,105
10889,,,,6.0,4.0,4.0,52.94,507,130
10890,,,,6.0,4.0,4.0,78.84,504,132
10891,,,,,,,27.25,510,133
10892,,,,,,,34.05,510,133
10893,,,,7.0,4.0,3.0,31.69,511,145
10894,,,,5.0,4.0,3.0,91.51,602,210
10895,,,,,,,23.21,501,103
10896,,,,7.0,5.0,1.0,35.24,504,119
10897,,,,6.0,2.0,3.0,0.16,510,109
10898,,,,6.0,2.0,5.0,62.81,507,130
10899,,,,8.0,2.0,5.0,39.83,507,120
10900,,,,7.0,2.0,5.0,68.87,600,160
10901,,,,8.0,4.0,2.0,99.78,511,305
10902,,,,6.0,2.0,5.0,80.25,502,135
10903,,,,,,,68.83,511,165
10904,,,,1.0,3.0,4.0,44.96,602,170
10905,,,,6.0,2.0,5.0,68.89,511,160
10906,,,,1.0,3.0,,40.55,503,110
10907,,,,,,,84.27,600,169
10908,,,,8.0,5.0,1.0,32.66,508,125
10909,,,,8.0,3.0,5.0,74.35,504,135
10910,,,,,,,,N N,N
10911,,,,4.0,1.0,3.0,61.63,511,165
10912,,,2,6.0,1.0,4.0,94.66,509,182
10913,,,,5.0,1.0,5.0,98.28,506,190
10914,,,,8.0,3.0,1.0,54.18,510,143
10915,,,,8.0,3.0,6.0,88.68,510,185
10916,,,,8.0,5.0,3.0,17.15,602,150
10917,,,,8.0,2.0,5.0,74.42,509,160
10918,,,,5.0,4.0,4.0,,501,N
10919,,,,6.0,4.0,,92.62,509,180
10920,,,,8.0,5.0,2.0,20.13,507,115
10921,,,,8.0,5.0,3.0,85.11,504,135
10922,,,,6.0,4.0,1.0,3.02,509,115
10923,,,,1.0,4.0,3.0,31.69,511,145
10924,,,,6.0,5.0,3.0,70.67,503,130
10925,,,,5.0,1.0,4.0,31.69,511,145
10926,,,,1.0,2.0,4.0,20.04,603,155
10927,,,,8.0,2.0,4.0,79.69,506,145
10928,,,,8.0,,3.0,79.94,504,140
10929,,,,8.0,2.0,3.0,98.61,506,196
10930,,,,6.0,3.0,4.0,59.13,508,138
10931,,,,7.0,1.0,5.0,6.66,511,130
10932,,,,6.0,4.0,3.0,75.84,506,150
10933,,,,8.0,3.0,4.0,48.99,510,150
10934,,,,7.0,4.0,3.0,21.18,507,121
10935,,,,8.0,5.0,3.0,66.75,510,150
10936,,,,8.0,2.0,6.0,66.95,509,150
10937,,,,7.0,3.0,2.0,70.84,502,120
10938,,,,5.0,1.0,5.0,68.33,600,165
10939,,,,6.0,4.0,4.0,95.43,504,178
10940,,,,8.0,1.0,3.0,99.01,602,268
10941,,,,6.0,3.0,,,611,170
10942,,,,8.0,2.0,2.0,58.55,510,155
10943,,,,8.0,5.0,1.0,80.21,508,158
10944,,,,8.0,3.0,3.0,17.86,407,75
10945,,,,5.0,4.0,2.0,85.49,504,140
10946,,,,8.0,3.0,3.0,,508,140
10947,,,,8.0,1.0,1.0,,711,212
10948,,,,8.0,3.0,,99.76,509,280
10949,,,,,,,23.33,511,145
10950,,,,6.0,1.0,4.0,98.58,511,240
10951,,,,6.0,2.0,3.0,21.17,508,125
10952,,,,7.0,2.0,4.0,50.24,505,117
10953,,,,1.0,2.0,4.0,47.28,509,135
10954,,,,6.0,3.0,4.0,90.94,511,186
10955,,,,6.0,4.0,4.0,86.15,601,187
10956,,,,7.0,3.0,3.0,6.55,508,120
10957,,,,2.0,4.0,4.0,,603,210
10958,,,,,,,,601,N
10959,,,,6.0,1.0,5.0,95.21,504,160
10960,,,,1.0,3.0,3.0,35.49,503,105
10961,,,,8.0,1.0,4.0,24.06,409,85
10962,,,,6.0,4.0,3.0,93.96,508,180
10963,,,,6.0,4.0,4.0,78.45,508,155
10964,,,,8.0,1.0,5.0,80.39,501,127
10965,,,,7.0,1.0,4.0,74.8,602,185
10966,,,,8.0,4.0,2.0,84.54,502,140
10967,,,,6.0,4.0,4.0,18.67,502,100
10968,,,,4.0,3.0,2.0,,502,N
10969,,,,1.0,1.0,7.0,1.61,511,115
10970,,,,8.0,4.0,3.0,0.34,504,96
10971,,,,4.0,1.0,4.0,,507,160
10972,,,,8.0,5.0,4.0,12.36,507,120
10973,,,,,,,,N N,N
10974,,,,8.0,3.0,6.0,82.36,605,210
10975,,,,,,,,506,111
10976,,,,5.0,1.0,5.0,15.11,600,145
10977,,,,4.0,4.0,1.0,,509,N
10978,,,,,,,99.03,507,215
10979,,,,8.0,1.0,5.0,0.07,510,107
10980,,,,4.0,5.0,5.0,16.07,501,100
10981,,,,5.0,5.0,7.0,,711,50
10982,,,,8.0,1.0,2.0,,503,N
10983,,,,6.0,3.0,4.0,74.42,507,151
10984,,,,2.0,2.0,1.0,99.27,600,260
10985,,,,8.0,2.0,3.0,51.33,507,135
10986,,,,8.0,3.0,1.0,74.11,509,150
10987,,,,8.0,4.0,2.0,85.01,501,132
10988,,,,,,,75.26,511,170
10989,,,,6.0,1.0,1.0,4.02,505,100
10990,,,,8.0,3.0,6.0,21.85,500,97
10991,,,,6.0,4.0,2.0,74.82,503,130
10992,,,,1.0,1.0,1.0,60.75,605,195
10993,,,,6.0,2.0,5.0,96.67,503,165
10994,,,,6.0,4.0,1.0,,N N,N
10995,,,,,,,,705,114
10996,,,,6.0,2.0,4.0,56.3,500,110
10997,,,,4.0,5.0,1.0,92.95,602,220
10998,,,,,3.0,5.0,96.68,511,199
10999,,,,8.0,3.0,5.0,38.19,507,136
11000,,,,4.0,1.0,1.0,20.54,510,132
11001,,,,3.0,1.0,5.0,38.56,605,181
11002,,,,8.0,2.0,5.0,,N N,N
11003,,,,8.0,4.0,,96.31,508,195
11004,,,,7.0,5.0,6.0,86.06,503,135
11005,,,,1.0,3.0,5.0,66.02,507,141
11006,,,,6.0,3.0,4.0,95.38,509,190
11007,,,,6.0,3.0,3.0,92.06,500,145
11008,,,,4.0,2.0,1.0,,711,100
11009,,,,1.0,,,16.85,500,95
11010,,,,6.0,1.0,5.0,49.99,506,138
11011,,,,5.0,2.0,5.0,98.06,504,194
11012,,,,8.0,4.0,2.0,97.18,504,193
11013,,,,6.0,1.0,3.0,57.32,503,120
11014,,,,6.0,4.0,3.0,53.97,504,120
11015,,,,5.0,3.0,2.0,30.7,506,120
11016,,,,6.0,4.0,3.0,96.56,503,175
11017,,,,3.0,5.0,4.0,,501,N
11018,,,,6.0,4.0,1.0,33.67,503,110
11019,,,,6.0,3.0,3.0,15.99,503,100
11020,,,,6.0,5.0,2.0,63.8,504,128
11021,,,,4.0,4.0,4.0,94.99,507,182
11022,,,,6.0,1.0,3.0,73.91,504,130
11023,,,,5.0,2.0,,,504,N
11024,,,,,,,,402,105
11025,,,,8.0,2.0,1.0,90.79,505,156
11026,,,,6.0,3.0,5.0,,507,N
11027,,,,,,,89.79,505,150
11028,,,,6.0,3.0,2.0,66.16,501,117
11029,,,,3.0,4.0,3.0,38.43,501,105
11030,,,,5.0,2.0,1.0,94.87,601,215
11031,,,,,,,98.16,507,200
11032,,,,8.0,4.0,4.0,76.16,506,145
11033,,,,6.0,4.0,2.0,98.51,506,194
11034,,,,6.0,2.0,4.0,96.79,511,205
11035,,,,6.0,1.0,2.0,88.76,601,186
11036,,,,8.0,5.0,1.0,79.89,510,163
11037,,,,8.0,5.0,2.0,35.67,504,115
11038,,,,8.0,5.0,5.0,99.62,605,330
11039,,,,6.0,2.0,3.0,33.2,508,126
11040,,,,6.0,5.0,2.0,,503,N
11041,,Male ,,4.0,3.0,2.0,31.68,411,98
11042,,,,8.0,3.0,3.0,6.36,411,83
11043,,,,8.0,3.0,4.0,81.94,504,145
11044,,,,6.0,2.0,1.0,,503,N
11045,,,,6.0,2.0,6.0,74.52,504,132
11046,,,,8.0,1.0,1.0,64.26,508,145
11047,,,,6.0,3.0,1.0,99.6,603,310
11048,,,,8.0,3.0,5.0,78.27,502,122
11049,,,,2.0,4.0,1.0,,506,N
11050,,,,8.0,3.0,5.0,89.17,505,160
11051,,,,4.0,3.0,,90.44,604,200
11052,,,,6.0,4.0,5.0,48.67,506,125
11053,,,,8.0,2.0,4.0,84.46,500,120
11054,,,,7.0,4.0,4.0,96.12,511,195
11055,,,,6.0,3.0,7.0,84.39,602,196
11056,,,,8.0,4.0,2.0,,505,N
11057,,,,7.0,4.0,2.0,78.01,501,122
11058,,,,6.0,5.0,1.0,,501,135
11059,,,,8.0,5.0,3.0,96.15,407,135
11060,,,,8.0,1.0,5.0,47.22,505,120
11061,,,,5.0,2.0,3.0,99.37,508,238
11062,,,,6.0,5.0,2.0,40.89,510,132
11063,,,,8.0,4.0,2.0,,500,120
11064,,,,7.0,2.0,4.0,97.07,511,212
11065,,,,6.0,1.0,4.0,56.3,500,110
11066,,,,8.0,5.0,,99.32,509,275
11067,,,,6.0,4.0,5.0,70.32,504,129
11068,,,,6.0,2.0,5.0,78.09,600,162
11069,,,,8.0,3.0,3.0,79.69,506,145
11070,,,,8.0,2.0,2.0,47.16,507,136
11071,,,,6.0,1.0,7.0,18.94,504,110
11072,,,,8.0,3.0,6.0,85.49,504,140
11073,,,,8.0,5.0,2.0,37.58,506,120
11074,,,,6.0,4.0,1.0,87.98,507,160
11075,,,,8.0,2.0,2.0,72.86,600,163
11076,,,,8.0,3.0,3.0,98.44,507,235
11077,,,,6.0,1.0,2.0,43.95,508,135
11078,,,,5.0,2.0,2.0,76.45,505,135
11079,,,,6.0,2.0,3.0,99.3,508,235
11080,,,,6.0,2.0,4.0,,505,135
11081,,,,8.0,4.0,4.0,88.02,509,165
11082,,,,6.0,4.0,2.0,41.49,511,145
11083,,,,6.0,3.0,3.0,39.63,600,150
11084,,,,8.0,4.0,4.0,97.32,504,178
11085,,,,8.0,1.0,4.0,87.47,507,155
11086,,,,8.0,1.0,1.0,12.54,504,102
11087,,,,8.0,4.0,2.0,37.7,504,113
11088,,,,6.0,2.0,3.0,69.18,508,148
11089,,,,8.0,1.0,2.0,13.26,502,95
11090,,,,6.0,3.0,5.0,98.35,600,235
11091,,,,6.0,3.0,6.0,69.55,504,125
11092,,,,,,,,506,146
11093,,,,5.0,3.0,2.0,5.86,511,121
11094,,,,6.0,3.0,3.0,68.36,503,126
11095,,,,6.0,1.0,5.0,3.52,502,87
11096,,,,6.0,5.0,2.0,55.34,503,116
11097,,,,8.0,2.0,4.0,74.24,503,130
11098,,,,6.0,2.0,2.0,83.88,506,142
11099,,,,6.0,3.0,3.0,48.4,502,109
11100,,,,8.0,4.0,1.0,89.96,502,140
11101,,,,6.0,3.0,3.0,62.21,507,141
11102,,,,6.0,3.0,3.0,20.46,602,152
11103,,,,6.0,1.0,4.0,88.95,503,135
11104,,,,8.0,4.0,2.0,99.32,500,230
11105,,,,6.0,5.0,3.0,91.21,505,165
11106,,,,8.0,5.0,2.0,45.62,508,131
11107,,,,8.0,3.0,4.0,62.41,602,170
11108,,,,6.0,1.0,5.0,32.5,502,100
11109,,,,2.0,2.0,4.0,98.14,602,240
11110,,,,6.0,2.0,4.0,25.05,601,145
11111,,,,8.0,3.0,2.0,96.56,508,183
11112,,,,6.0,3.0,3.0,98.66,511,230
11113,,,,6.0,2.0,6.0,94.67,505,178
11114,,,,8.0,4.0,6.0,96.71,502,165
11115,,,,8.0,3.0,3.0,,506,190
11116,,,,8.0,4.0,2.0,99.47,509,277
11117,,,,7.0,2.0,6.0,35.74,509,130
11118,,,,1.0,2.0,3.0,95.68,507,185
11119,,,,1.0,3.0,2.0,98.53,504,183
11120,,,,6.0,3.0,,52.56,503,115
11121,,,,6.0,2.0,5.0,51.94,506,122
11122,,,,8.0,2.0,2.0,,511,140
11123,,,,8.0,4.0,2.0,91.88,411,135
11124,,,,8.0,4.0,3.0,25.57,503,105
11125,,,,6.0,4.0,1.0,,504,N
11126,,,,6.0,4.0,3.0,93.89,508,175
11127,,,,6.0,2.0,4.0,99.52,507,240
11128,,,,5.0,2.0,4.0,,601,150
11129,,,,6.0,2.0,,31.95,600,150
11130,,,,6.0,3.0,4.0,79.04,509,164
11131,,,,5.0,3.0,3.0,92.41,504,161
11132,,,,7.0,4.0,3.0,84.51,509,170
11133,,,,,,,70.18,601,170
11134,,,,1.0,3.0,3.0,,510,185
11135,,,,6.0,1.0,5.0,93.52,600,205
11136,,,,8.0,4.0,5.0,,501,N
11137,,,,7.0,2.0,2.0,36.86,509,135
11138,,,,8.0,1.0,3.0,86.9,602,200
11139,,,,8.0,4.0,3.0,64.21,503,128
11140,,,,8.0,3.0,5.0,81.55,508,158
11141,,,,6.0,3.0,3.0,94.74,504,170
11142,,,,7.0,1.0,4.0,52.25,600,165
11143,,,,8.0,1.0,2.0,,511,120
11144,,,,4.0,1.0,4.0,93.82,510,195
11145,,,,7.0,3.0,2.0,71.45,509,153
11146,,,,8.0,4.0,3.0,96.53,506,203
11147,,,,8.0,2.0,1.0,5.04,506,115
11148,,,,7.0,4.0,3.0,94.79,500,155
11149,,,,6.0,3.0,1.0,97.12,500,158
11150,,,,7.0,4.0,2.0,85.17,509,175
11151,,,,6.0,3.0,4.0,,602,167
11152,,,,6.0,4.0,6.0,82.96,504,140
11153,,,,8.0,2.0,2.0,32.93,503,112
11154,,,,6.0,4.0,,92.9,501,147
11155,,,,7.0,4.0,5.0,56.72,507,140
11156,,,,2.0,1.0,5.0,36.32,508,140
11157,,,,4.0,1.0,4.0,49.36,601,167
11158,,,,8.0,1.0,1.0,79.93,509,155
11159,,,,6.0,4.0,4.0,94.79,505,170
11160,,,,6.0,4.0,4.0,98.11,504,215
11161,,,,8.0,3.0,2.0,81.38,507,157
11162,,,,6.0,4.0,4.0,56.72,507,140
11163,,,,6.0,4.0,3.0,52.01,505,125
11164,,,,8.0,3.0,3.0,75.4,511,175
11165,,,,6.0,5.0,1.0,6.28,508,116
11166,,,,3.0,4.0,,98.92,505,230
11167,,,,8.0,3.0,3.0,74.59,502,130
11168,,,,8.0,2.0,5.0,75.51,602,191
11169,,,,6.0,2.0,4.0,87.48,503,150
11170,,,,8.0,4.0,1.0,87.6,504,150
11171,,,,6.0,3.0,1.0,98.87,502,215
11172,,,,1.0,3.0,2.0,0.52,604,140
11173,,,,8.0,3.0,3.0,59.21,504,130
11174,,,,6.0,2.0,3.0,82.19,503,140
11175,,,,6.0,4.0,4.0,78.75,508,160
11176,,,,4.0,3.0,3.0,12.29,600,139
11177,,,,6.0,3.0,5.0,72.11,411,117
11178,,,,6.0,4.0,4.0,43.19,506,130
11179,,,,1.0,1.0,1.0,95.49,509,200
11180,,,,7.0,3.0,4.0,71.86,507,140
11181,,,,6.0,3.0,4.0,63.81,507,142
11182,,,,6.0,5.0,6.0,40.93,600,159
11183,,,,6.0,4.0,1.0,15.8,509,133
11184,,,,6.0,1.0,2.0,64.26,508,145
11185,,,,8.0,2.0,,94.71,600,215
11186,,,,1.0,2.0,4.0,99.54,511,270
11187,,,,6.0,4.0,2.0,,604,N
11188,,,,6.0,4.0,4.0,2.0,500,81
11189,,,,5.0,4.0,3.0,90.43,503,150
11190,,,,6.0,1.0,1.0,74.19,505,135
11191,,,,8.0,2.0,4.0,51.29,501,110
11192,,,,6.0,3.0,4.0,96.26,503,168
11193,,,,,,7.0,96.58,600,220
11194,,,,1.0,2.0,7.0,66.69,601,162
11195,,,,7.0,4.0,5.0,,600,250
11196,,,,8.0,3.0,2.0,88.32,602,197
11197,,,,4.0,1.0,,62.64,604,185
11198,,,,6.0,4.0,4.0,70.76,509,145
11199,,,,8.0,2.0,3.0,63.1,509,150
11200,,,,6.0,5.0,4.0,85.48,506,148
11201,,,,6.0,3.0,4.0,65.01,507,140
11202,,,,7.0,3.0,6.0,52.12,507,125
11203,,,,6.0,2.0,,69.87,506,140
11204,,,,8.0,2.0,7.0,62.69,504,121
11205,,,,8.0,3.0,,47.25,508,135
11206,,,,8.0,5.0,2.0,33.65,506,115
11207,,,,6.0,1.0,6.0,,506,N
11208,,,,6.0,3.0,4.0,26.49,509,125
11209,,,,5.0,2.0,3.0,,511,136
11210,,,,8.0,5.0,6.0,96.65,601,210
11211,,,,7.0,4.0,1.0,39.01,602,162
11212,,,,6.0,2.0,2.0,73.47,511,160
11213,,,,8.0,4.0,4.0,52.01,505,125
11214,,,,6.0,3.0,,86.52,505,155
11215,,,,6.0,1.0,4.0,52.83,503,115
11216,,,,2.0,2.0,7.0,,N N,N
11217,,,,6.0,4.0,4.0,93.54,509,180
11218,,,,5.0,3.0,4.0,78.35,506,150
11219,,,,8.0,3.0,1.0,99.06,600,260
11220,,,,6.0,4.0,4.0,,504,N
11221,,,,6.0,1.0,4.0,,503,122
11222,,,,6.0,4.0,6.0,36.42,506,125
11223,,,,8.0,3.0,4.0,68.8,504,128
11224,,,,6.0,1.0,2.0,67.53,503,130
11225,,,,8.0,3.0,3.0,,503,100
11226,,,,8.0,4.0,3.0,89.23,507,170
11227,,,,6.0,2.0,2.0,80.6,511,170
11228,,,,6.0,2.0,4.0,94.45,503,170
11229,,,,6.0,4.0,4.0,85.29,505,150
11230,,,,6.0,2.0,4.0,73.72,510,160
11231,,,,6.0,1.0,4.0,16.65,509,120
11232,,,,6.0,5.0,4.0,58.23,504,125
11233,,,,5.0,2.0,5.0,,504,N
11234,,,,6.0,2.0,4.0,99.3,606,315
11235,,,,6.0,1.0,5.0,84.46,509,160
11236,,,,5.0,3.0,3.0,98.03,508,240
11237,,,,5.0,4.0,3.0,99.47,509,250
11238,,,,6.0,4.0,2.0,35.11,509,135
11239,,,,8.0,1.0,3.0,85.18,600,176
11240,,,,5.0,1.0,4.0,9.6,600,137
11241,,,,6.0,2.0,4.0,76.16,506,145
11242,,,,4.0,3.0,5.0,50.87,502,110
11243,,,,6.0,4.0,4.0,98.41,411,170
11244,,,,6.0,2.0,4.0,70.29,603,185
11245,,,,7.0,4.0,4.0,85.87,501,130
11246,,,,6.0,2.0,5.0,78.43,605,205
11247,,,,7.0,2.0,3.0,58.07,510,145
11248,,,,8.0,2.0,5.0,74.05,510,170
11249,,,,5.0,3.0,5.0,84.28,504,145
11250,,,,6.0,2.0,4.0,29.93,504,115
11251,,,,6.0,3.0,4.0,80.07,503,135
11252,,,,5.0,2.0,4.0,86.72,505,145
11253,,,,6.0,3.0,5.0,80.08,502,130
11254,,,,6.0,3.0,4.0,51.33,507,135
11255,,,,3.0,,,,400,70
11256,,,,8.0,1.0,5.0,,504,N
11257,,,,7.0,1.0,5.0,54.82,505,120
11258,,,,1.0,3.0,4.0,76.42,507,148
11259,,,,5.0,3.0,2.0,,501,N
11260,,,,8.0,2.0,4.0,63.66,603,180
11261,,,,8.0,3.0,3.0,99.77,600,320
11262,,,,,,,61.82,602,175
11263,,,,6.0,4.0,1.0,74.22,506,140
11264,,,,6.0,1.0,5.0,38.6,408,90
11265,,,,3.0,2.0,5.0,,504,N
11266,,,,8.0,3.0,1.0,7.0,500,90
11267,,,,8.0,5.0,1.0,95.59,507,190
11268,,,,,3.0,1.0,,501,N
11269,,,,6.0,2.0,3.0,25.61,602,145
11270,,,,1.0,5.0,7.0,58.19,509,145
11271,,,,4.0,1.0,6.0,87.44,507,150
11272,,,,8.0,5.0,1.0,,711,399
11273,,,,1.0,1.0,1.0,41.68,504,115
11274,,,,6.0,3.0,2.0,99.74,601,310
11275,,,,,,,15.4,509,129
11276,,,,6.0,2.0,2.0,41.73,504,111
11277,,,,6.0,3.0,3.0,46.22,511,152
11278,,,,6.0,3.0,3.0,91.68,504,155
11279,,,,6.0,1.0,4.0,86.46,505,140
11280,,,,8.0,4.0,6.0,91.42,508,182
11281,,,,,,,,N N,130
11282,,,,,,,98.04,600,230
11283,,,,6.0,1.0,3.0,98.85,511,235
11284,,,,6.0,4.0,1.0,51.57,505,130
11285,,,,6.0,1.0,6.0,83.3,500,125
11286,,,,1.0,5.0,5.0,68.87,600,160
11287,,,,,,,97.97,506,193
11288,,,,,,,,509,N
11289,,,,6.0,1.0,3.0,,502,N
11290,,,,8.0,2.0,3.0,62.28,506,140
11291,,,,4.0,3.0,4.0,76.49,506,140
11292,,,,4.0,4.0,3.0,59.83,506,130
11293,,,,6.0,1.0,3.0,99.22,510,245
11294,,,,,1.0,,61.13,511,160
11295,,,,5.0,1.0,5.0,81.53,508,148
11296,,,,,,,66.29,503,129
11297,,,,6.0,3.0,,99.09,500,224
11298,,,,6.0,5.0,1.0,76.45,500,113
11299,,,,,,,90.31,500,138
11300,,,,6.0,3.0,,99.09,509,230
11301,,,,,,,70.84,502,120
11302,,,,,,,73.72,510,160
11303,,,,6.0,3.0,4.0,91.84,503,160
11304,,,,1.0,1.0,1.0,61.7,501,112
11305,,,,8.0,3.0,,34.47,504,120
11306,,,,1.0,3.0,6.0,39.13,502,108
11307,,,,6.0,4.0,2.0,98.35,502,185
11308,,,,5.0,3.0,4.0,99.04,606,295
11309,,,,,,,54.41,507,135
11310,,,,8.0,4.0,2.0,95.77,503,160
11311,,,,7.0,4.0,3.0,50.57,500,103
11312,,,,6.0,4.0,2.0,70.02,500,112
11313,,,,7.0,2.0,4.0,89.65,602,194
11314,,,,6.0,1.0,7.0,45.92,502,108
11315,,,,6.0,4.0,5.0,0.55,503,86
11316,,,,6.0,1.0,5.0,97.62,507,190
11317,,,,7.0,2.0,4.0,21.46,505,110
11318,,,,7.0,3.0,4.0,92.71,411,130
11319,,,,4.0,1.0,4.0,84.98,511,170
11320,,,,1.0,2.0,3.0,78.96,511,163
11321,,,,8.0,4.0,3.0,83.42,505,144
11322,,,,8.0,3.0,2.0,,506,N
11323,,,,8.0,4.0,4.0,,508,N
11324,,,,6.0,4.0,3.0,93.85,503,160
11325,,,,8.0,1.0,5.0,20.57,511,135
11326,,,,6.0,2.0,3.0,84.46,509,160
11327,,,,8.0,4.0,4.0,71.89,508,145
11328,,,,8.0,5.0,1.0,67.86,502,115
11329,,,,6.0,5.0,3.0,7.63,510,124
11330,,,,6.0,3.0,3.0,52.01,505,125
11331,,,,8.0,3.0,2.0,98.21,510,220
11332,,,,,,,,503,399
11333,,,,6.0,1.0,4.0,37.55,510,140
11334,,,,8.0,4.0,1.0,25.3,511,135
11335,,,,7.0,2.0,3.0,65.43,600,163
11336,,,,,,,,503,N
11337,,,,6.0,3.0,5.0,61.79,505,130
11338,,,,8.0,3.0,,74.86,507,140
11339,,,,8.0,3.0,3.0,31.38,600,145
11340,,,,6.0,1.0,4.0,47.96,510,140
11341,,,,8.0,3.0,,67.86,502,115
11342,,,,8.0,4.0,5.0,74.22,509,145
11343,,,,6.0,3.0,3.0,96.13,508,185
11344,,,,7.0,3.0,3.0,72.47,501,118
11345,,,,8.0,3.0,3.0,51.71,600,155
11346,,,,6.0,1.0,5.0,57.49,509,135
11347,,,,8.0,4.0,4.0,69.91,506,140
11348,,,,8.0,,1.0,76.64,509,157
11349,,,,6.0,3.0,3.0,59.83,506,130
11350,,,,6.0,1.0,1.0,98.39,507,200
11351,,,,8.0,1.0,5.0,,N N,N
11352,,,,8.0,3.0,3.0,56.78,506,132
11353,,,,6.0,4.0,2.0,66.09,502,120
11354,,,,6.0,4.0,4.0,83.07,503,135
11355,,,,8.0,3.0,3.0,93.82,506,160
11356,,,,8.0,4.0,3.0,72.71,601,172
11357,,,,6.0,3.0,4.0,0.22,502,80
11358,,,,8.0,5.0,5.0,37.1,501,106
11359,,,,6.0,2.0,3.0,63.51,508,135
11360,,,,5.0,4.0,,13.06,504,105
11361,,,,7.0,3.0,4.0,21.17,501,96
11362,,,,8.0,,4.0,62.32,501,115
11363,,,,8.0,4.0,2.0,73.45,503,123
11364,,,,8.0,1.0,4.0,94.03,511,190
11365,,,,8.0,4.0,,,500,N
11366,,,,6.0,3.0,3.0,87.91,601,190
11367,,,,6.0,1.0,3.0,52.31,504,115
11368,,,,1.0,4.0,1.0,81.08,603,190
11369,,,,6.0,4.0,3.0,63.19,503,123
11370,,,,6.0,3.0,4.0,42.24,501,101
11371,,,,6.0,,,35.53,504,109
11372,,,,8.0,1.0,3.0,44.42,506,123
11373,,,,8.0,3.0,3.0,50.84,509,140
11374,,,,6.0,1.0,4.0,31.38,600,145
11375,,,,8.0,5.0,1.0,59.47,503,115
11376,,,,7.0,4.0,1.0,10.59,505,112
11377,,,,,,,89.66,509,178
11378,,,,1.0,1.0,2.0,83.57,508,165
11379,,,,8.0,4.0,1.0,10.15,502,98
11380,,,,6.0,4.0,2.0,,503,N
11381,,,,8.0,3.0,3.0,75.73,601,180
11382,,,,6.0,2.0,4.0,68.33,600,165
11383,,,,6.0,5.0,2.0,94.32,508,198
11384,,,,2.0,4.0,,79.52,510,175
11385,,,,6.0,3.0,2.0,17.58,506,120
11386,,,,7.0,3.0,5.0,88.61,504,155
11387,,,,6.0,2.0,4.0,23.1,508,130
11388,,,,6.0,3.0,2.0,33.67,503,110
11389,,,,8.0,5.0,1.0,,709,399
11390,,,,5.0,1.0,1.0,8.45,600,140
11391,,,,6.0,2.0,5.0,,502,N
11392,,,,7.0,4.0,4.0,65.89,506,140
11393,,,,8.0,4.0,1.0,,506,110
11394,,,,7.0,4.0,4.0,99.41,602,290
11395,,,,6.0,3.0,6.0,90.01,505,165
11396,,,,7.0,3.0,2.0,70.79,504,135
11397,,,,3.0,,4.0,39.56,606,180
11398,,,,7.0,3.0,4.0,21.09,506,120
11399,,,,6.0,5.0,2.0,18.12,510,135
11400,,,,5.0,3.0,2.0,7.94,510,132
11401,,,,8.0,4.0,3.0,57.32,503,120
11402,,,,6.0,4.0,4.0,67.03,510,158
11403,,,,6.0,,1.0,69.43,505,139
11404,,,,7.0,3.0,2.0,56.97,505,132
11405,,,,6.0,1.0,3.0,72.6,508,155
11406,,,,6.0,,3.0,61.82,602,175
11407,,,,7.0,3.0,2.0,66.67,510,155
11408,,,,1.0,2.0,5.0,,700,N
11409,,,,7.0,4.0,4.0,40.44,503,115
11410,,,,6.0,3.0,,57.02,505,130
11411,,,,6.0,3.0,4.0,56.79,508,140
11412,,,,8.0,1.0,5.0,96.14,511,210
11413,,,,,5.0,3.0,62.71,601,175
11414,,,,4.0,1.0,,81.86,503,142
11415,,,,6.0,4.0,2.0,,508,158
11416,,,,6.0,2.0,5.0,74.89,509,165
11417,,,,6.0,3.0,4.0,38.19,509,140
11418,,,,7.0,4.0,1.0,96.91,505,200
11419,,,,8.0,2.0,4.0,36.05,505,118
11420,,,,6.0,3.0,3.0,88.17,507,170
11421,,,,6.0,,4.0,83.84,510,175
11422,,,,6.0,3.0,2.0,41.98,504,120
11423,,,,8.0,4.0,1.0,27.25,509,135
11424,,,,6.0,2.0,3.0,72.36,507,145
11425,,,,6.0,2.0,3.0,59.4,511,159
11426,,,,2.0,1.0,1.0,97.23,506,200
11427,,,,8.0,5.0,1.0,16.86,500,93
11428,,,,7.0,,,79.94,504,140
11429,,,,8.0,,,,508,
11430,,,,4.0,,,82.88,503,138
11431,,,,8.0,,,,508,
11432,,,,8.0,,,82.8,509,165
11433,,,,8.0,,,28.6,503,108
11434,,,,7.0,,,98.75,600,240
11435,,,,8.0,,,45.44,502,108
11436,,,,,,,42.91,505,118
11437,,,,,,,,500,097
11438,,,,8.0,,,56.03,506,125
11439,,,,8.0,,,33.67,503,110
11440,,,,6.0,,,88.39,501,130
11441,,,,7.0,,,76.51,504,130
11442,,,,6.0,,,92.05,504,156
11443,,,,2.0,,,71.53,507,135
11444,,,,6.0,,,14.28,510,120
11445,,,,1.0,,,92.48,600,191
11446,,,,8.0,,,,510,
11447,,,,8.0,,,79.93,509,155
11448,,,,6.0,,,43.54,508,130
11449,,,,6.0,,,48.71,604,165
11450,,,,8.0,,,,506,130
11451,,,,1.0,,,,511,399
11452,,,,3.0,,,97.37,510,210
11453,,,,8.0,,,98.92,604,276
11454,,,,8.0,,,84.41,509,165
11455,,,,8.0,,,82.96,504,140
11456,,,,1.0,,,77.8,601,171
11457,,,,1.0,,,72.14,508,150
11458,,,,1.0,,,65.43,600,163
11459,,,,1.0,,,42.64,503,115
11460,,,,6.0,,,48.32,510,145
11461,,,,7.0,,,94.14,509,180
11462,,,,8.0,,,54.18,511,150
11463,,,,6.0,,,74.11,509,150
11464,,,,8.0,,,99.82,601,335
11465,,,,8.0,,,59.6,507,133
11466,,,,6.0,,,5.53,504,100
11467,,,,5.0,,,46.48,507,130
11468,,,,6.0,,,,,
11469,,,,6.0,,,61.05,504,135
11470,,,,,,,39.76,505,122
11471,,,,6.0,,,55.44,600,157
11472,,,,6.0,,,75.74,501,117
11473,,,,7.0,,,93.61,500,140
11474,,,,6.0,,,67.0,505,130
11475,,,,6.0,,,5.84,505,100
11476,,,,8.0,,,63.74,501,113
11477,,,,8.0,,,15.43,505,103
11478,,,,1.0,,,47.28,509,135
11479,,,,7.0,,,33.65,506,115
11480,,,,8.0,,,70.27,506,137
11481,,,,8.0,,,96.1,501,152
11482,,,,2.0,,,49.79,505,121
11483,,,,1.0,,,73.29,411,108
11484,,,,6.0,,,64.49,407,090
11485,,,,6.0,,,,5,080
11486,,,,4.0,,,98.78,510,228
11487,,,,8.0,,,71.36,604,180
11488,,,,6.0,,,80.88,511,165
11489,,,,,,,87.17,508,165
11490,,,,1.0,,,96.27,504,165
11491,,,,6.0,,,98.02,509,230
11492,,,,6.0,,,50.87,502,110
11493,,,,2.0,,,34.04,506,115
11494,,,,6.0,,,59.02,503,118
11495,,,,4.0,,,58.19,509,145
11496,,,,5.0,,,0.02,509,095
11497,,,,2.0,,,87.19,501,135
11498,,,,8.0,,,,,
11499,,,,7.0,,,,502,
11500,,,,5.0,,,,511,140
11501,,,,6.0,,,,500,
11502,,,,1.0,,,80.27,509,165
11503,,,,8.0,,,27.78,503,105
11504,,,,4.0,,,45.69,510,145
11505,,,,1.0,,,,502,
11506,,,,6.0,,,98.52,503,196
11507,,,,6.0,,,21.29,503,105
11508,,,,1.0,,,81.52,511,171
11509,,,,1.0,,,99.04,506,235
11510,,,,6.0,,,41.49,511,145
11511,,,,6.0,,,86.69,504,145
11512,,,,8.0,,,98.55,508,222
11513,,,,2.0,,,90.5,507,165
11514,,,,8.0,,,83.22,500,122
11515,,,,7.0,,,90.08,602,195
11516,,,,6.0,,,85.36,500,121
11517,,,,1.0,,,47.96,510,140
11518,,,,7.0,,,73.92,504,128
11519,,,,1.0,,,94.43,502,148
11520,,,,1.0,,,62.48,508,140
11521,,,,8.0,,,,5,110
11522,,,,6.0,,,24.51,502,097
11523,,,,8.0,,,99.05,503,245
11524,,,,,,,89.7,506,155
11525,,,,4.0,,,97.74,508,206
11526,,,,1.0,,,98.06,502,163
11527,,,,8.0,,,67.03,508,137
11528,,,,8.0,,,,508,
11529,,,,8.0,,,71.46,506,141
11530,,,,7.0,,,27.78,503,105
11531,,,,6.0,,,94.78,503,164
11532,,,,8.0,,,97.5,500,145
11533,,,,6.0,,,37.26,601,146
11534,,,,2.0,,,96.7,506,178
11535,,,,1.0,,,27.22,500,092
11536,,,,6.0,,,,411,115
11537,,,,,,,98.66,511,230
11538,,,,6.0,,,90.53,602,190
11539,,,,8.0,,,89.14,504,145
11540,,,,8.0,,,96.73,510,200
11541,,,,8.0,,,61.88,502,115
11542,,,,8.0,,,,504,110
11543,,,,8.0,,,,501,115
11544,,,,8.0,,,,503,350
11545,,,,8.0,,,13.46,511,125
11546,,,,6.0,,,36.9,510,135
11547,,,,6.0,,,89.52,504,150
11548,,,,6.0,,,86.12,411,125
11549,,,,7.0,,,86.69,504,145
11550,, male,,6.0,,,56.79,508,140
11551,,,,4.0,,,69.16,511,155
11552,,,,6.0,,,67.4,502,113
11553,,,,7.0,,,44.31,504,120
11554,,,,6.0,,,54.99,508,139
11555,,,,6.0,,,72.59,506,142
11556,,,,1.0,,,11.91,511,130
11557,,,,7.0,,,,506,111
11558,,,,6.0,,,50.78,509,145
11559,,,,8.0,,,76.64,509,157
11560,,,,8.0,,,63.74,501,113
11561,,,,3.0,,,95.37,507,170
11562,,,,4.0,,,54.82,504,116
11563,,,,8.0,,,98.48,508,220
11564,,,,5.0,,,98.08,503,181
11565,,,,6.0,,,44.3,502,110
11566,,,,6.0,,,98.18,602,245
11567,,,,7.0,,,,502,
11568,,,,6.0,,,82.38,511,172
11569,,,,6.0,,,7.4,503,100
11570,,,,6.0,,,,507,150
11571,,,,6.0,,,84.41,601,187
11572,,,,6.0,,,91.93,503,150
11573,,,,6.0,,,81.55,411,120
11574,,,,1.0,,,91.93,503,150
11575,,,,6.0,,,37.55,510,140
11576,,,,6.0,,,0.65,510,113
11577,,,,6.0,,,91.21,505,165
11578,,,,6.0,,,94.8,502,158
11579,,,,6.0,,,97.37,509,203
11580,,,,8.0,,,60.48,600,165
11581,,,,6.0,,,3.02,509,115
11582,,,,6.0,,,78.11,504,135
11583,,,,7.0,,,87.62,508,169
11584,,,,5.0,,,92.66,603,218
11585,,,,6.0,,,,508,000
11586,,,,8.0,,,68.46,601,174
11587,,,,6.0,,,83.57,502,127
11588,,,,1.0,,,57.56,511,148
11589,,,,8.0,,,90.29,508,175
11590,,,,1.0,,,99.06,502,198
11591,,,,2.0,,,60.48,600,165
11592,,,,4.0,,,5.21,506,100
11593,,,,1.0,,,98.48,506,200
11594,,,,8.0,,,21.96,508,120
11595,,,,3.0,,,98.26,507,215
11596,,,,7.0,,,63.35,509,143
11597,,,,7.0,,,10.02,504,102
11598,,,,6.0,,,56.13,502,115
11599,,,,8.0,,,57.02,505,130
11600,,,,8.0,,,,504,123
11601,,,,7.0,,,15.42,507,110
11602,,,,1.0,,,,507,
11603,,,,3.0,,,3.33,506,101
11604,,,,6.0,,,71.86,507,140
11605,,,,,,,79.58,510,160
11606,,,,8.0,,,30.05,500,098
11607,, male,,6.0,,,87.4,600,185
11608,,,,2.0,,,,,
11609,,,,8.0,,,,,
11610,,,,6.0,,,66.75,510,150
11611,,,,8.0,,,,,
11612,,,,6.0,,,,,
11613,,,,1.0,,,58.31,506,142
11614,,,,8.0,,,88.45,600,195
11615,,,,6.0,,,90.52,508,166
11616,,,,6.0,,,2.86,505,102
11617,,,,1.0,,,13.33,505,110
11618,,,,6.0,,,5.46,510,122
11619,,,,7.0,,,58.23,504,125
11620,,,,6.0,,,71.5,510,148
11621,,,,1.0,,,53.03,506,127
11622,,,,5.0,,,69.88,507,140
11623,,,,7.0,,,16.01,508,120
11624,,,,1.0,,,,7,001
11625,,,,1.0,,,30.3,504,110
11626,,,,8.0,,,46.58,506,127
11627,,,,7.0,,,55.63,511,152
11628,,,,,,,,,
11629,,,,6.0,,,,609,069
11630,,,,,,,7.78,510,120
11631,,,,5.0,,,95.84,601,220
11632,,,,8.0,,,27.31,600,152
11633,,,,1.0,,,,506,138
11634,,,,8.0,,,25.43,504,108
11635,,,,6.0,,,54.65,601,170
11636,,,,4.0,,,43.19,506,130
11637,,,,1.0,,,77.32,510,170
11638,,,,8.0,,,49.07,504,125
11639,,,,6.0,,,3.66,508,115
11640,,,,7.0,,,,,
11641,,,,8.0,,,,,
11642,,,,3.0,,,,,
11643,,,,6.0,,,,,
11644,,,,,,,7.33,508,113
11645,,,,8.0,,,47.72,510,135
11646,,,,2.0,,,86.91,503,149
11647,,,,8.0,,,96.4,503,169
11648,,,,,,,98.77,508,215
11649,,,,6.0,,,84.46,509,160
11650,,,,6.0,,,,,
11651,,,,7.0,,,88.95,506,162
11652,,,,6.0,,,,,
11653,,,,1.0,,,78.78,601,172
11654,,,,6.0,,,79.4,509,157
11655,,,,5.0,,,30.83,508,125
11656,,,,8.0,,,99.41,503,250
11657,,,,6.0,,,64.93,511,147
11658,,,,8.0,,,85.79,507,152
11659,,,,,,,66.59,600,153
11660,,,,6.0,,,58.12,504,122
11661,,,,1.0,,,44.9,507,122
11662,,,,,,,95.11,501,147
11663,,,,8.0,,,97.49,509,200
11664,,,,6.0,,,84.5,503,140
11665,,,,7.0,,,32.35,508,130
11666,,,,7.0,,,99.22,600,259
11667,,,,8.0,,,99.49,510,260
11668,,,,6.0,,,,508,
11669,,,,7.0,,,38.07,509,131
11670,,,,6.0,,,16.31,503,105
11671,,,,8.0,,,65.72,502,117
11672,,,,6.0,,,98.91,409,185
11673,,,,1.0,,,71.89,508,150
11674,,,,3.0,,,15.1,501,098
11675,,,,6.0,,,80.64,601,174
11676,,,,7.0,,,0.81,600,124
11677,,,,,,,76.16,506,145
11678,,,,,,,87.37,510,175
11679,,,,5.0,,,41.98,504,120
11680,,,,7.0,,,78.66,505,145
11681,,,,6.0,,,47.58,504,120
11682,,,,6.0,,,92.19,510,190
11683,,,,8.0,,,12.92,506,110
11684,,,,8.0,,,99.93,411,268
11685,,,,6.0,,,99.21,510,243
11686,,,,8.0,,,45.53,509,134
11687,,,,8.0,,,92.37,505,155
11688,,,,8.0,,,92.11,500,132
11689,,,,6.0,,,89.76,503,145
11690,,,,2.0,,,1.62,506,101
11691,,,,6.0,,,90.14,504,155
11692,,,,6.0,,,,504,118
11693,,,,8.0,,,74.26,503,127
11694,,,,8.0,,,80.19,504,137
11695,,,,2.0,,,53.25,507,130
11696,,,,6.0,,,88.3,502,137
11697,,,,6.0,,,8.61,500,089
11698,,,,8.0,,,55.44,600,157
11699,,,,1.0,,,88.99,503,147
11700,,,,,,,84.39,507,150
11701,,,,8.0,,,,504,120
11702,,,,6.0,,,71.8,504,130
11703,,,,1.0,,,90.52,600,180
11704,,,,4.0,,,79.62,503,125
11705,,,,7.0,,,57.92,502,110
11706,,,,7.0,,,8.34,507,105
11707,,,,4.0,,,99.31,506,220
11708,,,,6.0,,,89.51,511,188
11709,,,,6.0,,,32.35,508,130
11710,,,,1.0,,,89.15,510,178
11711,,,,8.0,,,,506,240
11712,,,,8.0,,,12.09,509,123
11713,,,,6.0,,,81.02,505,150
11714,,,,5.0,,,98.23,503,210
11715,,,,5.0,,,78.07,505,145
11716,,,,1.0,,,32.02,602,163
11717,,,,4.0,,,57.02,505,130
11718,,,,8.0,,,52.01,505,125
11719,,,,7.0,,,,300,000
11720,,,,7.0,,,35.05,505,120
11721,,,,6.0,,,89.18,509,180
11722,,,,6.0,,,99.14,511,250
11723,,,,8.0,,,71.8,504,130
11724,,,,7.0,,,41.48,510,140
11725,,,,1.0,,,45.05,511,145
11726,,,,8.0,,,70.18,604,185
11727,,,,6.0,,,84.41,509,165
11728,,,,8.0,,,75.36,508,153
11729,,,,6.0,,,23.9,505,110
11730,,,,8.0,,,65.52,504,126
11731,,,,8.0,,,93.8,502,150
11732,,,,1.0,,,81.51,510,165
11733,,,,6.0,,,78.5,507,145
11734,,,,8.0,,,37.15,509,130
11735,,,,7.0,,,94.18,507,170
11736,,,,1.0,,,65.18,506,130
11737,,,,6.0,,,60.59,503,126
11738,,,,6.0,,,62.87,504,130
11739,,,,5.0,,,97.0,511,216
11740,,,,7.0,,,42.91,600,160
11741,,,,6.0,,,5.59,507,115
11742,,,,1.0,,,37.95,511,148
11743,,,,8.0,,,26.67,601,155
11744,,,,6.0,,,52.96,511,160
11745,,,,6.0,,,51.58,507,138
11746,,,,8.0,,,,507,189
11747,,,,7.0,,,70.33,502,130
11748,,,,6.0,,,87.94,510,181
11749,,,,7.0,,,23.33,511,145
11750,,,,8.0,,,80.37,601,190
11751,,,,1.0,,,70.79,504,135
11752,,,,6.0,,,50.87,502,110
11753,,,,1.0,,,,601,169
11754,,,,1.0,,,7.58,504,096
11755,,,,1.0,,,17.94,503,098
11756,,,,1.0,,,9.12,510,121
11757,,,,5.0,,,70.84,502,120
11758,,,,8.0,,,53.06,501,108
11759,,,,1.0,,,77.43,603,180
11760,,,,6.0,,,53.97,504,120
11761,,,,4.0,,,85.38,602,180
11762,,,,6.0,,,33.05,601,144
11763,,,,8.0,,,75.27,507,156
11764,,,,8.0,,,26.56,602,160
11765,,,,8.0,,,9.19,502,099
11766,,,,6.0,,,78.8,504,144
11767,,,,8.0,,,72.49,505,145
11768,,,,2.0,,,,501,113
11769,,,,6.0,,,69.69,601,180
11770,,,,7.0,,,77.04,502,132
11771,,,,6.0,,,97.65,510,222
11772,,,,8.0,,,44.42,506,123
11773,,,,8.0,,,,500,105
11774,,,,6.0,,,92.28,508,175
11775,,,,4.0,,,60.97,603,167
11776,,,,5.0,,,93.99,600,210
11777,,,,1.0,,,87.91,601,190
11778,,,,8.0,,,93.43,500,143
11779,,,,7.0,,,24.58,510,125
11780,,,,6.0,,,,,
11781,,,,6.0,,,,,
11782,,,,1.0,,,,,
11783,,,,7.0,,,,,
11784,,,,8.0,,,,,
11785,,,,8.0,,,,,
11786,,,,7.0,,,29.83,602,142
11787,,,,8.0,,,15.38,508,118
11788,,,,4.0,,,,5,144
11789,,,,1.0,,,52.0,600,150
11790,,,,8.0,,,90.5,602,213
11791,,,,6.0,,,70.01,505,140
11792,,,,5.0,,,35.88,511,147
11793,,,,5.0,,,97.68,600,235
11794,,,,4.0,,,80.86,501,130
11795,,,,4.0,,,57.96,502,120
11796,,,,7.0,,,53.2,504,125
11797,,,,6.0,,,75.84,506,150
11798,,,,1.0,,,84.96,506,155
11799,,,,1.0,,,32.35,508,130
11800,,,,3.0,,,84.85,601,185
11801,,,,6.0,,,42.53,504,115
11802,,,,5.0,,,,504,123
11803,,,,1.0,,,75.36,511,165
11804,,,,6.0,,,20.13,507,115
11805,,,,8.0,,,90.07,508,170
11806,,,,1.0,,,84.69,602,185
11807,,,,1.0,,,,,
11808,,,,8.0,,,,,
11809,,,,6.0,,,62.19,506,135
11810,,,,8.0,,,,,
11811,,,,6.0,,,99.66,604,325
11812,,,,4.0,,,,,
11813,,,,3.0,,,,,
11814,,,,8.0,,,10.9,503,100
11815,,,,8.0,,,83.38,508,160
11816,,,,8.0,,,,,100
11817,,,,8.0,,,13.33,505,110
11818,,,,8.0,,,67.02,506,138
11819,,,,6.0,,,,5,140
11820,,,,8.0,,,79.24,507,148
11821,,,,1.0,,,44.08,510,143
11822,,,,1.0,,,69.16,511,155
11823,,,,8.0,,,93.88,504,170
11824,,,,6.0,,,4.87,511,120
11825,,,,6.0,,,53.2,504,125
11826,,,,1.0,,,99.64,506,354
11827,,,,5.0,,,27.25,509,135
11828,,,,6.0,,,50.78,503,117
11829,,,,6.0,,,38.53,510,145
11830,,,,8.0,,,63.1,509,150
11831,,,,8.0,,,40.54,504,117
11832,,,,2.0,,,,511,210
11833,,,,2.0,,,,509,200
11834,,,,8.0,,,46.92,509,144
11835,,,,6.0,,,95.66,510,198
11836,,,,6.0,,,56.13,502,115
11837,,,,4.0,,,78.35,506,150
11838,,,,6.0,,,98.81,510,235
11839,,,,8.0,,,98.05,411,175
11840,,,,2.0,,,,511,175
11841,,,,8.0,,,,510,200
11842,,,,6.0,,,,506,105
11843,,,,6.0,,,41.76,600,150
11844,,,,4.0,,,,602,153
11845,,,,8.0,,,35.05,505,120
11846,,,,8.0,,,74.74,600,170
11847,,,,7.0,,,31.84,506,123
11848,,,,8.0,,,97.63,501,180
11849,,,,6.0,,,87.76,507,145
11850,,,,4.0,,,,,
11851,,,,8.0,,,62.19,506,135
11852,,,,7.0,,,92.6,508,182
11853,,,,8.0,,,57.32,503,120
11854,,,,8.0,,,79.31,507,155
11855,,,,6.0,,,91.17,507,175
11856,,,,6.0,,,65.89,506,140
11857,,,,1.0,,,23.57,600,150
11858,,,,6.0,,,,,
11859,,,,6.0,,,37.26,508,135
11860,,,,7.0,,,60.77,600,170
11861,,,,8.0,,,67.34,510,165
11862,,,,6.0,,,52.94,507,130
11863,,,,8.0,,,21.33,504,109
11864,,,,6.0,,,89.76,503,145
11865,,,,5.0,,,,711,369
11866,,,,8.0,,,48.82,506,125
11867,,,,8.0,,,92.37,503,155
11868,,,,6.0,,,74.74,600,170
11869,,,,8.0,,,98.42,510,220
11870,,,,8.0,,,48.82,506,125
11871,,,,7.0,,,85.86,600,177
11872,,,,6.0,,,92.54,507,165
11873,,,,6.0,,,37.26,601,146
11874,,,,6.0,,,64.16,502,113
11875,,,,1.0,,,82.39,510,163
11876,,,,8.0,,,88.37,500,125
11877,,,,6.0,,,71.5,505,133
11878,,,,8.0,,,91.13,503,148
11879,,,,8.0,,,85.65,505,147
11880,,,,1.0,,,,505,115
11881,,,,8.0,,,49.37,507,137
11882,,,,8.0,,,,505,151
11883,,,,8.0,,,98.39,501,175
11884,,,,6.0,,,51.82,511,140
11885,,,,8.0,,,76.51,504,130
11886,,,,6.0,,,57.64,508,132
11887,,,,4.0,,,48.61,411,102
11888,,,,1.0,,,87.4,600,185
11889,,,,4.0, always,,94.49,508,180
11890,,,,7.0,,,61.17,511,150
11891,,,,1.0,,,41.16,511,140
11892,,,,,,,81.17,500,120
11893,,,,8.0,,,75.13,600,167
11894,,,,7.0,,,87.9,509,170
11895,,,2,2.0,,,99.35,407,187
11896,,,,1.0,,,,5,
11897,,,,6.0,,,96.82,506,190
11898,,,,5.0,,,9.48,511,124
11899,,,,1.0,,,99.33,602,279
11900,,,,8.0,,,5.13,506,103
11901,,,,6.0,,,69.91,508,145
11902,,,,6.0,,,87.13,508,160
11903,,,,6.0,,,,,
11904,,,,8.0,,,85.35,508,165
11905,,,,8.0,,,7.63,510,124
11906,,,,8.0,,,56.06,602,155
11907,,,,8.0,,,74.2,510,150
11908,,,,6.0,,,89.76,503,145
11909,,,,5.0,,,73.92,504,128
11910,,,,7.0,,,94.74,503,155
11911,,,,8.0,,,51.91,506,123
11912,,,,6.0,,,71.8,504,130
11913,,,,8.0,,,52.7,505,119
11914,,,,6.0,,,,502,151
11915,,,,7.0,,,82.96,504,140
11916,,,,2.0,,,76.45,505,135
11917,,,,6.0,,,28.94,505,109
11918,,,,1.0,,,55.49,502,112
11919,,,,8.0,,,89.42,506,163
11920,,,,6.0,,,67.12,600,160
11921,,,,5.0,,,3.19,503,094
11922,,,,8.0,,,98.23,507,207
11923,,,,6.0,,,94.14,509,180
11924,,,,6.0,,,54.82,505,120
11925,,,,1.0,,,87.7,602,190
11926,,,,1.0,,,91.61,503,145
11927,,,,8.0,,,95.87,503,170
11928,,,,8.0,,,89.79,505,145
11929,,,,6.0,,,43.15,601,154
11930,,,,2.0,,,,501,120
11931,,,,5.0,,,18.18,507,117
11932,,,,1.0,,,83.75,601,172
11933,,,,3.0,,,66.25,504,123
11934,,,,,,,87.7,603,200
11935,,,,6.0,,,27.33,507,115
11936,,,,8.0,,,83.08,502,130
11937,,,,6.0,,,38.02,508,128
11938,,,,6.0,,,72.35,505,130
11939,,,,7.0,,,84.66,501,125
11940,,,,8.0,,,89.99,511,189
11941,,,,8.0,,,68.33,600,165
11942,,,,1.0,,,52.0,504,119
11943,,,,8.0,,,56.27,509,144
11944,,,,8.0,,,95.42,507,175
11945,,,,8.0,,,99.47,510,259
11946,,,,6.0,,,96.26,511,206
11947,,,,6.0,,,29.93,504,115
11948,,,,7.0,,,,505,
11949,,,,6.0,,,41.98,504,120
11950,,,,7.0,,,94.71,600,215
11951,,,,8.0,,,1.43,503,095
11952,,,,8.0,,,68.83,511,165
11953,,,,8.0,,,44.82,600,161
11954,,,,3.0,,,,505,150
11955,,,,6.0,,,68.87,600,160
11956,,,,1.0,,,47.28,504,117
11957,,,,1.0,,,98.59,600,236
11958,,,,6.0,,,42.79,508,130
11959,,,,8.0,,,44.3,502,110
11960,,,,4.0,,,33.26,600,141
11961,,,,6.0,,,51.29,501,110
11962,,,,4.0,,,69.48,602,175
11963,,,,6.0,,,45.11,508,131
11964,,,,6.0,,,53.25,507,130
11965,,,,8.0,,,65.43,600,163
11966,,,,1.0,,,78.82,507,150
11967,,,,3.0,,,47.28,509,135
11968,,,,2.0,,,10.99,507,110
11969,,,,6.0,,,73.69,508,148
11970,,,,2.0,,,94.61,506,172
11971,,,,8.0,,,52.22,503,120
11972,,,,8.0,,,87.77,510,175
11973,,,,8.0,,,78.96,409,110
11974,,,,6.0,,,63.49,507,135
11975,,,,6.0,,,98.02,507,217
11976,,,,6.0,,,94.43,502,148
11977,,,,6.0,,,23.9,505,110
11978,,,,6.0,,,46.48,507,130
11979,,,,8.0,,,4.96,505,106
11980,,,,6.0,,,65.09,509,141
11981,,,,8.0,,,,506,118
11982,,,,6.0,,,61.63,511,165
11983,,,,8.0,,,16.86,500,093
11984,,,,7.0,,,89.68,600,200
11985,,,,8.0,,,99.29,508,294
11986,,,,7.0,,,82.77,506,152
11987,,,,7.0,,,7.68,504,104
11988,,,,8.0,,,90.71,507,170
11989,,,,7.0,,,52.85,506,130
11990,,,,6.0,,,87.1,505,150
11991,,,,1.0,,,89.17,505,160
11992,,,,7.0,,,86.04,509,170
11993,,,,6.0,,,61.84,505,122
11994,,,,6.0,,,18.67,502,100
11995,,,,6.0,,,57.44,505,120
11996,,,,6.0,,,,511,
11997,,,,6.0,,,,504,135
11998,,,,7.0,,,51.09,504,124
11999,,,,7.0,,,34.24,507,129
12000,,,,6.0,,,15.3,507,118
12001,,,,8.0,,,91.41,506,175
12002,,,,5.0,,,81.94,504,145
12003,,,,7.0,,,56.52,503,122
12004,,,,6.0,,,98.24,509,243
12005,,,,6.0,,,60.29,501,114
12006,,,,8.0,,,62.32,501,115
12007,,,,6.0,,,80.82,508,162
12008,,,,1.0,,,2.61,509,118
12009,,,,8.0,,,,502,117
12010,,,,8.0,,,,411,120
12011,,,,6.0,,,,,
12012,,,,,,,51.13,509,132
12013,,,,7.0,,,82.18,506,145
12014,,,,6.0,,,97.1,501,159
12015,,,,8.0,,,,505,
12016,,,,2.0,,,52.56,503,115
12017,,,,6.0,,,98.43,509,240
12018,,,,,,,92.62,509,180
12019,,,,6.0,,,35.58,507,131
12020,,,,6.0,,,85.39,506,152
12021,,,,1.0,,,,501,
12022,,,,6.0,,,5.21,508,115
12023,,,,1.0,,,79.92,509,160
12024,,,,6.0,,,99.01,501,180
12025,,,,1.0,,,72.9,510,149
12026,,,,,,,65.31,508,136
12027,,,,2.0,,,86.29,502,140
12028,,,,1.0,,,97.02,509,200
12029,,,,1.0,,,40.44,509,132
12030,,,,1.0,,,56.13,502,115
12031,,,,8.0,,,81.45,502,126
12032,,,,7.0,,,30.61,506,117
12033,,,,2.0,,,70.9,501,117
12034,,,,6.0,,,,501,110
12035,,,,6.0,,,99.68,511,290
12036,,,,5.0,,,52.83,503,115
12037,,,,6.0,,,18.67,501,095
12038,,,,6.0,,,33.48,600,146
12039,,,,8.0,,,,603,215
12040,,,,6.0,,,62.96,503,120
12041,,,,8.0,,,98.77,504,200
12042,,,,7.0,,,72.36,507,145
12043,,,,8.0,,,98.45,600,233
12044,,,,6.0,,,93.72,602,200
12045,,,,6.0,,,49.55,504,118
12046,,,,6.0,,,43.55,505,115
12047,,,,6.0,,,83.07,503,135
12048,,,,6.0,,,87.46,509,159
12049,,,,,,,69.88,507,140
12050,,,,6.0,,,43.63,510,138
12051,,,,1.0,,,78.58,506,140
12052,,,,8.0,,,85.76,601,185
12053,,,,6.0,,,98.75,506,215
12054,,,,4.0,,,56.04,507,128
12055,,,,1.0,,,57.76,509,140
12056,,,,6.0, always,,81.17,500,120
12057,,,,2.0,,,58.09,505,125
12058,,,,1.0,,,,603,160
12059,,,,8.0,,,80.08,502,130
12060,,,,6.0,,,37.58,506,120
12061,,,,6.0,,,96.56,600,215
12062,,,,6.0,,,,511,146
12063,,,,6.0,,,high,508,146
12064,,,,6.0,,,6.55,509,115
12065,,,,8.0,,,68.87,600,160
12066,,,,1.0,,,98.22,503,196
12067,,,,6.0,,,54.14,510,138
12068,,,,1.0,,,,6,
12069,,,,8.0,,,30.16,502,102
12070,,,,5.0,,,33.96,501,098
12071,,,,6.0,,,77.9,511,162
12072,,,,7.0,,,57.76,509,140
12073,,,,1.0,,,70.84,502,120
12074,,,,7.0,,,,510,151
12075,,,,3.0,,,97.31,502,165
12076,,,,6.0,,,52.56,503,115
12077,,,,1.0,,,79.82,505,140
12078,,,2,,,,55.21,503,113
12079,,,,8.0,,,58.23,504,125
12080,,,,6.0,,,59.85,502,114
12081,,,,8.0,,,50.84,509,140
12082,,,,8.0,,,48.18,510,140
12083,,,,1.0,,,31.04,509,128
12084,,,,6.0,,,89.0,604,215
12085,,,,6.0,,,64.55,511,152
12086,,,,8.0,,,79.27,506,148
12087,,,,8.0,,,10.15,502,098
12088,,,,5.0,,,57.32,503,120
12089,,,,6.0,,,3.55,511,130
12090,,,,1.0,,,,,
12091,,,,6.0,,,,510,140
12092,,,,1.0,,,6.94,511,122
12093,,,,7.0,,,34.04,506,115
12094,,,,4.0,,,48.68,507,128
12095,,,,6.0,,,11.72,511,138
12096,,,,8.0,,,,511,203
12097,,,,5.0,,,,,
12098,,,,6.0,,,47.82,600,153
12099,,,,6.0,,,80.47,510,176
12100,,,,7.0,,,83.57,508,165
12101,,,,5.0,,,91.64,506,168
12102,,,,6.0,,,68.38,506,132
12103,,,,6.0,,,67.04,507,137
12104,,,,7.0,,,65.99,508,146
12105,,,,7.0,,,,510,140
12106,,,,6.0,,,97.82,411,161
12107,,,,8.0,,,57.76,509,140
12108,,,,6.0,,,82.19,503,140
12109,,,,5.0,,,60.76,504,120
12110,,,,4.0,,,90.46,504,152
12111,,,,4.0,,,54.04,505,123
12112,,,,6.0,,,,505,125
12113,,,,6.0,,,47.52,505,120
12114,,,,5.0,,,47.49,506,130
12115,,,,5.0,,,93.19,502,148
12116,,,,6.0,,,96.15,504,183
12117,,,,5.0,,,74.86,507,140
12118,,,,6.0,,,,,
12119,,,,8.0,,,88.11,502,140
12120,,,,4.0,,,93.38,504,168
12121,,,,,,,83.84,603,205
12122,,,,8.0,,,81.98,503,137
12123,,M,,6.0,,,,,
12124,,,,5.0,,,,,
12125,,,,8.0,,,,,
12126,,,,1.0,,,,,
12127,,,,7.0,,,68.87,600,160
12128,,,,3.0,,,97.9,507,189
12129,,,,,,,52.84,503,111
12130,,,,4.0,,,88.96,502,130
12131,,,,8.0,,,70.84,502,120
12132,,,,2.0,,,62.96,503,120
12133,,,,7.0,,,68.47,507,139
12134,,,,6.0,,,71.53,507,135
12135,,,,6.0,,,,608,131
12136,,,,6.0,,,65.67,601,158
12137,,,,8.0,,,58.75,506,125
12138,,,,6.0,,,,,
12139,,,,2.0,,,98.11,507,212
12140,,,,4.0,,,21.17,508,125
12141,,,,1.0,,,25.66,510,130
12142,,,,,,,66.58,503,122
12143,,,,8.0,,,,509,191
12144,,,,8.0,,,68.81,503,120
12145,,,,1.0,,,29.23,508,120
12146,,,,6.0,,,49.73,508,133
12147,,,,6.0,,,52.52,506,131
12148,,,,1.0,,,56.13,502,115
12149,,,,6.0,,,35.58,507,131
12150,,,,6.0,,,96.26,507,200
12151,,,,2.0,,,89.82,600,195
12152,,,,8.0,,,54.07,505,126
12153,,,,4.0,,,89.13,509,172
12154,,,,3.0,,,92.68,601,190
12155,,,,8.0,,,98.09,510,210
12156,,,,7.0,,,94.49,508,180
12157,,,,8.0,,,76.13,507,145
12158,,,,5.0,,,35.64,508,127
12159,,,,6.0,,,89.07,509,167
12160,,,,6.0,,,,,
12161,,,,1.0,,,65.31,508,136
12162,,,,6.0,,,86.77,507,154
12163,,,,8.0,,,80.1,509,150
12164,,,,7.0,,,86.29,501,127
12165,,,,8.0,,,79.13,508,149
12166,,,,6.0,,,51.06,411,105
12167,,,,1.0,,,43.26,506,135
12168,,,,8.0,,,41.98,504,120
12169,,,,1.0,,,16.32,511,135
12170,,,,7.0,,,25.37,506,122
12171,,,,6.0,,,98.83,507,250
12172,,,,1.0,,,74.16,509,155
12173,,,,8.0,,,87.19,600,190
12174,,,,5.0,,,44.91,507,135
12175,,,,6.0,,,80.36,509,170
12176,,,,8.0,,,69.27,510,153
12177,,,,1.0,,,55.8,600,152
12178,,,,8.0,,,55.07,602,160
12179,,,,8.0,,,,505,145
12180,,,,8.0,,,83.08,502,130
12181,,,,6.0,,,97.6,502,179
12182,,,,6.0,,,83.07,503,135
12183,,,,6.0,,,98.65,606,278
12184,,,,8.0,,,83.09,505,150
12185,,,,5.0,,,87.17,508,165
12186,,,,8.0,,,58.23,504,125
12187,,,,6.0,,,90.43,503,150
12188,,,,6.0,,,51.78,511,150
12189,,,,8.0,,,95.44,510,192
12190,,,,6.0,,,,503,130
12191,,,,8.0,,,8.74,600,132
12192,,,,8.0,,,78.57,501,130
12193,,,,6.0,,,76.16,506,145
12194,,,,7.0,,,80.85,600,176
12195,,,,8.0,,,64.75,500,114
12196,,,,8.0,,,84.18,506,157
12197,,,,8.0,,,68.28,507,145
12198,,,,6.0,,,91.64,511,198
12199,,,,6.0,,,74.82,411,112
12200,,,,5.0,,,,511,155
12201,,,,8.0,,,85.97,503,142
12202,,,,6.0,,,85.85,500,128
12203,,,,6.0,,,,602,177
12204,,,,6.0,,,87.56,505,150
12205,,,,8.0,,,72.0,500,112
12206,,,,7.0,,,61.7,501,112
12207,,,,6.0,,,68.89,511,160
12208,,,,4.0,,,87.45,506,156
12209,,,,3.0,,,28.33,506,116
12210,,,,8.0,,,95.31,504,173
12211,,,,6.0,,,65.18,506,130
12212,,,,6.0,A,,53.74,411,104
12213,,,,8.0,,,88.38,508,162
12214,,,,6.0,,,46.08,503,115
12215,,,,7.0,,,96.36,504,180
12216,,,,6.0,,,65.84,505,135
12217,,,,6.0,,,96.08,511,200
12218,,,,4.0,,,88.71,511,176
12219,,,,4.0,,,84.27,600,169
12220,,,,8.0,,,89.9,503,152
12221,,,,8.0,,,98.38,500,180
12222,,,,8.0,,,,502,120
12223,,,,7.0,,,98.01,502,185
12224,,,,6.0,,,,507,144
12225,,,,6.0,,,93.02,506,177
12226,,,,6.0,,,,,
12227,,,,6.0,,,84.41,509,165
12228,,,,8.0,,,76.56,603,185
12229,,,,8.0,,,55.63,511,152
12230,,,,6.0,,,88.47,506,161
12231,,,,7.0,,,50.78,503,117
12232,,,,8.0,,,89.18,501,135
12233,,,,8.0,,,86.24,411,130
12234,,,,7.0,,,76.87,506,151
12235,,,,8.0,,,,503,140
12236,,,,6.0,,,5.27,507,118
12237,,,,8.0,,,94.37,511,200
12238,,,,6.0,,,64.96,508,150
12239,,,,8.0,,,93.58,503,155
12240,,,,6.0,,,91.03,505,161
12241,,,,6.0,,,87.96,506,160
12242,,,,8.0,,,51.57,505,130
12243,,,,7.0,,,94.3,503,155
12244,,,,8.0,,,77.77,507,150
12245,,,,8.0,,,77.47,510,173
12246,,,,6.0,,,68.89,511,160
12247,,,,5.0,,,95.08,507,178
12248,,,,6.0,,,78.35,506,150
12249,,,,6.0,,,38.53,510,145
12250,,,,6.0,,,95.04,505,180
12251,,,,8.0,,,96.86,511,220
12252,,,,8.0,,,92.24,601,200
12253,,,,8.0,,,50.5,509,150
12254,,,,6.0,,,93.38,508,185
12255,,,,5.0,,,50.96,502,115
12256,,,,8.0,,,91.76,505,158
12257,,,,2.0,,,75.26,511,170
12258,,,,1.0,,,77.05,504,140
12259,,,,7.0,,,12.58,508,118
12260,,,,7.0,,,97.38,504,190
12261,,,,6.0,,,98.72,508,220
12262,,,,6.0,,,93.14,503,161
12263,,,,6.0,,,,508,200
12264,,,,6.0,,,79.82,505,140
12265,,,,6.0,,,96.28,500,160
12266,,,,8.0,,,8.85,601,135
12267,,,,8.0,,,85.06,500,127
12268,,,,8.0,,,49.79,505,121
12269,,,,4.0,,,8.45,505,100
12270,,,,8.0,,,91.13,503,148
12271,,,,6.0,,,21.36,509,128
12272,,,,8.0,,,65.89,506,140
12273,,,,6.0,,,83.08,502,130
12274,,,,8.0,,,52.22,507,134
12275,,,,6.0,,,84.25,506,154
12276,,,,5.0,,,76.29,506,148
12277,,,,6.0,,,13.49,503,110
12278,,,,8.0,,,21.19,505,114
12279,,,,8.0,,,,506,135
12280,,,,5.0,,,79.37,510,170
12281,,,,8.0,,,42.28,505,125
12282,,,,8.0,,,,504,135
12283,,,,6.0,,,55.33,508,149
12284,,,,always online,,,95.12,510,210
12285,,,,6.0,,,97.1,503,185
12286,,,,6.0,,,88.16,504,151
12287,,,,8.0,,,98.07,510,218
12288,,,,8.0,,,89.83,506,160
12289,,,,5.0,,,23.05,509,133
12290,,,,6.0,,,58.09,505,125
12291,,,,8.0,,,41.03,509,140
12292,,,,8.0,,,28.42,500,095
12293,,,,8.0,,,82.15,600,172
12294,,,,6.0,,,97.17,502,169
12295,,,,6.0,,,77.74,505,138
12296,,,,6.0,,,47.52,505,120
12297,,,,7.0,,,84.6,510,176
12298,,,,6.0,,,,504,210
12299,,,,7.0,,,35.2,504,112
12300,,,,8.0,,,64.79,504,129
12301,,,,8.0,,,47.49,506,130
12302,,M,,6.0,,,42.05,600,155
12303,,,,6.0,,,,601,195
12304,,,,6.0,,,43.19,506,127
12305,,,,6.0,,,82.71,506,155
12306,,,,8.0,,,45.32,503,117
12307,,,,6.0,,,97.55,510,221
12308,,,,8.0,,,78.66,505,145
12309,,,,8.0,,,14.86,506,115
12310,,,,6.0,,,37.47,605,164
12311,,,,4.0,,,72.08,507,145
12312,,,,8.0,,,47.94,503,113
12313,,,,6.0,,,87.35,500,127
12314,,,,7.0,,,80.47,505,144
12315,,,,6.0,,,25.02,509,121
12316,,,,6.0,,,92.67,502,141
12317,,,,7.0,,,99.3,600,262
12318,,,,6.0,,,,600,
12319,,,,8.0,,,99.6,501,233
12320,,,,6.0,,,,,
12321,,,,6.0,,,89.96,502,140
12322,,,,6.0,,,,,
12323,,,,6.0,,,35.19,502,101
12324,,,,7.0,,,,,
12325,,,,8.0,,,,,
12326,,,,6.0,,,,,
12327,,,,8.0,,,49.79,507,124
12328,,,,6.0,,,74.59,502,130
12329,,,,6.0,,,96.26,505,169
12330,,,,6.0,,,80.48,502,133
12331,,,,6.0,,,57.57,507,132
12332,,,,6.0,,,90.75,508,180
12333,,,,8.0,,,25.66,510,143
12334,,,,8.0,,,72.82,509,154
12335,,,,8.0,,,35.51,502,115
12336,,,,6.0,,,97.87,602,279
12337,,,,8.0,,,52.22,503,120
12338,,,,8.0,,,98.94,505,222
12339,,,,8.0,,,83.33,505,140
12340,,,,8.0,,,99.42,500,205
12341,,,,7.0,,,61.99,504,124
12342,,,,6.0,,,98.09,504,188
12343,,,,7.0,,,58.07,510,145
12344,,,,7.0,,,,506,117
12345,,,,5.0,,,52.83,503,115
12346,,,,5.0,,,21.4,600,140
12347,,,,8.0,,,38.6,502,110
12348,,,,8.0,,,92.14,506,166
12349,,,,6.0,,,35.49,503,105
12350,,,,8.0,,,44.27,411,098
12351,,,,8.0,,,85.03,500,124
12352,,,,6.0,,,5.93,508,110
12353,,,,8.0,,,64.31,501,116
12354,,,,6.0,,,54.05,508,135
12355,,,,8.0,,,,506,1
12356,,,,6.0,,,0.33,507,101
12357,,,,8.0,,,84.15,500,123
12358,,,,6.0,,,86.72,505,145
12359,,,,8.0,,,62.71,505,124
12360,,,,8.0,,,62.81,507,130
12361,,,,6.0,,,91.61,501,140
12362,,,,6.0,,,81.55,504,147
12363,,,,7.0,,,53.5,506,135
12364,,,,4.0,,,,,
12365,,,,8.0,,,35.77,509,143
12366,,,,5.0,,,90.45,506,170
12367,,,,6.0,,,75.27,507,156
12368,,,,6.0,,,92.31,506,178
12369,,,,8.0,,,54.64,503,123
12370,,,,8.0,,,97.25,506,190
12371,,,,8.0,,,55.77,603,180
12372,,,,6.0,,,88.76,506,165
12373,,,,8.0,,,90.31,500,138
12374,,,,6.0,,,70.18,510,167
12375,,,,8.0,,,70.67,503,130
12376,,,,8.0,,,57.53,507,145
12377,,,,6.0,,,58.31,509,147
12378,,,,7.0,,,79.56,600,185
12379,,,,6.0,,,81.79,508,163
12380,,,,8.0,,,69.37,502,114
12381,,,,3.0,,,42.13,511,150
12382,,,,5.0,,,20.56,604,150
12383,,,,6.0,,,57.53,507,145
12384,,,,6.0,,,36.21,506,120
12385,,,,8.0,,,52.52,506,131
12386,,,,6.0,,,32.05,506,125
12387,,,,7.0,,,,500,100
12388,,,,8.0,,,66.85,510,160
12389,,,,6.0,,,99.3,502,260
12390,,,,8.0,,,32.89,503,107
12391,,,,8.0,,,55.79,509,139
12392,,,,7.0,,,58.87,506,130
12393,,,,4.0,,,64.18,505,140
12394,,,,6.0,,,,,
12395,,,,7.0,,,61.9,508,143
12396,,,,8.0,,,71.89,508,145
12397,,,,6.0,,,40.68,507,129
12398,,,,7.0,,,87.29,503,147
12399,,,,7.0,,,98.72,510,233
12400,,,,8.0,,,87.11,504,155
12401,,,,8.0,,,67.85,502,125
12402,,,,6.0,,,65.63,508,142
12403,,,,8.0,,,79.94,504,140
12404,,,,8.0,,,86.03,503,145
12405,,,,3.0,,,35.76,505,115
12406,,,,8.0,,,75.81,508,162
12407,,,,6.0,,,,506,136
12408,,,,6.0,,,94.92,502,150
12409,,,,7.0,,,76.05,507,141
12410,,,,6.0,,,98.35,502,185
12411,,,,8.0,,,89.24,502,145
12412,,,,6.0,,,58.23,504,125
12413,,,,7.0,,,98.63,507,215
12414,,,,6.0,3.0,2.0,99.64,511,280
12415,,,,4.0,3.0,4.0,17.75,505,110
12416,,,,6.0,3.0,4.0,10.32,506,107
12417,,,,6.0,2.0,4.0,,509,160
12418,,,,6.0,1.0,4.0,44.36,506,126
12419,,,,6.0,3.0,3.0,4.07,503,95
12420,,,,1.0,3.0,5.0,53.25,507,130
12421,,,,8.0,3.0,4.0,,505,117
12422,,,,6.0,4.0,4.0,53.97,504,120
12423,,,,7.0,2.0,3.0,89.74,603,210
12424,,,,7.0,3.0,2.0,95.48,506,180
12425,,,,1.0,1.0,7.0,98.89,504,196
12426,,,,8.0,3.0,5.0,40.55,503,110
12427,,,,7.0,2.0,1.0,84.46,509,160
12428,,,,2.0,1.0,1.0,20.85,600,135
12429,,,,6.0,3.0,2.0,65.93,600,158
12430,,,,6.0,1.0,4.0,80.9,602,180
12431,,,,6.0,2.0,2.0,98.36,509,215
12432,,,,6.0,5.0,1.0,7.03,506,110
12433,,Male ,,8.0,2.0,3.0,99.78,511,306
12434,,,,1.0,1.0,7.0,56.04,505,132
12435,,,,1.0,1.0,4.0,12.36,507,120
12436,,,,5.0,1.0,6.0,71.86,507,140
12437,,,,8.0,3.0,4.0,64.96,508,150
12438,,,,8.0,1.0,2.0,92.42,601,195
12439,,,,8.0,3.0,2.0,,501,135
12440,,,,6.0,2.0,5.0,91.79,501,150
12441,,,,6.0,1.0,2.0,15.69,501,091
12442,,,,8.0,4.0,4.0,27.24,511,136
12443,,,,6.0,3.0,3.0,67.0,411,110
12444,,,,6.0,2.0,4.0,,506,
12445,,,,1.0,1.0,5.0,78.45,508,155
12446,,,,5.0,2.0,5.0,98.86,507,210
12447,,,,6.0,3.0,3.0,,506,
12448,,,,2.0,3.0,3.0,0.16,509,102
12449,,,,8.0,2.0,3.0,52.22,503,120
12450,,,,8.0,4.0,4.0,96.51,504,186
12451,,,,5.0,5.0,2.0,,505,
12452,,,,6.0,3.0,2.0,23.1,508,130
12453,,,,6.0,2.0,2.0,33.18,511,150
12454,,,,7.0,4.0,2.0,66.85,510,160
12455,,,,6.0,3.0,2.0,,502,000
12456,,,,2.0,3.0,4.0,3.46,605,154
12457,,,,8.0,1.0,5.0,88.46,511,186
12458,,,,6.0,5.0,1.0,51.06,411,105
12459,,,,1,5,4.0,85.72,508,158
12460,,,,8.0,2.0,2.0,63.45,510,148
12461,,,,8.0,5.0,3.0,76.17,503,125
12462,,,,6.0,2.0,6.0,41.8,600,145
12463,,,,5.0,4.0,2.0,92.72,504,158
12464,,,,8.0,4.0,,83.08,502,130
12465,,,,8.0,5.0,6.0,78.01,503,130
12466,,,,8.0,2.0,5.0,89.7,510,174
12467,,,,3.0,1.0,,58.1,510,140
12468,,,,6.0,1.0,5.0,90.58,509,170
12469,,,,8.0,2.0,,52.56,503,115
12470,,,,6.0,3.0,4.0,,505,115
12471,,,,6.0,3.0,3.0,91.91,505,155
12472,,,,6.0,3.0,5.0,53.66,508,135
12473,,,,6.0,2.0,4.0,54.39,507,126
12474,,,,7.0,1.0,5.0,69.93,509,142
12475,,,,8.0,1.0,1.0,,607,183
12476,,,,8.0,4.0,5.0,63.89,501,110
12477,,,,8.0,1.0,4.0,34.04,506,115
12478,,,,2.0,2.0,3.0,92.44,511,195
12479,,,,6.0,3.0,3.0,97.23,506,200
12480,,,,8.0,2.0,3.0,85.79,507,160
12481,,,,1.0,4.0,2.0,95.58,502,170
12482,,,,6.0,3.0,2.0,28.62,503,112
12483,,,,6.0,1.0,3.0,86.85,506,158
12484,,,,8.0,2.0,5.0,61.05,503,119
12485,,,,8.0,4.0,1.0,95.63,507,195
12486,,,,8.0,3.0,2.0,,,
12487,,,,4.0,1.0,1.0,98.28,511,235
12488,,,,8.0,5.0,3.0,88.43,503,149
12489,,,,6.0,2.0,5.0,96.49,502,168
12490,,,,1.0,2.0,4.0,62.04,510,157
12491,,,,8.0,2.0,3.0,,502,
12492,,,,8.0,5.0,,,505,
12493,,,,8.0,2.0,4.0,12.5,603,150
12494,,,,8.0,4.0,1.0,85.71,504,150
12495,,,,8.0,4.0,1.0,91.86,506,173
12496,,,,8.0,3.0,,11.24,510,124
12497,,,,6.0,1.0,2.0,,610,200
12498,,,,6.0,3.0,3.0,98.55,511,258
12499,,,,6.0,1.0,5.0,68.47,506,130
12500,,,,1.0,4.0,3.0,,505,
12501,,,,8.0,3.0,5.0,35.67,504,115
12502,,,,6.0,4.0,4.0,82.96,504,140
12503,,,,8.0,2.0,4.0,92.15,502,145
12504,,,,6.0,1.0,5.0,26.69,510,135
12505,,,,8.0,3.0,3.0,53.01,503,118
12506,,,,8.0,2.0,4.0,97.73,507,195
12507,,,,6.0,4.0,2.0,30.76,511,140
12508,,,,6.0,2.0,2.0,97.99,600,225
12509,,,,8.0,3.0,2.0,21.62,508,121
12510,,,,8.0,3.0,3.0,,,
12511,,,,8.0,3.0,4.0,75.68,502,120
12512,,,,8.0,4.0,1.0,92.53,507,160
12513,,,,7.0,1.0,6.0,37.52,600,143
12514,,,,5.0,3.0,5.0,85.92,410,117
12515,,,,6.0,1.0,3.0,70.74,509,149
12516,,,,4.0,Always ,4.0,,411,
12517,,,,6.0,4.0,4.0,95.89,600,200
12518,,,,6.0,2.0,2.0,42.79,508,130
12519,,,,5.0,4.0,4.0,,503,
12520,,,,7.0,1.0,6.0,38.85,507,120
12521,,,,6.0,1.0,6.0,41.9,600,140
12522,,,,1.0,2.0,3.0,99.51,509,253
12523,,,,8.0,3.0,1.0,,501,
12524,,,,6.0,2.0,3.0,64.39,500,109
12525,,,,6.0,4.0,4.0,97.66,601,230
12526,,,,8.0,3.0,2.0,94.33,502,152
12527,,,,8.0,3.0,3.0,90.38,510,170
12528,,,,8.0,1.0,6.0,47.98,509,140
12529,,,,8.0,3.0,3.0,99.2,509,236
12530,,,,8.0,4.0,1.0,98.96,502,210
12531,,,,6.0,3.0,3.0,99.25,510,245
12532,,,,8.0,4.0,3.0,38.77,505,113
12533,,,,8.0,3.0,,,502,
12534,,,,8.0,5.0,3.0,33.65,506,115
12535,,,,6.0,3.0,4.0,81.1,506,150
12536,,,,6.0,4.0,2.0,64.42,600,158
12537,,,,1.0,1.0,4.0,,510,
12538,,,,6.0,2.0,3.0,23.9,505,110
12539,,,,8.0,5.0,3.0,,507,
12540,,,,8.0,5.0,2.0,57.32,503,120
12541,,,,8.0,4.0,2.0,47.52,505,120
12542,,,,8.0,3.0,4.0,21.67,511,140
12543,,,,8.0,2.0,5.0,97.02,509,200
12544,,,,8.0,1.0,4.0,31.09,600,140
12545,,,,7.0,3.0,3.0,44.35,504,121
12546,,,,8.0,2.0,3.0,22.25,507,116
12547,,,,6.0,1.0,5.0,27.24,511,136
12548,,,,8.0,3.0,5.0,93.58,603,227
12549,,,,2.0,4.0,3.0,,508,200
12550,,,,5.0,4.0,3.0,97.71,502,175
12551,,,,8.0,4.0,1.0,94.98,411,145
12552,,,,8.0,3.0,3.0,16.31,503,105
12553,,,,8.0,1.0,1.0,77.23,507,146
12554,,,,7.0,4.0,4.0,97.64,508,201
12555,,,,8.0,4.0,2.0,98.56,506,225
12556,,,,6.0,3.0,4.0,84.46,509,160
12557,,,,8.0,2.0,3.0,91.47,508,173
12558,,,,8.0,4.0,3.0,35.54,600,147
12559,,,,4.0,1.0,5.0,47.22,505,120
12560,,,,4.0,2.0,3.0,0.03,510,102
12561,,,,6.0,3.0,1.0,95.78,510,215
12562,,,,8.0,3.0,1.0,,,162
12563,,,,8.0,5.0,1.0,,711,399
12564,,,,7.0,5.0,2.0,15.49,411,090
12565,,,,8.0,2.0,5.0,99.22,508,230
12566,,,,8.0,3.0,1.0,84.68,502,135
12567,,,,5.0,4.0,4.0,,,
12568,,,,1.0,2.0,1.0,81.81,601,181
12569,,,,6.0,,,88.7,504,152
12570,,,,8.0,3.0,,57.07,602,172
12571,,,,6.0,1.0,5.0,41.37,508,129
12572,,,,6.0,3.0,3.0,13.33,505,110
12573,,,,6.0,4.0,5.0,59.37,600,154
12574,,,,3.0,1.0,2.0,85.95,509,162
12575,,,,8.0,4.0,2.0,99.4,602,285
12576,,,,4.0,2.0,,82.39,510,163
12577,,,,8.0,3.0,3.0,95.81,600,205
12578,,,,8.0,2.0,4.0,,502,107
12579,,,,6.0,5.0,1.0,89.07,504,145
12580,,,,8.0,4.0,1.0,93.43,501,145
12581,,,,6.0,1.0,4.0,56.12,508,136
12582,,,,6.0,5.0,3.0,38.85,507,120
12583,,,,6.0,2.0,6.0,67.85,502,121
12584,,,,1.0,5.0,1.0,12.77,502,92
12585,,,,6.0,2.0,5.0,97.77,510,210
12586,,,,8.0,3.0,4.0,31.55,505,110
12587,,,,6.0,3.0,1.0,98.04,600,230
12588,,,,1.0,4.0,5.0,80.06,508,150
12589,,,,6.0,4.0,4.0,77.03,502,121
12590,,,,8.0,3.0,2.0,38.08,503,106
12591,,,,5.0,1.0,2.0,87.47,507,155
12592,,,,3.0,2.0,3.0,47.04,506,120
12593,,,,6.0,3.0,3.0,16.85,500,095
12594,,,,3.0,3.0,6.0,84.19,505,145
12595,,,,1.0,3.0,3.0,94.97,500,145
12596,,,,6.0,3.0,4.0,79.94,504,140
12597,,,,6.0,4.0,3.0,52.85,506,130
12598,,,,6.0,4.0,1.0,66.95,509,150
12599,,,,7.0,2.0,4.0,63.45,510,148
12600,,,,7.0,4.0,3.0,41.76,600,150
12601,,,,1.0,3.0,4.0,46.08,503,115
12602,,,,6.0,2.0,3.0,45.17,601,155
12603,,,,8.0,3.0,1.0,42.15,506,125
12604,,,,7.0,3.0,3.0,59.72,502,119
12605,,,,8.0,5.0,4.0,37.58,506,120
12606,,,,8.0,5.0,2.0,59.02,503,118
12607,,,,1.0,5.0,5.0,97.2,505,187
12608,,,,8.0,3.0,3.0,56.79,508,140
12609,,,,6.0,1.0,3.0,63.26,508,149
12610,,,,6.0,4.0,2.0,99.9,507,320
12611,,,,6.0,2.0,3.0,,505,
12612,,,,3.0,1.0,3.0,97.91,510,220
12613,,,,6.0,1.0,3.0,96.84,510,210
12614,,,,6.0,3.0,4.0,57.6,501,115
12615,,,,,1.0,,89.68,600,200
12616,,,,1.0,2.0,3.0,97.19,507,210
12617,,,,8.0,3.0,3.0,94.55,508,195
12618,,,,2.0,4.0,3.0,70.67,503,130
12619,,,,2.0,2.0,1.0,91.24,600,193
12620,,,,6.0,5.0,1.0,93.14,502,155
12621,,,,6.0,4.0,2.0,,504,145
12622,,,,8.0,5.0,2.0,89.54,504,150
12623,,,,8.0,5.0,3.0,3.97,600,135
12624,,,,8.0,3.0,5.0,77.05,504,140
12625,,,,6.0,3.0,4.0,95.13,501,163
12626,,,,7.0,2.0,3.0,55.75,507,140
12627,,,,8.0,3.0,3.0,46.2,502,113
12628,,,,,,,94.43,500,150
12629,,,,1.0,1.0,1.0,11.04,602,150
12630,,,,2.0,3.0,,50.5,509,150
12631,,,,8.0,4.0,4.0,,503,
12632,,,,8.0,5.0,1.0,90.69,507,170
12633,,,,6.0,5.0,2.0,99.37,508,240
12634,,,,4.0,2.0,6.0,99.41,606,315
12635,,,,7.0,2.0,5.0,54.2,602,165
12636,,,,6.0,4.0,2.0,75.68,502,120
12637,,,,6.0,4.0,3.0,27.2,505,120
12638,,,,6.0,3.0,3.0,99.45,506,300
12639,,,,8.0,4.0,4.0,62.41,506,140
12640,,,,6.0,3.0,3.0,16.74,601,145
12641,,,,5.0,3.0,3.0,48.06,503,120
12642,,,,8.0,3.0,3.0,59.36,510,160
12643,,,,6.0,2.0,4.0,53.05,505,130
12644,,,,6.0,2.0,3.0,25.71,504,115
12645,,,,6.0,,4.0,77.04,502,132
12646,,,,8.0,4.0,4.0,24.7,509,130
12647,,,,7.0,2.0,3.0,93.78,604,235
12648,,,,8.0,4.0,3.0,40.08,509,145
12649,,,,7.0,4.0,3.0,47.48,508,140
12650,,,,6.0,4.0,,41.64,508,135
12651,,,,8.0,3.0,6.0,70.67,503,130
12652,,,,8.0,3.0,3.0,92.86,503,160
12653,,,,6.0,4.0,2.0,50.78,509,145
12654,,,,6.0,1.0,5.0,67.34,510,165
12655,,,,6.0,3.0,4.0,90.99,600,203
12656,,,,8.0,5.0,5.0,96.77,501,175
12657,,,,6.0,4.0,,45.32,503,117
12658,,,,8.0,3.0,4.0,,501,120
12659,,,,6.0,2.0,4.0,29.7,510,145
12660,,,,6.0,3.0,5.0,87.11,504,155
12661,,,,6.0,,,65.23,507,145
12662,,,,5.0,3.0,2.0,5.3,508,115
12663,,,,4.0,2.0,4.0,47.36,603,170
12664,,,,8.0,2.0,5.0,58.7,503,125
12665,,,,,,,83.61,506,160
12666,,,,7.0,4.0,2.0,87.9,511,185
12667,,,,6.0,3.0,4.0,40.66,501,108
12668,,,,6.0,2.0,3.0,0.43,603,135
12669,,,,6.0,4.0,3.0,93.55,508,190
12670,,,,8.0,2.0,4.0,97.08,503,190
12671,,,,5.0,2.0,5.0,71.28,505,136
12672,,,,6.0,2.0,5.0,25.58,601,150
12673,,,,8.0,2.0,3.0,70.84,506,145
12674,,,,1.0,1.0,1.0,41.76,600,150
12675,,,,6.0,3.0,2.0,,503,
12676,,,,6.0,3.0,3.0,79.94,504,140
12677,,,,7.0,3.0,2.0,76.98,507,153
12678,,,,6.0,2.0,3.0,41.71,502,109
12679,,,,8.0,2.0,2.0,92.62,509,180
12680,,,,1.0,2.0,2.0,,411,
12681,,,,8.0,1.0,5.0,41.68,504,115
12682,,,,6.0,4.0,2.0,,506,180
12683,,,,6.0,4.0,1.0,33.06,607,170
12684,,,,1.0,2.0,5.0,97.83,505,195
12685,,,,6.0,3.0,3.0,86.88,503,140
12686,,,,6.0,2.0,5.0,79.37,510,165
12687,,,,6.0,4.0,3.0,17.75,505,110
12688,,,,6.0,4.0,3.0,13.94,503,099
12689,,,,8.0,2.0,3.0,34.55,509,134
12690,,,,1.0,1.0,,84.03,510,165
12691,,,,6.0,3.0,4.0,52.56,503,115
12692,,,,1.0,4.0,5.0,98.43,511,225
12693,,,,6.0,4.0,2.0,,,
12694,,,,7.0,4.0,5.0,16.41,502,099
12695,,,,1.0,2.0,5.0,36.89,505,116
12696,,,,6.0,3.0,3.0,,,
12697,,,,8.0,2.0,2.0,0.42,500,077
12698,,,,6.0,2.0,,6.33,503,097
12699,,,,8.0,4.0,1.0,9.12,510,121
12700,,,,8.0,4.0,2.0,65.18,509,145
12701,,,,8.0,3.0,2.0,56.13,502,115
12702,,,,6.0,3.0,3.0,52.04,504,122
12703,,,,6.0,3.0,3.0,87.7,602,190
12704,,,,8.0,3.0,2.0,84.74,511,175
12705,,,,8.0,2.0,4.0,62.96,503,120
12706,,,,6.0,3.0,3.0,,,109
12707,,,,8.0,2.0,4.0,77.47,510,173
12708,,,,6.0,3.0,2.0,24.5,511,137
12709,,,,6.0,3.0,3.0,93.42,502,156
12710,,,,8.0,3.0,2.0,99.24,601,264
12711,,,,1.0,1.0,1.0,25.61,509,130
12712,,,,6.0,2.0,4.0,97.82,507,220
12713,,,,8.0,1.0,3.0,84.98,511,170
12714,,,,6.0,1.0,4.0,98.48,505,190
12715,,,,8.0,4.0,2.0,46.63,504,122
12716,,,,4.0,4.0,5.0,,506,150
12717,,,,5.0,3.0,1.0,68.18,600,175
12718,,,,6.0,4.0,3.0,40.79,505,120
12719,,,,8.0,2.0,,66.76,509,145
12720,,,,6.0,4.0,3.0,99.21,511,250
12721,,,,6.0,4.0,1.0,34.11,508,135
12722,,,,6.0,3.0,4.0,,505,140
12723,,,,4.0,2.0,5.0,73.05,410,109
12724,,,,8.0,3.0,2.0,17.55,507,115
12725,,,,6.0,3.0,4.0,21.63,506,113
12726,,,,8.0,2.0,3.0,98.53,601,240
12727,,,,1.0,1.0,6.0,,,
12728,,,,5.0,4.0,3.0,52.71,500,101
12729,,,,2.0,1.0,3.0,99.74,510,290
12730,,,,8.0,5.0,2.0,,506,
12731,,,,6.0,4.0,4.0,,501,
12732,,,,2.0,2.0,4.0,96.4,510,212
12733,,,,8.0,2.0,5.0,67.74,505,125
12734,,,,6.0,3.0,3.0,,502,
12735,,,,2.0,3.0,3.0,96.17,505,178
12736,,,,1.0,1.0,3.0,85.29,505,150
12737,,,,6.0,,4.0,,,
12738,,,,1.0,1.0,1.0,99.05,501,170
12739,,,,6.0,4.0,4.0,72.22,503,120
12740,,,,8.0,3.0,4.0,,,
12741,,,,8.0,5.0,4.0,39.83,507,120
12742,,,,5.0,3.0,4.0,49.47,509,136
12743,,,,5.0,1.0,6.0,27.78,503,105
12744,,,,8.0,2.0,4.0,43.79,600,151
12745,,,,8.0,3.0,6.0,92.79,511,196
12746,,,,6.0,3.0,2.0,47.28,509,135
12747,,,,7.0,4.0,2.0,31.1,503,109
12748,,,,7.0,3.0,3.0,93.81,501,150
12749,,,,5.0,5.0,5.0,15.1,504,101
12750,,,,4.0,5.0,2.0,81.38,505,145
12751,,,,6.0,,,,503,
12752,,,,8.0,4.0,1.0,10.22,503,097
12753,,,,8.0,2.0,5.0,,505,
12754,,,,8.0,4.0,3.0,93.27,500,135
12755,,,,6.0,3.0,4.0,38.13,502,105
12756,,,,4.0,2.0,6.0,,503,
12757,,,,6.0,3.0,3.0,26.15,506,118
12758,,,,8.0,,4.0,,507,136
12759,,,,8.0,5.0,2.0,,503,
12760,,,,8.0,5.0,7.0,98.12,504,195
12761,,,,8.0,4.0,2.0,94.29,501,148
12762,,,,6.0,3.0,1.0,95.87,503,170
12763,,,,8.0,4.0,2.0,99.62,504,276
12764,,,,8.0,3.0,5.0,,504,
12765,,,,6.0,3.0,4.0,,505,
12766,,,,6.0,2.0,5.0,,,108
12767,,,,6.0,4.0,5.0,76.16,506,145
12768,,,,8.0,3.0,4.0,87.92,509,165
12769,,,,8.0,1.0,4.0,34.11,508,135
12770,,,,8.0, always,,,503,5
12771,,,,8.0,3.0,,17.69,511,129
12772,,,,6.0,3.0,,99.6,508,259
12773,,,,6.0,4.0,,80.58,502,124
12774,,,,8.0,1.0,,47.72,510,135
12775,,,,6.0,3.0,,,503,152
12776,,,,7.0,3.0,,95.18,511,195
12777,,,,,,,53.91,502,114
12778,,,,,,,59.47,504,118
12779,,,,8.0,1.0,,97.76,600,217
12780,,,,8.0,3.0,,96.82,503,167
12781,,,,6.0,2.0,,95.67,507,180
12782,,,,6.0,2.0,,,509,149
12783,,,,6.0,3.0,,99.28,507,225
12784,,,,6.0,1.0,,,511,246
12785,,,,7.0,5.0,,,508,140
12786,,,,8.0,2.0,,99.61,511,280
12787,,,,7.0,1.0,,95.77,508,183
12788,,,,2.0,2.0,,63.64,505,128
12789,,,,6.0,1.0,,89.72,601,188
12790,,,,6.0,4.0,,1.27,502,085
12791,,,,3.0,4.0,,91.46,502,150
12792,,,,8.0,1.0,,98.57,502,190
12793,,,,1.0,1.0,,,601,55
12794,,,,8.0,1.0,,96.55,600,210
12795,,,,8.0,1.0,,99.69,510,286
12796,,,,8.0,2.0,,99.89,600,360
12797,,,,8.0,3.0,,99.11,601,260
12798,,,,7.0,1.0,,,600,57
12799,,,,6.0,1.0,,15.99,503,100
12800,,,,7.0,1.0,,72.14,508,150
12801,,,,8.0,1.0,,92.22,508,170
12802,,,,3.0,1.0,,,507,1
12803,,,,5.0,1.0,,,500,1 2
12804,,,,4.0,1.0,,50.96,502,115
12805,,,,5.0,1.0,,90.69,507,170
12806,,,,5.0,3.0,,,509,9
12807,,,,5.0,2.0,,99.12,506,217
12808,,,,8.0,4.0,,10.4,500,090
12809,,,,2.0,1.0,,62.65,601,170
12810,,,,6.0,1.0,,82.39,501,129
12811,,,,1.0,1.0,,89.45,507,163
12812,,,,6.0,1.0,,57.74,503,121
12813,,,,1.0,1.0,,,711,50
12814,,,,5.0,1.0,,57.71,506,129
12815,,,,5.0,3.0,,64.18,505,140
12816,,,,2.0,2.0,,11.76,508,120
12817,,,,6.0,1.0,,90.57,509,175
12818,,,,8.0,2.0,,5.53,504,100
12819,,,,7.0,2.0,,,600,175
12820,,,,7.0,1.0,,44.3,502,110
12821,,,,6.0,3.0,,86.37,506,159
12822,,,,1.0,2.0,,25.57,511,142
12823,,,,8.0,1.0,,28.6,502,104
12824,,,,8.0,4.0,,89.58,501,142
12825,,,,3.0,4.0,,26.05,506,120
12826,,,,6.0,3.0,,60.51,505,130
12827,,,,6.0,3.0,,,502,0 6
12828,,,,5.0,3.0,,91.45,509,172
12829,,,,5.0,3.0,,26.31,501,98
12830,,,,5.0,4.0,,,507,132
12831,,,,8.0,3.0,,99.58,509,259
12832,,,,2.0,2.0,,17.21,509,130
12833,,,,8.0,3.0,,2.02,509,115
12834,,,,8.0,3.0,,59.74,507,142
12835,,,,6.0,1.0,,14.57,500,094
12836,,,,5.0,1.0,,25.58,601,150
12837,,,,1.0,2.0,,,,
12838,,,,6.0,3.0,,99.47,510,260
12839,,,,2.0,2.0,,59.46,601,168
12840,,,,4.0,4.0,,2.88,503,99
12841,,,,8.0,1.0,,73.68,508,157
12842,,,,8.0,2.0,,37.6,504,120
12843,,,,8.0,3.0,,67.36,501,120
12844,,,,7.0,3.0,,79.93,507,160
12845,,,,8.0,1.0,,,511,70
12846,,,,7.0,3.0,,95.53,506,180
12847,,,,8.0,2.0,,,,
12848,,,,7.0,2.0,,63.26,508,149
12849,,,,2.0,3.0,,14.88,507,125
12850,,,,8.0,2.0,,55.35,600,162
12851,,,,8.0,5.0,,38.6,502,110
12852,,,,2.0,1.0,,27.96,600,148
12853,,,,1.0,4.0,,40.55,503,110
12854,,,,,,,12.78,502,96
12855,,,,5.0,3.0,,23.9,505,110
12856,,,,6.0,4.0,,42.36,507,125
12857,,,,6.0,3.0,,49.48,504,118
12858,,,,1.0,3.0,,72.78,509,149
12859,,,,8.0,3.0,,70.74,509,149
12860,,,,7.0,3.0,,87.35,500,127
12861,,,,8.0,4.0,,61.7,501,112
12862,,,,6.0,3.0,,34.05,507,122
12863,,,,7.0,4.0,,15.53,506,110
12864,,,,8.0,1.0,,63.49,507,135
12865,,,,8.0,3.0,,41.86,510,133
12866,,,,,1.0,,,504,090
12867,,,,1.0,4.0,,68.75,507,138
12868,,,,6.0,4.0,,44.97,501,102
12869,,,,8.0,1.0,,,505,03
12870,,,,6.0,3.0,,47.22,505,120
12871,,,,6.0,2.0,,44.44,504,112
12872,,,,6.0,4.0,,56.17,510,144
12873,,,,1.0,4.0,,92.27,508,165
12874,,,,7.0,2.0,,62.41,602,170
12875,,,,8.0,1.0,,30.79,502,107
12876,,,,6.0,4.0,,87.69,600,180
12877,,,,8.0,3.0,,2.77,502,90
12878,,,,6.0,2.0,,12.85,600,135
12879,,,,6.0,5.0,,93.75,511,202
12880,,,,6.0,2.0,,,505,
12881,,,,6.0,1.0,,89.14,603,197
12882,,,,7.0,2.0,,49.29,500,105
12883,,,,1.0,1.0,,,502,
12884,,,,6.0,4.0,,38.28,506,125
12885,,,,5.0,1.0,,19.02,601,137
12886,,,,8.0,1.0,,,507,137
12887,,,Grade 10,6.0,1.0,,88.17,511,175
12888,,,,8.0,4.0,,66.39,500,110
12889,,,,1.0,3.0,,84.25,507,154
12890,,,,2.0,4.0,,2.7,511,125
12891,,,,6.0,3.0,,29.09,507,120
12892,,,,4.0,3.0,,97.3,508,219
12893,,,,6.0,2.0,,,504,103
12894,,,,1.0,3.0,,30.97,505,113
12895,,,,6.0,4.0,,65.01,503,124
12896,,,,8.0,2.0,,62.94,501,112
12897,,,,7.0,1.0,,67.36,506,135
12898,,,,8.0,2.0,,78.35,508,145
12899,,,,1.0,2.0,,7.06,505,98
12900,,,,2.0,3.0,,28.94,505,109
12901,,,,8.0,3.0,,19.64,505,105
12902,,,,6.0,2.0,,47.22,505,120
12903,,,,5.0,2.0,,39.02,504,114
12904,,,,5.0,1.0,,34.95,410,091
12905,,,,6.0,2.0,,61.8,501,109
12906,,,,6.0,3.0,,83.57,502,127
12907,,,,8.0,4.0,,,502,
12908,,,,1.0,1.0,,,510,163
12909,,,,8.0,5.0,,44.71,503,108
12910,,,,6.0,2.0,,57.64,508,132
12911,,,,6.0,1.0,,86.52,508,154
12912,,,,6.0,1.0,,75.92,508,143
12913,,,,2.0,2.0,,35.49,503,105
12914,,,,3.0,3.0,,,410,355
12915,,,,6.0,3.0,,45.34,506,120
12916,,,,,,,,507,120
12917,,,,7.0,2.0,,53.97,504,120
12918,,,,8.0,4.0,,44.69,500,098
12919,,,,8.0,1.0,,1.17,411,75
12920,,,,6.0,4.0,,0.29,505,092
12921,,,,6.0,3.0,,81.97,506,140
12922,,,,1.0,3.0,,3.84,508,106
12923,,,,8.0,4.0,,79.08,500,115
12924,,,,1.0,1.0,,86.48,506,150
12925,,,,5.0,1.0,,96.46,507,176
12926,,,,5.0,3.0,,96.08,508,195
12927,,,,7.0,2.0,,97.98,507,190
12928,,,,4.0,3.0,,,501,
12929,,,,8.0,3.0,,,,
12930,,,,7.0,3.0,,79.58,501,120
12931,,,,1.0,3.0,,14.39,504,100
12932,,,,7.0,1.0,,13.63,508,113
12933,,,,6.0,3.0,,83.42,505,144
12934,,,,8.0,1.0,,53.97,504,120
12935,,,,8.0,3.0,,,502,130
12936,,,,6.0,2.0,,,504,114
12937,,,,6.0,4.0,,23.15,504,104
12938,,,,1.0,2.0,,95.99,500,150
12939,,,,8.0,3.0,,40.56,505,117
12940,,,,6.0,4.0,,,508,215
12941,,,,8.0,2.0,,,509,182
12942,,,,6.0,1.0,,29.23,508,120
12943,,,,8.0,2.0,,26.31,501,098
12944,,,,6.0,1.0,,53.25,507,130
12945,,,,6.0,Always ,,15.32,505,100
12946,,,,6.0,1.0,,93.82,506,160
12947,,,,7.0,2.0,,,509,230
12948,,,,7.0,4.0,,98.29,600,230
12949,,,,8.0,5.0,,86.48,506,150
12950,,,,8.0,1.0,,55.13,505,119
12951,,,,8.0,1.0,,79.48,508,146
12952,,,,1.0,1.0,,,600,189
12953,,,,6.0,1.0,,85.04,503,130
12954,,,,6.0,1.0,,42.79,508,130
12955,,,,7.0,1.0,,98.11,511,215
12956,,,,8.0,1.0,,44.9,507,122
12957,,,,6.0,2.0,,98.06,505,180
12958,,,,6.0,2.0,,61.88,502,115
12959,,,,1.0,4.0,,89.62,506,150
12960,,,,8.0,5.0,,33.96,501,098
12961,,,,8.0,5.0,,0.91,505,090
12962,,,,6.0,3.0,,67.0,505,130
12963,,,,6.0,2.0,,97.57,506,185
12964,,,,8.0,1.0,,66.95,509,150
12965,,,,8.0,4.0,,76.74,411,116
12966,,,,8.0,5.0,,92.95,500,138
12967,,,,8.0,5.0,,74.24,503,130
12968,,,,6.0,5.0,,48.82,506,125
12969,,,,5.0,3.0,,77.01,506,145
12970,,,,8.0,4.0,,96.51,507,181
12971,,,,8.0,3.0,,23.69,506,115
12972,,M,,8.0,4.0,,58.97,505,125
12973,,,,7.0,3.0,,43.98,500,103
12974,,,,7.0,1.0,,4.22,507,110
12975,,,,6.0,2.0,,25.66,510,130
12976,,,,8.0,2.0,,96.21,508,190
12977,,,,6.0,1.0,,92.23,510,180
12978,,,,8.0,3.0,,,508,239
12979,,,,1.0,1.0,,58.19,509,145
12980,,,,6.0,1.0,,27.75,508,128
12981,,,,8.0,5.0,,19.93,502,098
12982,,,,8.0,3.0,,95.81,510,194
12983,,,,7.0,2.0,,25.61,509,130
12984,,,,1.0,2.0,,3.74,510,120
12985,,,,6.0,2.0,,86.23,507,158
12986,,,,4.0,3.0,,69.16,511,155
12987,,,,8.0,1.0,,31.59,507,121
12988,,,,8.0,1.0,,97.48,509,204
12989,,,,8.0,4.0,,92.56,501,146
12990,,,,8.0,3.0,,79.62,408,106
12991,,,,6.0,1.0,,84.35,411,120
12992,,,,8.0,2.0,,43.38,502,107
12993,,,,6.0,3.0,,90.14,504,155
12994,,,,6.0,4.0,,40.79,505,120
12995,,,,6.0,3.0,,69.25,501,116
12996,,,,6.0,2.0,,58.19,509,145
12997,,,,5.0,4.0,,58.09,505,125
12998,,,,8.0,1.0,,67.36,506,135
12999,,,,6.0,3.0,,,411,25
13000,,,,8.0,5.0,,83.07,503,135
13001,,,,6.0,3.0,,12.28,500,86
13002,,,,8.0,3.0,,86.89,409,115
13003,,,,8.0,1.0,,high,500,090
13004,,,,,,,55.57,500,105
13005,,,,,2.0,,78.01,503,130
13006,,,,1.0,3.0,,79.95,504,130
13007,,,,8.0,3.0,,66.62,500,115
13008,,,,6.0,3.0,,72.08,507,145
13009,,,,6.0,3.0,,92.73,504,162
13010,,,,8.0,2.0,,66.62,500,115
13011,,,,6.0,4.0,,51.8,500,106
13012,,,,8.0,3.0,,47.58,504,120
13013,,,,6.0,3.0,,72.98,505,140
13014,,,,4.0,4.0,,72.97,505,137
13015,,,,4.0,2.0,,95.58,506,176
13016,,,,2.0,2.0,,98.92,505,230
13017,,,,6.0,3.0,,48.86,504,123
13018,,,,6.0,1.0,,94.17,507,179
13019,,,,1.0,1.0,,29.95,500,100
13020,,,,6.0,2.0,,25.21,501,095
13021,,,,5.0,2.0,,99.0,507,214
13022,,,,6.0,1.0,,88.63,600,176
13023,,,,8.0,5.0,,5.59,411,80
13024,,,,6.0,3.0,,9.54,409,77
13025,,,,6.0,2.0,,24.15,411,091
13026,,,,8.0,4.0,,37.7,504,113
13027,,,,6.0,5.0,,,411,109
13028,,,,6.0,4.0,,21.97,500,090
13029,,,,8.0,5.0,,52.67,501,105
13030,,,,6.0,2.0,,,502,160
13031,,,,8.0,3.0,,70.84,502,120
13032,,,,8.0,3.0,,66.19,505,126
13033,,,,6.0,1.0,,83.2,506,149
13034,,,,7.0,3.0,,1.04,504,093
13035,,,,6.0,3.0,,84.74,511,175
13036,,,,8.0,2.0,,92.14,600,190
13037,,,,6.0,2.0,,71.25,501,120
13038,,,,6.0,2.0,,57.6,501,115
13039,,,,8.0,4.0,,48.82,506,125
13040,,,,2.0,2.0,,83.38,508,160
13041,,,,5.0,4.0,,37.55,510,140
13042,,,,7.0,4.0,,98.31,510,218
13043,,,,6.0,2.0,,56.83,507,132
13044,,,,6.0,3.0,,93.28,503,148
13045,,,,8.0,3.0,,,504,110
13046,,,,6.0,4.0,,86.08,410,120
13047,,,,8.0,3.0,,21.17,501,096
13048,,,,6.0,2.0,,96.05,505,172
13049,,,,4.0,4.0,,99.49,602,290
13050,,,,8.0,5.0,,0.01,508,097
13051,,,,6.0,1.0,,,510,205
13052,,,,6.0,1.0,,99.6,503,220
13053,,,,8.0,5.0,,93.58,600,200
13054,,,,8.0,3.0,,72.86,505,134
13055,,,,8.0,4.0,,77.17,508,149
13056,,,,1.0,1.0,,66.95,509,150
13057,,,,1.0,1.0,,92.86,603,213
13058,,,,6.0,1.0,,95.45,502,157
13059,,,,6.0,1.0,,36.21,506,120
13060,,,,4.0,2.0,,87.5,510,170
13061,,,,6.0,1.0,,94.46,506,167
13062,,,,1.0,2.0,,,6,110
13063,,,,8.0,4.0,,25.01,501,100
13064,,,,6.0,3.0,,95.24,508,185
13065,,,,1.0,3.0,,40.79,505,120
13066,,,,6.0,4.0,,30.3,504,110
13067,,,,8.0,3.0,,,503,140
13068,,,,8.0,5.0,,9.17,504,105
13069,,,,6.0,3.0,,97.21,601,230
13070,,,,6.0,3.0,,53.02,505,128
13071,,,,6.0,3.0,,18.46,504,110
13072,,,,6.0,2.0,,,511,165
13073,,,,6.0,4.0,,96.45,511,212
13074,,,,6.0,1.0,,40.55,506,130
13075,,,,6.0,3.0,,65.47,502,120
13076,,,,6.0,2.0,,95.59,509,191
13077,,,,8.0,3.0,,,5,181
13078,,,,4.0,3.0,,30.97,510,137
13079,,,,5.0,1.0,,79.33,605,200
13080,,,,3.0,4.0,,53.25,507,130
13081,,,,8.0,4.0,,,502,095
13082,,,,8.0,5.0,,28.6,502,104
13083,,,,6.0,3.0,,16.78,503,103
13084,,,,5.0,3.0,,21.37,411,090
13085,,,,6.0,2.0,,17.14,506,116
13086,,,,6.0,1.0,,95.32,601,212
13087,,,,8.0,3.0,,87.98,507,160
13088,,,,1.0,4.0,,30.16,502,102
13089,,,,8.0,3.0,,71.24,502,117
13090,,,,,,,63.14,502,115
13091,,,,5.0,1.0,,89.7,506,155
13092,,,,6.0,4.0,,,603,210
13093,,,,8.0,1.0,,84.06,506,147
13094,,,,,,,24.19,509,125
13095,,,,1.0,,,,505,
13096,,,,6.0,3.0,,58.87,506,130
13097,,,,6.0,3.0,,,,
13098,,,,6.0,2.0,,42.05,600,155
13099,,,,6.0,4.0,,27.97,503,110
13100,,,,8.0,3.0,,95.74,504,180
13101,,,,8.0,4.0,,,507,112
13102,,,,6.0,1.0,,51.58,507,138
13103,,,,5.0,1.0,,3.74,510,120
13104,,,,6.0,3.0,,64.49,509,148
13105,,,,4.0,2.0,,19.35,509,127
13106,,,,1.0,1.0,,38.53,510,145
13107,,,,4.0,2.0,,,510,220
13108,,,,7.0,3.0,,,602,203
13109,,,,5.0,,,99.18,603,280
13110,,,,6.0,3.0,,,601,220
13111,,,,6.0,1.0,,69.13,511,170
13112,,,,3.0,1.0,,48.42,411,104
13113,,,,6.0,4.0,,61.79,505,130
13114,,,,8.0,3.0,,98.63,508,250
13115,,,,6.0,1.0,,76.39,510,172
13116,,,,6.0,3.0,,41.98,504,120
13117,,,,5.0,4.0,,66.85,510,160
13118,,,,6.0,1.0,,79.67,600,180
13119,,,,4.0,1.0,,85.06,602,197
13120,,,,6.0,2.0,,22.9,408,85
13121,,,,6.0,3.0,,40.44,503,115
13122,,,,6.0,3.0,,77.05,504,140
13123,,,,6.0,3.0,,,511,175
13124,,,,7.0,2.0,,71.55,605,198
13125,,,,6.0,3.0,,64.23,507,140
13126,,,,8.0,3.0,,76.55,505,143
13127,,,,6.0,3.0,,92.47,506,175
13128,,,,,,,94.15,411,145
13129,,,,6.0,3.0,,,501,
13130,,,,7.0,1.0,5.0,96.96,601,223
13131,,,,8.0,3.0,5.0,98.72,508,220
13132,,,,1.0,2.0,3.0,86.35,505,149
13133,,,,6.0,3.0,4.0,99.1,509,235
13134,,,,6.0,1.0,1.0,98.75,508,225
13135,,,,6.0,3.0,3.0,83.56,411,122
13136,,,,1.0,1.0,1.0,94.5,411,143
13137,,,,2.0,3.0,1.0,91.53,505,154
13138,,,,8.0,,,1.99,508,107
13139,,,,8.0,2.0,,47.58,504,120
13140,,,,8.0,3.0,2.0,10.91,600,138
13141,,,,1.0,3.0,6.0,94.3,507,175
13142,,,,1.0,1.0,1.0,,504,143
13143,,,,3.0,3.0,1.0,99.69,506,250
13144,,,,2.0,3.0,1.0,27.3,500,97
13145,,,,8.0,3.0,,87.88,507,165
13146,,,,,,,35.68,500,100
13147,,,,,,,,,
13148,,,,,,,,506,192
13149,,,,,,,40.33,411,99
13150,,,,8.0,1.0,6.0,99.79,508,280
13151,,,,8.0,4.0,4.0,43.95,508,135
13152,,,,,,,,401,115
13153,,,,8.0,4.0,3.0,96.43,505,170
13154,,,,1.0,1.0,1.0,95.82,505,185
13155,,,,6.0,1.0,4.0,95.41,505,169
13156,,,,3.0,2.0,3.0,77.29,503,122
13157,,,,3.0,5.0,3.0,98.18,602,230
13158,,,,5.0,2.0,5.0,99.0,511,240
13159,,,,2.0,1.0,1.0,98.2,505,172
13160,,,,2.0,2.0,1.0,,600,187
13161,,,,1.0,1.0,2.0,98.76,509,215
13162,,,,4.0,5.0,6.0,97.98,508,201
13163,,,,5.0,4.0,4.0,25.54,602,150
13164,,,,5.0,5.0,6.0,88.94,503,150
13165,,,,5.0,5.0,6.0,71.77,408,101
13166,,,,4.0,4.0,6.0,20.71,509,130
13167,,,,4.0,,,82.84,505,145
13168,,,,3.0,,,79.92,509,160
13169,,,,,,,63.79,504,125
13170,,,,3.0,,,74.65,508,147
13171,,,,,,,40.66,501,108
13172,,,,,,,51.62,502,113
13173,,,,2.0,3.0,2.0,,504,131
13174,,,,2.0,2.0,2.0,,411,117
13175,,,,3.0,1.0,2.0,,605,134
13176,,,,8.0,3.0,4.0,,502,
13177,,,,8.0,5.0,2.0,99.64,506,250
13178,,,,2.0,3.0,3.0,,,
13179,,,,6.0,2.0,5.0,66.67,510,155
13180,,,,1.0,1.0,1.0,35.83,506,124
13181,,,,1.0,,1.0,,510,13
13182,,,,7.0,2.0,5.0,96.6,505,179
13183,,,,7.0,3.0,5.0,,506,152
13184,,,,5.0,4.0,3.0,,509,025
13185,,,,6.0,3.0,3.0,93.65,500,147
13186,,,,3.0,2.0,1.0,93.56,507,152
13187,,,,6.0,2.0,6.0,98.9,503,225
13188,,,,8.0,3.0,3.0,14.24,502,98
13189,,,,8.0,5.0,2.0,87.96,506,160
13190,,,,8.0,3.0,4.0,87.68,502,136
13191,,,,6.0,2.0,4.0,74.16,509,155
13192,,,,8.0,1.0,5.0,64.48,505,132
13193,,,,8.0,2.0,3.0,72.94,511,163
13194,,,,1.0,2.0,2.0,80.21,503,132
13195,,,,,,,25.1,506,120
13196,,,,4.0,4.0,5.0,99.33,501,190
13197,,,,6.0,3.0,5.0,49.21,502,112
13198,,,,8.0,3.0,4.0,74.95,511,154
13199,,,,7.0,2.0,5.0,21.05,509,132
13200,,,,6.0,2.0,3.0,13.08,511,135
13201,,,,6.0,2.0,3.0,92.47,507,174
13202,,,,1.0,1.0,2.0,79.49,508,163
13203,,,,6.0,3.0,4.0,85.01,501,132
13204,,,,,,,96.83,511,210
13205,,,,2.0,2.0,3.0,48.22,503,110
13206,,,,2.0,1.0,2.0,78.01,503,130
13207,,,,2.0,1.0,,97.27,502,170
13208,,,,1.0,1.0,1.0,87.31,501,132
13209,,,,1.0,1.0,1.0,24.92,502,100
13210,,,,8.0,,2.0,98.32,504,192
13211,,,,4.0,,4.0,50.13,500,100
13212,,,,1.0,1.0,1.0,42.99,504,112
13213,,,,8.0,2.0,1.0,84.8,502,132
13214,,,,1.0,,2.0,35.49,507,125
13215,,,,2.0,4.0,2.0,93.01,501,125
13216,,,,1.0,3.0,4.0,11.72,411,086
13217,,,,3.0,2.0,2.0,,504,121
13218,,,,1.0,1.0,1.0,74.81,500,115
13219,,,,8.0,1.0,4.0,73.65,501,124
13220,,,,6.0,3.0,4.0,34.47,504,120
13221,,,,8.0,3.0,3.0,83.72,500,128
13222,,,,1.0,2.0,3.0,,506,120
13223,,,,3.0,3.0,4.0,66.6,508,151
13224,,,,6.0,1.0,5.0,69.87,506,140
13225,,,,8.0,2.0,4.0,98.65,506,197
13226,,,,6.0,3.0,5.0,91.49,504,165
13227,,,,4.0,3.0,4.0,42.79,510,147
13228,,,,4.0,2.0,3.0,94.46,507,180
13229,,,,8.0,3.0,3.0,98.04,502,198
13230,,,,8.0,2.0,4.0,26.05,506,120
13231,,,,8.0,3.0,4.0,98.9,504,224
13232,,,,8.0,3.0,2.0,98.46,506,230
13233,,,,1.0,,1.0,66.09,502,120
13234,,,,1.0,4.0,1.0,99.55,600,280
13235,,,,6.0,3.0,4.0,,410,
13236,,,,8.0,1.0,3.0,84.54,502,140
13237,,,,8.0,3.0,4.0,62.36,505,135
13238,,,,6.0,1.0,5.0,96.22,506,175
13239,,,,8.0,3.0,5.0,98.84,410,180
13240,,,,2.0,1.0,2.0,71.18,507,153
13241,,,,2.0,1.0,1.0,98.86,507,210
13242,,,,1.0,1.0,4.0,,403,145
13243,,,,8.0,3.0,4.0,62.19,507,135
13244,,,,6.0,3.0,4.0,69.87,506,140
13245,,,,1.0,,,,405,*6
13246,,,,,3.0,,64.39,500,109
13247,,,,6.0,2.0,7.0,77.18,505,140
13248,,,,6.0,2.0,5.0,67.0,411,110
13249,,,,8.0,3.0,4.0,98.71,506,230
13250,,,,8.0,3.0,4.0,,505,156
13251,,,,4.0,1.0,4.0,97.85,507,200
13252,,,,7.0,2.0,3.0,69.72,508,153
13253,,,,1.0,1.0,1.0,,504,051
13254,,,,8.0,3.0,2.0,40.55,503,110
13255,,,,6.0,3.0,3.0,99.81,508,285
13256,,,,2.0,4.0,3.0,99.75,505,250
13257,,,,8.0,2.0,4.0,21.46,505,110
13258,,,,6.0,2.0,3.0,,500,
13259,,,,3.0,1.0,3.0,,,
13260,,,,1.0,1.0,2.0,99.04,502,214
13261,,,,8.0,4.0,3.0,97.27,502,180
13262,,,,1.0,1.0,1.0,98.66,501,210
13263,,,,4.0,3.0,4.0,40.63,509,120
13264,,,,1.0,1.0,1.0,13.08,511,135
13265,,,,6.0,3.0,5.0,,305,133
13266,,,,8.0,2.0,1.0,99.21,506,220
13267,,,,1.0,2.0,,66.73,503,125
13268,,,,1.0,3.0,1.0,15.49,411,90
13269,,,,1.0,4.0,1.0,80.08,502,130
13270,,,,1.0,2.0,1.0,61.32,503,122
13271,,,,5.0,1.0,5.0,84.35,411,120
13272,,,,1.0,1.0,1.0,85.07,501,129
13273,,,,4.0,3.0,,51.29,501,110
13274,,,,3.0,3.0,,81.17,500,120
13275,,,,1.0,1.0,,,501,50
13276,,,,1.0,1.0,1.0,77.87,500,120
13277,,,,2.0,3.0,1.0,66.09,502,120
13278,,,,4.0,4.0,,94.33,501,152
13279,,,,2.0,1.0,5.0,,501,50
13280,,,,1.0,1.0,1.0,,505,
13281,,,,2.0,1.0,1.0,98.23,504,197
13282,,,,2.0,,1.0,,603,14
13283,,,,5.0,3.0,1.0,,605,124
13284,,,,3.0,4.0,4.0,,501,5
13285,,,,1.0,1.0,1.0,84.17,507,160
13286,,,,2.0,2.0,3.0,92.64,411,140
13287,,,,6.0,1.0,,99.41,504,260
13288,,,,2.0,2.0,2.0,59.85,502,114
13289,,,,2.0,2.0,1.0,,500,120
13290,,,,,1.0,,82.18,506,145
13291,,,,,2.0,,68.87,600,160
13292,,,,,3.0,4.0,10.75,504,101
13293,,,,,3.0,6.0,,508,
13294,,,,,1.0,5.0,71.41,503,125
13295,,,,,4.0,5.0,28.27,504,110
13296,,,,,3.0,3.0,65.17,510,150
13297,,,,,2.0,6.0,0.62,601,118
13298,,,,,3.0,6.0,45.94,505,116
13299,,,,,5.0,2.0,97.63,502,174
13300,,,,,4.0,4.0,68.81,503,120
13301,,,,,1.0,5.0,35.59,510,130
13302,,,,,4.0,1.0,11.52,507,108
13303,,,,,1.0,4.0,74.86,507,140
13304,,,,,1.0,5.0,19.18,411,087
13305,,,,,3.0,6.0,64.48,505,125
13306,,,,,3.0,5.0,97.43,603,235
13307,,,,,2.0,3.0,97.49,506,180
13308,,,,,2.0,5.0,91.95,509,168
13309,,,,,2.0,3.0,50.12,504,115
13310,,,,,4.0,4.0,high,506,105
13311,,,,,3.0,4.0,7.11,503,095
13312,,,,,4.0,1.0,41.9,600,140
13313,,,,,3.0,4.0,,504,108
13314,,,,,3.0,4.0,42.19,506,122
13315,,,,,3.0,4.0,90.11,601,183
13316,,,,,4.0,3.0,,501,
13317,,,,,2.0,6.0,72.89,502,120
13318,,,,,4.0,4.0,51.82,511,140
13319,,,,,1.0,4.0,99.36,602,279
13320,,,,,1.0,6.0,,5,110
13321,,,,,3.0,7.0,23.9,505,110
13322,,,,,3.0,,79.18,504,136
13323,,,,,2.0,3.0,9.95,503,094
13324,,,,,3.0,5.0,16.65,509,120
13325,,,,,3.0,3.0,81.83,603,185
13326,,,,,2.0,5.0,29.09,507,120
13327,,,,,1.0,5.0,57.49,509,135
13328,,,,,3.0,,56.04,507,128
13329,,,,,4.0,3.0,81.88,600,166
13330,,,,,4.0,4.0,9.65,508,113
13331,,,,,1.0,4.0,44.21,509,129
13332,,,,,1.0,,98.67,602,247
13333,,,,,4.0,4.0,5.82,505,097
13334,,,,,3.0,6.0,96.46,503,160
13335,,,,,4.0,,54.87,509,135
13336,,,,,1.0,4.0,85.36,511,165
13337,,,,,3.0,5.0,2.62,505,095
13338,,,,,1.0,4.0,31.09,600,140
13339,,,,,4.0,2.0,33.85,505,111
13340,,,,,4.0,2.0,999,504,130
13341,,,,,5.0,1.0,31.55,505,110
13342,,,,,5.0,1.0,5.78,600,125
13343,,,,,1.0,,40.55,503,110
13344,,,,,4.0,4.0,38.08,504,110
13345,,,,,2.0,4.0,66.34,604,170
13346,,,,,2.0,6.0,,711,069
13347,,,,,1.0,4.0,74.11,509,150
13348,,,,,1.0,,11.8,602,137
13349,,,,,1.0,5.0,46.58,509,130
13350,,,,,1.0,5.0,71.86,507,140
13351,,,,,4.0,3.0,49.55,504,118
13352,,,,,3.0,4.0,36.78,501,099
13353,,,,,3.0,3.0,,503,
13354,,,,,3.0,4.0,,502,
13355,,,,,3.0,4.0,52.94,507,130
13356,,,,,3.0,4.0,,501,
13357,,,,,2.0,5.0,32.5,502,100
13358,,,,,3.0,4.0,39.8,510,132
13359,,,,,5.0,1.0,80.79,508,155
13360,,,,,2.0,4.0,72.9,510,149
13361,,,,,4.0,2.0,79.58,501,120
13362,,,,,3.0,4.0,36.2,510,130
13363,,,,,3.0,6.0,,505,120
13364,,,,,2.0,4.0,76.74,601,170
13365,,,,,3.0,5.0,,505,114
13366,,,,,,4.0,90.9,510,187
13367,,,,,2.0,1.0,,504,160
13368,,,,,3.0,4.0,,510,145
13369,,,,,4.0,2.0,80.39,600,170
13370,,,,,4.0,3.0,68.57,600,165
13371,,,,,3.0,,94.34,510,187
13372,,,,,3.0,4.0,19.38,510,127
13373,,,,,4.0,4.0,89.28,500,130
13374,,,,,3.0,3.0,52.0,600,150
13375,,,,,3.0,,,,
13376,,,,,1.0,4.0,41.48,507,125
13377,,,,,1.0,3.0,0.4,509,105
13378,,,,,4.0,5.0,74.11,509,150
13379,,,,,4.0,3.0,1.21,506,100
13380,,,,,4.0,3.0,,503,140
13381,,,,,2.0,5.0,74.11,509,150
13382,,,,,3.0,5.0,93.82,510,999
13383,,,,,3.0,1.0,99.53,602,295
13384,,,,,3.0,2.0,79.93,509,155
13385,,,,,1.0,4.0,42.53,504,115
13386,,,,,3.0,3.0,30.3,504,110
13387,,,,,4.0,4.0,21.17,508,125
13388,,,,,3.0,4.0,37.58,506,120
13389,,,,,4.0,4.0,42.36,507,125
13390,,,,,1.0,4.0,29.3,603,150
13391,,,,,5.0,4.0,93.33,504,160
13392,,,,,3.0,4.0,25.66,510,130
13393,,,,,3.0,,37.58,506,120
13394,,,,,3.0,2.0,53.98,604,168
13395,,,,,5.0,2.0,98.61,600,240
13396,,,,,2.0,4.0,86.88,503,140
13397,,,,,5.0,1.0,0.13,511,111
13398,,,,,5.0,5.0,54.63,601,160
13399,,,,,1.0,5.0,71.04,603,180
13400,,,,,3.0,4.0,32.35,508,130
13401,,,,,4.0,5.0,48.4,502,109
13402,,,,,2.0,,,600,155
13403,,,,,2.0,4.0,68.25,503,123
13404,,,,,,3.0,,601,250
13405,,,,,4.0,3.0,81.08,507,150
13406,,,,,2.0,4.0,,511,150
13407,,,,,3.0,4.0,83.08,502,130
13408,,,,,4.0,3.0,18.56,504,105
13409,,,,,3.0,4.0,39.9,501,103
13410,,,,,2.0,6.0,20.63,504,111
13411,,,,,2.0,5.0,74.66,410,110
13412,,,,,4.0,4.0,,5,
13413,,,,,,3.0,15.52,509,125
13414,,,,,2.0,4.0,,510,175
13415,,,,,4.0,3.0,,507,
13416,,,,,1.0,6.0,,511,170
13417,,,,,1.0,3.0,16.01,601,140
13418,,,,,4.0,4.0,44.3,502,110
13419,,,,,4.0,4.0,2.77,508,112
13420,,,,,4.0,4.0,88.31,505,155
13421,,,,,3.0,4.0,6.92,507,110
13422,,,,,2.0,4.0,9.1,511,128
13423,,,,,1.0,5.0,98.62,602,250
13424,,,,,2.0,4.0,,608,232
13425,,,,,5.0,4.0,63.0,601,165
13426,,,,,1.0,5.0,4.31,506,105
13427,,,,,2.0,,40.85,509,135
13428,,,,,3.0,5.0,90.5,507,165
13429,,,,,,2.0,40.75,502,106
13430,,,,,4.0,5.0,,505,
13431,,,,,5.0,1.0,,708,399
13432,,,,,4.0,4.0,,507,010
13433,,,,,3.0,5.0,20.1,509,125
13434,,,,,5.0,2.0,92.14,600,190
13435,,,,,2.0,5.0,29.66,505,121
13436,,,,,3.0,5.0,42.15,506,125
13437,,,,,4.0,4.0,82.71,506,155
13438,,,,,2.0,3.0,8.87,510,125
13439,,,,,1.0,2.0,64.96,508,150
13440,,,,,4.0,5.0,21.29,503,105
13441,,,,,2.0,4.0,35.37,510,139
13442,,,,,3.0,4.0,75.73,601,180
13443,,,,,2.0,5.0,2.43,508,115
13444,,,,,1.0,5.0,,510,170
13445,,,,,1.0,5.0,9.53,602,140
13446,,,,,5.0,3.0,65.89,506,140
13447,,,,,4.0,5.0,10.9,503,100
13448,,,,,5.0,1.0,43.09,602,159
13449,,,,,4.0,,68.07,508,150
13450,,,,,3.0,3.0,,510,150
13451,,,,,3.0,2.0,94.34,505,165
13452,,,,,4.0,4.0,,504,
13453,,,,,3.0,,73.83,506,143
13454,,,,,3.0,5.0,55.23,503,119
13455,,,,,2.0,4.0,90.69,502,145
13456,,,,,3.0,5.0,89.84,608,240
13457,,,,,4.0,4.0,11.72,510,127
13458,,,,,3.0,1.0,,610,369
13459,,,,,2.0,4.0,70.29,603,185
13460,,,,,4.0,3.0,22.86,504,112
13461,,,,,3.0,2.0,34.53,509,132
13462,,,,,3.0,4.0,6.27,510,120
13463,,,,,4.0,3.0,40.85,507,130
13464,,,,,3.0,4.0,2.13,506,102
13465,,,,,2.0,6.0,,300,399
13466,,,,,3.0,5.0,83.87,510,170
13467,,,,,2.0,4.0,70.79,504,135
13468,,,,,5.0,3.0,38.46,505,119
13469,,,,,1.0,3.0,,502,
13470,,,,,5.0,7.0,,300,369
13471,,,,,4.0,3.0,51.33,507,135
13472,,,,,2.0,,48.92,601,162
13473,,,,,,2.0,41.64,508,135
13474,,,,,5.0,5.0,99.53,501,200
13475,,,,,3.0,6.0,14.41,507,115
13476,,,,,2.0,5.0,56.68,603,170
13477,,,,,,2.0,,502,
13478,,,,,3.0,5.0,97.91,511,225
13479,,,,,2.0,2.0,48.89,511,150
13480,,,,,2.0,4.0,54.41,507,135
13481,,,,,3.0,4.0,61.79,505,130
13482,,,,,4.0,,37.55,510,140
13483,,,,,3.0,2.0,21.4,600,140
13484,,,,,1.0,4.0,6.55,508,120
13485,,,,,3.0,3.0,0.13,507,102
13486,,,,,2.0,4.0,69.21,605,190
13487,,,,,4.0,4.0,54.85,510,153
13488,,,,,4.0,4.0,28.91,505,115
13489,,,,,3.0,2.0,36.86,509,135
13490,,,,,4.0,1.0,36.42,506,125
13491,,,,,1.0,4.0,63.0,601,165
13492,,,,,2.0,4.0,69.25,606,200
13493,,,,,3.0,3.0,62.32,501,115
13494,,,,,4.0,2.0,77.77,507,150
13495,,,,,3.0,5.0,14.86,506,115
13496,,,,,,,52.22,503,120
13497,,,,,3.0,3.0,66.09,502,120
13498,,,,,5.0,3.0,5.53,504,100
13499,,,,,3.0,3.0,73.83,506,143
13500,,,,,2.0,5.0,,504,115
13501,,,,,Always ,4.0,,601,150
13502,,,,,4.0,4.0,73.06,507,150
13503,,,,,3.0,5.0,62.41,602,170
13504,,,,,2.0,4.0,50.84,509,140
13505,,,,,,,,510,140
13506,,,,,2.0,5.0,15.52,509,125
13507,,,,,2.0,3.0,42.28,505,125
13508,,,,,1.0,4.0,,511,142
13509,,,,,2.0,4.0,,605,190
13510,,,,,3.0,5.0,14.86,506,115
13511,,,,,3.0,4.0,77.19,503,135
13512,,,,,5.0,4.0,,711,350
13513,,,,,1.0,5.0,41.03,509,140
13514,,,,,2.0,4.0,33.1,600,155
13515,,,,,1.0,4.0,40.23,411,101
13516,,,,,3.0,3.0,68.58,602,185
13517,,,,,3.0,4.0,20.35,605,170
13518,,,,,4.0,4.0,93.99,511,200
13519,,,,,3.0,5.0,,600,210
13520,,,,,3.0,,10.1,602,145
13521,,,,,1.0,5.0,74.46,600,175
13522,,,,,4.0,4.0,44.91,507,135
13523,,,,,2.0,4.0,99.78,410,200
13524,,,,,3.0,5.0,47.13,507,135
13525,,,,,3.0,4.0,90.75,508,180
13526,,,,,4.0,3.0,42.16,507,128
13527,,,,,3.0,3.0,59.97,509,155
13528,,,,,3.0,4.0,40.08,509,145
13529,,,,,3.0,3.0,52.0,409,100
13530,,,,,1.0,4.0,53.7,602,170
13531,,,,,5.0,,,507,140
13532,,,,,2.0,3.0,38.4,603,170
13533,,,,,1.0,3.0,10.1,602,145
13534,,,,,3.0,4.0,24.07,603,162
13535,,,,,5.0,2.0,0.03,601,120
13536,,,,,4.0,3.0,46.6,505,125
13537,,,,,5.0,3.0,8.87,510,127
13538,,,,,2.0,4.0,,700,124
13539,,,,,Always ,3.0,87.19,600,190
13540,,,,,4.0,3.0,71.89,500,120
13541,,,,,2.0,5.0,2.7,511,125
13542,,,,,3.0,4.0,70.01,505,140
13543,,,,,2.0,3.0,64.94,511,160
13544,,,,,1.0,4.0,32.67,501,105
13545,,,,,3.0,4.0,42.13,511,150
13546,,,,,2.0,3.0,57.02,505,130
13547,,,,,1.0,4.0,59.36,510,160
13548,,,,,4.0,3.0,,508,160
13549,,,,,2.0,3.0,41.03,509,140
13550,,,,,3.0,4.0,70.79,504,135
13551,,,,,3.0,1.0,68.07,508,150
13552,,,,,4.0,,,507,
13553,,,,,1.0,4.0,79.93,507,160
13554,,,,,4.0,3.0,57.6,501,115
13555,,,,,2.0,5.0,5.69,509,120
13556,,,,,2.0,6.0,27.91,510,140
13557,,,,,4.0,4.0,57.45,506,135
13558,,,,,4.0,3.0,62.87,504,130
13559,,,,,4.0,4.0,15.24,509,125
13560,,,,,4.0,2.0,15.08,508,124
13561,,,,,3.0,3.0,18.1,602,155
13562,,,,,4.0,6.0,52.67,501,105
13563,,,,,1.0,2.0,44.71,503,108
13564,,,,,2.0,6.0,38.85,507,120
13565,,,,,3.0,3.0,53.97,504,120
13566,,,,,2.0,4.0,98.51,503,176
13567,,,,,4.0,5.0,,,
13568,,,,,5.0,1.0,99.67,600,302
13569,,,,,2.0,5.0,97.06,505,170
13570,,,,,2.0,3.0,92.66,510,170
13571,,,,,3.0,3.0,98.14,511,220
13572,,,,,1.0,4.0,,600,151
13573,,,,,1.0,4.0,53.76,511,146
13574,,,,,3.0,4.0,,506,126
13575,,,,,2.0,3.0,42.53,504,115
13576,,,,,2.0,6.0,5.34,509,110
13577,,,,,3.0,3.0,90.71,505,152
13578,,,,,5.0,3.0,55.21,503,113
13579,,,,,2.0,5.0,42.79,508,130
13580,,,,,1.0,1.0,20.13,507,115
13581,,,,,2.0,5.0,68.39,508,140
13582,,,,,,,,503,121
13583,,,,,3.0,,70.07,510,147
13584,,,,,4.0,3.0,34.1,500,097
13585,,,,,,4.0,93.82,506,160
13586,,,,,1.0,6.0,49.04,509,132
13587,,,,,1.0,4.0,87.5,510,170
13588,,,,,3.0,5.0,60.76,504,120
13589,,,,,3.0,6.0,2.62,506,100
13590,,,,,2.0,5.0,92.56,511,185
13591,,,,,3.0,5.0,83.96,506,150
13592,,,,,3.0,5.0,79.58,510,160
13593,,,,,3.0,2.0,,506,145
13594,,,,,4.0,4.0,58.78,604,165
13595,,,,,3.0,3.0,49.95,507,125
13596,,,,,2.0,5.0,71.24,508,146
13597,,,,,1.0,6.0,89.62,506,150
13598,,,,,,4.0,,,
13599,,,,,2.0,3.0,18.56,504,105
13600,,,,,1.0,5.0,96.97,507,190
13601,,,,,2.0,6.0,,503,097
13602,,,,,3.0,5.0,41.9,600,140
13603,,,,,4.0,2.0,56.96,503,117
13604,,,,,1.0,3.0,99.17,506,215
13605,,,,,,,37.61,600,148
13606,,,,,1.0,3.0,49.76,411,100
13607,,,,,3.0,4.0,,504,
13608,,,,,3.0,2.0,36.05,506,116
13609,,,,,3.0,5.0,31.55,505,110
13610,,,,,3.0,3.0,4.09,508,110
13611,,,,,3.0,6.0,50.12,504,115
13612,,,,,1.0,5.0,90.02,508,165
13613,,,,,2.0,5.0,,401,115
13614,,,,,2.0,6.0,84.64,511,164
13615,,,,,,5.0,80.21,507,145
13616,,,,,4.0,4.0,66.58,507,134
13617,,,,,2.0,2.0,35.76,505,115
13618,,,,,4.0,4.0,78.45,603,175
13619,,,,,3.0,3.0,57.92,502,110
13620,,,,,2.0,4.0,,,138
13621,,,,,5.0,4.0,,509,114
13622,,,,,1.0,6.0,18.0,508,118
13623,,,,,5.0,2.0,10.28,500,085
13624,,,,,2.0,3.0,96.94,507,184
13625,,,,,2.0,5.0,,504,
13626,,,,,2.0,3.0,75.68,502,120
13627,,,,,1.0,5.0,84.98,511,170
13628,,,,,4.0,1.0,47.96,510,140
13629,,,,,1.0,5.0,,302,170
13630,,,,,2.0,4.0,71.53,507,135
13631,,,,,1.0,2.0,10.91,511,125
13632,,,,,4.0,3.0,64.48,505,125
13633,,,,,4.0,4.0,54.82,503,116
13634,,,,,3.0,5.0,,509,
13635,,,,,1.0,3.0,53.25,507,130
13636,,,,,2.0,3.0,7.57,601,125
13637,,,,,2.0,5.0,23.55,505,107
13638,,,,,2.0,4.0,65.17,510,150
13639,,,,,5.0,4.0,96.92,506,185
13640,,,,,2.0,3.0,13.15,501,095
13641,,,,,5.0,2.0,,505,
13642,,,,,3.0,4.0,71.65,411,110
13643,,,,,2.0,,,509,
13644,,,,,,3.0,,505,120
13645,,,,,4.0,4.0,74.81,500,115
13646,,,,,4.0,2.0,61.88,502,115
13647,,,,,2.0,,,506,
13648,,,,,1.0,6.0,66.39,500,110
13649,,,,,3.0,4.0,35.44,503,108
13650,,,,,3.0,6.0,66.09,502,120
13651,,,,,3.0,2.0,98.42,510,220
13652,,,,,1.0,3.0,62.19,507,135
13653,,,,,3.0,3.0,97.77,510,210
13654,,,,,4.0,3.0,,501,
13655,,,,,1.0,1.0,96.47,602,221
13656,,,,,4.0,1.0,23.9,505,110
13657,,,,,1.0,1.0,,402,100
13658,,,,,4.0,2.0,42.19,506,122
13659,,,,,1.0,4.0,46.48,507,130
13660,,,,,4.0,4.0,55.22,607,183
13661,,,,,3.0,4.0,66.09,502,120
13662,,,,,5.0,6.0,4.9,501,089
13663,,,,,3.0,3.0,24.37,507,120
13664,,,,,3.0,3.0,15.99,503,100
13665,,,,,3.0,5.0,85.47,507,157
13666,,,,,3.0,4.0,61.88,502,115
13667,,,,,5.0,4.0,44.3,502,110
13668,,,,,5.0,1.0,64.53,410,102
13669,,,,,3.0,5.0,53.66,508,135
13670,,,,,2.0,3.0,98.4,504,215
13671,,,,,,,51.74,511,145
13672,,,,,5.0,,93.33,504,160
13673,,,,,2.0,,75.39,501,120
13674,,,,,3.0,3.0,89.91,506,160
13675,,,,,,,,,
13676,,,,,2.0,4.0,98.14,511,220
13677,,,,,3.0,3.0,85.29,505,150
13678,,,,,1.0,4.0,,510,130
13679,,,,,4.0,4.0,89.74,602,200
13680,,,,,5.0,,73.28,411,111
13681,,,,,2.0,3.0,47.58,504,120
13682,,,,,2.0,4.0,52.01,505,125
13683,,,,,1.0,1.0,84.85,601,185
13684,,,,,,,81.66,504,136
13685,,,,,2.0,3.0,24.78,601,140
13686,,,,,5.0,4.0,,503,155
13687,,,,,4.0,1.0,99.08,602,265
13688,,,,,4.0,2.0,51.74,511,145
13689,,,,,2.0,3.0,69.55,600,155
13690,,,,,3.0,3.0,94.29,501,148
13691,,,,,1.0,4.0,65.46,603,170
13692,,,,,3.0,4.0,93.27,508,180
13693,,,,,3.0,2.0,36.9,510,135
13694,,,,,5.0,1.0,,710,399
13695,,,,,3.0,,63.8,508,140
13696,,,,,5.0,2.0,61.88,502,115
13697,,,,,2.0,4.0,90.42,603,200
13698,,,,,1.0,2.0,,507,
13699,,,,,1.0,2.0,41.25,601,158
13700,,,,,1.0,5.0,29.66,505,121
13701,,,,,3.0,2.0,63.79,504,125
13702,,,,,3.0,5.0,62.96,503,120
13703,,,,,5.0,3.0,30.7,506,120
13704,,,,,4.0,2.0,,502,100
13705,,,,,2.0,,57.32,503,120
13706,,,,,3.0,3.0,77.01,506,145
13707,,,,,3.0,2.0,,509,150
13708,,,,,3.0,4.0,8.31,508,125
13709,,,,,1.0,3.0,6.55,508,120
13710,,,,,2.0,3.0,27.97,503,110
13711,,,,,4.0,3.0,,502,099
13712,,,,,4.0,3.0,92.38,507,175
13713,,,,,2.0,2.0,7.51,508,117
13714,,,,,5.0,3.0,35.68,500,100
13715,,,,,2.0,4.0,75.71,509,160
13716,,,,,3.0,3.0,41.49,511,145
13717,,,,,5.0,4.0,21.29,503,105
13718,,,,,2.0,4.0,92.88,510,187
13719,,,,,5.0,5.0,67.13,510,155
13720,,,,,3.0,3.0,25.7,510,135
13721,,,,,1.0,4.0,84.11,600,180
13722,,,,,3.0,4.0,83.38,508,160
13723,,,,,5.0,2.0,24.7,509,130
13724,,,,,3.0,,46.08,503,115
13725,,,,,4.0,3.0,56.79,508,140
13726,,,,,3.0,3.0,87.82,411,130
13727,,,,,3.0,6.0,42.15,506,125
13728,,,,,4.0,2.0,62.23,505,135
13729,,,,,3.0,3.0,97.37,510,210
13730,,,,,2.0,4.0,92.19,510,185
13731,,,,,2.0,5.0,90.63,505,160
13732,,,,,2.0,4.0,28.77,507,122
13733,,,,,1.0,6.0,26.69,510,135
13734,,,,,4.0,4.0,47.98,509,140
13735,,,,,5.0,3.0,50.27,506,130
13736,,,,,2.0,4.0,,506,145
13737,,,,,2.0,4.0,46.6,505,125
13738,,,,,1.0,,,600,165
13739,,,,,4.0,4.0,73.72,510,160
13740,,,,,5.0,3.0,,507,
13741,,,,,2.0,3.0,,703,
13742,,,,,3.0,5.0,,,112
13743,,,,,2.0,4.0,,,
13744,,,,,5.0,5.0,99.25,508,290
13745,,,,,3.0,1.0,52.22,503,120
13746,,,,,5.0,3.0,10.9,503,100
13747,,,,,5.0,1.0,,503,
13748,,,,,1.0,4.0,13.08,511,135
13749,,,,,2.0,2.0,,709,072
13750,,,,,3.0,2.0,,504,105
13751,,,,,2.0,4.0,52.01,505,125
13752,,,,,3.0,2.0,8.93,506,115
13753,,,,,3.0,3.0,71.25,501,120
13754,,,,,5.0,2.0,38.19,509,140
13755,,,,,4.0,2.0,82.17,510,173
13756,,,,,3.0,1.0,23.65,504,110
13757,,,,,3.0,3.0,77.19,503,135
13758,,,,,4.0,4.0,92.19,510,185
13759,,,,,3.0,7.0,,711,399
13760,,,,,1.0,5.0,69.78,601,175
13761,,,,,1.0,1.0,81.31,510,167
13762,,,,,4.0,2.0,0.55,506,100
13763,,,,,2.0,4.0,84.25,603,200
13764,,,,,1.0,,72.14,508,150
13765,,,,,3.0,4.0,99.45,504,220
13766,,,,,1.0,3.0,,503,
13767,,,,,4.0,5.0,52.85,506,130
13768,,,,,3.0,4.0,57.32,503,120
13769,,,,,2.0,3.0,40.85,509,135
13770,,,,,1.0,4.0,51.74,600,160
13771,,,,,5.0,4.0,86.32,510,180
13772,,,,,3.0,3.0,93.66,601,210
13773,,,,,3.0,3.0,98.44,508,215
13774,,,,,2.0,4.0,69.51,600,176
13775,,,,,2.0,4.0,,602,165
13776,,,,,3.0,4.0,65.89,506,140
13777,,,,,1.0,1.0,,401,345
13778,,,,,3.0,2.0,87.88,507,165
13779,,,,,1.0,4.0,60.48,600,165
13780,,,,,5.0,4.0,,505,130
13781,,,,,2.0,2.0,5.09,506,110
13782,,,,,1.0,,,511,147
13783,,,,,2.0,3.0,92.69,507,180
13784,,,,,2.0,4.0,56.72,507,140
13785,,,,,3.0,4.0,77.19,503,135
13786,,,,,2.0,4.0,95.08,510,205
13787,,,,,3.0,4.0,62.87,504,130
13788,,,,,3.0,4.0,4.65,600,130
13789,,,,,2.0,5.0,77.19,503,135
13790,,,,,4.0,1.0,,502,115
13791,,,,,3.0,3.0,81.46,601,186
13792,,,,,3.0,6.0,53.66,501,115
13793,,,,,1.0,5.0,60.12,508,147
13794,,,,,4.0,2.0,40.85,507,130
13795,,,,6,3.0,5.0,,,
13796,,,,,4.0,3.0,35.97,502,109
13797,,,,,3.0,5.0,85.71,504,150
13798,,,,,3.0,,59.97,509,155
13799,,,,,3.0,5.0,75.84,506,150
13800,,,,,3.0,2.0,68.07,508,150
13801,,,,,2.0,,28.6,506,125
13802,,,,,3.0,5.0,93.31,510,200
13803,,,,,3.0,4.0,44.91,507,135
13804,,,,,4.0,,38.19,509,140
13805,,,,,4.0,1.0,97.89,503,196
13806,,,,,1.0,4.0,82.8,604,210
13807,,,,,3.0,4.0,61.69,502,120
13808,,,,,4.0,,70.31,503,135
13809,,,,,4.0,2.0,89.1,504,156
13810,,,,,4.0,1.0,64.96,507,145
13811,,,,,1.0,1.0,58.55,510,155
13812,,,,,1.0,1.0,9.83,506,112
13813,,,,,1.0,6.0,92.27,508,165
13814,,,,,2.0,5.0,83.53,507,145
13815,,,,,1.0,5.0,66.72,509,140
13816,,,,,2.0,4.0,41.63,508,125
13817,,,,,,3.0,89.97,505,150
13818,,,,,2.0,4.0,36.21,506,120
13819,,,,,1.0,5.0,42.53,504,115
13820,,,,,,4.0,96.73,510,200
13821,,,,,5.0,5.0,33.65,506,115
13822,,,,,2.0,4.0,83.53,507,145
13823,,,,,3.0,3.0,52.41,504,116
13824,,,,,4.0,4.0,49.79,506,122
13825,,,,,3.0,3.0,86.36,506,145
13826,,,,,1.0,4.0,58.1,510,140
13827,,,,,4.0,5.0,52.41,504,116
13828,,,,,1.0,1.0,99.66,506,250
13829,,,,,4.0,3.0,25.59,504,105
13830,,,,,4.0,4.0,90.14,507,160
13831,,,,,3.0,3.0,96.08,511,200
13832,,,,,3.0,4.0,96.55,600,210
13833,,,,,2.0,4.0,62.81,507,130
13834,,,,,4.0,3.0,14.72,505,107
13835,,,,,3.0,,23.9,505,110
13836,,,,,3.0,1.0,98.28,504,198
13837,,,,,3.0,4.0,45.06,505,115
13838,,,,,5.0,3.0,28.69,411,090
13839,,,,,2.0,5.0,86.06,502,130
13840,,,,,2.0,2.0,13.38,503,100
13841,,,,,1.0,6.0,97.09,503,160
13842,,,,,1.0,4.0,48.22,503,110
13843,,,,,3.0,4.0,12.46,509,115
13844,,,,,2.0,5.0,72.46,600,160
13845,,,,,4.0,,61.84,505,122
13846,,,,,3.0,3.0,53.66,508,135
13847,,,,,3.0,3.0,99.71,509,280
13848,,,,,2.0,6.0,84.64,509,155
13849,,,,,2.0,4.0,45.0,509,134
13850,,,,,1.0,5.0,,511,157
13851,,,,,1.0,4.0,48.67,506,125
13852,,,,,4.0,2.0,98.67,503,200
13853,,,,,4.0,2.0,,500,
13854,,,,,4.0,1.0,10.9,503,100
13855,,,,,1.0,6.0,42.79,508,130
13856,,,,,1.0,4.0,51.13,509,132
13857,,,,,3.0,5.0,19.64,505,105
13858,,,,,3.0,2.0,97.83,602,230
13859,,,,,3.0,2.0,91.15,506,153
13860,,,,,1.0,4.0,12.1,510,123
13861,,,,,1.0,,0.11,505,090
13862,,,,,3.0,4.0,0.81,503,087
13863,,,,,4.0,4.0,12.95,504,100
13864,,,,,,,,6,165
13865,,,,,1.0,5.0,99.12,600,250
13866,,,,,,,,503,140
13867,,,,,5.0,2.0,66.05,502,114
13868,,,,,2.0,5.0,20.13,507,115
13869,,,,,,,,508,010
13870,,,,,4.0,2.0,60.76,504,120
13871,,,,,1.0,4.0,90.64,511,180
13872,,,,,,1.0,57.73,502,113
13873,,,,,4.0,4.0,94.49,508,180
13874,,,,,1.0,1.0,99.81,506,280
13875,,,,,1.0,5.0,68.87,600,160
13876,,,,,1.0,1.0,11.52,507,108
13877,,,,,5.0,,76.13,507,145
13878,,,,,3.0,1.0,93.61,504,150
13879,,,,,4.0,3.0,81.81,503,130
13880,,,,,3.0,4.0,,503,
13881,,,,,5.0,3.0,52.94,507,130
13882,,,,,5.0,2.0,24.92,502,100
13883,,,,,2.0,4.0,57.92,502,110
13884,,,,,4.0,,96.27,503,163
13885,,,,,1.0,4.0,,607,180
13886,,,,,4.0,5.0,,5,120
13887,,,,,1.0,3.0,36.9,510,135
13888,,,,,2.0,2.0,,,
13889,,,,,2.0,5.0,74.22,506,140
13890,,,,,4.0,3.0,,601,
13891,,,,,,1.0,,711,130
13892,,,,,2.0,3.0,74.35,504,135
13893,,,,,4.0,5.0,53.66,508,135
13894,,,,,2.0,3.0,12.09,509,123
13895,,,,,3.0,,71.98,509,150
13896,,,,,3.0,4.0,51.78,511,150
13897,,,,,5.0,1.0,,507,
13898,,,,,2.0,2.0,99.76,601,334
13899,,,,,2.0,3.0,61.49,511,145
13900,,,,,2.0,3.0,,,129
13901,,,,,2.0,4.0,94.83,503,160
13902,,,,,3.0,3.0,31.06,507,120
13903,,,,,3.0,2.0,,505,127
13904,,,,,1.0,,65.24,504,125
13905,,,,,3.0,4.0,33.67,503,110
13906,,,,,4.0,2.0,23.65,504,110
13907,,,,,2.0,3.0,90.02,508,165
13908,,,,,2.0,4.0,61.0,511,155
13909,,,,,1.0,4.0,76.82,511,161
13910,,,,,5.0,3.0,7.8,509,120
13911,,,,,2.0,4.0,19.57,505,113
13912,,,,,2.0,,,,171
13913,,,,,4.0,3.0,76.64,502,127
13914,,,,,4.0,4.0,38.2,505,116
13915,,,,,3.0,5.0,97.62,507,190
13916,,,,,1.0,4.0,40.55,503,110
13917,,,,,3.0,6.0,69.87,505,135
13918,,,,,4.0,,91.17,410,125
13919,,,,,1.0,1.0,,505,140
13920,,,,,2.0,2.0,98.04,600,230
13921,,,,,,,83.6,507,150
13922,,,,,1.0,,95.89,601,210
13923,,,,,3.0,,81.4,501,125
13924,,,,,,,,506,
13925,,,,,4.0,2.0,84.96,506,155
13926,,,,,2.0,4.0,97.9,508,200
13927,,,,,2.0,,,506,175
13928,,,,,5.0,4.0,,509,
13929,,,,,,,87.13,508,160
13930,,,,,5.0,5.0,87.56,505,150
13931,,,,,5.0,5.0,,504,
13932,,,,,2.0,3.0,66.76,509,145
13933,,,,,3.0,,90.79,505,156
13934,,,,,5.0,2.0,,707,103
13935,,,,,2.0,3.0,81.25,504,140
13936,,,,,5.0,3.0,6.48,600,130
13937,,,,,4.0,3.0,99.46,507,274
13938,,,,,4.0,4.0,89.78,505,158
13939,,,,,1.0,4.0,73.72,510,160
13940,,,,,2.0,3.0,98.85,510,230
13941,,,,,1.0,2.0,,508,
13942,,,,,3.0,5.0,41.16,511,140
13943,,,,,2.0,,79.82,505,140
13944,,,,,4.0,2.0,50.87,502,110
13945,,,,,4.0,3.0,40.55,503,110
13946,,,,,2.0,2.0,5.69,511,125
13947,,,,,2.0,4.0,2.99,510,115
13948,,,,,5.0,4.0,47.72,508,132
13949,,,,,5.0,5.0,25.52,508,127
13950,,,,,3.0,2.0,21.46,505,110
13951,,,,,4.0,,24.37,507,120
13952,,,,,2.0,2.0,,509,148
13953,,,,,5.0,3.0,29.76,507,125
13954,,,,,,3.0,,7,170
13955,,,,,4.0,3.0,99.0,510,237
13956,,,,,3.0,3.0,70.18,604,185
13957,,,,,5.0,2.0,,602,
13958,,,,,4.0,5.0,87.39,511,179
13959,,,,,3.0,4.0,84.68,502,135
13960,,,,,2.0,3.0,48.99,510,150
13961,,,,,4.0,2.0,93.58,600,200
13962,,,,,2.0,6.0,93.18,601,203
13963,,,,,5.0,3.0,31.38,600,145
13964,,,,,4.0,2.0,79.21,508,160
13965,,,,,3.0,,29.93,504,115
13966,,,,,4.0,3.0,,506,150
13967,,,,,2.0,5.0,30.94,508,130
13968,,,,,4.0,3.0,61.11,500,110
13969,,,,,3.0,4.0,78.66,505,145
13970,,,,,3.0,5.0,,505,
13971,,,,,4.0,1.0,64.28,502,119
13972,,,,,4.0,3.0,90.57,504,156
13973,,,,,4.0,4.0,13.16,505,110
13974,,,,,4.0,3.0,71.3,506,141
13975,,,,,1.0,5.0,,609,179
13976,,,,,4.0,1.0,,500,
13977,,,,,,2.0,,711,399
13978,,,,,,2.0,97.67,509,210
13979,,,,,1.0,5.0,77.19,503,135
13980,,,,,2.0,4.0,79.94,504,140
13981,,,,,1.0,5.0,84.41,509,165
13982,,,,,3.0,5.0,93.58,600,200
13983,,,,,4.0,3.0,,505,120
13984,,,,,4.0,2.0,91.24,600,193
13985,,,,,4.0,3.0,12.5,603,150
13986,,,,,1.0,,91.89,600,200
13987,,,,,4.0,3.0,,6,135
13988,,,,,5.0,,87.4,600,185
13989,,,,,2.0,4.0,66.67,510,155
13990,,,,,1.0,,15.11,600,145
13991,,,,,1.0,3.0,,509,150
13992,,,,,4.0,4.0,47.66,503,118
13993,,,,,5.0,4.0,65.84,505,135
13994,,,,,3.0,5.0,95.22,502,160
13995,,,,,4.0,6.0,70.58,500,115
13996,,,,,3.0,5.0,23.38,505,115
13997,,,,,5.0,1.0,65.89,506,140
13998,,,,,4.0,3.0,,,160
13999,,,,,2.0,5.0,95.49,603,230
14000,,,,,3.0,4.0,,510,
14001,,,,,2.0,4.0,12.85,600,135
14002,,,,,3.0,4.0,61.69,502,120
14003,,,,,3.0,4.0,30.76,511,140
14004,,,,,4.0,1.0,,503,
14005,,,,,2.0,3.0,97.26,507,211
14006,,,,,2.0,5.0,76.16,506,145
14007,,,,,4.0,,41.16,601,153
14008,,,,,5.0,4.0,42.13,511,150
14009,,,,,2.0,4.0,88.53,507,165
14010,,,,,2.0,4.0,46.65,604,175
14011,,,,,3.0,4.0,72.98,505,140
14012,,,,,4.0,1.0,56.79,508,140
14013,,,,,3.0,2.0,,,
14014,,,,,3.0,3.0,97.66,509,230
14015,,,,,3.0,4.0,70.01,505,140
14016,,,,,3.0,3.0,98.79,503,220
14017,,,,,4.0,3.0,74.59,502,130
14018,,,,,2.0,2.0,48.89,511,150
14019,,,10th grade,,2.0,3.0,58.83,600,164
14020,,,,,5.0,4.0,92.69,507,180
14021,,,,,4.0,3.0,,502,
14022,,,,,1.0,,36.42,506,125
14023,,,,,1.0,5.0,95.84,601,220
14024,,,,,3.0,3.0,89.25,501,144
14025,,,,,5.0,2.0,78.66,505,145
14026,,,,,4.0,3.0,74.89,509,165
14027,,,,,4.0,4.0,57.03,507,138
14028,,,,,3.0,3.0,,509,215
14029,,,,,4.0,3.0,82.71,506,155
14030,,,,,3.0,,40.44,503,115
14031,,,,, always,2.0,45.85,501,110
14032,,,,,5.0,2.0,92.24,511,200
14033,,,,,4.0,4.0,35.71,602,165
14034,,,,,3.0,2.0,,507,
14035,,,,,3.0,3.0,76.78,601,181
14036,,,,,3.0,3.0,64.96,507,145
14037,,,,,2.0,5.0,38.55,508,141
14038,,,,,4.0,1.0,,507,
14039,,,,,1.0,2.0,98.28,511,235
14040,,,,,3.0,6.0,89.17,505,160
14041,,,,,3.0,4.0,,508,189
14042,,,,,3.0,2.0,18.55,506,124
14043,,,,,,2.0,99.96,507,363
14044,,,,,2.0,4.0,98.28,511,230
14045,,,,,2.0,,36.32,508,140
14046,,,,,4.0,2.0,36.05,503,115
14047,,,,,5.0,3.0,51.66,508,140
14048,,,,,4.0,4.0,96.18,502,170
14049,,,,,4.0,3.0,,506,120
14050,,,,,4.0,,67.36,501,120
14051,,,,,4.0,,97.36,505,200
14052,,,,,2.0,5.0,99.41,505,220
14053,,,,,,2.0,95.66,504,170
14054,,,,,3.0,,96.07,510,210
14055,,,,,3.0,4.0,,600,157
14056,,,,,3.0,3.0,59.16,600,169
14057,,,,,5.0,4.0,0.76,600,120
14058,,,,,4.0,1.0,98.77,504,200
14059,,,,,4.0,5.0,99.91,504,300
14060,,,,,3.0,4.0,78.5,507,145
14061,,,,,3.0,3.0,,508,
14062,,,,,4.0,5.0,,411,
14063,,,,,3.0,4.0,45.71,602,155
14064,,,,,2.0,2.0,,505,165
14065,,,,,5.0,5.0,84.87,502,138
14066,,,,,,2.0,,502,169
14067,,,,,4.0,3.0,96.93,602,235
14068,,,,,1.0,4.0,,506,
14069,,,,,4.0,4.0,95.09,504,180
14070,,,,,3.0,3.0,99.39,507,231
14071,,,,,3.0,2.0,42.13,511,150
14072,,,,,3.0,3.0,97.76,503,200
14073,,,,,4.0,1.0,45.77,411,103
14074,,,,,5.0,1.0,99.04,510,275
14075,,,,,2.0,4.0,86.07,510,173
14076,,,,,4.0,1.0,99.4,508,245
14077,,,,,5.0,,98.75,408,172
14078,,,,,2.0,4.0,,506,200
14079,,,,,4.0,1.0,85.44,502,136
14080,,,,,5.0,4.0,79.94,504,140
14081,,,,,1.0,3.0,21.19,505,114
14082,,,,,4.0,6.0,90.69,502,145
14083,,,,,3.0,1.0,94.58,501,150
14084,,,,,4.0,3.0,51.29,501,110
14085,,,,,5.0,4.0,14.24,502,098
14086,,,,,3.0,2.0,97.18,511,213
14087,,,,,,3.0,,,
14088,,,,,5.0,4.0,59.83,506,130
14089,,,,,3.0,3.0,87.0,505,145
14090,,,,,1.0,1.0,13.38,503,100
14091,,,,,4.0,2.0,,505,
14092,,,,,5.0,6.0,,504,109
14093,,,,,1.0,3.0,92.1,505,160
14094,,,,,5.0,2.0,96.59,510,199
14095,,,,,5.0,4.0,94.83,503,160
14096,,,,,1.0,5.0,96.81,604,230
14097,,,,,3.0,3.0,90.86,505,147
14098,,Male ,,,1.0,5.0,83.69,500,120
14099,,,,,3.0,4.0,70.84,502,120
14100,,,,,1.0,6.0,,506,
14101,,,,,4.0,,71.69,601,160
14102,,,,,1.0,4.0,99.54,506,236
14103,,,,,4.0,3.0,,510,135
14104,,,,,2.0,2.0,97.03,506,176
14105,,,,,1.0,7.0,,503,100
14106,,,,,3.0,4.0,95.67,507,180
14107,,,,,5.0,1.0,87.0,505,145
14108,,,,,4.0,,85.34,604,196
14109,,,,,1.0,4.0,,510,140
14110,,,,,2.0,4.0,64.39,600,157
14111,,,,,1.0,4.0,57.92,502,110
14112,,,,,1.0,4.0,87.85,508,156
14113,,,,,3.0,3.0,0.8,506,098
14114,,,,,1.0,4.0,53.25,507,130
14115,,,,,4.0,2.0,96.49,505,175
14116,,,,,1.0,2.0,,501,
14117,,,,,4.0,5.0,,504,130
14118,,,,,5.0,2.0,63.74,501,113
14119,,,,,3.0,1.0,,5,230
14120,,,,,1.0,7.0,94.65,602,210
14121,,,,,4.0,4.0,,505,150
14122,,,,,2.0,4.0,,,
14123,,,,,5.0,,90.13,505,155
14124,,,,,1.0,2.0,19.73,507,116
14125,,,,,1.0,5.0,53.76,511,146
14126,,,,,5.0,,54.82,505,120
14127,,,,,4.0,6.0,71.79,508,140
14128,,,,,3.0,1.0,90.55,504,148
14129,,,,,1.0,5.0,,502,
14130,,,,,5.0,2.0,99.87,507,336
14131,,,,,2.0,5.0,66.72,509,140
14132,,,,,3.0,4.0,98.71,500,175
14133,,,,,3.0,2.0,31.11,506,118
14134,,,,,1.0,4.0,38.85,507,120
14135,,,,,3.0,5.0,,506,120
14136,,,,,4.0,5.0,45.34,506,120
14137,,,,,3.0,3.0,76.49,506,140
14138,,,,,2.0,6.0,29.77,502,099
14139,,,,,1.0,5.0,,504,130
14140,,,,,1.0,5.0,99.24,505,210
14141,,,,,4.0,3.0,,7,140
14142,,,,,2.0,,29.23,508,120
14143,,,,,3.0,,,506,110
14144,,,,,5.0,2.0,99.41,506,250
14145,,,,,3.0,3.0,38.97,504,110
14146,,,,,3.0,2.0,93.7,505,154
14147,,,,,3.0,3.0,93.4,503,150
14148,,,,,4.0,2.0,18.56,504,105
14149,,,,,5.0,2.0,74.88,508,145
14150,,,,,1.0,5.0,0.79,410,075
14151,,,,,4.0,3.0,24.38,507,117
14152,,,,,2.0,4.0,70.29,508,139
14153,,,,,5.0,5.0,,,
14154,,,,,2.0,5.0,,501,108
14155,,,,,3.0,4.0,67.48,501,115
14156,,,,,4.0,3.0,98.46,504,195
14157,,,,,4.0,2.0,49.95,507,125
14158,,,,,4.0,4.0,62.35,502,118
14159,,,,,1.0,5.0,66.76,509,145
14160,,,,,,,,506,150
14161,,,,,2.0,4.0,89.18,505,153
14162,,,,,4.0,4.0,88.11,502,140
14163,,,,,3.0,2.0,0.01,506,089
14164,,,,,4.0,4.0,87.27,506,155
14165,,,,,3.0,4.0,,511,170
14166,,,,,2.0,4.0,46.27,506,124
14167,,,,,1.0,3.0,83.31,508,155
14168,,,,,5.0,3.0,86.25,503,140
14169,,,,,3.0,4.0,,508,110
14170,,,,,4.0,5.0,,506,
14171,,,,,3.0,,,510,185
14172,,,,,2.0,3.0,,600,148
14173,,,,,,6.0,,502,105
14174,,,,,,,55.07,602,160
14175,,,,,1.0,,,501,130
14176,,,,,2.0,6.0,,501,104
14177,,,,,1.0,3.0,61.17,511,150
14178,,,,,3.0,5.0,33.36,505,114
14179,,,,,2.0,5.0,,509,135
14180,,,,,,3.0,,600,120
14181,,,,,,5.0,85.18,600,180
14182,,,,,2.0,4.0,,502,120
14183,,,,,3.0,4.0,74.11,509,150
14184,,,,,5.0,1.0,27.78,503,105
14185,,,,,3.0,1.0,89.83,506,160
14186,,,,,4.0,4.0,66.39,500,110
14187,,,,,4.0,5.0,52.56,503,115
14188,,,,,4.0,,,510,130
14189,,,,,3.0,2.0,0.58,500,080
14190,,,,,1.0,6.0,,503,139
14191,,,,,4.0,7.0,97.21,501,170
14192,,,,,2.0,3.0,47.44,508,132
14193,,,,,,,66.76,509,145
14194,,,,,5.0,1.0,1.73,602,130
14195,,,,,,4.0,92.67,507,170
14196,,,,,3.0,,,,
14197,,,,,5.0,1.0,87.03,502,135
14198,,,,,1.0,6.0,63.79,504,125
14199,,,,,5.0,1.0,4.37,509,114
14200,,,,,3.0,6.0,,,125
14201,,,,,4.0,3.0,,504,120
14202,,,,,3.0,3.0,28.6,503,108
14203,,,,,1.0,3.0,,,
14204,,,,,3.0,,,500,099
14205,,,,,1.0,4.0,31.07,507,125
14206,,,,,4.0,2.0,81.08,507,150
14207,,,,,5.0,2.0,61.32,503,122
14208,,,,,3.0,5.0,74.24,503,130
14209,,,,,4.0,4.0,66.39,500,110
14210,,,,,2.0,7.0,,511,145
14211,,,,,4.0,6.0,94.13,504,163
14212,,,,,3.0,2.0,70.84,502,120
14213,,,,,4.0,3.0,67.36,506,135
14214,,,,,1.0,5.0,,,140
14215,,,,,3.0,5.0,89.91,506,160
14216,,,,,4.0,4.0,,507,110
14217,,,,,,2.0,96.6,507,198
14218,,,,,3.0,4.0,87.6,511,174
14219,,,,,3.0,1.0,97.27,502,170
14220,,,,,3.0,3.0,,711,069
14221,,,,,5.0,,97.95,600,250
14222,,,,,2.0,2.0,,600,
14223,,,,,3.0,,15.55,510,125
14224,,,,,2.0,3.0,99.68,507,258
14225,,,,,1.0,5.0,19.64,511,130
14226,,,,,5.0,2.0,,506,110
14227,,,,,1.0,4.0,,510,250
14228,,,,,1.0,,26.05,506,120
14229,,,,,1.0,5.0,,508,129
14230,,,,,1.0,3.0,42.36,507,125
14231,,,,,1.0,1.0,68.87,600,160
14232,,,,,1.0,1.0,98.21,511,225
14233,,,,,4.0,4.0,56.13,502,115
14234,,,,,3.0,5.0,30.28,509,130
14235,,,,,2.0,,94.71,507,180
14236,,,,,2.0,4.0,48.39,508,137
14237,,,,,,,30.76,511,140
14238,,,,,1.0,2.0,90.19,600,185
14239,,,,,3.0,5.0,54.43,503,121
14240,,,,,4.0,5.0,85.01,508,162
14241,,,,,3.0,6.0,30.34,501,102
14242,,,,,,4.0,93.75,506,180
14243,,,,,4.0,2.0,98.97,601,255
14244,,,,,1.0,,,510,120
14245,,,,,5.0,3.0,,506,
14246,,,,,5.0,4.0,71.25,501,120
14247,,,,,4.0,3.0,86.16,502,137
14248,,,,,5.0,4.0,42.91,504,118
14249,,,,,4.0,3.0,84.51,509,170
14250,,,,,2.0,3.0,93.81,505,170
14251,,,,,1.0,5.0,,,158
14252,,,,,,,81.1,506,150
14253,,,,,4.0,4.0,94.45,509,186
14254,,,,,1.0,,26.69,510,135
14255,,,,,4.0,4.0,29.93,504,115
14256,,,,,3.0,3.0,,501,125
14257,,,,,2.0,1.0,99.36,502,250
14258,,,,,4.0,,87.6,504,150
14259,,,,,3.0,,,502,135
14260,,,,,2.0,3.0,97.68,502,180
14261,,,,,2.0,4.0,,503,130
14262,,,,,5.0,2.0,53.2,504,125
14263,,,,,1.0,4.0,37.09,505,124
14264,,,,,2.0,3.0,70.24,511,166
14265,,,,,,2.0,,506,190
14266,,,,,5.0,3.0,,600,220
14267,,,,,3.0,5.0,11.95,508,124
14268,,,,,4.0,3.0,,511,138
14269,,,,,5.0,1.0,54.64,503,123
14270,,,,,3.0,3.0,62.19,506,135
14271,,,,,5.0,2.0,,508,
14272,,,,,5.0,3.0,50.78,503,117
14273,,,,,2.0,1.0,99.05,507,263
14274,,,,,4.0,2.0,97.7,603,248
14275,,,,,2.0,5.0,53.14,508,138
14276,,,,,1.0,,,509,210
14277,,,,,5.0,4.0,99.48,502,250
14278,,,,,2.0,4.0,56.13,502,115
14279,,,,,5.0,,46.63,504,122
14280,,,,,5.0,6.0,85.79,507,160
14281,,,,,3.0,2.0,91.93,603,210
14282,,,,,2.0,2.0,29.66,505,121
14283,,,,,5.0,2.0,57.6,501,115
14284,,,,,4.0,3.0,55.97,603,175
14285,,,,,1.0,,,505,120
14286,,,,,1.0,5.0,,,
14287,,,,,4.0,,,,
14288,,,,,4.0,1.0,78.88,410,113
14289,,,,,2.0,6.0,60.48,600,165
14290,,,,,3.0,5.0,,506,161
14291,,,,,1.0,3.0,,,
14292,,,,,4.0,5.0,56.25,504,124
14293,,,,,1.0,,53.2,504,125
14294,,,,,5.0,2.0,4.63,600,128
14295,,,,,3.0,3.0,96.79,508,198
14296,,,,,2.0,1.0,98.59,507,210
14297,,,,,1.0,5.0,99.35,507,275
14298,,,,,1.0,5.0,82.4,503,140
14299,,,,,4.0,3.0,91.17,507,175
14300,,,,,2.0,4.0,7.4,503,100
14301,,,,,2.0,6.0,57.02,505,130
14302,,,,,4.0,2.0,97.36,505,200
14303,,,,,4.0,4.0,16.03,505,115
14304,,,,,3.0,,48.32,510,145
14305,,,,,1.0,1.0,34.47,504,120
14306,,,,,,4.0,,505,
14307,,,,,2.0,3.0,78.45,508,155
14308,,,,,5.0,7.0,90.96,501,145
14309,,,,,3.0,4.0,54.37,601,165
14310,,,,,5.0,1.0,3.94,502,095
14311,,,,,3.0,5.0,94.14,508,197
14312,,,,,1.0,5.0,35.05,505,120
14313,,,,,1.0,3.0,52.25,600,165
14314,,,,,,,,711,007
14315,,,,,,,42.91,600,160
14316,,,,,4.0,3.0,2.91,507,110
14317,,,,,,,97.64,508,205
14318,,,2,,3.0,5.0,94.28,602,225
14319,,,,,5.0,3.0,71.87,411,115
14320,,,,,1.0,4.0,92.69,507,180
14321,,,,,2.0,,6.66,511,130
14322,,,,,4.0,3.0,36.05,503,115
14323,,,,,1.0,3.0,21.83,510,141
14324,,,,,2.0,4.0,,600,170
14325,,,,,4.0,1.0,7.11,410,087
14326,,,,,1.0,,7.14,508,124
14327,,,,,2.0,,95.34,605,250
14328,,,,,1.0,4.0,96.81,502,180
14329,,,,,,3.0,,,120
14330,,,,,3.0,4.0,48.06,503,120
14331,,,,,5.0,1.0,20.56,506,125
14332,,,,,,4.0,98.43,501,195
14333,,,,,4.0,2.0,92.06,500,145
14334,,,,,4.0,3.0,,504,172
14335,,,,,4.0,3.0,87.3,511,184
14336,,,,,1.0,1.0,,511,200
14337,,,,,4.0,4.0,,601,148
14338,,,,,3.0,4.0,,504,
14339,,,,,,3.0,77.34,506,154
14340,,,,,1.0,,,602,247
14341,,,,,,3.0,,504,224
14342,,,,,3.0,4.0,,,
14343,,,,,3.0,3.0,,504,116
14344,,,,,3.0,3.0,93.81,510,200
14345,,,,,5.0,4.0,89.42,603,215
14346,,,,,,4.0,19.95,510,140
14347,,,,,3.0,4.0,,500,
14348,,,,,3.0,5.0,,505,
14349,,,,,3.0,4.0,62.69,411,110
14350,,,,,2.0,4.0,84.52,601,190
14351,,,,,5.0,2.0,98.28,511,230
14352,,,,,3.0,5.0,99.31,505,270
14353,,,,,1.0,4.0,74.46,600,175
14354,,,,,1.0,5.0,19.38,509,135
14355,,,,,4.0,6.0,4.32,507,110
14356,,,,,4.0,4.0,98.36,503,206
14357,,,,,2.0,5.0,33.26,507,130
14358,,,,,3.0,4.0,,500,125
14359,,,,,,,67.53,503,130
14360,,,,,3.0,2.0,12.37,411,092
14361,,,,,1.0,4.0,,,
14362,,,,,5.0,5.0,99.82,409,201
14363,,,,,3.0,1.0,,506,193
14364,,,,,4.0,,74.69,502,128
14365,,,,,5.0,1.0,79.19,508,165
14366,,,,,5.0,4.0,84.54,502,140
14367,,,,,3.0,3.0,60.48,600,165
14368,,,,,1.0,3.0,52.12,511,155
14369,,,,,3.0,4.0,,404,115
14370,,,,,4.0,3.0,,504,110
14371,,,,,2.0,,,510,125
14372,,,,,1.0,4.0,57.02,505,130
14373,,,,,1.0,5.0,40.45,507,137
14374,,,,,4.0,4.0,47.13,507,135
14375,,,,,2.0,,,508,125
14376,,,,,3.0,2.0,,511,250
14377,,,,,1.0,4.0,96.84,510,210
14378,,,,,3.0,,97.68,600,235
14379,,,,,3.0,,42.91,600,160
14380,,,,,2.0,4.0,99.46,508,248
14381,,,,,3.0,2.0,,504,115
14382,,,,,4.0,,,,
14383,,,,,4.0,5.0,77.2,502,130
14384,,,,,3.0,1.0,3.83,602,134
14385,,,,,1.0,1.0,84.19,411,121
14386,,,,,4.0,6.0,,,197
14387,,,,,1.0,4.0,78.82,507,150
14388,,,,,3.0,4.0,,507,
14389,,,,,1.0,,49.01,509,145
14390,,,,,4.0,5.0,95.8,504,176
14391,,,,,5.0,4.0,,405,167
14392,,,,,1.0,6.0,,509,059
14393,,,,,3.0,,,305,070
14394,,,,,1.0,,46.91,505,124
14395,,,,,1.0,7.0,96.87,500,150
14396,,,,,3.0,,,,
14397,,,,,2.0,1.0,99.09,506,220
14398,,,,,3.0,4.0,,511,
14399,,,,,1.0,3.0,90.96,501,145
14400,,,,,2.0,5.0,98.4,500,194
14401,,,,,5.0,5.0,16.91,411,094
14402,,,,,1.0,,,706,
14403,,,,,1.0,5.0,,609,150
14404,,,,,1.0,,,,
14405,,,,,,4.0,,504,
14406,,,,,5.0,1.0,81.08,504,130
14407,,,,,5.0,1.0,74.22,509,145
14408,,,,,2.0,3.0,79.41,508,151
14409,,,,,5.0,3.0,71.41,503,125
14410,,,,,5.0,1.0,,,201
14411,,,,,5.0,1.0,,506,190
14412,,,,,4.0,3.0,30.54,504,107
14413,,,,,5.0,6.0,67.7,501,112
14414,,,,,3.0,,27.78,503,105
14415,,,,,3.0,2.0,74.16,509,155
14416,,,,,4.0,4.0,,502,
14417,,,,,4.0,3.0,43.44,411,095
14418,,,,,3.0,4.0,67.86,502,115
14419,,,,,4.0,3.0,65.33,505,129
14420,,,,,4.0,4.0,53.35,508,130
14421,,,,,3.0,4.0,94.99,600,195
14422,,,,,1.0,4.0,92.73,511,180
14423,,,,,3.0,3.0,95.9,509,183
14424,,,,,1.0,4.0,71.95,511,157
14425,,,,,3.0,2.0,15.99,503,100
14426,,,,,4.0,2.0,,411,112
14427,,,,,5.0,1.0,61.96,411,105
14428,,,,,5.0,5.0,,502,
14429,,,,,1.0,3.0,54.05,508,135
14430,,,,,4.0,4.0,7.85,501,087
14431,,,,,1.0,4.0,98.95,508,220
14432,,,10th grade,,3.0,5.0,85.97,504,140
14433,,,,,5.0,1.0,95.58,504,165
14434,,,,,1.0,1.0,57.44,505,120
14435,,,,,,2.0,,5,108
14436,,,,,4.0,3.0,78.58,506,140
14437,,,,,1.0,,,,
14438,,,,,4.0,3.0,39.49,503,110
14439,,,,,4.0,1.0,98.98,502,182
14440,,,,,2.0,1.0,,,220
14441,,,,,5.0,2.0,56.96,503,117
14442,,,,,5.0,2.0,56.13,502,115
14443,,,,,3.0,3.0,,705,200
14444,,,,,3.0,3.0,,504,
14445,,,,,4.0,3.0,34.55,509,134
14446,,,,,3.0,2.0,38.32,604,165
14447,,,,,1.0,4.0,44.96,503,112
14448,,,,,5.0,4.0,,508,
14449,,,,,4.0,5.0,,511,180
14450,,,,,1.0,3.0,98.39,510,223
14451,,,,,3.0,2.0,70.84,502,120
14452,,,,,5.0,6.0,61.11,500,110
14453,,,,,4.0,4.0,65.46,603,170
14454,,,,,1.0,1.0,,311,399
14455,,,,,2.0,1.0,3.96,509,120
14456,,,,,2.0,7.0,,506,120
14457,,,,,1.0,5.0,28.64,604,165
14458,,,,,3.0,4.0,29.33,600,144
14459,,,,,4.0,3.0,95.04,510,190
14460,,,,,,,,509,180
14461,,,,,5.0,1.0,94.29,507,178
14462,,,,,3.0,5.0,19.89,603,145
14463,,,,,3.0,5.0,,511,
14464,,,,,5.0,1.0,94.03,506,170
14465,,,,,5.0,3.0,93.8,502,150
14466,,,,,4.0,4.0,54.63,601,160
14467,,,,,3.0,6.0,99.45,504,216
14468,,,,,4.0,4.0,97.71,511,230
14469,,,,,2.0,4.0,48.8,501,109
14470,,,,,5.0,2.0,,503,
14471,,,,,5.0,7.0,,300,399
14472,,,,,3.0,1.0,2.45,507,105
14473,,,,,4.0,,46.08,503,115
14474,,,,,5.0,1.0,71.24,502,117
14475,,,,,4.0,2.0,68.84,502,124
14476,,,,,3.0,3.0,,506,
14477,,,,,2.0,3.0,99.29,506,220
14478,,,,,5.0,5.0,94.06,505,175
14479,,,,,,,,,
14480,,,,,4.0,2.0,,503,155
14481,,,,,4.0,3.0,10.21,511,133
14482,,,,,5.0,2.0,55.23,503,119
14483,,,,,4.0,5.0,95.34,507,193
14484,,,,,4.0,3.0,,,
14485,,,,,1.0,5.0,,,153
14486,,,,,5.0,5.0,41.87,502,113
14487,,,,,3.0,2.0,84.11,600,180
14488,,,,,4.0,3.0,60.52,503,124
14489,,,,,3.0,5.0,29.7,510,145
14490,,,,,3.0,2.0,,503,
14491,,,,,3.0,5.0,83.51,504,144
14492,,,,,2.0,,0.52,509,112
14493,,,,,3.0,3.0,84.59,600,186
14494,,,,,4.0,3.0,68.02,507,142
14495,,,,,4.0,2.0,51.33,507,135
14496,,,,,2.0,2.0,47.25,508,135
14497,,,,,3.0,,37.55,510,140
14498,,,,,1.0,5.0,54.37,510,148
14499,,,,,1.0,1.0,,706,032
14500,,,,,1.0,5.0,31.0,601,148
14501,,,,,2.0,5.0,58.18,501,113
14502,,,,,3.0,5.0,,,
14503,,,,,3.0,4.0,,504,142
14504,,,,,3.0,6.0,93.81,505,170
14505,,,,,3.0,1.0,60.66,600,160
14506,,,,,3.0,4.0,16.07,501,100
14507,,,,,3.0,5.0,77.2,502,130
14508,,,,,1.0,2.0,96.97,510,216
14509,,,,,2.0,3.0,81.39,511,181
14510,,,,,1.0,1.0,31.64,506,130
14511,,,,,2.0,3.0,97.36,505,200
14512,,,,,4.0,4.0,19.47,505,115
14513,,,,,5.0,4.0,94.74,504,178
14514,,,,,2.0,2.0,79.67,600,180
14515,,,,,2.0,3.0,96.54,601,230
14516,,,,,4.0,5.0,89.73,501,145
14517,,,,,1.0,3.0,68.83,511,165
14518,,,,,3.0,5.0,97.37,507,200
14519,,,,,3.0,4.0,,509,178
14520,,,,,5.0,4.0,10.15,502,098
14521,,,,,3.0,3.0,90.83,504,160
14522,,,,,3.0,4.0,57.92,502,110
14523,,,,,4.0,4.0,96.95,504,180
14524,,,,,4.0,1.0,75.04,503,126
14525,,,,,2.0,2.0,72.95,601,161
14526,,,,,1.0,5.0,52.31,504,115
14527,,,,,3.0,2.0,68.15,601,163
14528,,,,,4.0,5.0,94.41,411,135
14529,,,,,4.0,3.0,93.27,508,180
14530,,,,,3.0,7.0,85.28,507,152
14531,,,,,5.0,1.0,45.23,501,105
14532,,,,,1.0,4.0,82.96,504,140
14533,,,,,3.0,5.0,24.96,511,128
14534,,,,,5.0,4.0,99.03,506,210
14535,,,,,4.0,,92.15,502,145
14536,,,,,1.0,6.0,4.25,508,105
14537,,,,,1.0,5.0,98.61,510,220
14538,,,,,2.0,5.0,92.4,600,185
14539,,,,,3.0,4.0,90.58,509,170
14540,,,,,2.0,4.0,74.11,509,150
14541,,,,,1.0,5.0,,507,140
14542,,,,,4.0,3.0,74.82,503,130
14543,,,,,5.0,4.0,97.88,503,190
14544,,,,,5.0,7.0,87.68,502,136
14545,,,,,5.0,3.0,16.78,503,103
14546,,,,,4.0,3.0,63.43,510,153
14547,,,,,4.0,5.0,15.99,503,100
14548,,,,,1.0,4.0,97.54,503,185
14549,,,,,3.0,3.0,46.08,503,115
14550,,,,,3.0,5.0,,709,399
14551,,,,,1.0,4.0,,509,120
14552,,,,,5.0,,94.21,506,178
14553,,,,,3.0,2.0,92.03,501,141
14554,,,,,4.0,1.0,77.73,501,120
14555,,,,,1.0,4.0,59.75,510,150
14556,,,,,3.0,5.0,98.09,508,210
14557,,,,,3.0,4.0,56.13,502,115
14558,,,,,4.0,4.0,40.79,505,120
14559,,,,,4.0,,10.76,504,106
14560,,,,,5.0,4.0,,505,115
14561,,,,,4.0,5.0,51.29,501,110
14562,,,,,3.0,3.0,4.8,509,121
14563,,,,,4.0,3.0,,507,
14564,,,,,5.0,3.0,88.46,503,146
14565,,,,,5.0,7.0,78.35,506,150
14566,,,,,2.0,3.0,99.92,508,345
14567,,,,,1.0,1.0,25.54,602,150
14568,,,,,1.0,6.0,8.93,506,115
14569,,,,,3.0,4.0,43.64,511,146
14570,,,,,2.0,2.0,19.67,506,115
14571,,,,,2.0,3.0,,,
14572,,,,,5.0,2.0,99.05,600,255
14573,,,,,5.0,2.0,,511,
14574,,,,,1.0,4.0,3.55,511,130
14575,,,,,2.0,5.0,33.95,600,151
14576,,,,,2.0,4.0,30.7,506,120
14577,,,,,3.0,2.0,,506,
14578,,,,,5.0,,7.31,600,135
14579,,,,,4.0,5.0,37.6,504,120
14580,,,,,2.0,3.0,97.86,603,250
14581,,,,,3.0,4.0,52.22,503,120
14582,,,,,3.0,,,509,135
14583,,,,,2.0,5.0,,711,180
14584,,,,,4.0,4.0,78.29,603,198
14585,,,,,1.0,3.0,95.84,601,220
14586,,,,,1.0,5.0,98.5,508,216
14587,,,,,1.0,3.0,91.89,600,200
14588,,,,,3.0,4.0,94.71,600,215
14589,,,,,5.0,3.0,90.2,508,175
14590,,,,,4.0,2.0,77.05,504,140
14591,,,,,3.0,3.0,34.22,502,110
14592,,,,,5.0,5.0,,704,005
14593,,,,,5.0,1.0,,306,250
14594,,,,,5.0,1.0,,707,127
14595,,,,,4.0,3.0,83.54,500,130
14596,,,,,5.0,2.0,9.35,501,093
14597,,,,,4.0,,27.97,503,110
14598,,,,,4.0,2.0,97.38,505,183
14599,,,,,4.0,4.0,60.55,508,145
14600,,,,,3.0,6.0,35.44,503,108
14601,,,,,4.0,,54.37,601,165
14602,,,,,,,,,
14603,,,,,3.0,2.0,91.46,502,150
14604,,,,,2.0,4.0,83.26,407,110
14605,,,,,4.0,4.0,96.03,508,200
14606,,,,,5.0,2.0,16.74,510,130
14607,,,,,,,35.44,503,108
14608,,,,,3.0,1.0,0.03,506,091
14609,,,,,1.0,4.0,74.11,509,150
14610,,,,,2.0,7.0,0.01,504,086
14611,,,,,3.0,1.0,94.44,508,177
14612,,,,,1.0,3.0,74.22,509,145
14613,,,,,3.0,4.0,98.72,508,220
14614,,,,,3.0,3.0,96.73,510,200
14615,,,,,1.0,4.0,72.14,508,150
14616,,,,,4.0,4.0,96.78,506,195
14617,,,,,2.0,4.0,99.28,508,236
14618,,,,,4.0,4.0,5.66,502,095
14619,,,,,1.0,3.0,12.63,604,150
14620,,,,,2.0,6.0,38.53,510,145
14621,,,,,4.0,,38.53,603,160
14622,,,,,1.0,3.0,6.27,510,120
14623,,,,,1.0,1.0,26.05,506,120
14624,,,,,4.0,1.0,95.04,505,180
14625,,,,,5.0,,,508,
14626,,,,,1.0,5.0,19.65,507,120
14627,,,,,1.0,7.0,0.57,504,092
14628,,,,,3.0,2.0,,507,130
14629,,,,,2.0,5.0,96.83,511,210
14630,,,,,1.0,,41.49,511,145
14631,,,,,1.0,3.0,58.38,505,129
14632,,,,,1.0,,25.54,602,150
14633,,,,,,,,,130
14634,,,,,2.0,6.0,99.15,505,208
14635,,,,,,,98.76,411,178
14636,,,,,3.0,3.0,61.88,502,115
14637,,,,,4.0,3.0,92.41,500,140
14638,,,,,,,,500,
14639,,,,,1.0,3.0,57.57,507,132
14640,,,,,,,,,
14641,,,,,1.0,4.0,45.71,602,155
14642,,,,,5.0,3.0,73.47,511,160
14643,,,,,3.0,3.0,98.5,511,230
14644,,,,,2.0,3.0,93.01,508,177
14645,,,,,3.0,1.0,95.58,504,170
14646,,,,,4.0,5.0,,,
14647,,,,,3.0,4.0,83.09,505,150
14648,,,,,3.0,5.0,62.64,604,185
14649,,,,,1.0,5.0,72.96,507,151
14650,,,,,3.0,1.0,12.36,507,120
14651,,,,,1.0,4.0,94.37,510,197
14652,,,,,1.0,4.0,98.91,602,250
14653,,,,,1.0,4.0,42.13,511,150
14654,,,,,2.0,2.0,,507,
14655,,,,,2.0,4.0,93.99,511,200
14656,,,,,,,63.94,506,145
14657,,,,,,,7.14,508,124
14658,,,,,,,98.59,507,240
14659,,,,,4.0,2.0,17.15,602,150
14660,,,,,3.0,4.0,,504,
14661,,,,,3.0,3.0,87.35,510,180
14662,,,,,5.0,5.0,54.37,601,165
14663,,,,,5.0,3.0,88.39,501,130
14664,,,,,3.0,4.0,89.02,504,149
14665,,,,,4.0,4.0,99.6,507,280
14666,,,,,4.0,2.0,,503,
14667,,,,,4.0,1.0,,,
14668,,,,,3.0,4.0,70.07,510,147
14669,,,,,4.0,5.0,,506,
14670,,,,,3.0,,,509,145
14671,,,,,4.0,1.0,66.18,410,100
14672,,,,,,,30.54,504,107
14673,,,,,3.0,4.0,52.12,507,125
14674,,,,,2.0,3.0,97.81,507,200
14675,,,,,2.0,4.0,96.14,510,185
14676,,,,,4.0,3.0,11.78,508,112
14677,,,,,2.0,6.0,45.92,502,108
14678,,,,,5.0,5.0,96.41,503,164
14679,,,,,2.0,3.0,68.47,506,130
14680,,,,,3.0,5.0,82.12,410,110
14681,,,,,4.0,5.0,37.58,506,120
14682,,,,,3.0,4.0,74.0,502,125
14683,,,,,3.0,6.0,52.85,506,130
14684,,,,,4.0,4.0,62.73,504,132
14685,,,,,3.0,3.0,,504,
14686,,,,,4.0,3.0,40.79,505,120
14687,,,,,3.0,3.0,52.85,506,130
14688,,,,,2.0,5.0,86.15,601,187
14689,,,,,1.0,4.0,3.74,510,120
14690,,,,,3.0,4.0,79.92,509,160
14691,,,,,2.0,3.0,,6,220
14692,,,,,3.0,4.0,46.3,501,108
14693,,,,,4.0,2.0,93.88,504,170
14694,,,,,3.0,5.0,25.63,502,105
14695,,,,,4.0,2.0,93.21,507,178
14696,,,,,3.0,3.0,84.17,507,160
14697,,,,,3.0,4.0,74.46,600,175
14698,,,,,2.0,,21.41,506,118
14699,,,,,2.0,3.0,56.13,502,115
14700,,,,,3.0,3.0,66.73,503,125
14701,,,,,2.0,2.0,28.91,603,155
14702,,,,,4.0,2.0,92.67,507,170
14703,,,,,4.0,3.0,99.19,506,255
14704,,,,,4.0,5.0,21.17,508,125
14705,,,,,2.0,4.0,90.08,510,185
14706,,,,,3.0,5.0,96.81,502,180
14707,,,,,5.0,3.0,4.64,510,125
14708,,,,,4.0,5.0,10.52,506,110
14709,,,,,3.0,2.0,83.61,509,164
14710,,,,,3.0,3.0,84.28,504,145
14711,,,,,3.0,2.0,13.75,600,140
14712,,,,,5.0,1.0,8.87,510,125
14713,,,,,4.0,2.0,91.33,500,134
14714,,,,,,,11.91,511,130
14715,,,,,4.0,1.0,98.83,505,218
14716,,,,,3.0,3.0,30.34,501,102
14717,,,,,,,41.48,507,125
14718,,,,,,,12.1,600,130
14719,,,,,3.0,6.0,87.83,506,156
14720,,,,,,,35.39,600,142
14721,,,,,4.0,3.0,,502,
14722,,,,,4.0,1.0,90.43,503,150
14723,,,,,5.0,5.0,71.8,504,130
14724,,,,,3.0,2.0,40.56,505,117
14725,,,,,5.0,2.0,93.81,505,170
14726,,,,,4.0,3.0,90.84,506,170
14727,,,,,4.0,5.0,62.12,503,123
14728,,,,,2.0,4.0,30.97,510,137
14729,,,,,1.0,,,305,092
14730,,,,,4.0,3.0,97.73,507,195
14731,,,,,4.0,,84.77,506,147
14732,,,,,1.0,1.0,,504,
14733,,,,,2.0,4.0,29.09,507,120
14734,,,,,2.0,4.0,,510,
14735,,,,,3.0,5.0,,5,120
14736,,,,,4.0,2.0,,506,220
14737,,,,,3.0,4.0,69.18,508,148
14738,,,,,3.0,6.0,90.69,502,145
14739,,,,,5.0,3.0,84.5,503,140
14740,,,,,3.0,4.0,2.77,504,097
14741,,,,,2.0,,69.91,506,140
14742,,,,,2.0,5.0,99.22,508,230
14743,,,,,1.0,5.0,99.46,501,196
14744,,,,,3.0,3.0,74.66,410,110
14745,,,,,4.0,5.0,82.71,506,155
14746,,,,,4.0,4.0,27.27,600,143
14747,,,,,4.0,4.0,64.26,508,145
14748,,,,,3.0,5.0,2.73,506,103
14749,,,,,5.0,5.0,88.11,502,140
14750,,,,,2.0,5.0,72.36,507,145
14751,,,,,3.0,4.0,48.39,508,137
14752,,,,,2.0,6.0,79.37,510,165
14753,,,,,4.0,5.0,20.55,508,125
14754,,,,,2.0,4.0,60.7,603,178
14755,,,,,4.0,5.0,0.03,510,105
14756,,,,,3.0,4.0,42.15,506,125
14757,,,,,1.0,4.0,62.46,509,152
14758,,,,,1.0,4.0,62.03,504,127
14759,,,,,4.0,5.0,51.09,504,124
14760,,,,,4.0,1.0,62.03,504,127
14761,,,,,5.0,,62.35,502,118
14762,,,,,1.0,4.0,37.42,411,100
14763,,,,,4.0,,35.11,509,135
14764,,,,,3.0,3.0,81.94,504,145
14765,,,,,1.0,4.0,96.83,511,210
14766,,,,,2.0,4.0,73.72,510,160
14767,,,,,3.0,3.0,87.6,504,150
14768,,,,,3.0,5.0,5.53,504,100
14769,,,,,,1.0,69.82,505,135
14770,,,,,2.0,5.0,1.15,510,115
14771,,,,,1.0,4.0,41.76,600,150
14772,,,,,2.0,5.0,42.73,509,133
14773,,,,,1.0,6.0,30.3,503,106
14774,,,,,,,61.17,511,150
14775,,,,,,6.0,72.86,505,134
14776,,,,,3.0,4.0,58.74,601,157
14777,,,,,4.0,4.0,8.6,503,096
14778,,,,,1.0,1.0,90.64,511,180
14779,,,,,2.0,2.0,92.8,600,192
14780,,,,,4.0,4.0,52.01,505,125
14781,,,,,3.0,4.0,56.79,508,140
14782,,,,,4.0,,47.58,504,120
14783,,,,,3.0,,38.28,506,125
14784,,,,,,,11.99,503,098
14785,,,,,1.0,5.0,76.49,506,140
14786,,,,,4.0,5.0,96.86,501,162
14787,,,,,3.0,4.0,,504,120
14788,,,,,1.0,5.0,39.15,601,152
14789,,,,,,,43.63,510,138
14790,,,,,2.0,6.0,56.1,504,121
14791,,,,,3.0,3.0,99.57,602,300
14792,,,,,4.0,3.0,39.9,501,103
14793,,,,,,,68.33,600,165
14794,,,,,1.0,3.0,,510,147
14795,,,,,4.0,2.0,28.42,500,095
14796,,,,,1.0,5.0,61.75,510,152
14797,,,,,2.0,5.0,15.86,511,128
14798,,,,,2.0,5.0,26.02,506,115
14799,,,,,3.0,4.0,,,
14800,,,,,3.0,4.0,42.36,507,125
14801,,,,,4.0,2.0,40.85,509,135
14802,,,,,3.0,4.0,72.08,507,145
14803,,,,,3.0,5.0,30.3,504,110
14804,,,,,3.0,4.0,35.11,509,135
14805,,,,,1.0,5.0,,602,171
14806,,,,,3.0,3.0,94.51,508,182
14807,,,,,4.0,4.0,35.49,507,125
14808,,,,,3.0,3.0,23.52,502,102
14809,,,,,2.0,3.0,42.79,508,130
14810,,,,,4.0,5.0,,505,
14811,,,,,3.0,5.0,56.48,507,135
14812,,,,,2.0,5.0,25.71,504,115
14813,,,,,3.0,4.0,67.17,504,130
14814,,,,,3.0,6.0,47.28,509,135
14815,,,,,3.0,,28.91,505,115
14816,,,,,5.0,2.0,21.4,600,140
14817,,,,,2.0,6.0,52.12,511,155
14818,,,,,1.0,5.0,,510,160
14819,,,,,3.0,3.0,55.35,600,162
14820,,,,,5.0,1.0,,700,350
14821,,,,,4.0,4.0,77.05,504,140
14822,,,,,4.0,3.0,18.12,510,135
14823,,,,,1.0,2.0,59.36,510,160
14824,,,,,2.0,6.0,45.58,506,128
14825,,,,,2.0,3.0,83.57,508,165
14826,,,,,3.0,5.0,28.83,603,160
14827,,,,,3.0,4.0,47.18,508,145
14828,,,,,3.0,2.0,16.74,601,145
14829,,,,,2.0,4.0,99.19,509,238
14830,,,,,2.0,2.0,49.01,509,145
14831,,,,,4.0,5.0,45.32,503,117
14832,,,,,1.0,6.0,58.88,509,150
14833,,,,,3.0,5.0,98.71,506,230
14834,,,,,1.0,5.0,40.89,508,138
14835,,,,,2.0,,65.89,506,140
14836,,,,,3.0,4.0,26.15,506,118
14837,,,,,,6.0,98.92,410,160
14838,,,,,4.0,4.0,65.23,507,145
14839,,,,,3.0,3.0,,602,072
14840,,,,,4.0,5.0,95.87,503,170
14841,,,,,2.0,5.0,12.1,600,130
14842,,,,,4.0,3.0,47.28,509,135
14843,,,,,A,,72.16,504,136
14844,,,,,5.0,2.0,84.28,504,145
14845,,,,,4.0,3.0,98.86,508,223
14846,,,,,2.0,6.0,36.9,510,135
14847,,,,,3.0,3.0,25.58,601,150
14848,,,,,1.0,4.0,32.35,508,130
14849,,,,,4.0,2.0,31.38,600,145
14850,,,,,2.0,5.0,72.95,601,161
14851,,,,,1.0,1.0,81.17,500,120
14852,,,,,1.0,3.0,,702,287
14853,,,,,4.0,4.0,,711,278
14854,,,,,3.0,4.0,,,
14855,,,,,1.0,2.0,49.31,505,125
14856,,,,,5.0,5.0,31.06,507,120
14857,,,,,3.0,2.0,97.2,505,198
14858,,,,,3.0,2.0,56.13,502,115
14859,,,,,3.0,3.0,40.79,505,120
14860,,,,,2.0,4.0,31.06,507,120
14861,,,,,4.0,5.0,90.89,504,153
14862,,,,,4.0,4.0,19.49,506,112
14863,,,,,2.0,4.0,1.1,500,081
14864,,,,,4.0,2.0,88.94,503,150
14865,,,,,1.0,4.0,39.55,505,125
14866,,,,,3.0,,,508,115
14867,,,,,2.0,5.0,56.9,411,100
14868,,,,,1.0,6.0,15.52,509,125
14869,,,,,1.0,4.0,75.14,507,147
14870,,,,,1.0,7.0,21.86,503,100
14871,,,,,3.0,4.0,,504,
14872,,,,,4.0,2.0,,,220
14873,,,,,3.0,2.0,82.4,503,140
14874,,,,,3.0,1.0,87.31,500,130
14875,,,,,4.0,5.0,8.68,502,095
14876,,,,,1.0,,29.04,604,160
14877,,,,,5.0,4.0,35.67,504,115
14878,,,,,5.0,3.0,47.49,506,130
14879,,,,,2.0,3.0,64.42,603,175
14880,,,,,5.0,3.0,29.93,504,115
14881,,,,,4.0,4.0,40.44,503,115
14882,,,,,2.0,3.0,89.97,600,190
14883,,,,,5.0,,52.22,503,120
14884,,,,,4.0,1.0,40.79,505,120
14885,,,,,3.0,3.0,98.61,600,240
14886,,,,,1.0,5.0,,510,153
14887,,,,,4.0,2.0,81.86,508,160
14888,,,,,2.0,3.0,49.24,508,136
14889,,,,,,4.0,25.63,502,105
14890,,,,,3.0,,79.67,600,180
14891,,,,,4.0,2.0,93.29,505,168
14892,,,,,1.0,1.0,41.49,511,145
14893,,,,,5.0,2.0,41.07,501,106
14894,,,,,1.0,1.0,10.3,507,115
14895,,,,,2.0,3.0,71.05,600,167
14896,,,,,1.0,1.0,45.71,511,147
14897,,,,,5.0,2.0,,,
14898,,,,,4.0,1.0,,503,098
14899,,,,,3.0,5.0,58.41,506,138
14900,,,,,2.0,3.0,68.33,600,165
14901,,,,,4.0,2.0,42.91,504,118
14902,,,,,1.0,7.0,41.48,510,140
14903,,,,,2.0,5.0,96.47,507,185
14904,,,,,1.0,2.0,2.77,508,112
14905,,,,,2.0,5.0,19.23,506,117
14906,,,,,3.0,2.0,99.55,601,287
14907,,,,,5.0,2.0,18.62,600,143
14908,,,,,2.0,2.0,85.28,600,187
14909,,,,,2.0,5.0,68.08,600,170
14910,,,,,1.0,4.0,72.6,508,155
14911,,,,,4.0,2.0,96.84,510,215
14912,,,,,5.0,2.0,6.4,600,138
14913,,,,,4.0,2.0,18.46,504,110
14914,,,,,4.0,3.0,53.27,507,136
14915,,,,,3.0,3.0,16.94,600,142
14916,,,,,1.0,3.0,96.27,602,230
14917,,,,,2.0,1.0,0.04,507,098
14918,,,,,1.0,3.0,68.9,509,156
14919,,,,,4.0,6.0,44.91,507,135
14920,,,,,2.0,3.0,94.72,506,168
14921,,,,,3.0,4.0,61.17,511,150
14922,,,,,2.0,4.0,34.59,510,134
14923,,,,,1.0,,87.1,600,179
14924,,,,,3.0,4.0,61.57,509,142
14925,,,,,3.0,3.0,98.77,508,215
14926,,,,,2.0,5.0,99.33,509,241
14927,,,,,4.0,1.0,82.23,511,161
14928,,,,,4.0,3.0,20.57,511,135
14929,,,,,3.0,2.0,5.0,501,090
14930,,,,,2.0,3.0,23.7,501,097
14931,,,,,3.0,3.0,68.8,504,128
14932,,,,,2.0,4.0,62.34,500,108
14933,,,,,4.0,,96.43,505,180
14934,,,,,3.0,4.0,97.93,506,189
14935,,,,,3.0,3.0,29.09,507,120
14936,,,,,4.0,,83.6,507,150
14937,,,,,1.0,3.0,62.89,506,136
14938,,,,,,,65.66,501,114
14939,,,,,1.0,4.0,94.18,502,145
14940,,,,,1.0,2.0,21.36,509,128
14941,,,,,4.0,1.0,97.58,503,180
14942,,,,,3.0,2.0,98.05,504,200
14943,,,,1,5,4.0,,511,
14944,,,,,1.0,2.0,99.89,511,352
14945,,,,,4.0,,94.83,503,160
14946,,,,,3.0,4.0,14.34,507,112
14947,,,,,4.0,3.0,19.07,505,109
14948,,,,,4.0,3.0,24.2,505,115
14949,,,,,3.0,3.0,25.66,510,130
14950,,,,,2.0,4.0,58.13,508,137
14951,,,,,4.0,3.0,77.8,502,125
14952,,,,,3.0,5.0,84.19,505,145
14953,,,,,3.0,4.0,60.12,508,138
14954,,,,,4.0,3.0,77.61,511,168
14955,,,,,2.0,4.0,,506,
14956,,,,,3.0,2.0,81.21,503,133
14957,,,,,3.0,4.0,59.77,509,145
14958,,,,,2.0,5.0,84.35,411,120
14959,,,,,2.0,4.0,51.14,510,145
14960,,,,,5.0,2.0,99.68,511,290
14961,,,,,5.0,1.0,2.86,411,080
14962,,,,,3.0,5.0,10.22,503,097
14963,,,,,4.0,2.0,97.12,503,175
14964,,,,,4.0,4.0,18.67,502,100
14965,,,,,4.0,3.0,38.13,502,105
14966,,,,,4.0,3.0,10.52,506,110
14967,,,,,5.0,3.0,43.13,411,100
14968,,,,,3.0,4.0,57.32,503,120
14969,,,,,3.0,4.0,47.25,508,135
14970,,,,,3.0,4.0,94.83,503,160
14971,,,,,1.0,3.0,42.79,508,130
14972,,,,,2.0,3.0,98.37,504,200
14973,,,,,4.0,4.0,7.9,502,092
14974,,,,,2.0,1.0,68.89,511,160
14975,,,,,2.0,2.0,86.88,503,140
14976,,,,,4.0,4.0,97.33,507,200
14977,,,,,5.0,4.0,36.92,500,098
14978,,,,,4.0,4.0,49.76,411,100
14979,,,,,3.0,2.0,95.9,508,199
14980,,,,,1.0,3.0,80.22,602,185
14981,,,,,4.0,3.0,94.76,507,185
14982,,,,,2.0,3.0,56.78,506,132
14983,,,,,2.0,3.0,28.74,509,127
14984,,,,,2.0,5.0,78.35,506,150
14985,,,,,4.0,3.0,31.06,507,120
14986,,,,,3.0,5.0,99.43,508,242
14987,,,,,1.0,2.0,62.96,503,120
14988,,,,,2.0,2.0,17.31,605,158
14989,,,,,5.0,4.0,96.35,504,175
14990,,,,,4.0,4.0,99.4,500,225
14991,,,,,4.0,4.0,47.96,510,140
14992,,,,,3.0,4.0,56.49,507,136
14993,,,,,3.0,4.0,,,
14994,,,,,1.0,1.0,,504,110
14995,,,,,5.0,1.0,40.93,511,135
14996,,,,,3.0,2.0,10.23,510,126
14997,,,,,1.0,5.0,90.06,501,140
14998,,,,,2.0,4.0,36.53,502,107
14999,,,,,3.0,4.0,99.7,601,306
15000,,,,,5.0,1.0,47.96,510,140
15001,,,,,4.0,5.0,87.12,411,120
15002,,,,,4.0,2.0,33.67,503,110
15003,,,,,2.0,3.0,57.32,503,120
15004,,,,,4.0,1.0,97.12,503,175
15005,,,,,3.0,,39.22,508,128
15006,,,,,3.0,6.0,35.49,503,105
15007,,,,,5.0,1.0,71.41,503,125
15008,,,,,4.0,2.0,95.54,503,168
15009,,,,,3.0,4.0,81.09,506,153
15010,,,,,2.0,4.0,1.91,505,098
15011,,,,,2.0,4.0,0.06,510,110
15012,,,,,4.0,4.0,97.16,511,235
15013,,,,,3.0,3.0,27.97,503,110
15014,,,,,4.0,4.0,7.31,600,135
15015,,,,,4.0,4.0,39.13,502,108
15016,,,,,4.0,3.0,17.21,509,130
15017,,,,,1.0,2.0,64.96,508,150
15018,,,,,2.0,,82.26,507,155
15019,,,,,3.0,4.0,6.92,507,110
15020,,,,,2.0,3.0,42.74,507,138
15021,,,,,3.0,4.0,92.96,509,183
15022,,,,,,6.0,57.43,501,110
15023,,,,,4.0,1.0,57.43,501,110
15024,,,,,4.0,,,500,
15025,,,,,4.0,4.0,2.29,510,110
15026,,,,,4.0,1.0,93.49,504,156
15027,,,,,1.0,7.0,,505,
15028,,,,,,,69.8,411,106
15029,,,,,,,90.14,507,160
15030,,,,,3.0,5.0,,,082
15031,,,,,1.0,7.0,,504,144
15032,,,,,1.0,5.0,,503,
15033,,,,,4.0,3.0,7.68,504,099
15034,,,,,1.0,5.0,47.47,500,099
15035,,,,,3.0,3.0,,501,
15036,,,,,,,,,154
15037,,,,,,,3.52,502,087
15038,,,,,,,,507,
15039,,,,,,,33.96,501,098
15040,,,,,4.0,1.0,89.05,506,154
15041,,,,,,,59.65,508,133
15042,,,,,5.0,1.0,,503,
15043,,,,,4.0,3.0,,,
15044,,,,,4.0,2.0,98.32,508,224
15045,,,,,2.0,5.0,14.28,510,120
15046,,,,,3.0,4.0,48.22,503,110
15047,,,,,3.0,4.0,29.23,508,120
15048,,,,,3.0,3.0,76.38,411,110
15049,,,,,3.0,6.0,,504,125
15050,,,,,4.0,3.0,,506,
15051,,,,,1.0,6.0,95.89,600,200
15052,,,,,4.0,3.0,78.27,502,122
15053,,,,,4.0,3.0,72.56,507,142
15054,,,,,2.0,5.0,69.55,504,125
15055,,,,,1.0,3.0,75.93,600,160
15056,,,,,4.0,3.0,74.86,507,140
15057,,,,,4.0,4.0,93.54,505,160
15058,,,,,3.0,5.0,,507,115
15059,,,,,1.0,,63.26,511,146
15060,,,,,3.0,3.0,56.3,500,110
15061,,,,,2.0,4.0,66.67,510,155
15062,,,,,1.0,4.0,54.39,504,120
15063,,,,,3.0,,62.48,508,140
15064,,,,,1.0,,60.66,600,160
15065,,,,,4.0,3.0,6.94,511,122
15066,,,,,1.0,3.0,74.16,509,155
15067,,,,,1.0,,93.58,600,200
15068,,,,,3.0,1.0,99.71,507,260
15069,,,,,1.0,5.0,,703,043
15070,,,,,1.0,4.0,8.57,507,110
15071,,,,,1.0,5.0,,,110
15072,,,,,3.0,4.0,29.95,500,100
15073,,,,,4.0,4.0,,503,212
15074,,,,,5.0,1.0,25.52,508,127
15075,,,,,3.0,3.0,20.57,511,135
15076,,,,,2.0,4.0,96.85,604,247
15077,,,,,3.0,4.0,99.51,508,248
15078,,,,,4.0,3.0,62.87,504,130
15079,,,,,4.0,5.0,80.06,508,150
15080,,,,,3.0,2.0,,507,
15081,,,,,4.0,2.0,13.92,509,115
15082,,,,,3.0,5.0,74.31,501,116
15083,,,,,3.0,5.0,,504,145
15084,,,,,3.0,3.0,96.72,501,156
15085,,,,,4.0,3.0,99.03,507,240
15086,,,,,3.0,1.0,98.95,501,189
15087,,,,,4.0,5.0,48.41,502,106
15088,,,,,4.0,1.0,93.4,503,150
15089,,,,,4.0,2.0,96.32,505,165
15090,,,,,5.0,1.0,99.62,509,300
15091,,,,,5.0,5.0,98.91,501,195
15092,,,,,2.0,5.0,19.64,505,105
15093,,,,,5.0,4.0,80.99,600,165
15094,,,,,3.0,,48.41,502,106
15095,,,,,3.0,4.0,90.63,505,160
15096,,,,,1.0,3.0,68.83,511,165
15097,,,,,2.0,3.0,93.96,508,180
15098,,,,,5.0,1.0,,611,180
15099,,,,,2.0,2.0,54.64,503,123
15100,,,,,2.0,2.0,,505,
15101,,,,,1.0,2.0,51.84,511,135
15102,,,,,4.0,4.0,11.81,504,110
15103,,,,,4.0,3.0,,505,
15104,,,,,4.0,2.0,79.22,502,134
15105,,,,,2.0,3.0,46.41,604,180
15106,,,,,2.0,3.0,97.91,510,220
15107,,,,,4.0,1.0,67.48,501,115
15108,,,,,1.0,4.0,64.96,508,150
15109,,,,,3.0,3.0,99.05,500,210
15110,,,,,3.0,2.0,45.28,511,156
15111,,,,,4.0,3.0,16.96,505,112
15112,,,,,3.0,1.0,94.87,602,222
15113,,,,,4.0,2.0,,505,220
15114,,,,,3.0,2.0,96.43,600,219
15115,,,,,4.0,,32.39,504,116
15116,,,,,4.0,3.0,6.73,504,101
15117,,,,,4.0,5.0,66.39,500,110
15118,,,,,2.0,1.0,92.92,510,182
15119,,,,,3.0,4.0,90.63,505,160
15120,,,,,3.0,3.0,,507,
15121,,,,,3.0,4.0,84.19,505,145
15122,,,,,3.0,3.0,82.96,504,140
15123,,,,,3.0,3.0,65.52,504,126
15124,,,,,2.0,4.0,,511,123
15125,,,,,4.0,2.0,99.04,508,249
15126,,,,,1.0,3.0,90.02,508,165
15127,,,,,4.0,4.0,87.56,505,150
15128,,,,,3.0,4.0,,508,
15129,,,,,3.0,3.0,43.19,506,127
15130,,,,,3.0,5.0,16.01,508,120
15131,,,,,2.0,3.0,38.28,506,125
15132,,,,,5.0,6.0,94.6,504,165
15133,,,,,3.0,3.0,,509,
15134,,,,,3.0,5.0,73.86,502,122
15135,,,,,4.0,2.0,84.68,506,151
15136,,,,,2.0,2.0,61.7,501,112
15137,,,,,3.0,3.0,76.95,504,134
15138,,,,,2.0,3.0,29.23,508,120
15139,,,,,4.0,3.0,60.78,502,110
15140,,,,,1.0,4.0,1.27,502,085
15141,,,,,5.0,4.0,29.33,508,120
15142,,,,,3.0,3.0,64.48,505,125
15143,,,,,2.0,5.0,78.32,507,140
15144,,,,,2.0,6.0,47.47,503,109
15145,,,,,2.0,3.0,88.7,601,180
15146,,,,,4.0,3.0,40.46,508,125
15147,,,,,3.0,1.0,15.15,411,085
15148,,,,,1.0,4.0,73.73,410,104
15149,,,,,1.0,7.0,47.72,510,135
15150,,,,,3.0,2.0,96.8,511,200
15151,,,,,2.0,2.0,87.85,508,156
15152,,,,,3.0,4.0,,504,
15153,,,,,4.0,4.0,65.32,503,118
15154,,,,,3.0,4.0,66.54,511,148
15155,,,,,4.0,2.0,,505,
15156,,,,,3.0,4.0,92.42,505,165
15157,,,,,3.0,5.0,67.17,504,130
15158,,,,,3.0,4.0,44.3,502,110
15159,,,,,2.0,3.0,64.23,507,140
15160,,,,,4.0,3.0,93.27,502,152
15161,,,,,4.0,2.0,47.25,508,135
15162,,,,,3.0,3.0,92.49,506,170
15163,,,,,2.0,2.0,60.66,600,160
15164,,,,,2.0,,61.0,511,155
15165,,,,,3.0,5.0,58.06,505,128
15166,,,,,3.0,2.0,37.44,411,098
15167,,,,,2.0,1.0,96.3,602,225
15168,,,,,3.0,2.0,77.77,507,150
15169,,,,,1.0,5.0,18.94,504,110
15170,,,,,2.0,3.0,38.53,603,160
15171,,,,,3.0,3.0,58.19,509,145
15172,,,,,4.0,1.0,,503,126
15173,,,,,2.0,2.0,25.61,509,130
15174,,,,,1.0,3.0,70.89,507,144
15175,,,,,1.0,5.0,0.64,602,130
15176,,,,,4.0,2.0,97.65,600,225
15177,,,,,3.0,4.0,95.87,501,151
15178,,,,,1.0,4.0,85.29,505,150
15179,,,,,5.0,3.0,62.96,503,120
15180,,,,,4.0,2.0,,503,
15181,,,,,3.0,4.0,90.57,508,171
15182,,,,,4.0,1.0,78.47,600,168
15183,,,,,3.0,4.0,74.26,503,127
15184,,,,,1.0,4.0,94.17,508,176
15185,,,,,1.0,3.0,54.63,601,160
15186,,,,,5.0,3.0,70.05,509,152
15187,,,,,2.0,2.0,,,
15188,,,,,3.0,2.0,96.56,511,208
15189,,,,,4.0,2.0,27.78,503,105
15190,,,,,3.0,1.0,96.43,505,180
15191,,,,,3.0,4.0,67.48,501,115
15192,,,,,3.0,5.0,92.42,601,195
15193,,,,,2.0,4.0,65.34,509,149
15194,,,,,4.0,4.0,70.58,500,115
15195,,,,,5.0,1.0,54.85,509,145
15196,,,,,3.0,1.0,97.27,502,180
15197,,,,,2.0,4.0,46.97,510,149
15198,,,,,3.0,4.0,0.22,505,100
15199,,,,,1.0,,58.6,504,130
15200,,,,,3.0,3.0,77.2,502,130
15201,,,,,2.0,4.0,45.3,508,140
15202,,,,,3.0,2.0,,602,
15203,,,,,3.0,3.0,,511,
15204,,,,,3.0,3.0,77.56,501,127
15205,,,,,3.0,4.0,70.41,502,125
15206,,,,,4.0,1.0,68.08,600,170
15207,,Male ,,,3.0,3.0,,602,285
15208,,,,,2.0,3.0,54.05,508,135
15209,,,,,5.0,4.0,78.32,508,150
15210,,,,,4.0,4.0,12.1,600,130
15211,,,,,3.0,4.0,,502,088
15212,,,,,5.0,3.0,65.77,506,134
15213,,,,,2.0,4.0,81.93,509,160
15214,,,,,4.0,4.0,87.97,501,133
15215,,,,,4.0,1.0,96.22,506,175
15216,,,,,5.0,4.0,86.12,411,125
15217,,,,,3.0,3.0,,503,107
15218,,,,,4.0,4.0,48.82,506,125
15219,,,,,3.0,5.0,58.07,510,145
15220,,,,,3.0,4.0,81.17,500,120
15221,,,,,3.0,3.0,85.85,500,125
15222,,,,,3.0,4.0,,510,
15223,,,,,3.0,3.0,1.99,504,095
15224,,,,,3.0,3.0,32.66,508,125
15225,,,,,2.0,3.0,92.88,510,197
15226,,,,,2.0,4.0,49.01,509,145
15227,,,,,1.0,,13.56,508,125
15228,,,,,3.0,5.0,0.13,505,093
15229,,,,,3.0,4.0,27.91,510,140
15230,,,,,1.0,1.0,,611,225
15231,,,,,4.0,2.0,29.15,511,148
15232,,,,,2.0,,68.83,511,165
15233,,,,,4.0,3.0,,411,
15234,,,,,2.0,2.0,78.01,503,130
15235,,,,,1.0,4.0,47.28,509,135
15236,,,,,1.0,5.0,81.4,501,125
15237,,,,,3.0,2.0,5.39,506,105
15238,,,,,1.0,,90.73,501,138
15239,,,,,2.0,5.0,61.53,503,116
15240,,,,,4.0,4.0,46.51,602,150
15241,,,,,3.0,1.0,63.51,508,135
15242,,,,,4.0,4.0,57.44,505,120
15243,,,,,1.0,4.0,56.63,507,127
15244,,,,,2.0,5.0,48.82,506,125
15245,,,,,1.0,4.0,57.98,506,126
15246,,,,,1.0,3.0,8.34,507,105
15247,,,,,2.0,5.0,48.22,503,110
15248,,,,,3.0,4.0,15.75,503,097
15249,,,,,3.0,5.0,19.47,502,095
15250,,,,,2.0,3.0,89.23,503,140
15251,,,,,2.0,5.0,,504,
15252,,,,,3.0,5.0,24.37,507,120
15253,,,,,3.0,3.0,99.04,411,180
15254,,,,,3.0,3.0,36.21,506,120
15255,,,,,1.0,4.0,87.33,511,168
15256,,,,,1.0,5.0,,502,
15257,,,,,5.0,4.0,98.37,507,203
15258,,,,,3.0,3.0,48.22,503,110
15259,,,,,4.0,4.0,43.23,503,108
15260,,,,,1.0,4.0,58.75,506,125
15261,,,,,1.0,4.0,69.48,602,175
15262,,,,,2.0,6.0,17.94,503,098
15263,,,,,5.0,1.0,96.95,504,180
15264,,,,,4.0,5.0,96.73,510,200
15265,,,,,2.0,3.0,22.13,506,110
15266,,,,,3.0,5.0,99.36,506,223
15267,,,,,1.0,,,510,135
15268,,,,,2.0,3.0,79.95,504,130
15269,,,,,4.0,2.0,89.55,506,155
15270,,,,,2.0,3.0,64.48,505,125
15271,,,,,4.0,7.0,94.65,602,210
15272,,,,,3.0,5.0,26.47,600,133
15273,,,,,3.0,4.0,21.86,505,106
15274,,,,,3.0,4.0,60.37,502,117
15275,,,,,1.0,1.0,,5,
15276,,,,,2.0,5.0,52.85,506,130
15277,,,,,1.0,4.0,69.91,506,140
15278,,,,,3.0,2.0,47.58,504,120
15279,,,,,3.0,5.0,77.77,507,150
15280,,,,,1.0,,75.26,511,170
15281,,,,,4.0,3.0,31.73,501,100
15282,,,,,4.0,5.0,52.56,503,115
15283,,,,,3.0,1.0,78.62,503,127
15284,,,,,2.0,5.0,47.25,508,135
15285,,,,,3.0,5.0,34.79,504,117
15286,,,,,3.0,3.0,21.19,505,114
15287,,,,,2.0,2.0,74.11,509,150
15288,,,,,1.0,3.0,85.97,504,140
15289,,,,,2.0,5.0,76.76,503,132
15290,,,,,3.0,4.0,29.33,600,144
15291,,,,,1.0,5.0,,702,285
15292,,,,,3.0,5.0,39.12,509,136
15293,,,,,2.0,3.0,62.87,504,130
15294,,,,,3.0,4.0,51.71,600,155
15295,,,,,3.0,2.0,87.37,510,175
15296,,,,,2.0,5.0,66.71,504,130
15297,,,,,1.0,5.0,99.22,605,300
15298,,,,,2.0,3.0,94.61,603,220
15299,,,,,,,,511,145
15300,,,,,5.0,3.0,92.42,505,165
15301,,,,,3.0,3.0,21.4,600,140
15302,,,,,4.0,2.0,38.32,604,165
15303,,,,,4.0,4.0,85.29,505,150
15304,,,,,4.0,3.0,1.96,504,098
15305,,,,,1.0,5.0,60.66,600,160
15306,,,,,3.0,,93.58,600,200
15307,,,,,4.0,3.0,79.33,605,200
15308,,,,,4.0,2.0,48.22,503,110
15309,,,,,3.0,,,505,
15310,,,,,4.0,4.0,92.99,504,170
15311,,,,,4.0,2.0,31.84,506,123
15312,,,,,3.0,4.0,97.69,505,205
15313,,,,,5.0,3.0,85.79,507,160
15314,,,,,4.0,4.0,,505,
15315,,,,,4.0,5.0,50.96,502,115
15316,,,,,2.0,5.0,87.47,507,155
15317,,,,,3.0,1.0,64.42,603,175
15318,,,,,3.0,,84.15,508,156
15319,,,,,5.0,1.0,,404,250
15320,,,,,2.0,3.0,21.46,505,110
15321,,,,,2.0,2.0,41.8,600,145
15322,,,,,5.0,2.0,38.53,603,160
15323,,,,,5.0,1.0,83.96,506,150
15324,,,,,3.0,4.0,0.51,506,100
15325,,,,,5.0,4.0,89.7,510,174
15326,,,,,4.0,3.0,74.86,507,140
15327,,,,,2.0,5.0,87.13,508,160
15328,,,,,2.0,3.0,91.47,510,178
15329,,,,,3.0,4.0,,506,109
15330,,,,,1.0,,5.93,508,110
15331,,,,,1.0,5.0,42.55,500,100
15332,,,,,1.0,3.0,,700,090
15333,,,,,2.0,2.0,,710,230
15334,,,,,3.0,2.0,93.87,506,165
15335,,,,,4.0,7.0,,504,120
15336,,,,,2.0,1.0,,708,130
15337,,,,,1.0,4.0,97.5,504,180
15338,,,,,5.0,4.0,95.19,503,157
15339,,,,,3.0,5.0,75.68,502,120
15340,,,,,2.0,3.0,60.76,504,120
15341,,,,,,1.0,72.35,505,130
15342,,,,,3.0,5.0,72.97,504,125
15343,,,,,4.0,4.0,20.13,507,115
15344,,,,,1.0,4.0,95.89,600,200
15345,,,,,2.0,3.0,,503,
15346,,,,,5.0,3.0,97.71,502,175
15347,,,,,4.0,3.0,93.54,505,160
15348,,,,,1.0,3.0,,500,125
15349,,,,,1.0,4.0,,402,087
15350,,,,,3.0,3.0,,600,217
15351,,,,,2.0,5.0,89.89,502,136
15352,,,,,3.0,3.0,,506,
15353,,,,,3.0,5.0,87.4,600,185
15354,,,,,3.0,5.0,1.7,506,097
15355,,,,,3.0,3.0,,,
15356,,,,,2.0,3.0,0.61,600,123
15357,,,,,2.0,4.0,45.15,601,160
15358,,,,,,,,309,120
15359,,,,,3.0,2.0,80.06,509,165
15360,,,,,4.0,5.0,42.91,600,160
15361,,,,,5.0,2.0,90.63,505,160
15362,,,,,4.0,3.0,66.64,411,112
15363,,,,,2.0,4.0,66.09,502,120
15364,,,,,4.0,3.0,93.88,504,170
15365,,,,,4.0,2.0,75.26,511,170
15366,,,,,1.0,4.0,60.48,600,165
15367,,,,,3.0,3.0,,,
15368,,,,,3.0,3.0,87.11,506,160
15369,,,,,5.0,2.0,13.54,507,117
15370,,,,,5.0,3.0,,504,
15371,,,,,1.0,6.0,80.6,511,170
15372,,,10th grade,,1.0,4.0,35.88,511,147
15373,,,,,1.0,1.0,25.1,506,120
15374,,,,,4.0,2.0,18.12,510,135
15375,,,,,5.0,3.0,,605,399
15376,,,,,1.0,4.0,3.16,600,130
15377,,,,,3.0,3.0,87.32,508,170
15378,,,,,3.0,5.0,64.23,507,140
15379,,,,,2.0,2.0,,609,399
15380,,,,,1.0,2.0,93.58,600,200
15381,,,,,1.0,4.0,,701,370
15382,,,,,2.0,4.0,19.64,511,130
15383,,,,,1.0,1.0,94.4,504,157
15384,,,,,2.0,3.0,47.61,511,143
15385,,,,,3.0,1.0,92.67,600,197
15386,,,,,4.0,4.0,15.95,504,105
15387,,,,,4.0,2.0,94.82,600,205
15388,,,,,3.0,3.0,20.55,508,125
15389,,,,,2.0,3.0,12.1,600,130
15390,,,,,4.0,2.0,47.58,509,135
15391,,,,,2.0,4.0,87.5,510,170
15392,,,,,2.0,4.0,10.86,505,105
15393,,,,,3.0,4.0,30.61,506,117
15394,,,,,1.0,4.0,68.85,506,136
15395,,,,,5.0,1.0,98.58,511,250
15396,,,,,3.0,3.0,61.11,500,110
15397,,,,,3.0,4.0,98.29,601,235
15398,,,,,2.0,3.0,,603,110
15399,,,,,1.0,4.0,71.64,507,149
15400,,,,,4.0,5.0,64.33,511,157
15401,,,,,2.0,1.0,99.88,511,330
15402,,,,,1.0,1.0,,700,399
15403,,,,,1.0,3.0,61.47,508,148
15404,,,,,5.0,3.0,46.95,607,190
15405,,,,,3.0,4.0,72.94,506,142
15406,,,,,5.0,1.0,96.58,600,220
15407,,,,,3.0,3.0,61.82,602,175
15408,,,,,2.0,3.0,,600,175
15409,,,,,2.0,4.0,,711,100
15410,,,,,,3.0,60.48,600,165
15411,,,,,1.0,4.0,61.0,511,155
15412,,,,,,,55.75,507,140
15413,,,,,3.0,1.0,94.87,601,215
15414,,,,,,,77.97,509,163
15415,,,,,1.0,1.0,,307,012
15416,,,,,2.0,2.0,99.66,602,308
15417,,,,,,,50.6,508,138
15418,,,,,1.0,1.0,68.33,600,165
15419,,,,,2.0,3.0,54.63,601,160
15420,,,,,1.0,3.0,64.56,602,182
15421,,,,,4.0,3.0,97.73,507,195
15422,,,,,2.0,3.0,32.35,508,130
15423,,,,,5.0,,3.88,507,107
15424,,,,,1.0,6.0,47.22,505,120
15425,,,,,4.0,4.0,58.87,506,130
15426,,,,,4.0,4.0,60.07,504,123
15427,,,,,4.0,4.0,67.0,505,130
15428,,,,,4.0,2.0,10.99,507,110
15429,,,,,3.0,2.0,99.48,510,260
15430,,,,,1.0,4.0,90.58,509,170
15431,,,,,3.0,3.0,20.76,504,106
15432,,,,,5.0,3.0,,706,399
15433,,,,,1.0,5.0,74.19,505,135
15434,,,,,3.0,4.0,78.01,503,130
15435,,,,,2.0,3.0,51.78,511,150
15436,,,,,3.0,1.0,25.05,601,145
15437,,,,,2.0,4.0,48.32,510,145
15438,,,,,5.0,1.0,98.56,501,185
15439,,,,,3.0,4.0,67.48,501,115
15440,,,,,3.0,1.0,92.81,501,150
15441,,,,,3.0,4.0,62.34,500,108
15442,,,,,4.0,3.0,,502,139
15443,,,,,1.0,,87.92,509,165
15444,,,,,3.0,,96.01,507,178
15445,,,,,4.0,4.0,43.95,508,135
15446,,,,,3.0,3.0,83.03,506,155
15447,,,,,3.0,5.0,84.63,511,180
15448,,,,,3.0,3.0,73.72,510,160
15449,,,,,5.0,1.0,,507,
15450,,,,,1.0,3.0,29.09,507,120
15451,,,,,4.0,2.0,79.46,502,132
15452,,,,,2.0,3.0,66.95,509,150
15453,,,,,5.0,1.0,4.69,509,117
15454,,,,,4.0,5.0,86.12,506,160
15455,,,,,2.0,2.0,51.71,600,155
15456,,,,,3.0,3.0,99.37,508,240
15457,,,,,3.0,5.0,88.51,501,140
15458,,,,,1.0,5.0,23.1,508,130
15459,,,,,2.0,3.0,92.38,511,200
15460,,,,,4.0,3.0,62.39,503,125
15461,,,,,4.0,4.0,55.79,508,145
15462,,,,,3.0,2.0,49.01,509,145
15463,,,,,1.0,,72.98,505,140
15464,,,,,2.0,5.0,14.78,410,088
15465,,,,,2.0,6.0,49.31,505,125
15466,,,,,5.0,1.0,84.32,504,148
15467,,,,,2.0,2.0,99.72,600,300
15468,,,,,2.0,2.0,27.91,510,140
15469,,,,,1.0,4.0,80.48,511,175
15470,,,,,3.0,2.0,,508,120
15471,,,,,3.0,6.0,0.5,601,125
15472,,,,,4.0,2.0,,507,
15473,,,,,1.0,5.0,84.74,511,175
15474,,,,,1.0,1.0,87.88,507,165
15475,,,,,3.0,2.0,80.08,502,130
15476,,,,,1.0,4.0,49.81,511,149
15477,,,,,5.0,3.0,38.69,503,112
15478,,,,,4.0,2.0,22.5,511,136
15479,,,,,5.0,3.0,97.64,509,223
15480,,,,,5.0,5.0,,502,125
15481,,,,,3.0,3.0,91.53,509,182
15482,,,,,1.0,5.0,,600,
15483,,,,,2.0,7.0,65.02,411,109
15484,,,,,5.0,1.0,99.51,505,280
15485,,,,,2.0,4.0,40.44,503,115
15486,,,,,2.0,5.0,83.87,510,170
15487,,,,,,,,506,
15488,,,,,3.0,2.0,47.98,509,140
15489,,,,,1.0,5.0,34.47,504,120
15490,,,,,3.0,3.0,93.81,505,170
15491,,,,,1.0,4.0,73.72,510,160
15492,,,,,1.0,4.0,95.34,602,230
15493,,,,,2.0,3.0,68.18,600,175
15494,,,,,3.0,3.0,,503,
15495,,,,,1.0,1.0,,702,000
15496,,,,,5.0,3.0,78.35,506,150
15497,,,,,2.0,4.0,61.66,602,180
15498,,,,,4.0,5.0,62.03,504,127
15499,,,,,1.0,4.0,75.82,505,130
15500,,,,,4.0,4.0,87.12,411,120
15501,,,,,4.0,5.0,91.75,503,140
15502,,,,,3.0,3.0,44.83,508,127
15503,,,,,3.0,,84.36,510,160
15504,,,,,1.0,,4.64,510,125
15505,,,,,2.0,4.0,,505,140
15506,,,,,4.0,4.0,52.67,501,105
15507,,,,,1.0,2.0,99.18,511,245
15508,,,,,2.0,5.0,97.93,604,244
15509,,,,,4.0,5.0,47.96,510,140
15510,,,,,,,35.2,504,112
15511,,,,,4.0,1.0,94.02,507,174
15512,,,,,4.0,2.0,,,130
15513,,,,,4.0,1.0,22.13,506,110
15514,,,,,5.0,4.0,83.07,503,135
15515,,,,,3.0,,55.81,502,108
15516,,,,,4.0,5.0,,505,043
15517,,,,,4.0,4.0,98.79,511,230
15518,,,,,4.0,2.0,97.95,503,179
15519,,,,,2.0,4.0,,507,143
15520,,,,,3.0,2.0,88.25,601,185
15521,,,,,2.0,3.0,,508,
15522,,,,,4.0,4.0,42.15,506,125
15523,,,,,3.0,7.0,,510,
15524,,,,,2.0,4.0,80.93,509,156
15525,,,,,4.0,2.0,,505,
15526,,,,,2.0,2.0,,508,
15527,,,,,1.0,3.0,11.32,502,094
15528,,,,,2.0,5.0,69.79,510,152
15529,,,,,1.0,,83.87,510,170
15530,,,,,3.0,4.0,71.8,504,130
15531,,,,,4.0,2.0,84.23,501,128
15532,,,,,2.0,3.0,97.76,511,210
15533,,,,,2.0,1.0,29.09,507,120
15534,,,,,2.0,4.0,74.19,505,135
15535,,,,,2.0,4.0,27.78,503,105
15536,,,,,3.0,3.0,50.87,502,110
15537,,,,,4.0,2.0,,,140
15538,,,,,3.0,1.0,35.64,508,127
15539,,,,,2.0,4.0,25.61,509,130
15540,,,,,3.0,5.0,2.12,504,096
15541,,,,,3.0,5.0,30.14,511,135
15542,,,,,5.0,5.0,,507,
15543,,,,,3.0,3.0,90.13,505,155
15544,,,,,2.0,4.0,50.78,506,129
15545,,,,,2.0,4.0,56.96,506,129
15546,,,,,3.0,5.0,86.16,506,149
15547,,,,,3.0,1.0,8.39,603,142
15548,,,,,3.0,2.0,1.69,508,110
15549,,,,,3.0,3.0,47.22,505,120
15550,,,,,2.0,3.0,68.52,603,178
15551,,,,,2.0,5.0,84.46,509,160
15552,,,,,4.0,2.0,66.75,510,150
15553,,,,,5.0,6.0,57.43,501,110
15554,,,,,4.0,1.0,99.06,507,218
15555,,,,,3.0,4.0,91.56,509,167
15556,,,,,3.0,4.0,17.55,507,115
15557,,,,,2.0,3.0,,603,125
15558,,,,,1.0,5.0,90.38,510,170
15559,,,,,1.0,5.0,61.71,600,150
15560,,,,,3.0,3.0,,,
15561,,,,,4.0,3.0,23.65,504,110
15562,,,,,4.0,2.0,31.06,507,120
15563,,,,,5.0,4.0,44.11,600,141
15564,,,,,1.0,1.0,,509,157
15565,,,,,3.0,4.0,57.43,501,110
15566,,,,,3.0,4.0,96.59,601,220
15567,,,,,2.0,5.0,,706,150
15568,,,,,3.0,2.0,81.1,502,131
15569,,,,,5.0,4.0,53.01,503,118
15570,,,,,3.0,2.0,8.24,601,130
15571,,,,,3.0,3.0,71.89,508,150
15572,,,,,5.0,1.0,,411,092
15573,,,,,3.0,4.0,79.18,504,136
15574,,,,,3.0,5.0,41.27,500,102
15575,,,,,3.0,,94.63,506,180
15576,,,,,4.0,,84.18,506,157
15577,,,,,4.0,2.0,71.24,508,146
15578,,,,,1.0,4.0,57.32,503,120
15579,,,,,4.0,4.0,31.06,507,120
15580,,,,,3.0,5.0,62.51,505,133
15581,,,,,5.0,3.0,,507,142
15582,,,,,4.0,5.0,96.84,510,210
15583,,,,,2.0,2.0,65.01,507,140
15584,,,,,3.0,5.0,89.19,510,173
15585,,,,,4.0,3.0,67.17,504,130
15586,,,,,4.0,3.0,52.56,503,115
15587,,,,,3.0,2.0,77.19,503,135
15588,,,,,3.0,2.0,19.43,505,108
15589,,,,,3.0,3.0,57.43,501,110
15590,,,,,3.0,5.0,48.82,506,125
15591,,,,,3.0,5.0,67.17,504,130
15592,,,,,3.0,4.0,47.58,504,120
15593,,,,,4.0,2.0,22.26,507,119
15594,,,,,2.0,5.0,62.19,507,135
15595,,,,,4.0,4.0,77.87,500,120
15596,,,,,3.0,4.0,77.88,504,138
15597,,,,,2.0,5.0,80.98,601,180
15598,,,,,4.0,5.0,63.14,502,115
15599,,,,,,,57.03,507,138
15600,,,,,1.0,4.0,27.25,509,135
15601,,,,,3.0,4.0,76.74,601,170
15602,,,,,3.0,6.0,3.06,504,103
15603,,,,,3.0,2.0,33.67,503,110
15604,,,,,2.0,5.0,58.17,510,150
15605,,,,,2.0,4.0,77.69,506,150
15606,,,,,1.0,3.0,74.05,510,170
15607,,,,,5.0,1.0,,,
15608,,,,,4.0,2.0,46.08,503,115
15609,,,,,,,41.64,508,135
15610,,,,,3.0,6.0,95.02,501,155
15611,,,,,5.0,1.0,1.66,505,100
15612,,,,,2.0,5.0,59.75,510,150
15613,,,,,2.0,,41.49,511,145
15614,,,,,3.0,3.0,85.97,508,166
15615,,,,,4.0,3.0,,301,055
15616,,,,,2.0,3.0,69.91,506,140
15617,,,,,4.0,2.0,91.75,507,173
15618,,,,,4.0,1.0,59.21,504,130
15619,,,,,3.0,3.0,,511,220
15620,,,,,1.0,5.0,97.73,508,198
15621,,,,,1.0,3.0,21.61,505,109
15622,,,,,3.0,,83.08,502,130
15623,,,,,3.0,2.0,20.85,600,135
15624,,,,,5.0,3.0,,507,
15625,,,,,3.0,4.0,3.67,503,092
15626,,,,,3.0,,57.34,508,137
15627,,,,,3.0,4.0,90.42,603,200
15628,,,,,4.0,3.0,96.98,606,250
15629,,,,,4.0,3.0,58.87,506,130
15630,,,,,3.0,,62.19,507,135
15631,,,,,4.0,2.0,79.82,505,140
15632,,,,,1.0,3.0,38.13,502,105
15633,,,,,2.0,3.0,48.67,506,125
15634,,,,,2.0,5.0,98.8,601,250
15635,,,,,3.0,4.0,,5,178
15636,,,,,5.0,4.0,95.9,507,197
15637,,,,,2.0,4.0,99.62,511,278
15638,,,,,4.0,3.0,32.39,504,116
15639,,,,,2.0,3.0,27.27,600,143
15640,,,,,3.0,5.0,34.21,505,115
15641,,,,,4.0,4.0,4.25,508,105
15642,,,,,5.0,6.0,21.28,506,110
15643,,,,,4.0,2.0,81.81,503,130
15644,,,,,1.0,3.0,61.57,509,142
15645,,,,,4.0,2.0,26.02,506,115
15646,,,,,2.0,4.0,,511,176
15647,,,,,3.0,1.0,92.53,507,160
15648,,,,,2.0,4.0,62.14,502,112
15649,,,,,4.0,,90.46,511,174
15650,,,,,2.0,5.0,36.05,506,116
15651,,,,,2.0,3.0,64.48,505,125
15652,,,,,3.0,,48.59,410,093
15653,,,,,2.0,5.0,,510,132
15654,,,,,2.0,5.0,34.04,506,115
15655,,,,,2.0,3.0,48.22,503,110
15656,,,,,3.0,1.0,,501,
15657,,,,,3.0,2.0,99.63,505,269
15658,,,,,4.0,3.0,68.81,503,120
15659,,,,,3.0,3.0,55.87,511,157
15660,,,,,3.0,3.0,89.24,502,145
15661,,,,,4.0,7.0,22.39,510,124
15662,,,,,2.0,6.0,27.56,504,114
15663,,,,,3.0,4.0,29.96,501,104
15664,,,,,3.0,4.0,47.28,504,117
15665,,,,,3.0,3.0,79.66,507,155
15666,,,,,5.0,3.0,91.16,503,155
15667,,,,,5.0,1.0,48.99,510,150
15668,,,,,3.0,5.0,29.93,504,115
15669,,,,,2.0,3.0,67.17,504,130
15670,,,,,5.0,2.0,,6,253
15671,,,,,3.0,2.0,93.29,602,210
15672,,,,,1.0,3.0,80.08,502,130
15673,,,,,4.0,4.0,87.8,507,170
15674,,,,,3.0,4.0,67.36,506,135
15675,,,,,2.0,5.0,50.84,509,140
15676,,,,,2.0,4.0,47.04,506,120
15677,,,,,5.0,3.0,12.48,504,099
15678,,,,,3.0,4.0,23.65,504,110
15679,,,,,1.0,4.0,23.72,506,119
15680,,,,,1.0,4.0,97.88,509,200
15681,,,,,2.0,4.0,99.17,506,213
15682,,,,,5.0,3.0,52.12,507,125
15683,,,,,5.0,1.0,,508,200
15684,,,,,4.0,4.0,61.96,411,105
15685,,,,,5.0,2.0,86.8,506,150
15686,,,,,4.0,4.0,91.93,503,150
15687,,,,,2.0,1.0,,,
15688,,,,,4.0,2.0,96.1,508,180
15689,,,,,1.0,5.0,19.44,508,120
15690,,,,,5.0,2.0,36.92,500,098
15691,,,,,3.0,2.0,29.82,502,099
15692,,,,,1.0,5.0,75.24,600,165
15693,,,,,4.0,5.0,62.23,503,119
15694,,,,,3.0,5.0,98.63,501,180
15695,,,,,4.0,3.0,37.93,502,102
15696,,,,,2.0,,2.19,511,120
15697,,,,,2.0,4.0,,507,120
15698,,,,,5.0,1.0,,510,
15699,,,,,2.0,4.0,98.75,506,215
15700,,,,,3.0,3.0,58.52,507,137
15701,,,,,1.0,4.0,18.57,505,105
15702,,,,,4.0,,95.4,511,200
15703,,,,,2.0,5.0,90.11,601,183
15704,,,,,3.0,3.0,99.26,510,244
15705,,,,,Always ,5.0,,506,145
15706,,,,,2.0,5.0,24.35,506,111
15707,,,,,2.0,4.0,30.76,511,140
15708,,,,,1.0,5.0,30.11,510,132
15709,,,,,4.0,3.0,60.76,504,120
15710,,,,,4.0,6.0,,,
15711,,,,,1.0,4.0,10.1,508,111
15712,,,,,3.0,3.0,46.73,507,127
15713,,,,,5.0,1.0,,509,399
15714,,,,,3.0,1.0,0.13,507,102
15715,,,,,2.0,4.0,84.74,511,175
15716,,,,,,4.0,,505,
15717,,,,,5.0,2.0,26.09,509,128
15718,,,,,3.0,3.0,93.85,503,160
15719,,,,,1.0,4.0,68.33,600,165
15720,,,,,2.0,3.0,97.37,510,210
15721,,,,,3.0,3.0,37.6,506,123
15722,,,,,4.0,2.0,36.69,508,130
15723,,,,,2.0,4.0,,609,069
15724,,,,,2.0,1.0,61.0,511,155
15725,,,,,3.0,3.0,99.49,502,270
15726,,,,,3.0,3.0,33.26,507,130
15727,,,,,3.0,3.0,35.93,507,135
15728,,,,,1.0,3.0,44.91,507,135
15729,,,,,3.0,3.0,85.29,505,150
15730,,,,,4.0,3.0,98.0,508,205
15731,,,,,1.0,4.0,84.35,411,120
15732,,,,,2.0,4.0,,506,120
15733,,,,,3.0,4.0,95.92,511,199
15734,,,,,4.0,2.0,96.24,509,190
15735,,,,,5.0,3.0,42.91,505,118
15736,,,,,3.0,4.0,,505,
15737,,,,,2.0,4.0,7.78,510,120
15738,,,,,4.0,4.0,73.91,504,130
15739,,,,,3.0,4.0,,,
15740,,,,,,4.0,36.9,510,135
15741,,,,,2.0,3.0,78.01,503,130
15742,,,,,1.0,5.0,62.03,504,127
15743,,,,,3.0,3.0,74.52,504,132
15744,,,,,1.0,4.0,63.8,508,140
15745,,,,,3.0,2.0,67.0,505,130
15746,,,,,2.0,3.0,4.02,505,100
15747,,,,,3.0,3.0,31.73,501,100
15748,,,,,4.0,5.0,,,
15749,,,,,,3.0,,504,
15750,,,,,5.0,3.0,68.83,511,165
15751,,,,,1.0,3.0,42.05,600,155
15752,, male,,,2.0,1.0,58.87,506,130
15753,,,,,1.0,4.0,90.91,507,175
15754,,,,,4.0,3.0,61.43,601,164
15755,,,,,4.0,2.0,99.6,505,299
15756,,,,,3.0,4.0,25.1,506,120
15757,,,,,4.0,2.0,98.13,505,200
15758,,,,,3.0,4.0,94.16,504,175
15759,,,,,1.0,3.0,89.76,503,145
15760,,,,,5.0,3.0,92.15,507,170
15761,,,,,5.0,4.0,,502,
15762,,,,,5.0,2.0,52.01,505,125
15763,,,,,5.0,2.0,63.8,504,128
15764,,,,,5.0,3.0,0.82,509,110
15765,,,,,1.0,3.0,58.07,510,145
15766,,,,,3.0,2.0,52.77,501,108
15767,,,,,5.0,4.0,61.88,502,115
15768,,,,,2.0,3.0,93.33,504,160
15769,,,,,1.0,5.0,97.34,511,210
15770,,,,,4.0,2.0,96.22,506,175
15771,,,,,1.0,4.0,95.04,510,190
15772,,,,,,3.0,35.27,602,155
15773,,,,,4.0,4.0,55.02,506,128
15774,,,,,2.0,,87.5,510,170
15775,,,,,,2.0,95.8,604,228
15776,,,,,4.0,2.0,97.02,509,200
15777,,,,,4.0,5.0,99.11,601,260
15778,,,,,3.0,3.0,62.19,507,135
15779,,,,,3.0,4.0,15.99,503,100
15780,,,,,1.0,5.0,4.55,510,117
15781,,,,,4.0,4.0,15.49,411,090
15782,,,,,3.0,3.0,30.7,506,120
15783,,,,,3.0,,44.68,501,105
15784,,,,,1.0,5.0,14.84,602,139
15785,,,,,3.0,6.0,,600,
15786,,,,,1.0,5.0,51.82,511,140
15787,,,,,3.0,2.0,97.14,600,215
15788,,,,,4.0,3.0,83.57,502,127
15789,,,,,5.0,1.0,76.51,504,130
15790,,,,,5.0,4.0,95.15,508,175
15791,,,,,3.0,2.0,27.11,502,098
15792,,,,,4.0,4.0,97.24,511,204
15793,,,,,2.0,5.0,93.64,510,179
15794,,,,,2.0,4.0,13.45,501,090
15795,,,,,5.0,3.0,95.1,510,185
15796,,,,,5.0,4.0,93.23,510,185
15797,,,,,2.0,4.0,,601,
15798,,,,,4.0,5.0,,,
15799,,,,,3.0,4.0,38.02,508,128
15800,,,,,4.0,2.0,,,
15801,,,,,2.0,3.0,48.67,506,125
15802,,,,,3.0,3.0,76.16,511,155
15803,,,,,5.0,2.0,88.53,506,153
15804,,,,,3.0,4.0,,504,
15805,,,,,4.0,3.0,97.17,600,220
15806,,,,,4.0,3.0,67.86,502,115
15807,,,,,2.0,5.0,1.17,411,075
15808,,,,,4.0,5.0,,503,
15809,,,,,2.0,4.0,90.35,507,155
15810,,,,,3.0,4.0,,503,112
15811,,,,,2.0,6.0,69.88,507,140
15812,,,,,3.0,,96.8,511,200
15813,,,,,3.0,2.0,90.14,507,160
15814,,,,,1.0,3.0,45.34,506,120
15815,,,,,1.0,4.0,23.89,505,111
15816,,,,,1.0,5.0,51.82,511,140
15817,,,,6,3.0,4.0,50.13,500,100
15818,,,,,1.0,6.0,98.11,506,200
15819,,,,,3.0,3.0,29.33,508,120
15820,,,,,3.0,3.0,36.21,506,120
15821,,,,,5.0,4.0,18.01,501,092
15822,,,,,2.0,5.0,71.99,503,122
15823,,,,,3.0,4.0,55.42,507,131
15824,,,,,5.0,3.0,87.0,505,145
15825,,,,,1.0,5.0,,,000
15826,,,,,4.0,4.0,,504,123
15827,,,,,3.0,6.0,61.53,503,116
15828,,,,,2.0,6.0,41.48,507,125
15829,,,,,3.0,5.0,92.42,505,165
15830,,,,,3.0,3.0,98.81,504,220
15831,,,,,2.0,4.0,60.07,504,123
15832,,,,,3.0,4.0,81.98,503,137
15833,,,,,3.0,1.0,96.57,509,215
15834,,,,,5.0,3.0,83.96,506,150
15835,,,,,3.0,3.0,90.96,501,145
15836,,,,,3.0,4.0,87.28,506,165
15837,,,,,3.0,2.0,71.41,503,125
15838,,,,,3.0,3.0,42.53,504,115
15839,,,,,4.0,3.0,88.48,504,148
15840,,,,,3.0,4.0,21.96,508,120
15841,,,,,3.0,4.0,92.01,508,180
15842,,,,,3.0,1.0,22.86,504,112
15843,,,,,,6.0,,,
15844,,,,,1.0,4.0,99.88,604,380
15845,,,,,1.0,3.0,29.76,508,137
15846,,,,,2.0,4.0,17.21,509,130
15847,,,,,1.0,4.0,78.7,600,179
15848,,,,,4.0,3.0,3.74,510,120
15849,,,,,4.0,4.0,89.84,608,240
15850,,,,,5.0,4.0,61.32,503,122
15851,,,,,2.0,4.0,57.45,506,135
15852,,,,,1.0,3.0,25.25,509,138
15853,,,,,1.0,4.0,18.12,510,135
15854,,,,,3.0,2.0,73.92,602,175
15855,,,,,3.0,5.0,99.83,508,290
15856,,,,,3.0,3.0,17.23,600,135
15857,,,,,3.0,3.0,84.63,511,180
15858,,,,,2.0,6.0,70.18,601,170
15859,,,,,4.0,3.0,40.66,501,108
15860,,,,,2.0,4.0,83.09,505,150
15861,,,,,1.0,6.0,46.08,503,115
15862,,,,,2.0,3.0,48.22,503,110
15863,,,,,2.0,4.0,91.64,510,173
15864,,,,,1.0,3.0,95.58,506,167
15865,,,,,3.0,4.0,92.27,508,165
15866,,,,,1.0,3.0,54.08,507,127
15867,,,,,4.0,4.0,29.23,508,120
15868,,,,,3.0,5.0,27.33,507,115
15869,,,,,3.0,4.0,,506,120
15870,,,,,1.0,3.0,,505,115
15871,,,,,1.0,4.0,77.8,510,153
15872,,,,,4.0,3.0,,502,
15873,,,,,3.0,5.0,79.92,510,155
15874,,,,,2.0,5.0,34.2,508,122
15875,,,,,4.0,4.0,27.52,500,092
15876,,,,,3.0,6.0,43.55,505,115
15877,,,,,4.0,1.0,66.98,510,145
15878,,,,,2.0,4.0,,507,152
15879,,,,,3.0,3.0,38.43,501,105
15880,,,,,4.0,5.0,94.83,503,160
15881,,,,,3.0,,71.89,508,145
15882,,,,,3.0,3.0,4.87,511,120
15883,,,,,1.0,5.0,68.87,600,160
15884,,,,,3.0,1.0,62.03,602,165
15885,,,,,,,20.66,511,126
15886,,,,,2.0,3.0,33.19,510,138
15887,,,,,1.0,4.0,50.22,503,110
15888,,,,,3.0,3.0,86.78,511,178
15889,,,,,2.0,,25.66,510,130
15890,,,,,3.0,4.0,71.8,504,130
15891,,,,,3.0,3.0,37.7,504,113
15892,,,,,3.0,5.0,40.55,503,110
15893,,,,,4.0,6.0,83.38,508,160
15894,,,,,2.0,6.0,91.99,602,194
15895,,,,,5.0,3.0,23.18,411,093
15896,,,,,2.0,2.0,0.55,506,100
15897,,,,,4.0,4.0,28.6,506,125
15898,,,,,,,,,
15899,,,,,2.0,2.0,20.41,600,144
15900,,,,,3.0,5.0,50.87,502,110
15901,,,,,4.0,4.0,74.8,602,185
15902,,,,,3.0,4.0,66.72,509,140
15903,,,,,4.0,2.0,21.46,505,110
15904,,,,,3.0,4.0,69.89,411,109
15905,,,,,2.0,4.0,,510,185
15906,,,,,3.0,5.0,38.08,504,110
15907,,,,,4.0,2.0,81.63,502,125
15908,,,,,1.0,3.0,,,
15909,,,,,1.0,5.0,,609,156
15910,,,,,2.0,3.0,55.87,511,142
15911,,,,,5.0,1.0,5.35,500,083
15912,,,,,4.0,3.0,16.01,508,120
15913,,,,,1.0,4.0,95.13,601,200
15914,,,,,3.0,3.0,98.95,508,220
15915,,,,,2.0,3.0,1.61,511,115
15916,,,,,2.0,5.0,,,
15917,,,,,5.0,3.0,98.55,508,230
15918,,,,,3.0,,92.71,409,125
15919,,,,,3.0,5.0,45.49,503,112
15920,,,,,,6.0,57.61,600,153
15921,,,,,,4.0,80.9,602,180
15922,,,,,1.0,2.0,84.68,502,135
15923,,,,,2.0,5.0,87.9,509,170
15924,,,,,2.0,3.0,98.17,603,250
15925,,,,,4.0,1.0,,,
15926,,,,,3.0,5.0,97.85,602,240
15927,,,,,3.0,4.0,90.63,505,160
15928,,,,,2.0,3.0,,503,124
15929,,,,,1.0,6.0,98.92,511,240
15930,,,,,3.0,5.0,46.2,502,113
15931,,,,,4.0,,47.58,504,120
15932,,,,,5.0,,,502,019
15933,,,,,2.0,3.0,62.39,503,125
15934,,,,,3.0,4.0,66.85,510,160
15935,,,,,3.0,3.0,,,
15936,,,,,3.0,3.0,23.38,505,115
15937,,,,,3.0,3.0,94.74,504,170
15938,,,,,3.0,,92.37,503,155
15939,,,,,2.0,3.0,68.84,502,124
15940,,,,,4.0,4.0,51.62,502,113
15941,,,,,2.0,3.0,89.23,507,170
15942,,,,,4.0,2.0,,510,143
15943,,,,,2.0,3.0,87.22,507,164
15944,,,,,2.0,3.0,51.57,505,130
15945,,,,,5.0,3.0,,502,
15946,,,,,1.0,3.0,61.38,509,137
15947,,,,,2.0,3.0,98.06,505,180
15948,,,,,3.0,6.0,65.31,508,136
15949,,,,,5.0,1.0,92.68,509,170
15950,,,,,4.0,,67.0,505,130
15951,,,,,2.0,3.0,88.43,506,148
15952,,,,,1.0,4.0,,511,144
15953,,,,,2.0,5.0,66.72,509,140
15954,,,,,4.0,3.0,,,
15955,,,,,4.0,6.0,57.56,511,148
15956,,,,,2.0,4.0,55.88,601,150
15957,,,,,3.0,2.0,84.46,500,120
15958,,,,,3.0,4.0,85.84,601,175
15959,,,,,4.0,3.0,99.05,503,205
15960,,,,,3.0,5.0,9.85,511,120
15961,,,,,1.0,6.0,67.25,508,142
15962,,,,,2.0,4.0,42.79,508,130
15963,,,,,2.0,4.0,55.42,507,131
15964,,,,,4.0,4.0,61.79,505,130
15965,,,,,3.0,3.0,84.48,507,158
15966,,,,,1.0,4.0,87.98,507,160
15967,,,,,1.0,5.0,63.8,508,140
15968,,,,,2.0,5.0,7.78,510,120
15969,,,,,3.0,4.0,51.19,508,137
15970,,,,,1.0,4.0,87.47,507,155
15971,,,,,4.0,3.0,45.23,501,105
15972,,,,,1.0,4.0,,506,151
15973,,,,,1.0,4.0,70.27,506,137
15974,,,,,1.0,5.0,42.24,503,111
15975,,,,,3.0,5.0,,503,117
15976,,,,,4.0,5.0,31.06,507,120
15977,,,,,2.0,4.0,35.44,503,108
15978,,,,,3.0,2.0,79.28,501,126
15979,,,,,2.0,1.0,55.42,507,131
15980,,,,,2.0,5.0,89.2,602,210
15981,,,,,4.0,7.0,0.63,508,110
15982,,,,,4.0,3.0,30.94,508,130
15983,,,,,,,,702,290
15984,,,,,4.0,3.0,75.58,600,176
15985,,,,,4.0,4.0,33.26,507,130
15986,,,,,4.0,1.0,27.97,503,110
15987,,,,,4.0,1.0,70.67,503,130
15988,,,,,4.0,1.0,90.83,504,160
15989,,,,,4.0,2.0,17.26,407,082
15990,,,,,3.0,3.0,,,
15991,,,,,3.0,3.0,,,
15992,,,,,,,,510,130
15993,,,,,1.0,3.0,68.07,508,150
15994,,,,,1.0,5.0,90.38,511,195
15995,,,,,4.0,3.0,94.46,508,190
15996,,,,,2.0,3.0,43.63,509,138
15997,,,,,5.0,1.0,97.65,600,225
15998,,,,,2.0,6.0,83.32,501,130
15999,,,,,4.0,3.0,85.78,501,133
16000,,,,,3.0,2.0,91.88,411,135
16001,,,,,1.0,4.0,36.86,509,135
16002,,,,,2.0,4.0,39.22,602,157
16003,,,,,3.0,3.0,98.34,601,240
16004,,,,,2.0,4.0,,508,135
16005,,,,,3.0,3.0,50.6,508,138
16006,,,,,3.0,4.0,,507,
16007,,,,,1.0,4.0,80.37,510,166
16008,,,,,2.0,4.0,58.29,507,136
16009,,,,,4.0,3.0,58.17,510,150
16010,,,,,1.0,,88.31,505,155
16011,,,,,2.0,5.0,,,
16012,,,,,3.0,6.0,75.32,411,115
16013,,,,,2.0,4.0,2.1,511,120
16014,,,,,3.0,4.0,7.15,604,150
16015,,,,,3.0,3.0,78.71,501,128
16016,,,,,5.0,2.0,87.52,410,119
16017,,,,,3.0,5.0,98.43,502,200
16018,,,,,3.0,1.0,62.39,503,125
16019,,,,,3.0,6.0,98.81,411,160
16020,,,,,2.0,4.0,63.97,501,120
16021,,,,,1.0,1.0,,511,
16022,,,,,,,,701,150
16023,,,,,3.0,2.0,97.08,601,224
16024,,,,,3.0,4.0,53.97,504,120
16025,,,,,4.0,6.0,95.04,510,190
16026,,,,,3.0,2.0,19.64,511,130
16027,,,,,4.0,2.0,36.9,510,135
16028,,,,,1.0,4.0,49.89,510,136
16029,,,,,3.0,3.0,27.78,503,105
16030,,,,,4.0,3.0,86.67,506,154
16031,,,,,1.0,4.0,39.38,604,160
16032,,,,,5.0,1.0,10.5,506,104
16033,,,,,3.0,2.0,0.03,507,090
16034,,,,,4.0,5.0,99.3,502,220
16035,,,,,3.0,5.0,15.52,509,125
16036,,,,,1.0,4.0,92.53,507,160
16037,,,,,1.0,6.0,,607,110
16038,,,,,2.0,5.0,59.5,601,152
16039,,,,,1.0,3.0,30.3,503,106
16040,,,,,2.0,4.0,0.8,510,110
16041,,,,,4.0,4.0,36.9,510,135
16042,,,,,1.0,5.0,69.87,506,140
16043,,,,,4.0,4.0,96.21,508,190
16044,,,,,2.0,5.0,70.29,508,139
16045,,,,,5.0,2.0,83.08,502,130
16046,,,,,4.0,2.0,37.09,602,150
16047,,,,,3.0,1.0,37.15,509,130
16048,,,,,4.0,2.0,71.41,503,125
16049,,,,,3.0,4.0,36.9,510,135
16050,,,,,2.0,4.0,52.0,600,150
16051,,,,,2.0,3.0,45.51,511,142
16052,,,,,2.0,4.0,92.1,506,160
16053,,,,,3.0,3.0,69.88,507,140
16054,,,,,2.0,4.0,72.86,505,134
16055,,,,,4.0,2.0,,504,012
16056,,,,,2.0,1.0,52.94,507,130
16057,,,,,3.0,4.0,71.41,503,125
16058,,,,,4.0,5.0,96.3,507,190
16059,,,,,4.0,3.0,87.56,505,150
16060,,,,,,,4.87,511,120
16061,,,,,5.0,1.0,79.01,503,134
16062,,,,,2.0,4.0,,507,
16063,,,,,3.0,3.0,70.49,410,105
16064,,,,,4.0,2.0,69.87,505,135
16065,,,,,1.0,4.0,65.07,505,128
16066,,,,,2.0,4.0,55.07,602,160
16067,,,,,5.0,3.0,98.84,508,240
16068,,,,,3.0,3.0,28.55,505,112
16069,,,,,4.0,5.0,77.05,504,140
16070,,,,,4.0,3.0,,,
16071,,,,,4.0,2.0,54.04,505,123
16072,,,,,5.0,4.0,50.87,502,110
16073,,,,,3.0,3.0,41.48,507,125
16074,,,,,4.0,3.0,23.7,501,097
16075,,,,,4.0,6.0,67.36,506,135
16076,,,,,4.0,1.0,79.37,510,165
16077,,,,,2.0,4.0,,507,
16078,,,,,2.0,1.0,61.73,510,147
16079,,,,,3.0,5.0,27.78,503,105
16080,,,10th grade,,2.0,2.0,21.86,505,106
16081,,,,,4.0,3.0,58.12,504,122
16082,,,,,3.0,4.0,84.48,600,175
16083,,,,,1.0,4.0,,709,324
16084,,,,,3.0,3.0,53.35,508,130
16085,,,,,3.0,3.0,60.76,504,120
16086,,,,,2.0,3.0,86.36,506,145
16087,,,,,2.0,3.0,69.16,511,155
16088,,,,,3.0,2.0,99.65,507,290
16089,,,,,3.0,4.0,59.47,509,136
16090,,,,,1.0,3.0,88.08,507,151
16091,,,,,2.0,3.0,,506,125
16092,,,,,2.0,3.0,55.13,505,119
16093,,,,,5.0,,83.6,507,150
16094,,,,,2.0,4.0,,508,096
16095,,,,,2.0,5.0,47.22,505,120
16096,,,,,3.0,,,509,
16097,,,,,2.0,5.0,57.79,511,143
16098,,,,,3.0,5.0,,605,200
16099,,,,,5.0,2.0,,503,
16100,,,,,4.0,4.0,99.69,506,250
16101,,,,,5.0,4.0,56.22,411,105
16102,,,,,2.0,3.0,8.74,600,132
16103,,,,,3.0,3.0,,602,126
16104,,,,,4.0,5.0,84.85,601,185
16105,,,,,4.0,2.0,79.92,509,160
16106,,,,,3.0,5.0,35.67,504,115
16107,, male,,,3.0,3.0,74.61,507,150
16108,,,,,,,87.25,602,195
16109,,,,,2.0,4.0,48.32,510,145
16110,,,,,2.0,2.0,79.39,603,188
16111,,,,,2.0,3.0,48.32,510,145
16112,,,,,3.0,2.0,51.78,511,150
16113,,,,,2.0,3.0,25.61,509,130
16114,,,,,1.0,4.0,30.76,511,140
16115,,,,,4.0,1.0,51.71,600,155
16116,,,,,4.0,2.0,98.65,505,220
16117,,,,,4.0,,98.08,506,220
16118,,,,,4.0,4.0,61.82,602,175
16119,,,,,2.0,4.0,72.08,507,145
16120,,,,,4.0,5.0,97.06,507,189
16121,,,,,3.0,3.0,99.73,601,310
16122,,,,,4.0,4.0,0.63,502,085
16123,,,,,2.0,3.0,92.38,511,200
16124,,,,,4.0,3.0,0.0,604,109
16125,,,,,5.0,2.0,23.69,506,115
16126,,,,,3.0,4.0,6.69,509,119
16127,,,,,3.0,1.0,98.21,510,224
16128,,,,,4.0,5.0,75.36,511,165
16129,,,,,5.0,4.0,65.01,507,140
16130,,,,,3.0,3.0,45.17,507,132
16131,,,,,3.0,1.0,,609,042
16132,,,,,3.0,5.0,14.38,504,108
16133,,,,,3.0,4.0,87.32,507,166
16134,,,,,2.0,3.0,99.3,600,265
16135,,,,,3.0,3.0,60.52,503,124
16136,,,,,2.0,5.0,53.29,502,116
16137,,,,,1.0,3.0,40.55,506,130
16138,,,,,4.0,4.0,63.97,501,120
16139,,,,,3.0,4.0,92.69,507,180
16140,,,,,1.0,6.0,89.08,511,182
16141,,,,,3.0,2.0,72.98,505,140
16142,,,,,3.0,3.0,65.63,508,142
16143,,,,,4.0,3.0,,411,101
16144,,,,,4.0,4.0,62.39,503,125
16145,,,,,1.0,3.0,2.16,504,100
16146,,,,,3.0,3.0,57.02,505,130
16147,,,,,3.0,5.0,82.39,502,135
16148,,,,,3.0,3.0,48.99,510,150
16149,,,,,2.0,4.0,97.69,506,190
16150,,,,,5.0,4.0,61.79,505,130
16151,,,,,2.0,3.0,,,125
16152,,,,,3.0,5.0,86.75,510,174
16153,,,,,3.0,2.0,98.68,601,247
16154,,,,,1.0,4.0,,600,175
16155,,,,,3.0,2.0,98.75,507,210
16156,,,,,5.0,5.0,78.75,509,160
16157,,,,,3.0,5.0,63.0,601,165
16158,,,,,3.0,6.0,38.28,506,125
16159,,,,,2.0,4.0,95.84,505,175
16160,,,,,2.0,2.0,,511,210
16161,,,,,1.0,,93.8,510,190
16162,,,,,4.0,4.0,43.09,507,130
16163,,,,,2.0,6.0,1.13,508,105
16164,,,,,2.0,5.0,1.17,511,110
16165,,,,,2.0,4.0,91.1,411,130
16166,,,,,3.0,3.0,67.0,505,130
16167,,,,,4.0,3.0,,505,140
16168,,,,,3.0,1.0,25.67,500,094
16169,,,,,4.0,2.0,93.74,601,205
16170,,,,,3.0,3.0,49.55,504,118
16171,,,,,2.0,4.0,48.18,510,140
16172,,,,,3.0,3.0,37.86,507,123
16173,,,,,3.0,4.0,35.67,504,115
16174,,,,,2.0,3.0,90.13,505,155
16175,,,,,4.0,4.0,35.76,505,115
16176,,,,,2.0,4.0,74.11,509,150
16177,,,,,2.0,4.0,89.76,503,145
16178,,,,,1.0,4.0,5.78,600,125
16179,,,,,2.0,4.0,30.49,508,124
16180,,,,,2.0,,81.14,502,128
16181,,,,,3.0,4.0,96.35,504,175
16182,,,,,1.0,4.0,90.58,509,170
16183,,,,,3.0,5.0,60.12,508,138
16184,,,,,3.0,2.0,38.98,511,139
16185,,,,,2.0,4.0,51.74,511,145
16186,sixteen,,,,1.0,4.0,49.68,508,133
16187,,,,,3.0,2.0,,505,
16188,,,,,3.0,3.0,52.01,505,125
16189,,,,,3.0,4.0,46.48,507,130
16190,,,,,3.0,2.0,69.82,505,135
16191,,,,,3.0,5.0,58.23,504,125
16192,,,,,3.0,5.0,5.21,508,115
16193,,,,,1.0,4.0,75.67,604,190
16194,,,,,2.0,3.0,99.13,506,240
16195,,,,,2.0,5.0,42.15,506,125
16196,,,,,3.0,4.0,52.04,504,122
16197,,,,,2.0,4.0,69.31,507,143
16198,,,,,3.0,4.0,61.79,505,130
16199,,,,,3.0,3.0,47.58,504,120
16200,,,,,4.0,6.0,83.09,505,150
16201,,,,,3.0,3.0,41.98,504,120
16202,,,,,2.0,4.0,54.2,602,165
16203,,,,,3.0,4.0,53.03,506,127
16204,,,,,3.0,2.0,45.3,508,140
16205,,,,,2.0,1.0,30.98,507,123
16206,,,,,5.0,3.0,,502,
16207,,,,,4.0,3.0,98.75,504,210
16208,,,,,3.0,,67.36,506,135
16209,,,,,5.0,1.0,67.48,501,115
16210,,,,,1.0,4.0,99.55,509,305
16211,,,,,4.0,1.0,34.53,511,137
16212,,,,,3.0,4.0,43.9,507,126
16213,,,,,3.0,2.0,5.97,411,085
16214,,,,,3.0,2.0,42.36,507,125
16215,,,,,4.0,4.0,0.01,511,100
16216,,,,,4.0,3.0,57.73,502,113
16217,,,,,4.0,4.0,,503,
16218,,,,,3.0,6.0,74.26,503,999
16219,,,,,2.0,5.0,87.01,504,149
16220,,,,,3.0,2.0,58.87,506,130
16221,,M,,,2.0,3.0,47.96,510,140
16222,,,,,4.0,,26.02,600,147
16223,,,,,3.0,2.0,3.49,506,110
16224,,,,,2.0,2.0,81.38,505,145
16225,,,,,2.0,,82.54,506,150
16226,,,,,4.0,3.0,50.27,506,130
16227,,,,,3.0,4.0,,,
16228,,,,,4.0,4.0,31.95,600,150
16229,,,,,3.0,3.0,48.32,510,145
16230,,,,,4.0,3.0,25.1,506,120
16231,,,,,2.0,5.0,68.84,502,124
16232,,,,,4.0,2.0,9.53,602,140
16233,,,,,4.0,3.0,93.58,503,159
16234,,,,,2.0,4.0,,609,120
16235,,,,,2.0,3.0,47.66,503,118
16236,,,,,2.0,3.0,75.36,511,165
16237,,,,,2.0,3.0,52.12,511,155
16238,,,,,4.0,2.0,78.98,502,129
16239,,,,,2.0,4.0,78.45,508,155
16240,,,,,3.0,5.0,13.16,505,110
16241,,,,,3.0,2.0,72.18,501,123
16242,,,,,3.0,3.0,91.21,505,165
16243,,,,,2.0,4.0,91.57,504,162
16244,,,,,2.0,5.0,99.15,506,264
16245,,,,,2.0,,98.5,502,195
16246,,,,,3.0,3.0,,503,
16247,,,,,4.0,3.0,0.88,509,110
16248,,,,,2.0,4.0,68.89,511,160
16249,,,,,5.0,1.0,,605,160
16250,,,,,2.0,5.0,87.37,510,175
16251,,,,,3.0,3.0,,600,155
16252,,,,,5.0,,45.71,511,147
16253,,,,,1.0,5.0,91.51,602,210
16254,,,,,2.0,1.0,99.95,600,399
16255,,,,,1.0,4.0,92.26,506,165
16256,,,,,4.0,3.0,81.08,507,150
16257,,,,,4.0,4.0,40.72,506,118
16258,,,,,3.0,2.0,69.55,504,125
16259,,,,,3.0,4.0,92.52,502,146
16260,,,,,1.0,4.0,74.74,600,170
16261,,,,,5.0,4.0,52.71,500,101
16262,,,,,5.0,3.0,99.6,600,290
16263,,,,,2.0,4.0,74.19,505,135
16264,,,,,3.0,1.0,66.27,511,150
16265,,,,,3.0,3.0,15.88,506,107
16266,,,,,4.0,5.0,71.61,411,107
16267,,,,,4.0,5.0,65.18,506,130
16268,,,,,2.0,,23.8,506,114
16269,,,,,1.0,3.0,96.15,506,170
16270,,,,,1.0,3.0,62.81,507,130
16271,,,,,1.0,4.0,50.95,601,158
16272,,,,,1.0,5.0,10.67,506,105
16273,,,,,5.0,1.0,23.42,509,120
16274,,,,,1.0,5.0,96.92,511,201
16275,,,,,3.0,6.0,98.44,509,220
16276,,,,,2.0,,60.12,508,138
16277,,,,,4.0,3.0,71.41,503,125
16278,,,,,1.0,3.0,79.45,502,123
16279,,,,,1.0,4.0,87.13,508,160
16280,,,,,5.0,2.0,,502,
16281,,,,,1.0,ten,45.06,505,115
16282,,,,,1.0,4.0,90.1,508,160
16283,,,,,2.0,3.0,89.11,507,167
16284,,,,,3.0,2.0,,501,171
16285,,,,,5.0,1.0,61.17,511,150
16286,,,,,3.0,2.0,90.37,507,160
16287,,,,,2.0,4.0,77.77,509,153
16288,,,,,4.0,4.0,52.83,503,115
16289,,,,,3.0,4.0,,500,132
16290,,,,,5.0,5.0,,506,
16291,,,,,4.0,4.0,,503,
16292,,,,,3.0,1.0,83.35,501,127
16293,,,,,,,35.67,602,150
16294,,,,,2.0,5.0,99.24,511,250
16295,,,,,3.0,3.0,13.26,502,095
16296,,,,,3.0,3.0,92.72,504,158
16297,,,,,3.0,3.0,45.51,511,142
16298,,,,,2.0,4.0,73.24,511,158
16299,,,,,2.0,5.0,35.74,509,130
16300,,,,,2.0,3.0,42.91,505,118
16301,,,,,1.0,5.0,36.9,510,135
16302,,,,,1.0,3.0,,508,130
16303,,,,,3.0,4.0,69.91,508,145
16304,,,,,4.0,5.0,98.41,411,170
16305,,,,,3.0,3.0,,507,110
16306,,,,,3.0,2.0,,,
16307,,,,,3.0,5.0,29.09,507,120
16308,,,,,3.0,3.0,47.58,504,120
16309,,,,,,,69.16,511,155
16310,,,,,4.0,3.0,30.28,509,130
16311,,,,,3.0,5.0,,511,
16312,,,,,3.0,5.0,24.54,507,114
16313,,,2,,4.0,4.0,63.51,509,140
16314,,,,,2.0,3.0,24.95,508,118
16315,,,,,1.0,4.0,92.33,509,169
16316,,,,,2.0,5.0,1.62,501,081
16317,,,,,4.0,4.0,75.53,509,146
16318,,,,,3.0,2.0,47.59,501,103
16319,,,,,3.0,3.0,54.82,505,120
16320,,,,,4.0,3.0,90.1,603,193
16321,,,,,2.0,4.0,12.95,504,100
16322,,,,,3.0,4.0,63.46,503,117
16323,,,,,3.0,4.0,83.53,507,145
16324,,,,,3.0,3.0,98.9,601,250
16325,,,,,2.0,4.0,52.41,504,116
16326,,,,,2.0,,58.1,510,140
16327,,,,,1.0,,85.36,511,165
16328,,,,,4.0,2.0,91.72,507,164
16329,,,,,3.0,3.0,,,
16330,,,,,4.0,,31.55,505,110
16331,, male,,,1.0,3.0,68.47,506,130
16332,,,,,1.0,5.0,76.14,506,135
16333,,,,,1.0,1.0,,,
16334,,,,,2.0,4.0,48.86,509,131
16335,,,,,4.0,2.0,47.79,501,106
16336,,,,,3.0,3.0,37.55,510,140
16337,,,,,1.0,3.0,,702,345
16338,,,,,,,,503,
16339,,,,,2.0,3.0,,505,135
16340,,,,,3.0,3.0,65.35,507,143
16341,,,,,4.0,4.0,46.48,507,130
16342,,,,,2.0,2.0,78.96,511,163
16343,,,,,2.0,3.0,47.58,504,120
16344,,,,,5.0,2.0,47.66,503,118
16345,,,,,4.0,2.0,43.13,411,100
16346,,,,,1.0,4.0,62.64,604,185
16347,,,,,2.0,4.0,70.84,506,145
16348,,,,,1.0,5.0,90.83,510,171
16349,,,,,1.0,5.0,42.13,511,150
16350,,,,,3.0,3.0,62.96,503,120
16351,,,,,2.0,5.0,73.74,510,165
16352,,,,,2.0,4.0,35.11,509,135
16353,,,,,4.0,5.0,50.57,500,103
16354,,,,,1.0,4.0,81.08,603,190
16355,,,,,4.0,,30.7,506,120
16356,,,,,2.0,4.0,7.8,509,120
16357,,,,,3.0,3.0,97.58,509,205
16358,,,,,1.0,5.0,58.19,509,145
16359,,,,,1.0,,79.65,511,169
16360,,,,,3.0,3.0,57.02,505,130
16361,,,,,1.0,5.0,87.83,511,190
16362,,,,,2.0,3.0,75.41,603,195
16363,,,,,4.0,3.0,42.15,506,125
16364,,,,,3.0,5.0,32.35,508,130
16365,,,,,3.0,5.0,36.69,508,130
16366,,,,,4.0,3.0,74.16,509,155
16367,,,,,2.0,2.0,92.67,507,170
16368,,,,,2.0,5.0,62.87,504,130
16369,,,,,3.0,4.0,75.38,602,180
16370,,,,,5.0,1.0,,304,300
16371,,,,,3.0,5.0,70.67,503,130
16372,,,,,3.0,2.0,,504,
16373,,,,,1.0,4.0,8.87,510,125
16374,,,,,3.0,3.0,,507,130
16375,,,,,3.0,5.0,29.33,600,144
16376,,,,,2.0,5.0,92.24,601,200
16377,,,,,4.0,3.0,30.7,506,120
16378,,,,,5.0,3.0,96.14,511,210
16379,,,,,3.0,,97.86,511,240
16380,,,,,1.0,,40.02,600,154
16381,,,,,3.0,5.0,41.9,600,140
16382,,,,,1.0,5.0,86.65,509,163
16383,,,,,2.0,1.0,96.62,411,150
16384,,,,,2.0,4.0,12.92,506,110
16385,,,,,2.0,5.0,74.65,508,147
16386,,,,,2.0,4.0,30.3,504,110
16387,,,,,3.0,2.0,56.13,502,115
16388,,,,,3.0,4.0,79.93,509,155
16389,,,,,3.0,6.0,,,175
16390,,,,,3.0,3.0,4.9,503,098
16391,,,,,1.0,4.0,61.99,508,139
16392,,,,,5.0,3.0,93.86,601,200
16393,,,,,5.0,7.0,,708,387
16394,,,,,3.0,3.0,50.95,601,158
16395,,,,,4.0,,92.95,507,181
16396,,,,,1.0,3.0,64.26,508,145
16397,,,,,2.0,5.0,,600,146
16398,,,,,2.0,6.0,,600,150
16399,,,,,2.0,5.0,67.25,508,142
16400,,,,,2.0,4.0,78.5,507,145
16401,,,,,2.0,2.0,,504,150
16402,,,,,3.0,2.0,37.21,501,102
16403,,,,,2.0,5.0,5.13,506,103
16404,,,,,3.0,4.0,88.13,503,142
16405,,,,,3.0,,73.24,511,158
16406,,,,,3.0,2.0,12.72,510,125
16407,,,,,3.0,2.0,86.29,502,140
16408,,,,,3.0,3.0,,509,150
16409,,,,,1.0,5.0,76.14,601,175
16410,,,,,4.0,3.0,16.64,506,108
16411,,,,,4.0,3.0,31.68,411,091
16412,,,,,3.0,4.0,47.71,505,116
16413,,,,,2.0,2.0,,501,005
16414,,,,,4.0,5.0,,402,140
16415,,,,,1.0,5.0,,509,147
16416,,,,,4.0,4.0,78.01,503,130
16417,,,,,4.0,4.0,92.1,506,160
16418,,,,,3.0,3.0,0.24,602,115
16419,,,,,3.0,4.0,,507,110
16420,,,,,3.0,3.0,86.8,506,150
16421,,,,,4.0,3.0,43.44,411,095
16422,,,,,4.0,3.0,65.34,500,105
16423,,,,,2.0,4.0,8.45,505,100
16424,,,,,2.0,4.0,10.68,504,098
16425,,,,,2.0,5.0,68.33,600,165
16426,,,,,2.0,4.0,,504,
16427,,,,,2.0,5.0,24.38,508,118
16428,,,,,2.0,3.0,95.05,510,195
16429,,,,,2.0,5.0,,506,060
16430,,,,,3.0,4.0,,,
16431,,,,,1.0,4.0,60.09,509,146
16432,,,,,4.0,1.0,97.4,501,167
16433,,,,,5.0,3.0,,,
16434,,,,,5.0,1.0,16.74,510,130
16435,,,,,3.0,4.0,98.63,501,170
16436,,,,,5.0,1.0,18.94,504,110
16437,,,,,3.0,4.0,83.91,504,150
16438,,,,,4.0,4.0,83.99,602,184
16439,,,,,4.0,3.0,98.21,504,190
16440,,,,,3.0,5.0,29.33,508,120
16441,,,,,4.0,3.0,14.34,507,112
16442,,,,,4.0,3.0,11.72,503,095
16443,,,,,5.0,,2.04,508,105
16444,,,,,5.0,3.0,,509,
16445,,,,,5.0,3.0,33.03,504,108
16446,,,,,4.0,3.0,95.22,505,164
16447,,,,,3.0,5.0,8.57,507,110
16448,,,,,4.0,4.0,,508,
16449,,,,,1.0,5.0,67.55,601,157
16450,,,,,2.0,4.0,88.09,509,160
16451,,,,,3.0,3.0,84.64,509,155
16452,,,,,4.0,4.0,77.42,503,126
16453,,,,,5.0,1.0,47.92,506,129
16454,,,,,1.0,3.0,66.72,509,140
16455,,,,,2.0,5.0,,,
16456,,,,,2.0,5.0,16.01,601,140
16457,,,,,2.0,4.0,92.57,603,200
16458,,,,,4.0,5.0,2.43,508,115
16459,,,,,4.0,6.0,96.14,507,174
16460,,,,,4.0,2.0,86.88,510,169
16461,,,,,3.0,4.0,92.6,509,175
16462,,,,,1.0,6.0,96.21,508,190
16463,,,,,3.0,4.0,81.89,504,135
16464,,,,,3.0,4.0,84.96,507,155
16465,,,,,4.0,2.0,82.19,503,140
16466,,,,,,,,603,160
16467,,,,,1.0,5.0,52.56,503,115
16468,,,,,3.0,4.0,52.94,507,130
16469,,,,,5.0,5.0,83.39,508,150
16470,,,,,2.0,4.0,53.35,508,130
16471,,,,,2.0,4.0,32.84,503,104
16472,,,,,4.0,2.0,62.9,506,127
16473,,,,,3.0,3.0,85.84,601,175
16474,,,,,1.0,5.0,17.55,507,115
16475,,,,,4.0,4.0,,600,154
16476,,,,,1.0,5.0,8.34,507,105
16477,,,,,3.0,4.0,2.15,503,090
16478,,,,,2.0,4.0,1.05,503,085
16479,,,,,2.0,5.0,13.38,507,109
16480,,,,,4.0,5.0,81.63,502,125
16481,,,,,2.0,4.0,35.28,506,119
16482,,,,,3.0,1.0,84.85,601,185
16483,,,,,2.0,5.0,61.79,505,130
16484,,,,,5.0,2.0,35.49,507,125
16485,,,,,1.0,5.0,50.87,502,110
16486,,,,,3.0,,52.22,503,120
16487,,,,,3.0,3.0,97.46,506,184
16488,,,,,5.0,6.0,,701,200
16489,,,,,4.0,3.0,22.01,505,112
16490,,,,,1.0,6.0,,705,105
16491,,,,,2.0,6.0,26.9,600,138
16492,,,,,1.0,,13.56,508,125
16493,,,,,1.0,4.0,86.46,505,140
16494,,,,,3.0,4.0,59.47,503,115
16495,,,,6,3.0,5.0,74.24,503,130
16496,,,,,2.0,4.0,31.73,508,121
16497,,,,,1.0,3.0,97.17,600,220
16498,,,,,4.0,4.0,98.9,500,180
16499,,,,,,6.0,61.82,602,175
16500,,,,,2.0,3.0,63.66,603,180
16501,,,,,3.0,4.0,14.38,504,108
16502,,,,,2.0,,44.32,507,129
16503,,,,,5.0,3.0,,610,380
16504,,,,,3.0,5.0,32.35,508,130
16505,,,,,3.0,3.0,66.73,503,125
16506,,,,,,,,410,
16507,,,,,4.0,1.0,97.54,503,185
16508,,,,,2.0,2.0,30.98,507,123
16509,,,,,3.0,5.0,18.34,502,102
16510,,,,,2.0,4.0,40.72,506,126
16511,,,,,1.0,4.0,65.24,504,125
16512,,,,,3.0,3.0,52.29,500,110
16513,,,,,3.0,3.0,61.79,505,130
16514,,,,,4.0,4.0,8.93,506,115
16515,,,,,5.0,3.0,34.79,504,117
16516,,,,,3.0,3.0,42.15,506,125
16517,,,,,3.0,4.0,46.6,505,125
16518,,,,,1.0,,37.52,600,143
16519,,,,,,,73.74,510,165
16520,,,,,2.0,4.0,95.0,508,184
16521,,,,,1.0,5.0,96.08,510,205
16522,,,,,5.0,2.0,55.93,501,112
16523,,,,,2.0,4.0,30.06,509,132
16524,,,,,3.0,4.0,15.31,501,096
16525,,,,,3.0,3.0,94.74,504,170
16526,,,,,1.0,4.0,66.85,510,160
16527,,,,,2.0,4.0,2.77,508,112
16528,,,,,3.0,3.0,87.19,501,135
16529,,,,,1.0,4.0,,509,
16530,,,,,4.0,2.0,21.17,508,125
16531,,,,,3.0,3.0,64.33,511,157
16532,,,,,3.0,3.0,79.71,510,170
16533,,,,,3.0,,13.06,504,105
16534,,,,,3.0,3.0,92.03,410,130
16535,,,,,3.0,4.0,13.36,411,091
16536,,,,,5.0,,74.35,504,135
16537,,,,,3.0,4.0,98.38,500,180
16538,,,,,3.0,,,508,150
16539,,,,,2.0,1.0,56.88,506,133
16540,,,,,5.0,4.0,73.83,506,143
16541,,,,,2.0,5.0,92.01,508,180
16542,,,,,4.0,3.0,75.89,600,171
16543,,,,,3.0,5.0,13.47,500,095
16544,,,,,4.0,3.0,65.01,507,140
16545,,,,,5.0,2.0,45.69,510,145
16546,,,,,2.0,3.0,41.48,507,125
16547,,,,,5.0,5.0,42.53,504,115
16548,,,,,1.0,5.0,10.1,508,111
16549,,,,,4.0,2.0,98.28,506,190
16550,,,,,2.0,2.0,99.58,510,270
16551,,,,,2.0,,53.3,509,133
16552,,,,,1.0,4.0,88.48,511,170
16553,,,,,2.0,5.0,33.03,504,108
16554,,,,,3.0,2.0,19.65,507,120
16555,,,,,3.0,,48.22,503,110
16556,,,,,2.0,3.0,98.2,508,200
16557,,,,,3.0,5.0,99.52,508,277
16558,,,,,3.0,2.0,80.47,505,144
16559,,,,,1.0,3.0,74.62,508,142
16560,,,,,4.0,1.0,60.45,509,142
16561,,,,,2.0,5.0,,,
16562,,,,,3.0,4.0,98.37,507,210
16563,,,,,2.0,6.0,35.2,504,112
16564,,,,,4.0,2.0,95.77,507,196
16565,,,,,2.0,5.0,3.18,503,090
16566,,,,,3.0,2.0,46.48,508,127
16567,,,,,1.0,4.0,47.96,510,140
16568,,,,,4.0,5.0,40.79,505,120
16569,,,,,3.0,4.0,82.8,501,123
16570,,,,,1.0,4.0,97.18,507,190
16571,,,,,3.0,4.0,72.77,501,115
16572,,,,,2.0,3.0,79.64,505,142
16573,,,,,3.0,3.0,34.59,509,125
16574,,,,,3.0,3.0,65.18,600,168
16575,,,,,1.0,5.0,,,
16576,,,,1,5,,0.63,508,110
16577,,,,,2.0,4.0,,503,
16578,,,,,2.0,,92.42,506,156
16579,,,,,4.0,5.0,,504,
16580,,,,,3.0,4.0,89.92,510,169
16581,,,,,4.0,6.0,,600,170
16582,,,,,3.0,5.0,18.56,504,105
16583,,,,,2.0,4.0,38.29,507,128
16584,,,,,1.0,3.0,94.34,505,165
16585,,,,,3.0,2.0,15.99,503,100
16586,,,,,3.0,4.0,56.23,505,128
16587,,,,,2.0,5.0,,,195
16588,,,,,3.0,3.0,,411,
16589,,,,,1.0,,46.27,506,124
16590,,,,,4.0,5.0,17.37,509,126
16591,,,,,1.0,6.0,62.96,503,120
16592,,,,,4.0,2.0,62.34,500,108
16593,,,,,1.0,4.0,35.74,509,130
16594,,,,,3.0,4.0,90.63,505,160
16595,,,,,1.0,3.0,85.28,507,152
16596,,,,,1.0,5.0,76.42,507,148
16597,,,,,1.0,4.0,66.75,510,150
16598,,,,,2.0,5.0,,,129
16599,,,,,3.0,4.0,74.24,503,130
16600,,,,,3.0,3.0,85.39,506,152
16601,,,,,4.0,3.0,23.89,505,111
16602,,,,,1.0,5.0,68.74,505,130
16603,,,,,1.0,5.0,34.59,510,134
16604,,,,,2.0,4.0,35.74,509,130
16605,,,,,3.0,3.0,63.79,504,125
16606,,,,,2.0,,78.11,504,135
16607,,,,,4.0,5.0,98.55,507,230
16608,,,,,3.0,4.0,97.34,504,184
16609,,,,,4.0,4.0,17.6,502,097
16610,,,,,3.0,5.0,3.17,504,092
16611,,,,,4.0,4.0,93.4,503,150
16612,,,,,,2.0,,6,160
16613,,,,,4.0,3.0,37.58,506,120
16614,,,,,4.0,2.0,,,
16615,,,,,1.0,,77.77,506,141
16616,,,,,4.0,5.0,65.32,503,118
16617,,,,,3.0,4.0,99.36,602,280
16618,,,,,1.0,6.0,94.83,503,160
16619,,,,,3.0,5.0,14.39,504,100
16620,,,,,4.0,4.0,42.79,508,130
16621,,,,,1.0,4.0,,609,240
16622,,,,,,,81.43,406,100
16623,,,,,3.0,3.0,81.17,500,120
16624,,,,,1.0,1.0,,603,145
16625,,,,,2.0,5.0,42.55,500,100
16626,,,,,1.0,2.0,94.07,508,185
16627,,,,,2.0,3.0,71.19,502,123
16628,,,,,1.0,1.0,3.48,508,120
16629,,,,,1.0,5.0,89.92,510,169
16630,,,,,2.0,7.0,,502,
16631,,,,,3.0,4.0,,506,171
16632,,,,,4.0,4.0,97.46,505,190
16633,,,,,,,95.98,502,160
16634,,,,,4.0,4.0,93.99,503,150
16635,,,,,1.0,6.0,6.48,600,130
16636,,,,,2.0,4.0,52.83,503,115
16637,,,,,4.0,1.0,,411,
16638,,,,,2.0,3.0,,,
16639,,,,,2.0,4.0,96.98,506,180
16640,,,,,2.0,3.0,18.67,502,100
16641,,,,,4.0,3.0,,,000
16642,,,,,1.0,2.0,,707,059
16643,,,,,1.0,6.0,40.55,503,110
16644,,,,,1.0,4.0,16.01,601,140
16645,,,,,2.0,1.0,82.13,502,129
16646,,,,,4.0,3.0,58.19,509,145
16647,,,,,4.0,3.0,92.09,506,170
16648,,,,,1.0,5.0,99.19,602,270
16649,,,,,2.0,3.0,,502,120
16650,,,,,5.0,4.0,73.24,511,158
16651,,,,,1.0,5.0,70.26,504,132
16652,,,,,3.0,4.0,,,
16653,,,,,1.0,,64.33,503,120
16654,,,,,1.0,4.0,90.63,510,176
16655,,,,,,,,,
16656,,,,,3.0,3.0,,505,
16657,,,,,3.0,3.0,,506,160
16658,,,,,3.0,5.0,51.78,511,150
16659,,,,,2.0,4.0,61.57,509,142
16660,,,,,3.0,2.0,96.56,600,215
16661,,,,,2.0,5.0,81.68,605,215
16662,,,,,3.0,5.0,48.32,510,145
16663,,,,,3.0,2.0,79.14,502,120
16664,,,,,3.0,3.0,71.45,503,128
16665,,,,,,,,,
16666,,,,,,7.0,97.8,509,199
16667,,,,,4.0,2.0,71.83,500,110
16668,,,,,4.0,4.0,1.88,507,110
16669,,,,,1.0,4.0,30.76,511,140
16670,,,,,3.0,1.0,84.61,503,143
16671,,,,,1.0,5.0,,509,
16672,,,,,1.0,4.0,92.96,509,181
16673,,,,,1.0,2.0,99.19,600,260
16674,,,,,1.0,4.0,27.91,510,140
16675,,,,,2.0,4.0,74.2,510,150
16676,,,,,1.0,6.0,87.06,604,199
16677,,,,,1.0,5.0,97.46,509,195
16678,,,,,,,,,
16679,,,,,3.0,3.0,25.77,602,155
16680,,,,,4.0,5.0,,500,113
16681,,,,,4.0,3.0,25.01,501,100
16682,,,,,5.0,1.0,,505,
16683,,,,,,,47.28,509,135
16684,,,,,,,54.77,508,140
16685,,,,,5.0,3.0,,506,000
16686,,,,,4.0,4.0,,501,
16687,,,,,1.0,4.0,,604,126
16688,,,,,5.0,1.0,,601,
16689,,,,,2.0,4.0,47.96,510,140
16690,,,,,1.0,3.0,70.84,502,120
16691,,,,,1.0,,,602,
16692,,,,,,,,508,
16693,,,,,3.0,4.0,97.15,504,182
16694,,,,,2.0,2.0,,504,
16695,,,,,5.0,1.0,,504,
16696,,,,,,,94.72,506,168
16697,,,,,1.0,5.0,98.37,505,212
16698,,,,,3.0,2.0,91.93,503,150
16699,,,,,3.0,3.0,98.82,505,226
16700,,,,,3.0,4.0,97.9,508,200
16701,,,,,2.0,4.0,,711,120
16702,,,,,2.0,2.0,,,102
16703,,,,,1.0,5.0,14.53,506,107
16704,,,,,1.0,5.0,,,
16705,,,,,4.0,5.0,13.46,511,125
16706,,,,,1.0,5.0,,711,175
16707,,,,,1.0,4.0,,305,183
16708,,,,,,,,6,097
16709,,,,,1.0,4.0,,506,068
16710,,,,,3.0,,63.49,507,135
16711,,,,,3.0,4.0,,609,190
16712,,,,,1.0,5.0,98.85,502,198
16713,,,,,2.0,4.0,,708,000
16714,,,,,,,,,
16715,,,,,,,,,
16716,,,,,1.0,5.0,,507,165
16717,,,,,,,,3,078
16718,,,,,1.0,5.0,,307,095
16719,,,,,1.0,4.0,,504,060
16720,,,,,1.0,5.0,,,090
16721,,,,,,1.0,,,
16722,,,,,1.0,1.0,98.63,508,215
16723,,,,,1.0,1.0,74.0,502,125
16724,,,,,2.0,3.0,,505,
16725,,,,,2.0,2.0,68.89,511,160
16726,,,,,2.0,3.0,,,
16727,,,,,3.0,3.0,63.79,504,125
16728,,,,,2.0,3.0,,,
16729,,,,,2.0,1.0,,,119
16730,,,,,4.0,3.0,98.13,505,200
16731,,,,,,,,,
16732,,,,,3.0,3.0,81.63,508,156
16733,,,,,1.0,5.0,26.28,407,085
16734,,,,,3.0,7.0,96.97,505,190
16735,,,,,4.0,4.0,32.35,508,130
16736,,,,,3.0,1.0,33.64,509,142
16737,,,,,2.0,4.0,40.55,506,130
16738,,,,,1.0,,,,135
16739,,,,,1.0,4.0,,,143
16740,,,,,3.0,4.0,60.64,508,143
16741,,,,,1.0,5.0,80.92,504,141
16742,,,,,1.0,3.0,96.1,508,180
16743,,,,,3.0,5.0,,507,
16744,,,,,3.0,2.0,,710,240
16745,,,,,5.0,4.0,53.32,502,108
16746,,,,,1.0,6.0,,,156
16747,,,,,1.0,,94.93,508,179
16748,,,,,3.0,4.0,91.28,506,159
16749,,,,,3.0,3.0,57.45,506,135
16750,,,,,1.0,5.0,50.22,503,110
16751,,,,,4.0,,65.23,505,132
16752,,,,,4.0,1.0,92.36,506,162
16753,,,,,1.0,1.0,,,180
16754,,,,,1.0,5.0,44.69,500,098
16755,,,,,3.0,2.0,,,
16756,,,,,2.0,5.0,,,110
16757,,,,,,5.0,84.03,510,165
16758,,,,,,,92.36,506,162
16759,,,,,2.0,3.0,,511,183
16760,,,,,,5.0,78.35,508,145
16761,,,,,1.0,5.0,,,
16762,,,,,4.0,6.0,76.17,503,125
16763,,,,,2.0,5.0,79.01,503,134
16764,,,,,2.0,1.0,83.53,506,153
16765,,,,,1.0,3.0,78.45,508,155
16766,,,,,,1.0,,504,
16767,,,,,,,87.31,500,130
16768,,,,,1.0,3.0,77.01,508,163
16769,,,,,1.0,2.0,24.76,507,130
16770,,,,,4.0,2.0,97.89,501,190
16771,,,,,,,70.29,603,185
16772,,,,,5.0,4.0,87.11,506,160
16773,,,,,1.0,1.0,98.08,506,220
16774,,,,,4.0,2.0,68.24,506,139
16775,,,,,1.0,2.0,94.51,502,164
16776,,,,,3.0,2.0,,611,141
16777,,,,,1.0,5.0,38.53,510,145
16778,,,,6.0,2.0,3.0,98.75,508,225
16779,,,,6.0,1.0,4.0,42.28,505,125
16780,,,,7.0,4.0,4.0,13.32,603,155
16781,,,,6.0,2.0,4.0,84.63,511,180
16782,,,,6.0,3.0,3.0,27.4,411,098
16783,,,,1.0,2.0,3.0,,506,125
16784,,,,8.0,1.0,1.0,14.65,511,140
16785,,,,8.0,2.0,,,505,164
16786,,,,4.0,2.0,4.0,78.13,501,125
16787,,,,6.0,2.0,4.0,70.74,602,176
16788,,,,6.0,4.0,2.0,96.02,510,200
16789,,,,7.0,3.0,4.0,61.32,503,122
16790,,,,6.0,3.0,,,502,
16791,,,,8.0,2.0,3.0,62.12,503,123
16792,,,,6.0,3.0,3.0,68.37,505,134
16793,,,,6.0,2.0,5.0,41.16,511,140
16794,,,,6.0,1.0,4.0,16.74,510,130
16795,,,,7.0,3.0,3.0,40.85,509,135
16796,,,,6.0,4.0,2.0,71.8,504,130
16797,,,,6.0,3.0,2.0,97.94,504,178
16798,,,,5.0,1.0,5.0,51.78,511,150
16799,,,,6,1.0,4.0,47.28,509,135
16800,,,,1.0,,,,508,
16801,,,,6.0,1.0,5.0,,,
16802,,,,8.0,3.0,,52.7,505,118
16803,,,,7.0,3.0,5.0,44.31,504,120
16804,,,,6.0,2.0,5.0,95.15,508,175
16805,,,,6.0,2.0,6.0,58.87,506,130
16806,,,,5.0,3.0,1.0,2.33,508,104
16807,,,,5.0,3.0,1.0,62.68,511,156
16808,,,,,2.0,,33.65,506,115
16809,,,,,1.0,,90.88,511,175
16810,,,,,1.0,,93.92,510,180
16811,,,,,3.0,,84.19,505,145
16812,,,,,3.0,,87.27,506,155
16813,,,,,4.0,,37.58,506,120
16814,,,,,3.0,,71.67,506,138
16815,,,,,2.0,,26.39,505,112
16816,,,,,3.0,,19.73,507,116
16817,,,,,5.0,,18.6,504,102
16818,,,,,2.0,,75.03,505,132
16819,,,,,3.0,,87.27,506,155
16820,,,,,3.0,,97.15,508,205
16821,,,,,4.0,,,504,160
16822,,,,,3.0,,69.91,506,140
16823,,,,,3.0,,67.17,504,130
16824,,,,,2.0,,29.76,507,125
16825,,,,,3.0,,52.22,503,120
16826,,,,,2.0,,,504,
16827,,,,,1.0,,43.19,506,130
16828,,,,,4.0,,97.26,509,230
16829,,,,,2.0,,87.49,506,165
16830,,,,,5.0,,59.36,510,160
16831,,,,,4.0,,89.96,601,205
16832,,,,,3.0,,62.28,506,140
16833,,,,,4.0,,76.77,508,160
16834,,,,,1.0,,59.36,510,160
16835,,,,,,,8.71,602,148
16836,,,,,3.0,,74.2,604,200
16837,,,,,1.0,,50.15,510,155
16838,,,,,4.0,,,601,165
16839,,,,,3.0,,14.41,507,115
16840,,,,,1.0,,74.71,511,165
16841,,,2,,2.0,,25.05,601,145
16842,,,,,5.0,,,506,
16843,,,,,2.0,,52.22,503,120
16844,,,,,5.0,,97.97,504,205
16845,,,,,4.0,,65.23,507,145
16846,,,,,3.0,,64.66,504,133
16847,,,,,1.0,,76.41,511,171
16848,,,,,4.0,,99.76,510,290
16849,,,,,1.0,,60.48,600,165
16850,,,,,5.0,,62.19,506,135
16851,,,,,1.0,,56.79,508,140
16852,,,,,3.0,,95.59,601,225
16853,,,,,5.0,,94.16,507,182
16854,,,,,4.0,,92.62,509,180
16855,,,,,2.0,,86.12,506,160
16856,,,,,1.0,,29.93,504,115
16857,,,,,2.0,,40.85,507,130
16858,,,,,2.0,,61.69,502,120
16859,,,,,4.0,,97.63,505,204
16860,,,,,1.0,,74.8,602,185
16861,,,,,3.0,,99.6,510,270
16862,,,,,5.0,,0.23,411,076
16863,,,,,4.0,,89.74,502,143
16864,,,,,1.0,,15.31,501,096
16865,,,,,1.0,,52.01,505,125
16866,,,,,3.0,,76.31,505,140
16867,,,,,2.0,,96.84,506,183
16868,,,,,2.0,,73.72,510,160
16869,,,,,5.0,,78.82,507,150
16870,,,,,2.0,,2.58,504,099
16871,,,,,2.0,,8.77,508,118
16872,,,,,3.0,,99.67,601,300
16873,,,,,1.0,,90.2,508,175
16874,,,,,3.0,,83.32,501,130
16875,,,,,3.0,,30.7,506,120
16876,,,,,1.0,,54.77,508,140
16877,,,,,4.0,,76.64,509,157
16878,,,,,2.0,,97.17,600,220
16879,,,,,4.0,,13.97,502,100
16880,,,,,4.0,,99.58,504,225
16881,,,,,1.0,,,508,182
16882,,,,,3.0,,89.07,510,183
16883,,,,,5.0,,66.85,510,160
16884,,,,,,,,,
16885,,,,,2.0,,57.6,501,115
16886,,,,,2.0,,62.39,503,125
16887,,,,,,,99.33,507,230
16888,,,,,4.0,,71.77,507,150
16889,,,,,5.0,,,508,
16890,,,,,2.0,,99.89,605,399
16891,,,,,1.0,,86.83,509,178
16892,,,,,5.0,,92.13,600,206
16893,,,,,3.0,,47.14,507,140
16894,,,,,1.0,,37.58,506,120
16895,,,,,3.0,,28.33,506,116
16896,,,,,4.0,,96.3,507,190
16897,,,,,1.0,,71.86,507,140
16898,,,,,1.0,,66.09,502,120
16899,,,,,4.0,,40.79,505,120
16900,,,,,2.0,,87.25,602,195
16901,,,,,3.0,,13.77,509,124
16902,,,,,3.0,,,504,138
16903,,,,,1.0,,68.83,511,165
16904,,,,,,,,507,
16905,,,,,,,,505,
16906,,,,,3.0,,88.26,411,125
16907,,,,,5.0,,,501,
16908,,,,,1.0,,79.64,507,146
16909,,,,,3.0,,8.57,507,110
16910,,,,,1.0,,54.47,505,123
16911,,,,,2.0,,,503,108
16912,,,,,4.0,,8.68,502,095
16913,,,,,2.0,,56.13,502,115
16914,,,,,1.0,,50.84,509,140
16915,,,,,4.0,,,,
16916,,,,,4.0,,74.24,508,155
16917,,,,,2.0,,44.48,505,127
16918,,,,,2.0,,73.74,510,165
16919,,,,,1.0,,23.33,511,145
16920,,,,,5.0,,,300,99
16921,,,,,2.0,,78.01,503,130
16922,,,,,1.0,,54.18,510,143
16923,,,,,3.0,,93.89,508,175
16924,,,,,3.0,,84.03,510,165
16925,,,,,3.0,,92.6,509,175
16926,,,,,1.0,,high,600,178
16927,,,,,2.0,,28.91,505,115
16928,,,,,4.0,,45.9,410,097
16929,,,,,3.0,,62.96,503,120
16930,,,,,3.0,,15.99,503,100
16931,,,,,5.0,,49.76,411,100
16932,,,,,4.0,,30.3,504,110
16933,,,,,4.0,,65.33,505,129
16934,,,,,5.0,,,,
16935,,,,,2.0,,63.35,509,143
16936,,,,,3.0,,57.72,603,165
16937,,,,,3.0,,96.73,510,200
16938,,,,,2.0,,66.75,510,150
16939,,,,,1.0,,50.27,506,130
16940,,,,,3.0,,29.16,505,117
16941,,,,,5.0,,,,
16942,,,,,2.0,,33.67,503,110
16943,,,,,3.0,,10.9,503,100
16944,,,,,3.0,,,600,000
16945,,,,,1.0,,99.71,600,300
16946,,,,,3.0,,91.21,505,165
16947,,,,,2.0,,,502,165
16948,,,,,4.0,,7.01,502,096
16949,,,,,3.0,,17.15,602,150
16950,,,,,1.0,,23.1,508,130
16951,,,,,1.0,,87.19,600,190
16952,,,,,4.0,,96.55,503,165
16953,,,,,1.0,,76.14,506,135
16954,,,,,3.0,,14.28,510,120
16955,,,,,3.0,,,501,105
16956,,,,,3.0,,11.99,503,098
16957,,,,,3.0,,38.13,502,105
16958,,,,,1.0,,94.85,602,211
16959,,,,,3.0,,92.14,600,190
16960,,,,,5.0,,0.8,506,098
16961,,,,,2.0,,,504,
16962,,,,,3.0,,,505,117
16963,,,,,3.0,,,510,
16964,,,,,3.0,,65.74,510,154
16965,,,,,1.0,,46.18,508,136
16966,,,,,3.0,,97.64,508,201
16967,,,,,4.0,,,404,127
16968,,,,,4.0,,,,
16969,,,,,5.0,,59.02,503,118
16970,,,,,5.0,,23.09,504,107
16971,,,,,1.0,,55.18,601,155
16972,,,,,1.0,,15.52,601,135
16973,,,,,4.0,,84.15,508,156
16974,,,,,4.0,,69.96,503,127
16975,,,,,4.0,,69.91,506,140
16976,,,,,4.0,,17.75,505,110
16977,,,,,4.0,,46.48,507,130
16978,,,,,4.0,,57.32,503,120
16979,,,,,3.0,,96.19,510,201
16980,,,,,3.0,,58.17,510,150
16981,,,,,1.0,,56.02,604,175
16982,,,,,5.0,,,503,
16983,,,,,2.0,,,510,
16984,,,,,3.0,,0.31,605,130
16985,,,,,4.0,,77.73,501,120
16986,,,,,1.0,,2.1,511,120
16987,,,,,3.0,,85.78,501,133
16988,,,,,3.0,,64.23,507,140
16989,,,,,3.0,,66.67,510,155
16990,,,,,4.0,,30.31,505,118
16991,,,,,3.0,,high,505,170
16992,,,,,3.0,,29.76,507,125
16993,,,,,4.0,,72.6,508,155
16994,,,,,4.0,,10.6,509,126
16995,,,,,2.0,,,510,170
16996,,,,,3.0,,88.32,600,192
16997,,,,,3.0,,24.95,508,118
16998,,,,,1.0,,,504,
16999,,,,,1.0,,7.51,504,097
17000,,,,,3.0,,21.86,503,100
17001,,,,,3.0,,61.86,510,142
17002,,,,,1.0,,62.81,507,130
17003,,,,,3.0,,,503,155
17004,,,,,3.0,,,502,
17005,,,,,3.0,,39.27,509,131
17006,,,,,4.0,,55.02,506,128
17007,,,,,2.0,,88.98,507,162
17008,,,,,4.0,,28.58,509,126
17009,,,,,2.0,,98.14,602,240
17010,,,,,2.0,,17.9,503,102
17011,,,,,2.0,,1.47,501,85
17012,,,,,1.0,,47.44,508,132
17013,,,,,1.0,,84.98,511,170
17014,,,,,2.0,,58.07,510,145
17015,,,,,4.0,,,503,
17016,,,,,4.0,,50.12,504,115
17017,,,,,4.0,,,505,
17018,,,,,4.0,,92.43,508,172
17019,,,,,2.0,,,600,280
17020,,,,,2.0,,72.97,504,125
17021,,,,,3.0,,93.92,510,180
17022,,,,,3.0,,71.8,504,130
17023,,,,,1.0,,83.96,506,150
17024,,,,,3.0,,76.95,504,134
17025,,,,,2.0,,,510,135
17026,,,,,2.0,,41.2,605,166
17027,,,,,3.0,,5.17,507,111
17028,,,,,4.0,,,500,
17029,,,,,4.0,,38.6,502,110
17030,,,,,5.0,,16.77,506,116
17031,,,,,3.0,,,,151
17032,,,,,3.0,,36.47,507,130
17033,,,,,2.0,,67.53,503,130
17034,,,,,2.0,,53.05,505,130
17035,,,,,1.0,,,505,
17036,,,,,4.0,,95.39,508,195
17037,,,,,3.0,,,509,
17038,,,,,1.0,,94.51,602,226
17039,,,,,1.0,,,502,101
17040,,,,,1.0,,,503,
17041,,,,,3.0,,20.75,507,112
17042,,,,,4.0,,99.36,510,250
17043,,,,,3.0,,62.96,503,120
17044,,,,,1.0,,,501,
17045,,,,,3.0,,15.39,500,090
17046,,,,,2.0,,85.49,503,138
17047,,,,,3.0,,,505,235
17048,,,,,4.0,,86.96,505,149
17049,,,,,,,98.73,508,214
17050,,,,,3.0,,67.04,507,137
17051,,,,,2.0,,98.81,509,221
17052,,,,,2.0,,25.1,506,120
17053,,,,,3.0,,47.49,506,130
17054,,,,,,,79.37,510,170
17055,,,,,1.0,,86.04,511,182
17056,,,,,2.0,,63.66,603,180
17057,,,,,2.0,,1.88,507,110
17058,,,,,5.0,,,506,
17059,,,,,5.0,,4.47,507,112
17060,,,,,5.0,,46.75,502,115
17061,,,,,5.0,,67.53,503,130
17062,,,,,4.0,,0.7,510,115
17063,,,,,4.0,,30.68,505,125
17064,,,,,2.0,,97.13,509,210
17065,,,,,1.0,,59.36,510,160
17066,,,,,3.0,,45.66,601,165
17067,,,,,1.0,,98.84,602,268
17068,,,,,3.0,,71.62,511,162
17069,,,,,4.0,,65.47,502,120
17070,,,,,4.0,,53.2,504,125
17071,,,,,4.0,,65.89,506,140
17072,,,,,3.0,,70.03,509,155
17073,,,,,4.0,,36.42,506,125
17074,,,,,3.0,,58.55,510,155
17075,,,,,3.0,,47.93,603,165
17076,,,,,1.0,,66.54,506,138
17077,,,,,3.0,,45.85,501,110
17078,,,,,4.0,,2.19,511,120
17079,,,,,4.0,,67.58,503,128
17080,,,,,4.0,,23.09,502,104
17081,,,,,3.0,,,502,
17082,,,,,1.0,,,610,263
17083,,,,,3.0,,67.53,503,130
17084,,,,,3.0,,36.32,508,140
17085,,,,,3.0,,99.39,511,265
17086,,,,,3.0,,60.77,600,170
17087,,,,,1.0,,26.56,602,160
17088,,,,,1.0,,82.23,509,172
17089,,,,,4.0,,18.56,504,105
17090,,,,,4.0,,21.96,508,120
17091,,,,,3.0,,74.19,505,135
17092,,,,,1.0,,79.82,505,140
17093,,,,,4.0,,1.61,511,115
17094,,,,,3.0,,,605,300
17095,,,,,4.0,,,702,335
17096,,,,,4.0,,61.9,508,143
17097,,,,,3.0,,35.69,501,104
17098,,,,,5.0,,15.97,510,127
17099,,,,,3.0,,83.32,501,130
17100,,,,,3.0,,74.0,502,125
17101,,,,,1.0,,,410,315
17102,,,,,3.0,,,602,165
17103,,,,,5.0,,42.53,504,115
17104,,,,,4.0,,,510,150
17105,,,,,1.0,,41.48,507,125
17106,,,,,1.0,,35.74,509,130
17107,,,,,3.0,,84.5,503,140
17108,,,,,3.0,,54.29,500,107
17109,,,,,1.0,,26.05,506,120
17110,,,,,1.0,,96.5,510,203
17111,,,,,3.0,,6.48,600,130
17112,,,,,4.0,,40.66,501,108
17113,,,,,3.0,,9.59,601,140
17114,,,,,1.0,,85.77,507,162
17115,,,,,4.0,,21.96,508,120
17116,,,,,4.0,,78.26,510,165
17117,,,,,4.0,,38.69,503,112
17118,,,,,3.0,,41.94,510,142
17119,,,,,5.0,,51.71,600,155
17120,,,,,1.0,,69.48,602,175
17121,,,,,3.0,,51.66,508,140
17122,,,,,1.0,,51.66,508,140
17123,,,,,3.0,,51.66,508,140
17124,,,,,2.0,,,600,155
17125,,,,,2.0,,34.11,508,135
17126,,,,,5.0,,26.31,501,098
17127,,,,,,,91.67,506,159
17128,,,,,3.0,,96.6,601,215
17129,,,,,3.0,,56.48,507,135
17130,,,,,,,65.04,508,145
17131,,,,,3.0,,26.13,503,107
17132,,,,,4.0,,10.52,506,110
17133,,,,,2.0,,,507,
17134,,,,,,,,511,
17135,,,,,2.0,,,,
17136,,,,,3.0,,,509,
17137,,,,,3.0,,97.43,504,185
17138,,,,,3.0,,,500,120
17139,,,,,3.0,,,506,
17140,,,,,3.0,,99.74,509,285
17141,,,,,1.0,,72.36,507,145
17142,,,,,1.0,,,,
17143,,,,,3.0,,45.34,506,120
17144,,,,,3.0,,97.16,503,170
17145,,,,,1.0,,81.94,505,135
17146,,,,,3.0,,57.44,505,120
17147,,,,,2.0,,88.71,507,152
17148,,,,,1.0,,98.7,508,210
17149,,,,,1.0,,27.78,503,105
17150,,,,,4.0,,90.89,504,153
17151,,,,,2.0,,75.39,501,120
17152,,,,,3.0,,,501,
17153,,,,,5.0,,31.28,500,096
17154,,,,,4.0,,78.01,501,122
17155,,,,,4.0,,84.72,503,137
17156,,,,,2.0,,78.47,600,168
17157,,,,,2.0,,54.59,504,117
17158,,,,,3.0,,95.6,508,186
17159,,,,,4.0,,6.78,503,093
17160,,,,,2.0,,90.53,602,190
17161,,,,,1.0,,84.19,504,134
17162,,,,,2.0,,30.3,503,106
17163,,,,,3.0,,,504,116
17164,,,,,4.0,,71.8,504,130
17165,,,,,2.0,,48.82,506,125
17166,,,,,2.0,,91.93,503,150
17167,,,,,3.0,,99.36,511,257
17168,,,,,2.0,,81.5,601,175
17169,,,,,2.0,,29.76,507,125
17170,,,,,3.0,,14.86,506,115
17171,,,,,3.0,,,600,175
17172,,,,,3.0,,53.05,505,130
17173,,,,,4.0,,96.27,502,175
17174,,,,,3.0,,42.28,505,125
17175,,,,,4.0,,67.34,510,165
17176,,,,,1.0,,59.97,509,155
17177,,,,,2.0,,26.56,602,160
17178,,,,,1.0,,68.62,603,189
17179,,,,,2.0,,79.56,600,185
17180,,,,,2.0,,47.18,508,145
17181,,,,,1.0,,,,
17182,,,,,2.0,,45.34,506,120
17183,,,,,3.0,,79.62,506,141
17184,,,,,2.0,,64.48,505,125
17185,,,,,3.0,,81.63,502,125
17186,,,,,1.0,,17.54,507,111
17187,,,,,4.0,,50.22,503,110
17188,,,,,2.0,,78.45,603,175
17189,,,,,1.0,,84.36,510,160
17190,,,,,1.0,,43.18,510,133
17191,,,,,1.0,,74.22,506,140
17192,,,,,3.0,,74.19,505,135
17193,,,,,3.0,,91.98,511,190
17194,,,,,3.0,,76.95,504,134
17195,,,,,3.0,,95.71,505,175
17196,,,,,3.0,,7.68,504,099
17197,,,,,2.0,,40.39,508,129
17198,,,,,,,19.38,510,127
17199,,,,,4.0,,48.82,506,125
17200,,,,,2.0,,90.02,508,165
17201,,,,,3.0,,,503,
17202,,,,,3.0,,,504,
17203,,,,,5.0,,45.17,508,134
17204,,,,,3.0,,,507,
17205,,,,,1.0,,68.33,600,165
17206,,,,,3.0,,69.48,602,175
17207,,,,,4.0,,,600,160
17208,,,,,3.0,,,,
17209,,,,,5.0,,83.82,507,155
17210,,,,,1.0,,90.64,511,180
17211,,,,,5.0,,38.43,501,105
17212,,,,,5.0,,98.17,508,228
17213,,,,,5.0,,25.52,508,127
17214,,,,,1.0,,31.69,511,145
17215,,,,,4.0,,1.42,505,101
17216,,,,,5.0,1.0,,300,055
17217,,,,,1.0,4.0,10.2,505,110
17218,,,,,4.0,3.0,,506,120
17219,,,,,5.0,4.0,53.2,504,125
17220,,,,,3.0,3.0,49.07,504,125
17221,,,,,3.0,,10.13,510,130
17222,,,,,2.0,,35.93,507,135
17223,,,,,1.0,5.0,41.64,508,135
17224,,,,,3.0,2.0,21.65,510,135
17225,,,,,4.0,4.0,60.52,507,140
17226,,,,,5.0,2.0,0.16,605,140
17227,,,,,3.0,3.0,40.06,510,150
17228,,,,,1.0,2.0,39.01,602,162
17229,,,,,5.0,1.0,84.55,508,170
17230,,,,,4.0,5.0,83.71,600,190
17231,,,,,1.0,3.0,93.99,511,200
17232,,,,,4.0,2.0,98.88,507,220
17233,,,,,5.0,1.0,97.35,511,245
17234,,,,,3.0,4.0,99.07,602,270
17235,,,,,2.0,4.0,99.08,602,275
17236,,,,,4.0,2.0,21.29,503,105
17237,,,,,2.0,4.0,10.52,506,110
17238,,,,,4.0,3.0,68.44,500,116
17239,,,,,2.0,5.0,,508,120
17240,,,,,2.0,4.0,67.58,503,128
17241,,,,,4.0,3.0,57.02,505,130
17242,,,,,1.0,3.0,27.25,509,135
17243,,,,,4.0,3.0,25.3,511,135
17244,,,,,4.0,4.0,,,140
17245,,,,,4.0,4.0,37.2,511,143
17246,,,,,4.0,2.0,25.05,601,145
17247,,,,,4.0,4.0,,504,155
17248,,,,,1.0,5.0,86.52,505,155
17249,,,,,1.0,4.0,67.39,509,155
17250,,,,,4.0,2.0,88.82,505,156
17251,,,,,3.0,4.0,61.13,511,160
17252,,,,,3.0,5.0,88.53,507,165
17253,,,,,2.0,4.0,71.56,511,167
17254,,,,,4.0,4.0,50.18,602,168
17255,,,,,5.0,7.0,96.61,501,169
17256,,,,,3.0,4.0,68.08,600,170
17257,,,,,2.0,4.0,78.0,600,173
17258,,,,,3.0,2.0,87.37,510,175
17259,,,,,2.0,4.0,87.37,510,175
17260,,,,,4.0,5.0,80.48,511,175
17261,,,,,2.0,4.0,76.14,601,175
17262,,,,,5.0,3.0,94.63,506,180
17263,,,,,3.0,5.0,86.9,602,200
17264,,,,,3.0,5.0,98.35,600,235
17265,,,,,2.0,4.0,99.47,509,250
17266,,,,,3.0,1.0,97.86,603,250
17267,,,,,3.0,5.0,17.75,505,110
17268,,,,,4.0,5.0,6.92,507,110
17269,,,,,3.0,,49.21,502,112
17270,,,,,4.0,2.0,,501,115
17271,,,,,2.0,3.0,8.63,509,118
17272,,,,,3.0,3.0,52.22,503,120
17273,,,,,4.0,5.0,57.32,503,120
17274,,,,,5.0,1.0,26.05,506,120
17275,,,,,3.0,3.0,48.78,505,126
17276,,,,,4.0,2.0,60.51,505,130
17277,,,,,3.0,4.0,4.01,601,130
17278,,,,,5.0,4.0,60.42,506,134
17279,,,,,4.0,2.0,47.25,508,135
17280,,,,,4.0,3.0,76.31,505,140
17281,,,,,4.0,,90.96,501,145
17282,,,,,3.0,2.0,64.26,508,145
17283,,,,,4.0,3.0,74.61,507,150
17284,,,,,3.0,2.0,52.95,510,152
17285,,,,,3.0,2.0,,507,160
17286,,,,,3.0,3.0,79.21,508,160
17287,,,,,3.0,3.0,68.08,600,170
17288,,,,,3.0,6.0,89.66,509,178
17289,,,,,4.0,5.0,13.23,411,089
17290,,,,,3.0,4.0,32.79,502,103
17291,,,,,2.0,4.0,9.8,505,108
17292,,,,,3.0,3.0,24.37,507,120
17293,,,,,4.0,4.0,60.07,504,123
17294,,,,,3.0,4.0,39.91,506,124
17295,,,,,4.0,3.0,71.8,504,130
17296,,,,,1.0,5.0,26.69,510,135
17297,,,,,2.0,2.0,71.28,505,136
17298,,,,,1.0,5.0,66.76,509,145
17299,,,,,4.0,4.0,63.1,509,150
17300,,,,,5.0,2.0,,611,150
17301,,,,,3.0,2.0,95.63,505,170
17302,,,,,1.0,4.0,56.68,603,170
17303,,,,,3.0,5.0,64.42,603,175
17304,,,,,3.0,3.0,89.24,511,177
17305,,,,,3.0,5.0,92.19,510,185
17306,,,,,1.0,7.0,,610,225
17307,,,,,3.0,2.0,99.47,601,280
17308,,,,,4.0,3.0,,507,
17309,,,,,3.0,,,508,
17310,,,,,1.0,5.0,51.17,411,097
17311,,,,,1.0,6.0,32.5,502,100
17312,,,,,5.0,1.0,0.46,508,100
17313,,,,,4.0,3.0,11.93,506,108
17314,,,,,1.0,5.0,29.57,507,116
17315,,,,,2.0,3.0,,511,119
17316,,,,,4.0,,54.82,505,120
17317,,,,,4.0,3.0,,506,120
17318,,,,,3.0,5.0,66.58,503,122
17319,,,,,3.0,4.0,58.12,504,122
17320,,,,,3.0,4.0,40.46,508,125
17321,,,,,4.0,5.0,65.18,506,130
17322,,,,,4.0,,52.94,507,130
17323,,,,,4.0,2.0,74.19,505,135
17324,,,,,5.0,5.0,93.8,502,150
17325,,,,,1.0,5.0,66.75,510,150
17326,,,,,4.0,5.0,91.22,506,158
17327,,,,,2.0,4.0,96.95,504,180
17328,,,,,4.0,5.0,95.53,509,186
17329,,,2,,3.0,2.0,,504,
17330,,,,,4.0,5.0,71.77,507,150
17331,,,,,2.0,3.0,79.66,507,155
17332,,,,,3.0,4.0,59.36,510,160
17333,,,,,1.0,5.0,78.32,509,168
17334,,,,,1.0,4.0,38.4,603,170
17335,,,,,3.0,5.0,94.16,504,175
17336,,,,,3.0,4.0,74.46,600,175
17337,,,,,5.0,7.0,74.46,600,175
17338,,,,,3.0,2.0,89.44,511,193
17339,,,,,3.0,4.0,48.06,503,120
17340,,,,,3.0,3.0,96.91,505,200
17341,,,,,2.0,4.0,46.08,503,115
17342,,,,,3.0,3.0,58.23,504,125
17343,,,,,1.0,1.0,6.71,511,126
17344,,,,,1.0,5.0,61.9,508,143
17345,,,,,1.0,5.0,95.97,511,209
17346,,,,,2.0,3.0,89.0,604,215
17347,,,,,4.0,2.0,97.93,508,230
17348,,,,,4.0,3.0,47.58,504,120
17349,,,,,1.0,,21.17,508,125
17350,,,,,3.0,3.0,11.91,511,130
17351,,,,,2.0,4.0,47.96,510,140
17352,,,,,3.0,4.0,high,511,145
17353,,,,,2.0,6.0,74.16,509,155
17354,,,,,3.0,5.0,90.09,510,180
17355,,,,,3.0,4.0,79.02,602,185
17356,,,,,4.0,3.0,98.68,501,195
17357,,,,,4.0,3.0,98.78,506,203
17358,,,,,2.0,5.0,97.34,511,210
17359,,,,,4.0,3.0,96.94,603,235
17360,,,,,4.0,4.0,46.3,501,108
17361,,,,,4.0,5.0,42.53,504,115
17362,,,,,3.0,4.0,57.32,503,120
17363,,,,,2.0,5.0,47.25,508,135
17364,,,,,1.0,5.0,37.55,510,140
17365,,,,,3.0,5.0,81.93,509,160
17366,,,,,5.0,2.0,93.86,506,172
17367,,,,,4.0,2.0,80.98,601,180
17368,,,,,4.0,5.0,18.67,501,095
17369,,,,,3.0,4.0,39.53,501,100
17370,,,,,2.0,4.0,32.84,503,104
17371,,,,,2.0,4.0,4.09,508,110
17372,,,,,3.0,5.0,41.92,506,118
17373,,,,,3.0,4.0,32.66,508,125
17374,,,,,3.0,4.0,44.92,509,130
17375,,,,,3.0,3.0,15.99,503,100
17376,,,,,4.0,,17.54,507,111
17377,,,,,4.0,,67.0,507,138
17378,,,,,1.0,4.0,,508,140
17379,,,,,4.0,4.0,85.05,508,152
17380,,,,,2.0,4.0,49.51,601,152
17381,,,,,3.0,5.0,,505,
17382,,,,,2.0,4.0,52.22,503,120
17383,,,,,3.0,,84.52,601,190
17384,,,,,2.0,4.0,94.87,601,215
17385,,,,,2.0,4.0,99.25,602,275
17386,,,,,4.0,4.0,46.48,507,130
17387,,,,,4.0,1.0,32.35,510,133
17388,,,,,3.0,3.0,54.41,507,135
17389,,,,,1.0,1.0,30.76,511,140
17390,,,,,3.0,6.0,,,150
17391,,,,,3.0,4.0,93.62,505,165
17392,,,,,2.0,5.0,89.97,600,190
17393,,,,,3.0,5.0,99.09,510,240
17394,,,,,5.0,4.0,99.34,600,265
17395,,,,,1.0,6.0,,307,030
17396,,,,,4.0,5.0,31.25,502,105
17397,,,,,1.0,4.0,6.55,509,115
17398,,,,,1.0,3.0,0.54,511,115
17399,,,,,3.0,4.0,,302,130
17400,,,,,4.0,3.0,6.48,600,130
17401,,,,,3.0,4.0,76.16,506,145
17402,,,,,3.0,3.0,60.3,510,156
17403,,,,,3.0,3.0,98.74,510,230
17404,,,,,4.0,5.0,99.08,504,233
17405,,,,,5.0,7.0,97.77,603,244
17406,,,10th grade,,1.0,3.0,49.31,505,125
17407,,,,,4.0,3.0,58.06,505,128
17408,,,,,1.0,3.0,4.32,603,133
17409,,,,,1.0,4.0,90.14,504,155
17410,,,,,4.0,2.0,73.66,509,155
17411,,,,,1.0,3.0,75.83,509,157
17412,,,,,3.0,2.0,64.42,603,175
17413,,,,,4.0,4.0,46.2,502,113
17414,,,,,1.0,2.0,40.44,503,115
17415,,,,,3.0,3.0,85.38,500,130
17416,,,,,3.0,4.0,,504,134
17417,,,,,3.0,4.0,71.04,505,140
17418,,,,,4.0,3.0,,507,140
17419,,,,,3.0,4.0,71.25,509,156
17420,,,,,3.0,4.0,74.42,509,160
17421,,,,,1.0,4.0,79.37,510,170
17422,sixteen,,,,2.0,,68.08,600,170
17423,,,,,2.0,3.0,83.96,604,200
17424,,,,,4.0,4.0,97.17,600,220
17425,,,,,1.0,1.0,,508,027
17426,,,,,4.0,,5.8,502,093
17427,,,,,4.0,4.0,59.61,501,111
17428,,,,,2.0,2.0,50.27,506,130
17429,,,,,2.0,3.0,65.18,509,145
17430,,,,,2.0,4.0,57.29,510,145
17431,,,,,1.0,5.0,98.09,411,155
17432,,,,,2.0,3.0,70.34,602,170
17433,,,,,4.0,3.0,89.98,510,180
17434,,,,,4.0,5.0,98.04,511,214
17435,,,,5.0,3.0,5.0,63.0,601,165
17436,,,,,,4.0,91.46,509,177
17437,,,,,1.0,2.0,97.41,600,240
17438,,,,4.0,1.0,4.0,43.95,508,135
17439,,,,8.0,4.0,1.0,12.99,503,105
17440,,,,1.0,3.0,2.0,59.36,510,160
17441,,,,8.0,3.0,5.0,,504,108
17442,,,,6.0,1.0,4.0,82.23,509,172
17443,,,,7.0,2.0,3.0,5.75,505,105
17444,,,,8.0,5.0,2.0,0.36,507,103
17445,,,,5.0,4.0,3.0,66.85,510,160
17446,,,,8.0,3.0,5.0,95.09,510,200
17447,,,,4.0,4.0,2.0,99.54,510,265
17448,,,,6.0,2.0,3.0,5.59,507,115
17449,,,,3.0,1.0,,78.35,506,150
17450,,,,1.0,1.0,4.0,94.03,506,170
17451,,,,3.0,1.0,3.0,43.74,501,107
17452,,,,1.0,1.0,3.0,46.58,506,127
17453,,,,2.0,1.0,2.0,45.29,506,132
17454,,,,1.0,1.0,3.0,,502,105
17455,,,,3.0,1.0,2.0,28.6,503,108
17456,,,,1.0,1.0,4.0,,505,
17457,,,,2.0,1.0,2.0,25.77,602,155
17458,,,,1.0,1.0,3.0,79.31,507,155
17459,,,,2.0,1.0,3.0,52.96,511,160
17460,,,,1.0,1.0,2.0,19.65,507,120
17461,,,,4.0,1.0,4.0,71.87,411,115
17462,,,,1.0,1.0,2.0,,500,92
17463,,,,1.0,1.0,4.0,93.82,510,195
17464,,,,4.0,1.0,3.0,69.47,600,171
17465,,,,2.0,1.0,2.0,22.22,600,145
17466,,,,2.0,1.0,3.0,67.62,506,143
17467,,,,1.0,2.0,4.0,89.23,500,130
17468,,,,1.0,1.0,2.0,10.9,503,100
17469,,,,1.0,1.0,3.0,77.77,507,150
17470,,,,1.0,1.0,2.0,35.05,505,120
17471,,,,2.0,1.0,2.0,42.05,600,155
17472,,,,2.0,1.0,3.0,21.67,511,140
17473,,,,3.0,2.0,5.0,96.42,504,190
17474,,,,2.0,1.0,3.0,62.28,506,140
17475,,,,3.0,1.0,3.0,65.43,502,122
17476,,,,1.0,1.0,4.0,84.52,601,190
17477,,,,3.0,1.0,3.0,,505,135
17478,,,,3.0,1.0,3.0,33.67,503,110
17479,,,,2.0,1.0,3.0,,504,125
17480,,,,1.0,1.0,3.0,42.91,504,118
17481,,,,1.0,1.0,4.0,98.51,503,210
17482,,,,1.0,1.0,4.0,,510,250
17483,,,,1.0,4.0,4.0,91.54,502,147
17484,,,,1.0,1.0,3.0,38.08,503,106
17485,,,,4.0,3.0,5.0,62.87,504,130
17486,,,,2.0,1.0,3.0,49.31,505,125
17487,,,,1.0,1.0,1.0,,506,1
17488,,,,2.0,1.0,3.0,23.57,600,150
17489,,,,1.0,1.0,3.0,58.8,507,139
17490,,,,1.0,2.0,3.0,,500,
17491,,,,3.0,1.0,3.0,13.06,504,105
17492,,,,1.0,1.0,,,507,140
17493,,,,4.0,2.0,3.0,65.89,506,140
17494,,,,1.0,1.0,3.0,,503,322
17495,,,,1.0,1.0,1.0,,,
17496,,,,2.0,1.0,3.0,0.0,600,99
17497,,,,3.0,1.0,,87.28,506,165
17498,,,,1.0,1.0,4.0,99.67,507,255
17499,,,,4.0,1.0,3.0,,503,140
17500,,,,3.0,1.0,3.0,99.29,411,236
17501,,,,3.0,2.0,3.0,31.96,507,126
17502,,,,3.0,1.0,4.0,82.71,506,155
17503,,,,1.0,1.0,2.0,74.89,509,165
17504,,,,1.0,1.0,4.0,98.71,505,200
17505,,,,3.0,1.0,3.0,67.39,505,136
17506,,,,3.0,1.0,3.0,75.32,411,115
17507,,,,2.0,1.0,3.0,55.93,501,112
17508,,,,2.0,1.0,3.0,36.17,601,160
17509,,,,3.0,1.0,3.0,77.36,506,149
17510,,,,1.0,1.0,4.0,82.82,500,127
17511,,,,2.0,1.0,4.0,96.55,505,183
17512,,,,1.0,1.0,4.0,97.54,506,210
17513,,,,2.0,1.0,2.0,33.8,509,138
17514,,,,1.0,1.0,3.0,38.53,510,145
17515,,,,1.0,1.0,3.0,91.18,501,139
17516,,,,1.0,1.0,3.0,90.83,504,160
17517,,,,2.0,1.0,2.0,50.27,506,130
17518,,,,3.0,1.0,3.0,33.85,505,111
17519,,,,3.0,1.0,3.0,51.81,504,119
17520,,,,1.0,1.0,4.0,96.07,505,172
17521,,,,1.0,1.0,3.0,,510,132
17522,,,,1.0,1.0,3.0,72.35,505,130
17523,,,,1.0,1.0,3.0,21.28,506,110
17524,,,,3.0,1.0,4.0,94.41,411,135
17525,,,,1.0,1.0,4.0,,601,198
17526,,,,1.0,1.0,4.0,72.28,506,137
17527,,,,1.0,1.0,1.0,48.71,604,165
17528,,,,4.0,1.0,1.0,,,
17529,,,,1.0,1.0,3.0,82.58,505,143
17530,,,,3.0,1.0,4.0,,507,
17531,,,,1.0,1.0,3.0,43.9,507,126
17532,,,,1.0,1.0,4.0,97.98,507,190
17533,,,,1.0,1.0,4.0,40.93,511,135
17534,,,,1.0,1.0,5.0,95.24,502,156
17535,,,,1.0,1.0,2.0,16.85,511,133
17536,,,,2.0,1.0,,68.86,508,143
17537,,,,1.0,1.0,5.0,97.95,507,209
17538,,,,2.0,1.0,2.0,75.82,505,130
17539,,,,1.0,5.0,1.0,,506,
17540,,,,2.0,1.0,3.0,74.52,601,168
17541,,,,2.0,1.0,,92.25,509,179
17542,,,,1.0,1.0,2.0,10.14,510,120
17543,,,,1.0,1.0,2.0,30.16,502,102
17544,,,,1.0,3.0,3.0,52.56,503,115
17545,,,,1.0,2.0,,13.74,503,107
17546,,,,1.0,1.0,,79.58,510,160
17547,,,,2.0,1.0,2.0,27.0,507,115
17548,,,,1.0,1.0,4.0,71.98,509,150
17549,,,,4.0,1.0,4.0,,504,1*
17550,,,,1.0,1.0,4.0,96.87,508,190
17551,,,,always online,1.0,,12.05,501,92
17552,,,,1.0,1.0,3.0,8.74,600,132
17553,,,,3.0,1.0,3.0,80.51,509,154
17554,,,,1.0,1.0,4.0,84.85,508,156
17555,,,,3.0,3.0,3.0,26.58,511,138
17556,,,,2.0,1.0,4.0,87.31,501,132
17557,,,,3.0,1.0,3.0,70.99,507,137
17558,,,,1.0,1.0,4.0,94.26,510,195
17559,,,,2.0,1.0,4.0,96.36,506,180
17560,,,,1.0,1.0,3.0,59.83,506,130
17561,,,,4.0,3.0,3.0,28.55,505,112
17562,,,,6.0,5.0,4.0,54.39,504,120
17563,,,,8.0,4.0,3.0,93.83,502,154
17564,,,,3.0,5.0,4.0,22.69,509,120
17565,,,,8.0,1.0,5.0,36.83,500,095
17566,,,,6.0,3.0,4.0,67.11,501,110
17567,,,,6.0,4.0,2.0,48.22,503,110
17568,,,,6.0,2.0,2.0,95.21,506,170
17569,,,,8.0,3.0,5.0,94.54,506,175
17570,,,,4.0,5.0,2.0,43.63,509,138
17571,,,,7.0,3.0,2.0,,505,154
17572,,,,8.0,5.0,4.0,42.55,500,100
17573,,,,6.0,3.0,4.0,96.71,502,165
17574,,,,8.0,5.0,3.0,98.94,600,246
17575,,,,8.0,3.0,2.0,82.88,503,138
17576,,,,8.0,3.0,3.0,8.68,502,095
17577,,,,8.0,,1.0,80.08,502,130
17578,,,,8.0,4.0,5.0,47.96,510,140
17579,,,,6.0,3.0,4.0,93.33,504,160
17580,,,,2.0,2.0,2.0,35.74,509,130
17581,,,,4.0,1.0,4.0,30.76,511,140
17582,,,,8.0,5.0,1.0,98.69,506,221
17583,,,,8.0,5.0,2.0,62.39,503,125
17584,,,,8.0,5.0,1.0,74.19,505,135
17585,,,,8.0,5.0,4.0,88.26,411,125
17586,,,,7.0,4.0,2.0,,502,
17587,,,,6.0,4.0,3.0,96.77,501,175
17588,,,,8.0,5.0,2.0,98.99,504,250
17589,,,,2.0,2.0,2.0,83.38,510,175
17590,,,,6.0,3.0,5.0,,507,134
17591,,,,1.0,,,33.67,503,110
17592,,,,8.0,,2.0,,6,190
17593,,,,6.0,,3.0,25.61,509,130
17594,,,,8.0,,1.0,31.69,511,145
17595,,,,7.0,,2.0,9.27,507,118
17596,,,,8.0,,2.0,66.67,510,155
17597,,,,7.0,,3.0,49.24,508,136
17598,,,,6.0,,2.0,97.26,511,230
17599,,,,6.0,,4.0,84.51,509,170
17600,,,,8.0,,1.0,98.86,507,210
17601,,,,6.0,,4.0,98.03,506,219
17602,,,,1.0,,3.0,,,
17603,,,,6.0,,3.0,11.27,504,108
17604,,,,6.0,,4.0,81.98,503,137
17605,,,,7.0,,4.0,,510,
17606,,,,6.0,,2.0,,504,
17607,,,,6.0,,4.0,41.23,503,113
17608,,,,3.0,,3.0,99.31,602,280
17609,,,,7.0,,2.0,83.91,504,150
17610,,,,6.0,,3.0,42.05,600,155
17611,,,,8.0,,4.0,29.32,603,165
17612,,,,7.0,,6.0,33.26,507,130
17613,,,,3.0,,,79.76,504,145
17614,,,,2.0,A,3.0,95.96,507,191
17615,,,,1.0,,4.0,,,148
17616,,,,8.0,,,97.14,509,201
17617,,,,1.0,,4.0,,510,399
17618,,,,4.0,,3.0,92.72,504,158
17619,,,,8.0,,6.0,84.15,500,123
17620,,,,1.0,,4.0,97.57,506,185
17621,,,,6.0,,1.0,98.06,502,180
17622,,,,6.0,,4.0,,600,172
17623,,,,4.0,,4.0,46.48,507,130
17624,,,,8.0,,5.0,68.36,503,126
17625,,,,6.0,,4.0,,600,117
17626,,,,8.0,,4.0,,505,
17627,,,,8.0,,3.0,,507,
17628,,,,6.0,,1.0,,506,
17629,,,,8.0,,3.0,1.43,601,121
17630,,,,6.0,,5.0,81.86,508,160
17631,,,,3.0,,,48.61,502,114
17632,,,,8.0,,3.0,87.98,509,175
17633,,,,6.0,,4.0,38.6,502,110
17634,,,,7.0,,2.0,28.83,603,160
17635,,,,8.0,,,54.37,601,165
17636,,,,6.0,,7.0,25.01,501,100
17637,,,,8.0,,,90.69,502,145
17638,,,,6.0,,1.0,93.44,607,247
17639,,,,6.0,,,69.42,507,143
17640,,,,6.0,,2.0,65.92,511,163
17641,,,,8.0,,2.0,11.58,511,134
17642,,,,8.0,,4.0,65.23,507,145
17643,,,,6.0,,4.0,81.94,504,145
17644,,,,6.0,,4.0,16.74,601,145
17645,,,,6.0,,4.0,52.95,510,152
17646,,,,2.0,,2.0,51.58,507,138
17647,,,,6.0,,3.0,96.6,601,225
17648,,,,6.0,,3.0,93.58,504,165
17649,,,,2.0,,1.0,99.84,510,315
17650,,,,4.0,,5.0,84.46,509,160
17651,,,,7.0,,2.0,41.16,511,140
17652,,,,1.0,,3.0,43.64,511,146
17653,,,,6.0,,,56.12,505,127
17654,,,,6.0,,5.0,31.09,600,140
17655,,,,6.0,,4.0,88.21,603,201
17656,,,,6.0,,4.0,95.56,603,225
17657,,,,6.0,,5.0,56.79,508,140
17658,,,,4.0,,1.0,43.63,510,138
17659,,,,6.0,,4.0,93.43,501,145
17660,,,,1.0,,3.0,90.42,603,200
17661,,,,6.0,,2.0,50.87,502,110
17662,,,,1.0,,2.0,13.15,501,095
17663,,,,8.0,,4.0,19.13,507,120
17664,,,,8.0,,3.0,43.09,507,130
17665,,,,8.0,,2.0,67.16,502,123
17666,,,,5.0,,3.0,9.79,505,108
17667,,,,6.0,,2.0,,,
17668,,,,6.0,,2.0,65.89,506,140
17669,,,,8.0,,5.0,,504,
17670,,,,6.0,,1.0,,506,
17671,,,,7.0,,4.0,,6,165
17672,,,,6.0,,3.0,71.9,502,126
17673,,,,5.0,,3.0,89.08,510,178
17674,,,,7.0,,4.0,77.2,502,130
17675,,,,4.0,,3.0,34.55,509,134
17676,,,,8.0,,4.0,13.75,600,140
17677,,,,6.0,,4.0,98.65,601,250
17678,,,,8.0,,2.0,75.38,602,180
17679,,,,8.0,,1.0,,6,
17680,,,,1.0,,2.0,48.99,510,150
17681,,,,4.0,,3.0,97.27,502,175
17682,,,,7.0,,4.0,99.89,508,346
17683,,,,8.0,,5.0,,5,175
17684,,,,1.0,,3.0,,709,355
17685,,,,8.0,,3.0,98.71,509,225
17686,,,,7.0,,5.0,85.71,504,150
17687,,,,8.0,,6.0,80.07,503,135
17688,,,,6.0,,4.0,,,
17689,,,,6.0,,3.0,45.32,503,117
17690,,,,8.0,,4.0,41.03,509,140
17691,,,,1.0,,1.0,,610,135
17692,,,,6.0,,,85.25,501,135
17693,,,,8.0,,,,504,190
17694,,,,1.0,,6.0,,711,123
17695,,,,6.0,,4.0,51.66,508,140
17696,,,,6.0,,5.0,15.52,601,135
17697,,,,6.0,,3.0,92.81,505,170
17698,,,,6.0,,4.0,29.93,504,115
17699,,,,7.0,,4.0,96.87,511,215
17700,,,,8.0,,4.0,49.16,502,116
17701,,,,6.0,,4.0,20.57,511,135
17702,,,,2.0,,5.0,92.59,600,202
17703,,,,6.0,,2.0,91.28,602,215
17704,,,,7.0,,4.0,47.13,507,135
17705,,,,3.0,,7.0,43.15,602,169
17706,,,,4.0,,5.0,6.34,603,140
17707,,,,5.0,,4.0,,711,1
17708,,,,7.0,,2.0,15.75,503,97
17709,,,,1.0,,6.0,99.38,507,230
17710,,,,8.0,,4.0,7.64,505,110
17711,,,,4.0,,,80.06,509,165
17712,,,,8.0,,3.0,,,
17713,,,,6.0,,4.0,49.64,508,142
17714,,,,4.0,,6.0,78.32,508,150
17715,,,,6.0,,2.0,81.71,505,142
17716,,,,8.0,,4.0,,609,69
17717,,,,5.0,,3.0,70.67,501,122
17718,,,,8.0,,2.0,90.28,502,150
17719,,,,6.0,,5.0,56.48,507,135
17720,,,,8.0,,6.0,,609,399
17721,,,,6.0,,3.0,57.96,502,120
17722,,,,2.0,,4.0,42.73,505,130
17723,,,,8.0,,4.0,,510,125
17724,,,,6.0,,3.0,90.58,509,170
17725,,,,8.0,,5.0,99.77,510,295
17726,,,,6.0,,2.0,60.52,503,124
17727,,,,3.0,,5.0,98.44,509,220
17728,,,,5.0,,4.0,,,
17729,,,,7.0,,4.0,34.1,500,97
17730,,,,6.0,,5.0,26.56,602,160
17731,,,,8.0,,7.0,72.98,505,140
17732,,,,8.0,,3.0,21.67,511,140
17733,,,,7.0,,2.0,88.31,505,155
17734,,,,6.0,,5.0,78.35,506,150
17735,,,,8.0,,6.0,56.12,505,124
17736,,,,8.0,,1.0,94.46,507,180
17737,,,,6.0,,3.0,84.3,601,195
17738,,,,6.0,,4.0,62.47,506,132
17739,,,,8.0,,3.0,14.81,510,137
17740,,,,6.0,,4.0,97.73,411,170
17741,,,,6.0,,6.0,,508,135
17742,,,,8.0,,4.0,48.61,600,163
17743,,,,1.0,,,99.79,508,280
17744,,,,6.0,,4.0,29.09,507,120
17745,,,,7.0,,4.0,87.47,507,155
17746,,,,8.0,,5.0,28.6,506,125
17747,,,,6.0,,4.0,35.49,507,125
17748,,,,4.0,,4.0,45.52,601,150
17749,,,,6.0,,4.0,30.34,501,102
17750,,,,6.0,,3.0,,511,290
17751,,,,8.0,,1.0,40.79,505,120
17752,,,,8.0,,5.0,99.24,600,260
17753,,,,3.0,,4.0,8.78,509,115
17754,,,,8.0,,5.0,5.21,508,115
17755,,,,6.0,,,97.17,600,230
17756,,,,8.0,,3.0,87.56,505,150
17757,,,,6.0,,4.0,94.26,509,190
17758,,,,6.0,,3.0,13.06,504,105
17759,,,,6.0,,2.0,96.92,509,190
17760,,,,6.0,,6.0,53.7,602,170
17761,,,,6.0,,3.0,47.48,508,140
17762,,,,1.0,,5.0,52.77,501,108
17763,,,,7.0,,5.0,51.07,511,159
17764,,,,7.0,,3.0,97.78,500,170
17765,,,,8.0,,,68.08,600,170
17766,,,,2.0,,2.0,94.79,500,155
17767,,,,6.0,,4.0,77.69,503,132
17768,,,,8.0,,3.0,50.87,502,110
17769,,,,6.0,,6.0,,505,125
17770,,,,6.0,,5.0,92.69,509,185
17771,,,,8.0,,,58.54,503,123
17772,,,,1.0,,4.0,27.91,510,140
17773,,,,8.0,,5.0,93.88,504,170
17774,,,,6.0,,2.0,49.07,504,125
17775,,,,8.0,,3.0,79.67,600,180
17776,,,,7.0,,7.0,99.51,506,233
17777,,,,8.0,,6.0,74.24,508,155
17778,,,,8.0,,4.0,4.16,504,96
17779,,,,8.0,,5.0,97.76,505,200
17780,,,,8.0,,4.0,44.3,502,110
17781,,,,4.0,,5.0,90.43,503,150
17782,,,,4.0,,1.0,35.71,602,165
17783,,,,6.0,,3.0,58.41,506,138
17784,,,,4.0,,3.0,25.29,600,142
17785,,,,6.0,,3.0,98.6,505,198
17786,,,,6.0,,5.0,,711,230
17787,,,,6.0,,5.0,62.36,505,135
17788,,,,1.0,,5.0,47.96,510,140
17789,,,,8.0,,4.0,78.5,507,145
17790,,,,4.0,,5.0,77.73,501,120
17791,,,,8.0,,2.0,85.29,505,150
17792,,,,7.0,,3.0,30.7,505,120
17793,,,,5.0,,4.0,,504,
17794,,,,6.0,,4.0,62.36,505,135
17795,,,,8.0,,3.0,87.25,602,195
17796,,,,8.0,,4.0,47.96,510,140
17797,,,,6.0,,3.0,99.57,601,289
17798,,,,6.0,,2.0,87.37,510,175
17799,,,,8.0,,3.0,80.98,601,180
17800,,,,8.0,,3.0,32.66,508,125
17801,,,,6.0,,4.0,71.86,507,140
17802,,,,5.0,,1.0,91.13,502,146
17803,,,,6.0,,5.0,90.08,510,185
17804,,,,6.0,,3.0,,505,120
17805,,,,5.0,,4.0,99.76,511,300
17806,,,,8.0,,4.0,48.88,505,128
17807,,,,8.0,,2.0,89.17,505,160
17808,,,,6.0,,3.0,40.55,503,110
17809,,,,5.0,,5.0,61.79,507,138
17810,,,,6.0,,4.0,96.82,600,217
17811,,,,5.0,,2.0,83.53,507,145
17812,,,,6.0,,3.0,74.44,602,190
17813,,,,8.0,,1.0,,711,100
17814,,,,1.0,,3.0,98.28,511,235
17815,,,,8.0,,4.0,52.67,501,105
17816,,,,8.0,,7.0,,711,
17817,,,,5.0,,2.0,81.25,504,140
17818,,,,1.0,,7.0,,,
17819,,,,6.0,,4.0,7.0,500,90
17820,,,,7.0,,1.0,,305,230
17821,,,,6.0,,4.0,8.87,510,125
17822,,,,5.0,,3.0,96.59,505,175
17823,,,,8.0,,3.0,,506,
17824,,,,7.0,,5.0,14.82,502,102
17825,,,,6.0,,4.0,37.26,508,135
17826,,,,7.0,,5.0,66.28,602,167
17827,,,,6.0,,4.0,74.05,510,170
17828,,,,6.0,,4.0,47.58,504,120
17829,,,,1.0,,3.0,62.41,602,170
17830,,,,7.0,,5.0,85.27,601,180
17831,,,,6.0,,3.0,98.3,510,230
17832,,,,6.0,,3.0,44.3,502,110
17833,,,,6.0,,4.0,88.11,502,140
17834,,,,6.0,,4.0,42.91,600,160
17835,,,,8.0,,,44.87,510,148
17836,,,,4.0,,4.0,53.34,506,127
17837,,,,6.0,,4.0,,504,
17838,,,,6.0,,3.0,64.21,503,128
17839,,,,8.0,,5.0,42.53,504,115
17840,,,,7.0,,3.0,63.26,508,149
17841,,,,6.0,,4.0,87.13,508,160
17842,,,,8.0,,,30.75,509,135
17843,,,,8.0,,4.0,6.0,503,99
17844,,,,8.0,,,87.13,508,160
17845,,,,6.0,,3.0,25.63,502,105
17846,,,,6.0,,3.0,97.32,505,180
17847,,,,6.0,,5.0,61.13,511,160
17848,,,,8.0,,4.0,58.54,503,123
17849,,,,6.0,,4.0,19.44,508,120
17850,,,,7.0,,3.0,16.65,509,120
17851,,,,8.0,,4.0,70.79,504,135
17852,,,,8.0,,2.0,,502,
17853,,,,3.0,,1.0,,304,399
17854,,,,8.0,,3.0,79.72,601,173
17855,,,,5.0,,,64.23,507,140
17856,,,,4.0,,3.0,98.37,506,195
17857,,,,6.0,,4.0,4.03,508,108
17858,,,,6.0,,4.0,21.29,503,105
17859,,,,6.0,,4.0,,503,
17860,,,,7.0,,5.0,47.28,509,135
17861,,,,8.0,,,29.7,510,145
17862,,,,4.0,,2.0,,609,230
17863,,,,6.0,,5.0,42.55,999,100
17864,,,,8.0,,3.0,36.69,508,130
17865,,,,6.0,,5.0,94.16,503,165
17866,,,,6.0,,4.0,86.04,509,170
17867,,,,6.0,,2.0,40.55,503,110
17868,,,,6.0,,3.0,95.09,510,200
17869,,,,8.0,,5.0,,503,
17870,,,,8.0,,3.0,56.68,603,170
17871,,,,6.0,,4.0,,605,36
17872,,,,5.0,,2.0,34.11,508,135
17873,,,,6.0,,5.0,78.29,506,147
17874,,,,4.0,,3.0,75.02,501,125
17875,,,,6.0,,3.0,95.09,510,200
17876,,,,1.0,,1.0,,507,
17877,,,,5.0,,4.0,52.09,506,135
17878,,,,8.0,,4.0,18.81,502,102
17879,,,,8.0,,4.0,,508,
17880,,,,8.0,,3.0,,502,
17881,,,,4.0,,2.0,95.13,505,172
17882,,,,8.0,,3.0,68.81,503,120
17883,,,,5.0,,3.0,90.09,510,180
17884,,,,3.0,,,57.44,505,120
17885,,,,6.0,,4.0,86.29,502,140
17886,,,,8.0,,4.0,68.08,600,170
17887,,,,6.0,,4.0,99.82,505,260
17888,,,,8.0,,3.0,20.28,503,99
17889,,,,8.0,,4.0,36.42,506,125
17890,,,,8.0,,3.0,76.98,507,153
17891,,,,6.0,,2.0,13.16,505,110
17892,,,,4.0,,5.0,70.41,502,125
17893,,,,6.0,,6.0,68.87,600,160
17894,,,,7.0,,4.0,98.16,507,200
17895,,,,6.0,,2.0,93.99,511,200
17896,,,,6.0,,3.0,86.88,503,140
17897,,,,2.0,,2.0,,507,
17898,,,,6.0,,6.0,47.25,508,135
17899,,,,8.0,,5.0,20.12,601,147
17900,,,,6.0,,4.0,,,
17901,,,,6.0,,2.0,41.9,500,97
17902,,,,8.0,,3.0,,409,
17903,,,,6.0,,3.0,99.0,508,224
17904,,,,7.0,,4.0,47.49,506,130
17905,,,,6.0,,1.0,47.58,504,120
17906,,,,8.0,,5.0,96.15,506,170
17907,,,,8.0,,1.0,90.63,505,160
17908,,,,8.0,,5.0,51.75,504,123
17909,,,,7.0,,,,600,
17910,,,,8.0,,,87.83,511,190
17911,,,,6.0,,5.0,,506,
17912,,,,7.0,,4.0,47.28,509,135
17913,,,,6.0,,4.0,46.08,503,115
17914,,,,8.0,,5.0,57.6,501,115
17915,,,,8.0,,4.0,,510,240
17916,,,,6.0,,4.0,80.37,601,190
17917,,,,7.0,,4.0,68.81,503,120
17918,,,,5.0,,3.0,15.23,508,122
17919,,,,7.0,,3.0,14.93,504,110
17920,,,,1.0,,4.0,69.16,511,155
17921,,,,7.0,,2.0,93.51,502,149
17922,,,,8.0,,2.0,63.81,507,142
17923,,,,2.0,,4.0,94.19,509,185
17924,,,,6.0,,4.0,55.21,503,113
17925,,,,7.0,,1.0,72.97,506,139
17926,,,,8.0,,5.0,57.96,502,120
17927,,,,8.0,,2.0,84.8,505,155
17928,,,,6.0,,6.0,44.36,506,126
17929,,,,6.0,,5.0,,503,120
17930,,,,,,3.0,,508,
17931,,,,6.0,,,74.35,504,135
17932,,,,4.0,,1.0,96.36,506,180
17933,,,,6.0,,,5.59,507,115
17934,,,,7.0,,4.0,86.48,506,150
17935,,,,6.0,,7.0,90.27,505,155
17936,,,,6.0,,4.0,35.67,504,115
17937,,,,6.0,,3.0,97.5,504,180
17938,,,,8.0,,3.0,,,
17939,,,,5.0,,5.0,73.31,508,160
17940,,,,8.0,,1.0,,711,280
17941,,,,6.0,,3.0,22.22,600,145
17942,,,,6.0,,5.0,93.13,602,215
17943,,,,5.0,,4.0,50.22,503,110
17944,,,,8.0,,3.0,36.09,503,105
17945,,,,6.0,,3.0,54.37,601,165
17946,,,,6.0,,5.0,23.9,505,110
17947,,,,8.0,,3.0,44.3,502,110
17948,,,,7.0,,,39.59,504,122
17949,,,,8.0,,,31.55,505,110
17950,,,,8.0,,2.0,98.82,505,202
17951,,,,6.0,,3.0,97.8,501,177
17952,,,,8.0,,2.0,64.19,505,134
17953,,,,6.0,,4.0,48.22,503,110
17954,,,,7.0,,5.0,62.39,503,125
17955,,,,6.0,,5.0,34.05,507,122
17956,,,,8.0,,4.0,95.09,510,200
17957,,,,5.0,,4.0,,,1
17958,,,,8.0,,5.0,42.28,505,125
17959,,,,6.0,,3.0,67.62,508,147
17960,,,,8.0,,3.0,71.83,500,110
17961,,,,6.0,,1.0,0.8,506,98
17962,,,,6.0,,4.0,44.6,504,123
17963,,,,7.0,,2.0,74.82,411,112
17964,,,,6.0,,5.0,98.06,503,176
17965,,,,6.0,,5.0,57.72,603,165
17966,,,Grade 10,6.0,,6.0,,502,130
17967,,,,8.0,,1.0,,711,135
17968,,,,4.0,,2.0,17.21,509,130
17969,,,,8.0,,4.0,69.91,508,145
17970,,,,6.0,,1.0,,505,
17971,,,,8.0,,4.0,20.85,600,135
17972,,,,5.0,,2.0,94.42,502,160
17973,,,,6.0,,4.0,67.17,504,130
17974,,,,6.0,,4.0,93.34,506,170
17975,,,,7.0,,6.0,99.28,507,268
17976,,,,7.0,,4.0,62.41,602,170
17977,,,,7.0,,5.0,26.68,507,119
17978,,,,8.0,,4.0,47.08,504,125
17979,,,,6.0,,3.0,96.18,502,170
17980,,,,6.0,,4.0,,503,
17981,,,,8.0,,5.0,95.75,602,216
17982,,,,8.0,,3.0,72.86,503,129
17983,,,,5.0,,3.0,30.7,505,120
17984,,,,8.0,,4.0,96.87,511,215
17985,,,,6.0,,3.0,68.28,507,145
17986,,,,4.0,,5.0,93.19,502,148
17987,,,,5.0,,4.0,58.52,605,170
17988,,,,8.0,,3.0,,506,140
17989,,,,4.0,,6.0,47.96,510,140
17990,,,,6.0,,4.0,62.87,504,130
17991,,,,6.0,,5.0,25.1,506,120
17992,,,,8.0,,3.0,97.12,503,175
17993,,,,6.0,,5.0,81.39,602,192
17994,,,,1,5,6.0,86.82,509,158
17995,,,,8.0,,,66.09,502,120
17996,,,,6.0,,4.0,38.32,604,165
17997,,,,8.0,,3.0,15.3,505,106
17998,,,,5.0,,3.0,69.87,505,135
17999,,,,6.0,,4.0,72.84,511,168
18000,,,,8.0,,2.0,89.83,506,160
18001,,,,8.0,,1.0,99.77,507,270
18002,,,,6.0,,7.0,93.88,504,170
18003,,,,6.0,,4.0,98.14,602,240
18004,,,,8.0,,3.0,89.59,506,170
18005,,,,7.0,,1.0,,502,110
18006,,,,5.0,,4.0,24.37,507,120
18007,,,,3.0,,3.0,51.74,600,160
18008,,,,8.0,,3.0,84.15,508,155
18009,,,,8.0,,5.0,97.32,505,194
18010,,,,6.0,,4.0,,507,
18011,,,,8.0,,2.0,,609,140
18012,,,,8.0,,,74.81,604,195
18013,,,,7.0,,5.0,high,509,140
18014,,,,7.0,,2.0,61.27,410,105
18015,,,,8.0,,4.0,,506,130
18016,,,,7.0,,3.0,42.91,600,160
18017,,,,6.0,,4.0,57.03,507,138
18018,,,,5.0,,3.0,14.66,509,122
18019,,,,6.0,,3.0,,507,
18020,,,,6.0,,1.0,38.14,504,116
18021,,,,8.0,,2.0,42.53,504,115
18022,,,,6.0,,4.0,94.3,507,175
18023,,,,8.0,,3.0,95.44,508,185
18024,,,,8.0,,5.0,3.49,506,110
18025,,,,8.0,,5.0,92.4,600,185
18026,,,,5.0,,3.0,75.36,511,165
18027,,,,8.0,,3.0,91.46,502,150
18028,,,,8.0,,3.0,36.35,508,136
18029,,,,8.0,,3.0,98.54,502,196
18030,,,,4.0,,2.0,27.91,510,140
18031,,,,8.0,,3.0,26.56,602,160
18032,,,,8.0,,3.0,89.52,504,150
18033,,,,8.0,,2.0,,504,
18034,,,,6.0,,4.0,92.65,511,187
18035,,,,8.0,,3.0,,,
18036,,,,8.0,,4.0,26.49,509,125
18037,,,,6.0,,4.0,62.19,506,135
18038,,Male ,,6.0,,3.0,92.35,410,124
18039,,,,8.0,,3.0,79.69,506,145
18040,,,,6.0,,5.0,50.29,503,114
18041,,,,6.0,,5.0,99.46,508,300
18042,,,,8.0,,3.0,98.91,506,260
18043,,,,7.0,,4.0,51.74,600,160
18044,,,,5.0,,7.0,98.76,601,249
18045,,,,6.0,,2.0,13.26,502,95
18046,,M,,8.0,,,,509,130
18047,,,,6.0,,3.0,,510,180
18048,,,,6.0,,3.0,33.67,503,110
18049,,,,6.0,,5.0,88.11,507,156
18050,,,,6.0,,4.0,97.56,509,209
18051,,,,8.0,,2.0,,500,
18052,,,,8.0,,5.0,85.19,509,166
18053,,,,4.0,,3.0,21.4,600,140
18054,,,,8.0,,4.0,96.3,510,197
18055,,,,6.0,,3.0,86.36,506,145
18056,,,,4.0,,2.0,62.87,504,130
18057,,,,8.0,,2.0,74.26,503,127
18058,,,,1.0,,4.0,54.39,504,120
18059,,,,7.0,,3.0,86.31,505,148
18060,,,,8.0,,2.0,,509,190
18061,,,,8.0,,5.0,47.98,509,140
18062,,,,6.0,,3.0,45.43,505,122
18063,,,,8.0,,2.0,61.69,502,120
18064,,,,8.0,,1.0,59.77,509,145
18065,,,,1.0,,3.0,,300,69
18066,,,,1.0,,5.0,11.91,511,130
18067,,,,8.0,,,54.83,506,131
18068,,,,8.0,,2.0,84.68,502,135
18069,,,,8.0,,4.0,35.67,504,115
18070,,,,8.0,,3.0,69.84,506,145
18071,,,,5.0,,5.0,75.4,511,175
18072,,,,6.0,,4.0,71.41,503,125
18073,,,,7.0,,4.0,7.96,509,124
18074,,,,8.0,,5.0,1.69,508,110
18075,,,,8.0,,4.0,60.48,600,165
18076,,,,8.0,,3.0,52.01,505,125
18077,,,,8.0,,4.0,,502,115
18078,,,,6.0,,4.0,35.74,509,130
18079,,,,6.0,,2.0,85.11,504,135
18080,,,,6.0,,1.0,,601,
18081,,,,1.0,,4.0,89.99,511,189
18082,,,,6.0,,5.0,62.76,600,156
18083,,,,4.0,,3.0,86.63,504,150
18084,,,,8.0,,3.0,37.58,506,120
18085,,,,6.0,,3.0,93.29,602,210
18086,,,,6.0,,5.0,80.71,507,147
18087,,,,7.0,,4.0,56.13,502,115
18088,,,,8.0,,4.0,90.19,600,185
18089,,,,6.0,,4.0,11.08,509,130
18090,,,,8.0,,2.0,87.87,503,148
18091,,,,6.0,,4.0,,,107
18092,,,,7.0,,5.0,84.01,602,178
18093,,,,8.0,,4.0,31.38,600,145
18094,,,,6.0,,4.0,36.67,508,123
18095,,,,6.0,,5.0,94.46,506,167
18096,,,,7.0,,4.0,39.47,509,127
18097,,,,6.0,,2.0,70.67,503,130
18098,,,,7.0,,3.0,99.54,510,265
18099,,,,6.0,,4.0,77.88,504,138
18100,,,,6.0,,3.0,48.99,510,150
18101,,,,5.0,,,26.8,508,119
18102,,,,1.0,,5.0,34.11,508,135
18103,,,,6.0,,3.0,27.91,510,140
18104,,,,7.0,,5.0,63.79,506,132
18105,,,,6.0,,3.0,67.83,504,133
18106,,,,6.0,,5.0,,502,
18107,,,,6.0,,5.0,56.25,504,124
18108,,,,6.0,,5.0,98.65,507,205
18109,,,,8.0,,2.0,80.79,510,168
18110,,,,6.0,,2.0,84.68,502,135
18111,,,,7.0,,,48.32,510,145
18112,,,,4.0,,5.0,50.14,501,104
18113,,,,8.0,,3.0,78.57,501,130
18114,,,,6.0,,4.0,63.8,508,140
18115,,,,6.0,,1.0,,409,130
18116,,,,6.0,,4.0,14.39,504,100
18117,,,,6.0,,2.0,47.98,509,140
18118,,,,2.0,,4.0,1.08,504,90
18119,,,,1.0,,2.0,,601,
18120,,,,8.0,,5.0,97.32,505,180
18121,,,,8.0,,5.0,35.49,507,125
18122,,,,6.0,,4.0,75.23,502,123
18123,,,,5.0,,4.0,75.68,502,120
18124,,,,7.0,,3.0,79.64,507,146
18125,,,,6.0,,4.0,85.49,504,140
18126,,,,8.0,,7.0,,511,295
18127,,,,6.0,,2.0,29.95,500,100
18128,,,,6.0,,2.0,38.28,506,125
18129,,,,8.0,,,46.08,503,115
18130,,,,7.0,,4.0,55.37,503,112
18131,,,,8.0,,5.0,30.7,505,120
18132,,,,6.0,,1.0,94.7,509,187
18133,,,,8.0,,4.0,94.45,503,170
18134,,,,8.0,,4.0,88.87,504,140
18135,,,,6.0,,1.0,,502,
18136,,,,5.0,,5.0,,,
18137,,,,6.0,,4.0,41.89,503,107
18138,,,,6.0,,5.0,32.79,502,103
18139,,,,7.0,,4.0,59.83,506,130
18140,,,,6.0,,,51.78,511,150
18141,,,,7.0,,3.0,96.93,602,230
18142,,,,8.0,,3.0,81.1,506,150
18143,,,,1.0,,7.0,,5,140
18144,,,,7.0,,5.0,77.8,502,125
18145,,,,6.0,,1.0,98.71,505,200
18146,,,,6.0,,5.0,20.55,508,125
18147,,,,7.0,,5.0,70.18,601,170
18148,,,,8.0,,4.0,,506,
18149,,,,6.0,,2.0,98.82,511,245
18150,,,,8.0,,1.0,,606,100
18151,,,,6.0,,2.0,80.08,502,130
18152,,,,6.0,,4.0,21.4,600,140
18153,,,,8.0,,2.0,18.0,508,118
18154,,,,6.0,,2.0,92.26,506,165
18155,,,,6.0,,3.0,,504,
18156,,,,8.0,,1.0,,711,399
18157,,,,8.0,,5.0,80.98,601,180
18158,,,,8.0,,3.0,,610,238
18159,,,,6.0,,4.0,25.63,502,105
18160,,,,6.0,,5.0,52.56,503,115
18161,,,,1.0,,2.0,98.17,600,232
18162,,,,6.0,,2.0,,704,278
18163,,,,6.0,,4.0,,503,
18164,,,,6.0,,3.0,34.55,509,134
18165,,,,6.0,,4.0,2.37,604,143
18166,,,,6.0,,4.0,98.75,600,240
18167,,,,6.0,,5.0,17.58,506,120
18168,,,,6.0,,5.0,57.76,509,140
18169,,,,5.0,,3.0,86.0,507,148
18170,,,,8.0,,2.0,97.31,510,205
18171,,,,8.0,,4.0,79.31,507,155
18172,,,,6.0,,3.0,3.74,510,120
18173,,,,3.0,,,97.34,511,210
18174,,,,6.0,,1.0,96.68,508,193
18175,,,,6.0,,5.0,77.2,502,130
18176,,,,8.0,,5.0,,,
18177,,,,8.0,,2.0,79.94,504,140
18178,,,,4.0,,5.0,68.83,511,165
18179,,,,6.0,,3.0,23.38,505,115
18180,,,,8.0,,1.0,96.7,602,228
18181,,,,5.0,,5.0,30.83,508,125
18182,,,,8.0,,3.0,97.18,601,225
18183,,,,6.0,,3.0,83.32,501,130
18184,,,,2.0,,3.0,64.26,508,145
18185,,,,6.0,,1.0,,504,
18186,,,,7.0,,4.0,,505,
18187,,,,1.0,,4.0,36.72,506,116
18188,,,,6.0,,3.0,19.93,502,98
18189,,,,6.0,,4.0,52.12,511,155
18190,,,,5.0,,3.0,68.33,504,135
18191,,,,6.0,,6.0,40.93,511,135
18192,,,,3.0,,3.0,,504,
18193,,,,8.0,,1.0,97.88,503,190
18194,,,,6.0,,4.0,80.98,601,180
18195,,,,5.0,,6.0,39.83,507,120
18196,,,,1.0,,3.0,49.18,511,158
18197,,,,6.0,,1.0,14.95,510,129
18198,,,,8.0,,3.0,99.59,509,260
18199,,,,8.0,,6.0,84.5,503,140
18200,,,,8.0,,1.0,,7,
18201,,,,8.0,,4.0,81.63,502,125
18202,,,,6.0,,4.0,94.76,506,185
18203,,,,6.0,,4.0,90.43,503,150
18204,,,,7.0,,3.0,,509,120
18205,,,,8.0,,1.0,,300,399
18206,,,,8.0,,2.0,,,115
18207,,,,4.0,,4.0,97.12,506,189
18208,,,,1.0,,1.0,99.22,504,204
18209,,,,4.0,,3.0,98.98,504,196
18210,,,,8.0,,3.0,27.78,503,105
18211,,,,6.0,,6.0,53.02,505,128
18212,,,,5.0,,3.0,75.58,504,136
18213,,,,1.0,,5.0,80.48,511,175
18214,,,,8.0,,4.0,95.76,601,225
18215,,,,8.0,,4.0,92.39,508,180
18216,,,,2.0,,3.0,84.61,503,143
18217,,,,5.0,,3.0,,511,180
18218,,,,8.0,,4.0,53.97,504,120
18219,,,,6.0,,4.0,98.39,505,220
18220,,,,7.0,,4.0,,505,136
18221,,,,5.0,,2.0,93.88,504,170
18222,,,,8.0,,3.0,,601,165
18223,,,,8.0,,4.0,74.22,509,145
18224,,,,5.0,,4.0,57.49,509,135
18225,,,,6.0,,3.0,57.01,509,140
18226,,,,6.0,,4.0,91.4,408,125
18227,,,,8.0,,3.0,,7,97
18228,,,,6.0,,3.0,41.76,600,150
18229,,,,8.0,,7.0,64.75,500,114
18230,,,,7.0,,4.0,92.38,507,175
18231,,,,8.0,,4.0,15.52,509,125
18232,,,,6.0,,5.0,60.09,511,150
18233,,,,8.0,,5.0,61.88,502,115
18234,,,,4.0,,,99.3,602,284
18235,,,,8.0,,4.0,94.46,506,167
18236,,,,6.0,,4.0,76.31,505,140
18237,,,,2.0,,1.0,99.85,600,330
18238,,,,8.0,,5.0,48.67,506,125
18239,,,,6.0,,3.0,2.12,600,120
18240,,,,1.0,,1.0,97.33,411,165
18241,,,,6.0,,5.0,96.68,508,193
18242,,,,8.0,,4.0,48.82,506,125
18243,,,,8.0,,4.0,64.23,507,140
18244,,,,8.0,,3.0,84.59,600,186
18245,,,,6.0,,5.0,,711,399
18246,,,,6.0,,4.0,,504,
18247,,,,6.0,,1.0,,505,215
18248,,,,8.0,,4.0,76.13,507,145
18249,,,,6.0,,2.0,45.17,507,132
18250,,,,5.0,,3.0,16.96,505,112
18251,,,,8.0,,1.0,7.78,510,120
18252,,,,8.0,,5.0,97.18,504,193
18253,,,,7.0,,4.0,85.85,500,125
18254,,,,6.0,,4.0,90.06,502,140
18255,,,,7.0,,1.0,,711,152
18256,,,,1.0,,1.0,97.3,506,195
18257,,,,6.0,,2.0,82.12,410,110
18258,,,,6.0,,2.0,2.62,506,100
18259,,,,8.0,,1.0,70.84,601,165
18260,,,,7.0,,3.0,87.19,510,185
18261,,,,6.0,,4.0,98.26,508,205
18262,,,,6.0,,2.0,78.11,504,135
18263,,,,6.0,,3.0,87.86,500,136
18264,,,,8.0,,2.0,25.61,509,130
18265,,,,8.0,,3.0,,508,
18266,,,,7.0,,3.0,64.96,508,150
18267,,,,7.0,,4.0,67.66,504,135
18268,,,,8.0,,3.0,,509,
18269,,,,6.0,,4.0,29.37,509,140
18270,,,,7.0,,1.0,,411,
18271,,,,6.0,,3.0,96.41,509,205
18272,,,,8.0,,3.0,63.89,501,110
18273,,,,6.0,,5.0,53.35,508,130
18274,,,,7.0,,3.0,62.96,503,120
18275,,,,8.0,,3.0,,506,123
18276,,,,8.0,,1.0,,503,139
18277,,,,3.0,,3.0,18.46,504,110
18278,,,,5.0,,3.0,95.79,600,210
18279,,,,8.0,,6.0,88.77,600,182
18280,,,,8.0,,3.0,75.39,501,120
18281,,,,8.0,,3.0,85.97,503,142
18282,,,,7.0,,2.0,86.35,505,149
18283,,,,8.0,,4.0,6.46,508,118
18284,,,,6.0,,5.0,,505,
18285,,,,7.0,,4.0,66.71,504,130
18286,,,,5.0,,3.0,,510,200
18287,,,,8.0,,2.0,,,
18288,,,,5.0,,3.0,,6,165
18289,,,,7.0,,4.0,66.85,510,160
18290,,,,6.0,,1.0,,,
18291,,,,6.0,,4.0,,501,
18292,,,,6.0,,3.0,80.86,501,130
18293,,,,5.0,,4.0,78.5,507,145
18294,,,,6.0,,4.0,3.04,508,116
18295,,,,6.0,,2.0,67.0,507,138
18296,,,,8.0,,6.0,47.52,505,120
18297,,,,8.0,,4.0,45.34,506,120
18298,,,,2.0,,4.0,96.6,503,180
18299,,,,7.0,,4.0,95.24,508,185
18300,,,,4.0,,,99.5,503,235
18301,,,,1.0,,3.0,91.89,600,200
18302,,,,8.0,,3.0,87.6,504,150
18303,,,,7.0,,4.0,,510,
18304,,,,8.0,,5.0,60.12,508,138
18305,,,,6.0,,5.0,45.06,505,115
18306,,,,6.0,,3.0,74.42,504,140
18307,,,,1.0,,5.0,92.26,506,165
18308,,,,6.0,,4.0,73.13,410,113
18309,,,,8.0,,1.0,75.71,509,160
18310,,,,7.0,,5.0,96.93,504,185
18311,,,,6.0,,5.0,54.64,604,185
18312,,,,8.0,,3.0,74.2,510,150
18313,,,,6.0,,4.0,71.67,506,138
18314,,,,8.0,,4.0,79.94,504,140
18315,,,,8.0,,3.0,69.88,408,100
18316,,,,8.0,,6.0,49.08,411,97
18317,,,,6.0,,4.0,73.06,507,150
18318,,,,6.0,,5.0,,506,
18319,,,,8.0,,7.0,57.02,505,130
18320,,,,8.0,,,80.86,501,130
18321,,,,8.0,,1.0,98.69,503,216
18322,,,,7.0,,4.0,,510,
18323,,,,6.0,,4.0,98.47,507,220
18324,,,,6.0,,4.0,82.19,503,140
18325,,,,6.0,,5.0,69.06,511,160
18326,,,,8.0,,3.0,95.13,504,172
18327,,,,8.0,,2.0,56.08,502,112
18328,,,,6.0,,1.0,90.38,503,150
18329,,,,6.0,,5.0,69.88,507,140
18330,,,,8.0,,2.0,,,140
18331,,,,7.0,,3.0,,506,115
18332,,,,6.0,,3.0,72.77,501,115
18333,,,,2.0,,5.0,96.02,507,198
18334,,,,7.0,,3.0,44.87,510,148
18335,,,,6.0,,4.0,67.12,600,160
18336,,,,6.0,,3.0,30.28,509,130
18337,,,,7.0,,3.0,53.97,504,120
18338,,,,6.0,,5.0,,505,
18339,,,,6.0,,5.0,76.51,504,130
18340,,,,6.0,,1.0,98.63,509,220
18341,,,,8.0,,4.0,57.76,509,140
18342,,,,1.0,,5.0,4.55,600,132
18343,,,,6.0,,2.0,90.19,600,185
18344,,,,8.0,,4.0,64.23,507,140
18345,,,,6.0,,3.0,50.12,504,115
18346,,,,1.0,,2.0,95.17,509,189
18347,,,,7.0,,5.0,,502,120
18348,,,,1.0,,3.0,97.82,507,220
18349,,,,1.0,,1.0,,507,1
18350,,,,7.0,,4.0,98.14,602,240
18351,,,,6.0,,4.0,78.55,505,135
18352,,,,6.0,,4.0,91.66,507,180
18353,,,,8.0,,4.0,89.28,500,130
18354,,,,7.0,,5.0,30.58,504,107
18355,,,,8.0,,3.0,98.85,510,230
18356,,,,8.0,,3.0,99.61,503,285
18357,,,,6.0,,4.0,37.15,509,130
18358,,,,7.0,,5.0,45.29,600,150
18359,,,,8.0,,3.0,99.75,504,250
18360,,,,5.0,,5.0,67.36,506,135
18361,,,,4.0,,2.0,74.11,509,150
18362,,,,8.0,,3.0,62.19,506,135
18363,,,,8.0,,2.0,61.88,502,115
18364,,,,6.0,,7.0,,501,360
18365,,,,8.0,,6.0,98.08,601,240
18366,,,,6.0,,2.0,60.77,600,170
18367,,,,1.0,,2.0,87.35,510,180
18368,,,,1.0,,3.0,,5,145
18369,,,,8.0,,1.0,52.96,511,160
18370,,,,8.0,,,61.11,500,110
18371,,,,6.0,,6.0,88.14,505,147
18372,,,,8.0,,4.0,26.31,501,98
18373,,,,5.0,,3.0,21.84,507,121
18374,,,,4.0,,4.0,91.05,503,143
18375,,,,6.0,,4.0,34.2,508,122
18376,,,,6.0,,3.0,79.56,600,185
18377,,,,8.0,,5.0,70.28,511,161
18378,,,,1.0,,3.0,0.75,601,130
18379,,,,6.0,,2.0,61.83,506,131
18380,,,,2.0,,6.0,96.73,510,200
18381,,,,6.0,,4.0,95.99,500,150
18382,,,,8.0,,4.0,91.77,502,140
18383,,,,6.0,,4.0,80.8,505,141
18384,,,,8.0,,4.0,,502,
18385,,,,8.0,,6.0,,410,85
18386,,,,6.0,,2.0,64.83,503,121
18387,,,,6.0,,4.0,,507,125
18388,,,,6.0,,3.0,92.31,508,185
18389,,,,8.0,,,82.54,506,150
18390,,,,1.0,,3.0,90.45,511,190
18391,,,,8.0,,6.0,81.4,501,125
18392,,,,6.0,,4.0,,510,165
18393,,,,8.0,,3.0,64.33,503,120
18394,,,,4.0,,4.0,,711,398
18395,,,,6.0,,2.0,83.96,506,150
18396,,,,6.0,,2.0,98.65,505,190
18397,,,,6.0,,3.0,,509,160
18398,,,,5.0,,3.0,79.37,510,165
18399,,,,6.0,,5.0,82.18,506,145
18400,,,,7.0,,3.0,96.19,501,170
18401,,,,5.0,,3.0,62.41,506,140
18402,,,,8.0,,2.0,90.63,505,160
18403,,,,6.0,,5.0,22.46,501,99
18404,,,,6.0,,4.0,74.2,510,150
18405,,,,6.0,,4.0,,,190
18406,,,,8.0,,4.0,91.1,411,130
18407,,,,7.0,,1.0,97.34,511,210
18408,,,,3.0,,4.0,75.68,502,120
18409,,,,8.0,,4.0,40.85,509,135
18410,,,,1.0,,3.0,,,
18411,,,,8.0,,3.0,95.88,411,157
18412,,,,8.0,,3.0,35.68,500,100
18413,,,,1.0,,3.0,51.58,507,138
18414,,,,8.0,,2.0,53.66,501,115
18415,,,,8.0,,5.0,40.75,502,106
18416,,,,8.0,,3.0,54.63,601,160
18417,,,,8.0,,1.0,82.11,409,110
18418,,,,5.0,,4.0,42.13,511,150
18419,,,,7.0,,4.0,0.0,510,100
18420,,,,8.0,,7.0,39.83,507,120
18421,,,,6.0,,4.0,33.65,506,115
18422,,,,6.0,,1.0,58.88,502,117
18423,,,,6.0,,4.0,58.09,505,125
18424,,,,6.0,,5.0,,505,
18425,,,,8.0,,4.0,20.55,508,125
18426,,,,5.0,,4.0,,5,
18427,,,,8.0,,4.0,90.7,506,166
18428,,,,6.0,,3.0,31.11,506,118
18429,,,,6.0,,4.0,,,
18430,,,,6.0,,6.0,,503,110
18431,,,,5.0,,4.0,,502,
18432,,,,8.0,,4.0,95.09,510,200
18433,,,,8.0,,4.0,99.76,509,280
18434,,,,6.0,,4.0,90.58,601,190
18435,,,,7.0,,3.0,98.85,510,230
18436,,,,8.0,,,68.08,600,170
18437,,,,6.0,,2.0,4.01,505,105
18438,,,,8.0,,5.0,,500,150
18439,,,,6.0,,4.0,11.76,508,120
18440,,,,8.0,,2.0,62.19,508,146
18441,,,,8.0,,4.0,13.16,505,110
18442,,,,8.0,,5.0,56.12,505,127
18443,,,,2.0,,3.0,41.04,502,100
18444,,,,7.0,,2.0,52.22,503,120
18445,,,,1.0,,,,409,
18446,,,,6.0,,2.0,,503,130
18447,,,,7.0,,,,509,150
18448,,,,3.0,,5.0,,506,
18449,,,,5.0,,1.0,74.35,504,135
18450,,,,8.0,,,52.22,503,120
18451,,,,8.0,,,,,
18452,,,,6.0,,5.0,84.98,511,170
18453,,,,8.0,,6.0,43.09,507,130
18454,,,,8.0,,5.0,1.35,411,80
18455,,,,8.0,,4.0,67.5,410,108
18456,,,,3.0,,3.0,27.61,602,146
18457,,,,2.0,,1.0,97.01,507,180
18458,,,,8.0,,4.0,,501,118
18459,,,,6.0,,,60.64,508,143
18460,,,,8.0,,3.0,99.46,506,230
18461,,,,8.0,,2.0,37.04,600,157
18462,,,,5.0,,4.0,,507,150
18463,,,,2.0,,3.0,,601,
18464,,,,5.0,,4.0,96.39,509,200
18465,,,,8.0,,2.0,,507,155
18466,,,,8.0,,3.0,25.63,502,105
18467,,,,6.0,,4.0,69.87,505,135
18468,,,,8.0,,3.0,98.77,509,223
18469,,,,1.0,,6.0,,,109
18470,,,,8.0,,6.0,29.09,507,120
18471,,,,8.0,,5.0,76.3,411,113
18472,,,,8.0,,6.0,,503,134
18473,,,,6.0,,4.0,,,
18474,,,,8.0,,4.0,,500,
18475,,,,1.0,,1.0,,300,0
18476,,,,6.0,,2.0,57.01,509,140
18477,,,,8.0,,3.0,,502,117
18478,,,,7.0,,3.0,54.82,505,120
18479,,,,8.0,,2.0,74.72,500,120
18480,,,,8.0,,,45.54,409,92
18481,,,,7.0,,4.0,9.23,509,125
18482,,,,4.0,,5.0,86.61,509,168
18483,,,,2.0,,4.0,57.44,501,107
18484,,,,6.0,,5.0,,506,
18485,,,,8.0,,2.0,38.46,505,119
18486,,,,6.0,,5.0,41.52,501,110
18487,,,,8.0,,1.0,98.47,504,217
18488,,,,7.0,,4.0,58.32,502,109
18489,,,,6.0,,3.0,82.39,411,118
18490,,,,6.0,,1.0,,505,
18491,,,,8.0,,5.0,46.58,509,130
18492,,,,8.0,,4.0,27.82,504,109
18493,,,,6.0,,,,506,
18494,,,,6.0,,4.0,67.0,505,130
18495,,,,6.0,,,96.74,502,170
18496,,,,6.0,,3.0,8.3,503,93
18497,,,,5.0,,1.0,47.22,505,120
18498,,,,8.0,,2.0,90.75,508,180
18499,,,,8.0,,3.0,35.44,502,104
18500,,,,6.0,,3.0,39.74,505,113
18501,,,,5.0,,4.0,25.77,602,155
18502,,,,8.0,,3.0,,509,155
18503,,,,6.0,,2.0,87.2,505,153
18504,,,,8.0,,5.0,74.86,507,140
18505,,,,5.0,,1.0,75.71,509,160
18506,,,,7.0,,5.0,69.25,501,116
18507,,,,7.0,,4.0,79.58,510,160
18508,,,,8.0,,3.0,68.67,500,118
18509,,,,7.0,,2.0,76.29,506,148
18510,,,,8.0,,1.0,67.58,503,128
18511,,,,6.0,,5.0,99.0,503,230
18512,,,,6.0,,4.0,44.31,504,120
18513,,,,8.0,,4.0,66.38,503,121
18514,,,,4.0,,3.0,,505,
18515,,,,6.0,,5.0,97.77,510,210
18516,,,,1.0,,3.0,18.62,600,143
18517,,,,6.0,,4.0,,504,
18518,,,,8.0,,1.0,97.9,505,196
18519,,,,6.0,,,93.81,505,170
18520,,,,6.0,,4.0,79.82,505,140
18521,,,,4.0,,4.0,21.09,506,120
18522,,,,5.0,,5.0,,,
18523,,,,8.0,,4.0,29.59,506,122
18524,,,,4.0,,3.0,,509,147
18525,,,,6.0,,5.0,96.97,507,196
18526,,,,6.0,,3.0,58.17,510,150
18527,,,,8.0,,,38.12,504,125
18528,,,,6.0,,3.0,61.88,502,115
18529,,,,4.0,,3.0,71.06,502,123
18530,,,,1.0,,3.0,60.12,508,138
18531,,,,6.0,,3.0,49.95,507,125
18532,,,,6.0,,5.0,72.62,505,137
18533,,,,2.0,,4.0,98.33,504,206
18534,,,,6.0,,2.0,,,5
18535,,,,6.0,,,93.71,507,180
18536,,,,6.0,,4.0,51.87,508,134
18537,,,,8.0,,3.0,40.39,508,129
18538,,,,6.0,,4.0,18.96,503,104
18539,,,,4.0,,2.0,10.07,503,105
18540,,,,6.0,,4.0,,503,
18541,,,,6.0,,3.0,71.2,511,165
18542,,,,2.0,,3.0,75.39,501,120
18543,,,,2.0,,4.0,,507,
18544,,,,8.0,,,54.05,508,135
18545,,,,6.0,,4.0,,609,199
18546,,,,8.0,,,75.32,411,115
18547,,,,6.0,,,69.61,502,116
18548,,,,8.0,,4.0,48.32,510,145
18549,,,,6.0,,4.0,78.32,508,150
18550,,,,8.0,,3.0,0.0,506,90
18551,,,,6.0,,,,503,120
18552,,,,6.0,,4.0,92.56,511,185
18553,,,,6.0,,5.0,72.98,505,140
18554,,,,5.0,,3.0,26.9,600,138
18555,,,,4.0,,4.0,,509,5
18556,,,,6.0,,3.0,83.35,501,127
18557,,,,3.0,,6.0,38.69,503,112
18558,,,,5.0,,6.0,29.46,511,130
18559,,,,8.0,,4.0,55.16,507,137
18560,,,,6.0,,3.0,,510,
18561,,,,8.0,,2.0,,501,
18562,,,,8.0,,3.0,88.44,501,137
18563,,,,8.0,,3.0,9.14,504,100
18564,,,,6.0,,5.0,1.4,507,100
18565,,,,6.0,,4.0,63.79,504,125
18566,,,,6.0,,4.0,56.96,503,117
18567,,,,8.0,,3.0,85.97,504,140
18568,,,,6.0,,4.0,86.25,503,140
18569,,,,8.0,,4.0,91.41,504,150
18570,,,,8.0,,5.0,95.26,501,160
18571,,,,8.0,,,99.03,504,230
18572,,,,6.0,,2.0,,509,
18573,,,,5.0,,5.0,97.34,511,210
18574,,,,6.0,,4.0,96.59,600,205
18575,,,,5.0,,4.0,92.23,505,150
18576,,,,5.0,,3.0,73.47,504,137
18577,,,,6.0,,,30.94,506,126
18578,,,,8.0,,3.0,44.75,509,143
18579,,,,7.0,,4.0,72.82,509,154
18580,,,,2.0,,1.0,31.07,507,125
18581,,,,8.0,,4.0,,402,127
18582,,,,6.0,,4.0,95.09,510,200
18583,,,,8.0,,4.0,93.27,508,180
18584,,,,8.0,,1.0,99.31,604,290
18585,,,,5.0,,5.0,66.85,510,160
18586,,,,8.0,,7.0,,609,240
18587,,,,6.0,,4.0,,507,157
18588,,,,6.0,,5.0,68.33,504,135
18589,,,,6.0,,4.0,49.48,504,118
18590,,,,8.0,,,95.94,501,160
18591,,,,7.0,,4.0,,411,140
18592,,,,6.0,,5.0,96.33,603,230
18593,,,,8.0,,6.0,,500,
18594,,,,8.0,,4.0,33.85,505,111
18595,,,,8.0,,2.0,40.85,507,130
18596,,,,6.0,,4.0,90.2,508,175
18597,,,,6.0,,2.0,78.75,508,160
18598,,,,6.0,,6.0,,601,
18599,,,,6.0,,4.0,,504,120
18600,,,,5.0,,4.0,97.57,508,209
18601,,,,1.0,,3.0,53.01,503,118
18602,,,,6.0,,5.0,97.43,600,218
18603,,,,8.0,,6.0,91.1,411,130
18604,,,,4.0,,3.0,89.79,505,150
18605,,,,8.0,,3.0,12.81,411,84
18606,,,,8.0,,5.0,,504,130
18607,,,,1.0,,4.0,96.51,407,130
18608,,,,6.0,,4.0,76.52,511,166
18609,,,,6.0,,3.0,,507,
18610,,,,8.0,,1.0,71.06,510,158
18611,,,,4.0,,4.0,,505,
18612,,,,4.0,,3.0,,511,1
18613,,,,6.0,,5.0,93.99,511,200
18614,,,,7.0,,2.0,96.48,506,187
18615,,,,8.0,,4.0,80.59,507,142
18616,,,,7.0,,1.0,35.05,505,120
18617,,,,6.0,,2.0,88.43,410,117
18618,,,,3.0,,5.0,67.74,505,125
18619,,,,5.0,,2.0,95.22,502,160
18620,,,,6.0,,2.0,97.02,509,200
18621,,,,6.0,,3.0,61.53,503,116
18622,,,,6.0,,3.0,87.91,601,190
18623,,,,8.0,,3.0,31.28,500,96
18624,,,,8.0,,5.0,99.93,509,350
18625,,,,7.0,,2.0,26.2,505,111
18626,,,,6.0,,4.0,63.62,510,143
18627,,,,6.0,,3.0,92.81,501,150
18628,,,,6.0,,1.0,15.55,510,125
18629,,,,8.0,,,86.31,602,199
18630,,,,6.0,,3.0,,502,
18631,,,,6.0,,4.0,82.17,601,170
18632,,,,6.0,,4.0,68.14,509,160
18633,,,,6.0,,4.0,37.58,506,120
18634,,,,8.0,,3.0,,410,110
18635,,,,6.0,,4.0,98.44,503,178
18636,,,,8.0,,4.0,83.39,508,150
18637,,,,8.0,,3.0,,,1
18638,,,,6.0,,5.0,52.31,504,115
18639,,,,8.0,,2.0,90.46,504,152
18640,,,,6.0,,4.0,74.22,506,140
18641,,,,6.0,,4.0,93.98,503,158
18642,,,,7.0,,5.0,73.2,500,120
18643,,,,8.0,,4.0,74.22,506,140
18644,,,,7.0,,5.0,,410,
18645,,,,3.0,,4.0,56.72,507,140
18646,,,,6.0,,5.0,54.4,411,108
18647,,,,5.0,,5.0,6.53,507,114
18648,,,,8.0,,4.0,99.74,510,289
18649,,,,8.0,,5.0,6.88,504,100
18650,,,,8.0,,5.0,90.19,600,185
18651,,,,6.0,,5.0,67.46,601,168
18652,,,,5.0,,6.0,87.99,511,180
18653,,,,7.0,,3.0,71.86,507,140
18654,,,,8.0,,6.0,67.5,502,118
18655,,,,6.0,,5.0,34.53,509,132
18656,,,,6.0,,6.0,74.74,600,170
18657,,,,8.0,,3.0,98.47,509,250
18658,,,,8.0,,2.0,,505,
18659,,,,6.0,,,52.92,503,112
18660,,,,5.0,,3.0,87.6,504,150
18661,,,,8.0,,6.0,91.84,503,160
18662,,,,7.0,,5.0,43.95,508,135
18663,,,,8.0,,3.0,,401,399
18664,,,,6.0,,4.0,,500,128
18665,,,,6.0,,4.0,83.23,510,164
18666,,,,8.0,,4.0,98.86,409,183
18667,,,,7.0,,4.0,73.88,510,155
18668,,,,8.0,,4.0,32.35,508,130
18669,,,,6.0,,3.0,14.82,502,102
18670,,,,5.0,,5.0,72.84,505,128
18671,,,,6.0,,5.0,93.84,504,166
18672,,,,6.0,,3.0,,507,160
18673,,,,6.0,,4.0,4.63,601,135
18674,,,,6.0,,1.0,47.52,505,120
18675,,,,8.0,,3.0,80.39,600,170
18676,,,,6.0,,3.0,94.63,506,180
18677,,,,6.0,,4.0,82.54,506,150
18678,,,,2.0,,4.0,,600,
18679,,,,7.0,,4.0,10.33,507,115
18680,,,,7.0,,7.0,4.74,500,84
18681,,,,6.0,,1.0,99.34,510,250
18682,,,,6.0,,4.0,94.24,411,142
18683,,,,8.0,,2.0,,607,72
18684,,,,6.0,,6.0,53.97,504,120
18685,,,,8.0,,5.0,94.58,502,153
18686,,,,6.0,,2.0,,505,
18687,,,,8.0,,3.0,59.21,604,188
18688,,,,1.0,,,71.86,507,140
18689,,,,7.0,,4.0,95.79,503,165
18690,,,,4.0,,4.0,97.53,511,212
18691,,,,8.0,,2.0,,509,
18692,,,,4.0,,4.0,,,
18693,,,,6.0,,3.0,95.13,601,200
18694,,,,6.0,,4.0,,503,
18695,,,,5.0,,4.0,97.11,509,205
18696,,,,,,,,505,
18697,,,,6.0,,4.0,,300,399
18698,,,,6.0,,4.0,85.73,506,149
18699,,,,3.0,,3.0,23.69,506,115
18700,,,,6.0,,2.0,94.18,507,170
18701,,,,6.0,,4.0,48.67,506,125
18702,,,,5.0,,4.0,74.24,503,130
18703,,,,6.0,,3.0,42.53,504,115
18704,,,,6.0,,2.0,96.11,502,156
18705,,,,6.0,,4.0,,506,5
18706,,,,6.0,,6.0,97.99,600,225
18707,,,,6.0,,3.0,70.58,500,115
18708,,,,8.0,,5.0,,501,142
18709,,,,6.0,,2.0,95.65,504,175
18710,,,,8.0,,,67.0,411,110
18711,,,,6.0,,3.0,92.37,505,155
18712,,,,6.0,,3.0,69.25,501,116
18713,,,,5.0,,3.0,77.29,508,154
18714,,,,6.0,,4.0,98.45,505,214
18715,,,,6.0,,4.0,30.86,600,135
18716,,,,7.0,,4.0,85.58,502,133
18717,,,,6.0,,4.0,,503,124
18718,,,,8.0,,4.0,0.11,505,90
18719,,,,6.0,,4.0,77.76,502,119
18720,,,,8.0,,3.0,94.38,506,183
18721,,,,8.0,,,63.68,601,160
18722,,,,8.0,,5.0,99.73,409,199
18723,,,,7.0,,1.0,95.75,505,180
18724,,,,6.0,,2.0,97.68,508,193
18725,,,,7.0,,3.0,49.18,511,158
18726,,,,8.0,,3.0,77.87,500,120
18727,,,,8.0,,3.0,37.27,503,113
18728,,,,6.0,,3.0,,503,
18729,,,,8.0,,4.0,31.25,502,105
18730,,,,6.0,,5.0,40.46,508,125
18731,,,,8.0,,1.0,62.69,411,110
18732,,,,8.0,,5.0,4.12,601,130
18733,,,,6.0,,3.0,72.82,506,145
18734,,,,1.0,,1.0,,506,
18735,,,,2.0,,3.0,64.23,507,140
18736,,,,6.0,,2.0,,,
18737,,,,6.0,,3.0,90.73,501,138
18738,,,,8.0,,2.0,27.2,505,120
18739,,,,6.0,,1.0,58.87,506,130
18740,,,,6.0,,3.0,,505,195
18741,,,,6.0,,1.0,52.12,507,125
18742,,,,6.0,,5.0,93.57,502,145
18743,,,,6.0,,2.0,28.42,500,95
18744,,,,5.0,,4.0,,,
18745,,,,8.0,,4.0,,602,197
18746,,,,7.0,,3.0,,508,
18747,,,,5.0,,4.0,14.41,507,115
18748,,,,6.0,,2.0,98.21,509,242
18749,,,,6.0,,2.0,81.61,507,143
18750,,,,8.0,,2.0,,501,
18751,,,,6.0,,2.0,87.03,502,135
18752,,,,6.0,,3.0,58.88,509,150
18753,,,,1.0,,5.0,59.82,507,130
18754,,,,8.0,,4.0,66.73,503,125
18755,,,,6.0,,4.0,,500,135
18756,,,,8.0,,2.0,95.98,510,195
18757,,,,6.0,,7.0,85.08,507,165
18758,,,,7.0,,1.0,,703,
18759,,,,4.0,,1.0,97.73,506,220
18760,,,,8.0,,2.0,19.43,505,108
18761,,,,8.0,,1.0,97.69,504,200
18762,,,,6.0,,3.0,89.83,506,160
18763,,,,8.0,,1.0,,504,
18764,,,,6.0,,3.0,36.21,506,120
18765,,,,6.0,,,99.85,508,315
18766,,,,6.0,,4.0,69.91,508,145
18767,,,,8.0,,4.0,73.72,510,160
18768,,,,8.0,,1.0,,502,
18769,,,,6.0,,4.0,46.08,503,115
18770,,,,7.0,,2.0,30.83,508,125
18771,,,,8.0,,4.0,93.58,600,200
18772,,,,5.0,,5.0,40.55,503,110
18773,,,,8.0,,4.0,,508,200
18774,,,,4.0,,5.0,,,
18775,,,,8.0,,2.0,97.99,507,206
18776,,,,8.0,,1.0,99.05,503,195
18777,,,,8.0,,1.0,19.06,505,113
18778,,,,6.0,,3.0,94.57,503,163
18779,,,,6.0,,2.0,94.89,509,183
18780,,,,6.0,,5.0,,502,
18781,,,,6.0,,,80.39,600,170
18782,,,,8.0,,2.0,34.22,502,110
18783,,,,8.0,,2.0,,600,
18784,,,,8.0,,3.0,,,
18785,,,,6.0,,4.0,73.78,506,138
18786,,,,8.0,,1.0,,310,398
18787,,,,6.0,,5.0,78.96,506,142
18788,,,,7.0,,5.0,,503,115
18789,,,,2.0,,4.0,,505,
18790,,,,6.0,,4.0,33.65,506,115
18791,,,,6.0,,3.0,53.66,508,135
18792,,,,5.0,,4.0,11.91,511,130
18793,,,,4.0,,2.0,90.32,507,165
18794,,,,8.0,,4.0,99.53,601,285
18795,,,,6.0,,5.0,95.67,507,180
18796,,,,8.0,,5.0,88.87,504,140
18797,,,,6.0,,3.0,95.16,511,210
18798,,,,6.0,,3.0,29.33,508,120
18799,,,,1.0,,3.0,,502,399
18800,,,,1.0,,1.0,63.8,508,140
18801,,,,5.0,,4.0,,504,128
18802,,,,8.0,,3.0,45.95,503,120
18803,,,,5.0,,3.0,,501,
18804,,,,6.0,,4.0,92.01,500,142
18805,,,,4.0,,3.0,52.23,509,142
18806,,,,5.0,,3.0,,508,
18807,,,,5.0,,4.0,46.34,507,127
18808,,,,6.0,,5.0,,,
18809,,,,6.0,,6.0,5.77,502,92
18810,,,,6.0,,5.0,97.06,504,170
18811,,,,8.0,,4.0,98.57,504,220
18812,,,,6.0,,5.0,,507,
18813,,,,8.0,,2.0,,,
18814,,,,8.0,,3.0,82.48,505,139
18815,,,,6.0,,4.0,58.19,509,145
18816,,,,6.0,,3.0,37.58,506,120
18817,,,,5.0,,6.0,69.59,507,136
18818,,,,5.0,,4.0,98.09,510,210
18819,,,,8.0,,3.0,87.82,411,130
18820,,,,6.0,,5.0,,503,92
18821,,,,5.0,,4.0,,504,
18822,,,,6.0,,4.0,87.35,508,160
18823,,,,7.0,,2.0,84.66,501,125
18824,,,,8.0,,2.0,28.6,503,108
18825,,,,5.0,,5.0,68.33,600,165
18826,,,,8.0,,5.0,32.35,508,130
18827,,,,4.0,,4.0,,,
18828,,,,6.0,,4.0,78.45,508,155
18829,,,,1.0,,3.0,57.36,411,103
18830,,,,6.0,,3.0,95.43,504,178
18831,,,,8.0,,5.0,32.0,510,132
18832,,,,6.0,,5.0,51.66,508,140
18833,,,,7.0,,5.0,17.78,600,138
18834,,,,6.0,,5.0,97.57,510,203
18835,,,,6.0,,,99.53,507,240
18836,,,,6.0,,3.0,47.81,504,114
18837,,,,7.0,,4.0,81.94,505,135
18838,,,,7.0,,4.0,74.42,504,140
18839,,,,4.0,,5.0,95.67,507,180
18840,,,,6.0,,5.0,51.62,502,113
18841,,,,6.0,,3.0,38.53,510,145
18842,,,,6.0,,4.0,,503,115
18843,,,,1.0,,4.0,,601,
18844,,,,6.0,,4.0,6.66,511,130
18845,,,,6.0,,2.0,98.88,501,194
18846,,,,8.0,,,76.42,507,148
18847,,,,8.0,,6.0,59.66,501,108
18848,,,,1.0,,5.0,0.11,505,90
18849,,,,8.0,,3.0,71.25,501,120
18850,,,,6.0,,2.0,96.62,411,150
18851,,,,6.0,,4.0,19.66,506,121
18852,,,,4.0,,5.0,,510,222
18853,,,,8.0,,4.0,19.38,411,95
18854,,,,6.0,,4.0,,506,
18855,,,,6.0,,4.0,89.54,504,150
18856,,,,6.0,,3.0,79.37,510,165
18857,,,,8.0,,3.0,66.85,510,160
18858,,,,8.0,,4.0,,506,
18859,,,,8.0,,5.0,71.8,504,130
18860,,,,6.0,,5.0,45.06,505,115
18861,,,,8.0,,2.0,57.45,506,135
18862,,,,8.0,,3.0,,501,
18863,,,,8.0,,3.0,77.45,600,167
18864,,,,8.0,,,55.07,501,106
18865,,,,8.0,,1.0,98.97,503,202
18866,,,,6.0,,3.0,52.12,507,125
18867,,,,1.0,,3.0,76.45,505,135
18868,,,,6.0,,,65.16,500,112
18869,,,,8.0,,6.0,,710,10
18870,,,,6.0,,2.0,,504,124
18871,,,,6.0,,4.0,83.31,508,155
18872,,,,5.0,,2.0,,504,
18873,,,,6.0,,5.0,,511,
18874,,,,8.0,,2.0,,506,
18875,,,Grade 10,7.0,,1.0,29.76,507,125
18876,,,,8.0,,,,506,399
18877,,,,6.0,,,,507,
18878,,,,7.0,,7.0,,,
18879,,,,6.0,,2.0,26.07,505,118
18880,,,,8.0,,,96.02,510,200
18881,,,,5.0,,2.0,6.88,504,100
18882,,,,1.0,,3.0,8.85,601,135
18883,,,,6.0,,2.0,29.09,507,120
18884,,,,1.0,,4.0,,510,
18885,,,,1.0,,4.0,92.3,411,120
18886,,,,6.0,,4.0,17.34,505,107
18887,,,,7.0,,5.0,63.14,505,127
18888,,,,6.0,,3.0,47.96,510,140
18889,,,,8.0,,2.0,96.82,411,160
18890,,,,8.0,,3.0,96.87,508,190
18891,,,,1.0,,2.0,,607,22
18892,,,,8.0,,7.0,85.97,504,140
18893,,,,8.0,,5.0,47.58,504,120
18894,,,,6.0,,1.0,98.27,509,210
18895,,,,7.0,,3.0,93.19,511,187
18896,,,,1.0,,4.0,31.87,410,90
18897,,,,7.0,,3.0,44.54,507,126
18898,,,,8.0,,5.0,,700,
18899,,,,6.0,,2.0,,411,
18900,,,,8.0,,,12.92,506,110
18901,,,,8.0,,4.0,,509,
18902,,,,2.0,,4.0,,711,1
18903,,,,6.0,,5.0,63.89,501,110
18904,,,,1.0,,,,508,
18905,,,,2.0,,6.0,92.47,511,190
18906,,,,2.0,,3.0,66.71,504,130
18907,,,,2.0,,4.0,98.14,511,220
18908,,,,6.0,,2.0,90.23,509,164
18909,,,,6.0,,3.0,,5,
18910,,,,6.0,,4.0,99.63,509,270
18911,,,,4.0,,,,508,75
18912,,,,1.0,,4.0,5.05,600,120
18913,,,,2.0,,2.0,,,
18914,,,,6.0,,3.0,23.7,511,132
18915,,,,6.0,,6.0,36.2,510,130
18916,,,,8.0,,3.0,,504,112
18917,,,,8.0,,4.0,40.39,508,129
18918,,,,6.0,,2.0,,504,
18919,,,,8.0,,4.0,92.54,507,165
18920,,,,5.0,,5.0,54.24,506,136
18921,,,,7.0,,3.0,,504,140
18922,,,,6.0,,3.0,63.71,501,118
18923,,,,6.0,,4.0,,503,
18924,,,,4.0,,5.0,31.73,501,100
18925,,,,5.0,,5.0,28.36,504,112
18926,,,,8.0,,4.0,94.77,505,175
18927,,,,6.0,,4.0,97.53,511,212
18928,,,,6.0,,5.0,66.75,510,150
18929,,,,8.0,,3.0,33.8,508,122
18930,,,,8.0,,1.0,86.88,503,140
18931,,,,8.0,,1.0,89.31,507,158
18932,,,,7.0,,3.0,,411,
18933,,,,6.0,,,,504,
18934,,,,8.0,,4.0,61.87,505,127
18935,,,,6.0,,2.0,,5,134
18936,,,,8.0,,2.0,96.16,607,250
18937,,,,1.0,,1.0,,711,399
18938,,,,3.0,,4.0,95.77,503,160
18939,,,,6.0,,2.0,81.86,508,160
18940,,,,1.0,,7.0,34.56,505,123
18941,,,,6.0,,2.0,,507,180
18942,,,,6.0,,3.0,99.17,507,220
18943,,,,8.0,,3.0,85.38,500,130
18944,,,,1.0,,4.0,69.13,506,135
18945,,,,4.0,,5.0,95.53,506,180
18946,,,,6.0,,4.0,62.9,506,127
18947,,,,6.0,,3.0,98.56,503,180
18948,,,,8.0,,4.0,72.77,501,115
18949,,,,6.0,,4.0,30.16,502,102
18950,,,,4.0,,3.0,,504,
18951,,,,2.0,,2.0,81.45,502,126
18952,,,,6.0,,4.0,13.69,503,96
18953,,,,8.0,,5.0,,508,152
18954,,,,4.0,,2.0,80.39,600,170
18955,,,,1.0,,2.0,,303,130
18956,,,,8.0,,4.0,99.43,502,220
18957,,,,7.0,,4.0,,500,190
18958,,,,6.0,,5.0,80.9,602,180
18959,,,,8.0,,5.0,61.99,508,139
18960,,,,2.0,,4.0,53.19,502,107
18961,,,,6.0,,7.0,,,
18962,,,,6.0,,5.0,29.09,507,120
18963,,,,6.0,,3.0,,504,
18964,,,,4.0,,4.0,60.09,509,146
18965,,,,8.0,,3.0,35.49,503,105
18966,,,,4.0,,2.0,,700,162
18967,,,,6.0,,3.0,97.88,503,190
18968,,,,8.0,,4.0,68.98,504,127
18969,,,,8.0,,5.0,,501,130
18970,,,,8.0,,5.0,97.79,500,165
18971,,,,8.0,,4.0,76.25,500,116
18972,,,,8.0,,4.0,23.09,503,108
18973,,,,8.0,,2.0,47.52,505,120
18974,,,,4.0,,5.0,,4,120
18975,,,,8.0,,4.0,99.57,508,285
18976,,,,2.0,,5.0,94.14,505,160
18977,,,,8.0,,6.0,85.87,501,130
18978,,,,6.0,,4.0,91.13,501,135
18979,,,,6.0,,3.0,,501,
18980,,,,4.0,,4.0,,4,
18981,,,,6.0,,3.0,99.69,507,260
18982,,,,5.0,,3.0,,503,
18983,,,,1.0,,1.0,,3,30
18984,,,,1.0,,7.0,,601,
18985,,,,3.0,,3.0,87.0,503,145
18986,,,,6.0,,1.0,99.84,508,300
18987,,,,2.0,,2.0,,411,
18988,,,,1.0,,1.0,,,184
18989,,,,5.0,,1.0,,605,5
18990,,,,1.0,,5.0,27.79,509,131
18991,,,,4.0,,4.0,35.74,509,130
18992,,,,,,2.0,98.5,501,190
18993,,,,8.0,,,42.79,508,130
18994,,,,8.0,,,99.04,510,241
18995,,,,8.0,,,,508,
18996,,,,6.0,,4.0,,506,
18997,,,,6.0,,3.0,98.44,509,213
18998,,,,4.0,,,93.19,502,148
18999,,,,8.0,,1.0,,3,110
19000,,,,8.0,,4.0,98.98,502,182
19001,,,,1.0,,3.0,93.35,510,178
19002,,,,8.0,,3.0,61.88,502,115
19003,,,,8.0,,4.0,26.69,510,135
19004,,,,8.0,,4.0,,501,
19005,,,,6.0,,2.0,95.08,510,205
19006,,,,5.0,,3.0,86.77,507,165
19007,,,,6.0,,4.0,99.27,411,220
19008,,,,6.0,,4.0,99.46,501,280
19009,,,,1.0,,1.0,82.96,504,140
19010,,,,6.0,,3.0,10.28,500,85
19011,,,,6.0,,3.0,73.06,507,150
19012,,,,6.0,,4.0,96.73,510,200
19013,,,,6.0,,3.0,97.49,509,200
19014,,,,8.0,,5.0,4.87,511,120
19015,,,,8.0,,3.0,66.55,507,132
19016,,,,5.0,,3.0,,707,98
19017,,,,2.0,,4.0,,710,200
19018,,,,6.0,,4.0,,600,125
19019,,,,4.0,,5.0,58.23,504,125
19020,,,,8.0,,1.0,76.1,508,153
19021,,,,4.0,,5.0,,507,
19022,,,,8.0,,1.0,14.84,602,139
19023,,,,8.0,,1.0,97.2,510,237
19024,,,,6.0,,7.0,98.62,508,208
19025,,,,8.0,,1.0,80.36,411,113
19026,,,,8.0,,4.0,36.21,506,120
19027,,,,1.0,,3.0,70.57,511,156
19028,,,,8.0,,2.0,89.52,504,150
19029,,,,6.0,,4.0,92.1,505,160
19030,,,,1.0,,6.0,,,
19031,,,,8.0,,3.0,92.05,504,156
19032,,,,4.0,,1.0,98.07,503,173
19033,,,,6.0,,4.0,,610,165
19034,,,,8.0,,4.0,,,173
19035,,,,8.0,,2.0,93.81,501,150
19036,,,,1.0,,5.0,,507,120
19037,,,,7.0,,3.0,11.39,505,109
19038,,,,6.0,,,93.63,511,183
19039,,,,4.0,,,high,601,36
19040,,,,6.0,,3.0,96.71,502,160
19041,,,,8.0,,3.0,15.84,508,130
19042,,,,7.0,,3.0,99.55,602,300
19043,,,,1.0,,6.0,,711,78
19044,,,,6.0,,3.0,,,
19045,,,,6.0,,2.0,58.09,407,90
19046,,,,8.0,,4.0,66.39,500,110
19047,,,,7.0,,3.0,,503,
19048,,,,6.0,,4.0,76.51,504,130
19049,,,,7.0,,3.0,90.76,503,154
19050,,,,6.0,,1.0,75.65,509,161
19051,,,,6.0,,3.0,94.58,501,150
19052,,,,5.0,,2.0,61.71,600,150
19053,,,,1.0,,5.0,,411,
19054,,,,6.0,,4.0,,503,
19055,,,,8.0,,4.0,,507,148
19056,,,,2.0,,1.0,91.4,605,209
19057,,,,5.0,,5.0,,,
19058,,,,1.0,,5.0,,504,
19059,,,,6.0,,5.0,,508,
19060,,,,4.0,,4.0,,,
19061,,,,8.0,,1.0,,508,220
19062,,,,4.0,,2.0,,303,
19063,,,,4.0,,4.0,,503,170
19064,,,,8.0,,5.0,,406,
19065,,,,2.0,,,31.59,602,148
19066,,,,8.0,,5.0,97.2,500,168
19067,,,,6.0,,4.0,59.24,511,154
19068,,,,1.0,,1.0,,305,120
19069,,,,6.0,,4.0,31.96,507,126
19070,,,,6.0,,5.0,65.86,504,121
19071,,,,3.0,,5.0,99.7,506,250
19072,,,,2.0,,4.0,,,
19073,,,,8.0,,4.0,39.12,504,118
19074,,,,7.0,,4.0,36.42,506,125
19075,,,,6.0,,2.0,97.16,601,220
19076,,,,6.0,,4.0,87.58,505,155
19077,,,,5.0,,6.0,15.3,505,106
19078,,,,1.0,,7.0,93.9,509,184
19079,,,,6.0,,3.0,,505,
19080,,,,8.0,,5.0,95.84,601,220
19081,,,,2.0,,5.0,,7,
19082,,,,7.0,,6.0,,505,212
19083,,,,6.0,,5.0,0.08,509,101
19084,,,,6.0,,3.0,,504,
19085,,,,2.0,,2.0,32.02,602,163
19086,,,,6.0,,2.0,1.21,506,100
19087,,,,2.0,,4.0,95.82,507,177
19088,,,,3.0,,1.0,,706,6
19089,,,,7.0,,3.0,9.55,507,112
19090,,,,8.0,,5.0,,507,160
19091,,,,2.0,,2.0,99.27,503,200
19092,,,,8.0,,,44.54,507,126
19093,,,,1.0,,2.0,,507,10
19094,,,,6.0,,4.0,38.19,509,140
19095,,,,8.0,,3.0,55.63,511,152
19096,,,,6.0,,3.0,94.34,504,161
19097,, male,,6.0,,1.0,,,
19098,,,,1.0,,1.0,84.87,502,138
19099,,,,6.0,,5.0,,605,63
19100,,,,5.0,,4.0,,,
19101,,,,8.0,,3.0,96.23,506,185
19102,,,,4.0,,5.0,0.01,608,139
19103,,,,8.0,,3.0,,503,
19104,,,,6.0,,3.0,54.43,503,121
19105,,,,6.0,,4.0,,510,120
19106,,,,,,,,,
19107,,,,,,,98.48,510,233
19108,,,,,,,,505,180
19109,,,,,,,,,
19110,,,,,,,,506,
19111,,,,,,,93.19,511,187
19112,,,,,,,98.58,504,190
19113,,,,6.0,,,72.14,508,150
19114,,,,,,,,506,180
19115,,,,6.0,,5.0,81.89,504,135
19116,,,,,,,43.67,502,112
19117,,,,6.0,,2.0,78.66,505,145
19118,,,,,,,,5,136
19119,,,,1.0,,4.0,35.07,601,150
19120,,,,8.0,,2.0,,501,130
19121,,,,4.0,,3.0,,508,
19122,,,,8.0,,3.0,58.54,503,123
19123,,,,6.0,,3.0,,501,120
19124,,,,8.0,,3.0,93.99,511,200
19125,,,,8.0,,7.0,98.33,508,240
19126,,,,7.0,,5.0,,507,
19127,,,,1.0,,7.0,96.08,511,200
19128,,,,8.0,,1.0,47.96,510,140
19129,,,,,,,72.14,508,150
19130,,,,6.0,,5.0,21.96,508,120
19131,,,,8.0,,1.0,94.63,511,187
19132,,,,6.0,,5.0,54.82,504,116
19133,,,,5.0,,,12.5,506,106
19134,,,,,,,,,140
19135,,,,7.0,,3.0,59.47,509,136
19136,,,,5.0,,2.0,,611,300
19137,,,,1.0,,3.0,98.67,600,245
19138,,,,,,,83.96,506,150
19139,,,,5.0,,4.0,89.97,600,190
19140,,,,8.0,,4.0,6.06,502,88
19141,,,,1.0,,2.0,65.94,503,127
19142,,,,8.0,,6.0,21.86,503,100
19143,,,,6.0,,5.0,92.53,507,160
19144,,,,,,,,604,
19145,,,,6.0,,5.0,66.68,603,165
19146,,,,6.0,,,,509,101
19147,,,,6.0,,5.0,86.04,510,178
19148,,,,7.0,,2.0,70.43,505,131
19149,,,,8.0,,5.0,85.97,504,140
19150,,,,6.0,,2.0,43.78,506,123
19151,,,,8.0,,,92.67,600,197
19152,,,,8.0,,4.0,38.85,507,120
19153,,,,5.0,,1.0,18.67,501,95
19154,,,,8.0,,4.0,11.33,604,149
19155,,,,8.0,,4.0,99.34,510,250
19156,,,,6.0,,,97.53,602,236
19157,,,,,,,,600,
19158,,,,6.0,,,,604,175
19159,,,,8.0,,1.0,,503,130
19160,,,,8.0,,5.0,,507,210
19161,,,,,,,,6,165
19162,,,,8.0,,1.0,53.97,504,120
19163,,,,6.0,,5.0,79.61,505,136
19164,,,,4.0,,4.0,75.83,507,138
19165,,,,8.0,,4.0,84.72,503,137
19166,,,,6.0,,5.0,88.2,605,220
19167,,,,6.0,,3.0,,508,
19168,,,,6.0,,5.0,91.61,501,140
19169,,,,8.0,,4.0,20.47,509,119
19170,,,,8.0,,3.0,53.97,504,120
19171,,,,5.0,,5.0,27.78,503,105
19172,,,,,,,,,
19173,,,,8.0,,3.0,,504,140
19174,,,,2.0,,3.0,81.17,506,144
19175,,,,6.0,,5.0,42.15,506,125
19176,,,,1.0,,3.0,97.61,600,220
19177,,,,8.0,,3.0,22.15,511,130
19178,,,,6.0,Always ,3.0,79.58,510,160
19179,,,,,,,78.2,601,177
19180,,,,,,,71.78,506,132
19181,,,,6.0,,2.0,81.1,506,150
19182,,,,,,,,,60
19183,,,,6.0,,3.0,83.07,503,135
19184,,,,6.0,,3.0,54.77,508,140
19185,,,,8.0,,3.0,51.29,501,110
19186,,,,6.0,,3.0,,503,
19187,,,,5.0,,4.0,69.88,507,140
19188,,,,7.0,,4.0,0.22,502,80
19189,,,,8.0,,4.0,,502,
19190,,,,7.0,,7.0,50.2,504,130
19191,,,,5.0,,2.0,96.13,508,185
19192,,,,5.0,,5.0,62.87,504,130
19193,,,,8.0,,3.0,44.91,507,135
19194,,,,,,,,506,
19195,,,,8.0,,1.0,17.38,508,119
19196,,,,,,,69.31,508,148
19197,,,,8.0,,2.0,,,
19198,,,,2.0,,6.0,,,
19199,,,,,,,,605,63
19200,,,,7.0,,7.0,,,
19201,,,,,,,88.87,504,140
19202,,,,1.0,,2.0,72.84,505,128
19203,,,,8.0,,2.0,,705,200
19204,,,,1.0,,1.0,,408,20
19205,,,,8.0,,5.0,31.59,505,114
19206,,,,8.0,,4.0,87.4,600,185
19207,,,,6.0,,3.0,42.79,508,130
19208,,,,8.0,,,84.41,509,165
19209,,,,6.0,,5.0,,708,
19210,,,,7.0,,5.0,4.06,410,78
19211,,,,5.0,,5.0,30.3,504,110
19212,,,,6.0,,1.0,58.9,500,109
19213,,,,5.0,,3.0,,,145
19214,,,,,,,0.03,510,105
19215,,,,1.0,,2.0,,303,180
19216,,,,1.0,,4.0,,609,
19217,,,,,,,96.24,509,190
19218,,,,,,,30.7,506,120
19219,,,,,,,,300,1
19220,,,,,,,27.31,600,152
19221,,,,8.0,,6.0,,708,
19222,,,,6.0,,4.0,99.32,503,230
19223,,,,4.0,,2.0,,503,115
19224,,,,1.0,,2.0,71.18,508,154
19225,,,,6.0,,4.0,,,112
19226,,,,,,,62.39,503,125
19227,,,,6.0,,3.0,17.54,507,111
19228,,,,8.0,,1.0,81.81,503,130
19229,,,,6.0,,6.0,,,60
19230,,,,5.0,,6.0,,611,128
19231,,,,6.0,,6.0,78.01,503,130
19232,,,,2.0,,,59.97,503,122
19233,,,,4.0,,7.0,57.76,509,140
19234,,,,2.0,,,,611,250
19235,,,,4.0,,5.0,36.32,508,140
19236,,,,7.0,,3.0,94.45,503,170
19237,,,,8.0,,5.0,65.96,505,137
19238,,,,6.0,,4.0,96.56,510,208
19239,,,,8.0,,5.0,3.16,510,123
19240,,,,1.0,,2.0,60.77,600,170
19241,,,,8.0,,5.0,4.62,507,114
19242,,,,,,,79.37,510,170
19243,,,,,,,38.53,510,131
19244,,,,6.0,,2.0,31.72,511,131
19245,,,,8.0,,4.0,71.77,507,150
19246,,,,4.0,,4.0,84.54,502,140
19247,,,,6.0,,4.0,21.29,503,105
19248,,,,1.0,,5.0,83.32,501,130
19249,,,,6.0,,4.0,,311,190
19250,,,,1.0,,1.0,,304,12
19251,,,,8.0,,7.0,,300,98
19252,,,,6.0,,4.0,81.02,505,150
19253,,,,6.0,,4.0,93.02,503,144
19254,,,,8.0,,3.0,,504,130
19255,,,,8.0,,3.0,61.7,501,112
19256,,,,7.0,,5.0,,6,156
19257,,,,,,,90.94,511,186
19258,,,,7.0,,5.0,19.44,508,120
19259,,,,5.0,,5.0,95.74,504,180
19260,,,,7.0,,3.0,,507,140
19261,,,,7.0,,7.0,,301,367
19262,,,,8.0,,2.0,76.17,505,145
19263,,,,6.0,,4.0,50.87,502,110
19264,,,,8.0,,4.0,97.15,509,192
19265,,,,6.0,,4.0,96.27,502,175
19266,,,,8.0,,3.0,52.17,510,142
19267,,,,8.0,,5.0,67.17,504,130
19268,,,,5.0,,5.0,98.94,506,250
19269,,,,6.0,,5.0,32.05,506,125
19270,,,,2.0,,2.0,61.99,504,124
19271,,,,8.0,,4.0,56.79,508,140
19272,,,,6.0,,3.0,,510,303
19273,,,,7.0,,3.0,98.08,506,220
19274,,,,1.0,,1.0,84.46,509,160
19275,,,,,,2.0,78.13,501,125
19276,,,,8.0,,5.0,8.78,509,115
19277,,,,8.0,,6.0,0.0,607,130
19278,,,,8.0,,4.0,85.87,501,130
19279,,,,6.0,A,5.0,47.58,504,120
19280,,,,8.0,,1.0,52.01,505,125
19281,,,,6.0,,2.0,60.66,600,160
19282,,,,8.0,,4.0,92.73,504,162
19283,,,,8.0,,2.0,42.56,501,104
19284,,,,8.0,,2.0,96.13,508,185
19285,,,,8.0,,7.0,,711,160
19286,,,,8.0,,,,,
19287,,,,6.0,,5.0,,508,
19288,,,,6.0,,4.0,80.98,601,180
19289,,,,7.0,,3.0,62.96,503,120
19290,,,,1.0,,1.0,,711,2
19291,,,,8.0,,2.0,,504,
19292,,,,7.0,,2.0,1.05,600,125
19293,,,,6.0,,2.0,0.36,507,103
19294,,,,6.0,,5.0,14.86,506,115
19295,,,,6.0,,1.0,74.59,502,130
19296,,,,2.0,,,98.58,504,190
19297,,,,8.0,,3.0,21.37,411,90
19298,,,,8.0,,4.0,,506,
19299,,,,6.0,,5.0,99.62,600,290
19300,,,,6.0,,4.0,87.35,510,180
19301,,,,8.0,,4.0,,,122
19302,,,,8.0,,3.0,88.73,500,135
19303,,,,8.0,,5.0,30.3,504,110
19304,,,,8.0,,5.0,,508,105
19305,,,,3.0,,4.0,81.94,505,135
19306,,,,6.0,,4.0,,510,150
19307,,,,8.0,,4.0,81.94,504,145
19308,,,,8.0,,1.0,,511,220
19309,,,,2.0,,3.0,99.75,601,315
19310,,,,6.0,,7.0,68.14,507,135
19311,,,,6.0,,5.0,0.06,510,110
19312,,,,6.0,,5.0,80.25,502,135
19313,,,,7.0,,3.0,98.71,504,201
19314,,,,8.0,,5.0,21.76,508,123
19315,,,,8.0,,3.0,,705,
19316,,,,8.0,,3.0,73.88,510,155
19317,,,,8.0,,2.0,94.79,505,170
19318,,,,6.0,,5.0,17.75,505,110
19319,,,,4.0,,4.0,28.91,505,115
19320,,,,6.0,,4.0,12.81,604,155
19321,,,,8.0,,4.0,59.77,509,145
19322,,,,6.0,,4.0,42.15,506,125
19323,,,,6.0,,4.0,83.12,605,205
19324,,,,4.0,,2.0,75.04,506,144
19325,,,,8.0,,1.0,87.97,510,176
19326,,,,8.0,,3.0,87.7,603,200
19327,,,,6.0,,5.0,83.32,501,130
19328,,,,6.0,,5.0,39.91,506,124
19329,,,,7.0,,4.0,55.07,602,160
19330,,,,8.0,,,,503,
19331,,,,8.0,,5.0,,6,147
19332,,,,8.0,,7.0,87.56,505,150
19333,,,,8.0,,5.0,77.87,500,120
19334,,,,6.0,,5.0,41.4,601,148
19335,,,,7.0,,4.0,58.87,506,130
19336,,,,6.0,,4.0,83.34,600,179
19337,,,,8.0,,3.0,93.85,503,160
19338,,,,7.0,,5.0,54.83,506,131
19339,,,,6.0,,2.0,,505,
19340,,,,8.0,,3.0,,707,109
19341,,,,6.0,,,92.19,510,190
19342,,,,6.0,,3.0,96.73,510,200
19343,,,,1.0,,3.0,14.88,507,125
19344,,,,7.0,,4.0,99.17,509,235
19345,,,,6.0,,5.0,,500,
19346,,,,5.0,,2.0,95.58,504,170
19347,,,,8.0,,5.0,55.87,511,157
19348,,,,8.0,,3.0,96.6,507,190
19349,,,,8.0,,2.0,32.79,502,103
19350,,,,6.0,,,73.75,500,117
19351,,,,7.0,,5.0,55.93,501,112
19352,,,,8.0,,5.0,52.96,511,160
19353,,,,6.0,,5.0,80.08,600,164
19354,,,,6.0,,4.0,97.61,506,205
19355,,,,5.0,,,,501,
19356,,,,8.0,,2.0,12.32,503,103
19357,,,,8.0,,4.0,52.0,600,150
19358,,,,6.0,,5.0,47.52,505,120
19359,,,,8.0,,5.0,30.7,506,120
19360,,,,8.0,,3.0,37.6,506,123
19361,,,,5.0,,4.0,,,
19362,,,,7.0,,4.0,31.69,511,145
19363,,,,6.0,,3.0,45.3,508,140
19364,,,,6.0,,3.0,24.3,505,113
19365,,,,7.0,,3.0,66.75,510,150
19366,,,,8.0,,5.0,,503,160
19367,,,,8.0,,3.0,54.82,505,120
19368,,,,6.0,,5.0,30.61,506,117
19369,,,,7.0,,2.0,91.41,408,120
19370,,,,6.0,,4.0,92.76,408,120
19371,,,,6.0,,4.0,96.24,509,190
19372,,,,5.0,,3.0,51.65,506,132
19373,,,,7.0,,4.0,96.6,601,215
19374,,,,7.0,,4.0,11.6,505,104
19375,,,,6.0,,4.0,82.96,504,140
19376,,,,6.0,,3.0,63.8,508,140
19377,,,,8.0,,3.0,42.13,511,150
19378,,,,8.0,,5.0,,500,
19379,,,,8.0,,3.0,,502,132
19380,,,,6.0,,4.0,67.0,505,130
19381,,,,8.0,,6.0,23.38,505,115
19382,,,,1.0,,4.0,93.33,504,160
19383,,,,6.0,,2.0,61.71,504,119
19384,,,,7.0,,3.0,87.8,507,170
19385,,,,6.0,,4.0,74.22,509,145
19386,,,,8.0,,3.0,3.02,509,115
19387,,,,6.0,,4.0,7.4,503,100
19388,,,,6.0,,2.0,,503,135
19389,,,,8.0,,2.0,,503,133
19390,,,,6.0,,6.0,95.99,603,233
19391,,,,8.0,,3.0,99.64,500,200
19392,,,,8.0,,3.0,,503,120
19393,,,,1.0,,,18.29,509,118
19394,,,,1.0,,4.0,57.32,503,120
19395,,,,8.0,,4.0,65.24,504,125
19396,,,,4.0,,5.0,,,
19397,,,,6.0,,3.0,63.43,510,153
19398,,,,8.0,,2.0,98.29,505,210
19399,,,,6.0,,3.0,17.34,505,107
19400,,,,6.0,,5.0,32.89,503,107
19401,,,,8.0,,,96.95,504,180
19402,,,,6.0,,4.0,68.83,511,165
19403,,,,6.0,,4.0,28.69,411,90
19404,,,,6.0,,4.0,67.24,502,125
19405,,,,7.0,,4.0,27.78,503,105
19406,,,,4.0,,2.0,98.37,507,225
19407,,,,6.0,,4.0,,506,150
19408,,,,5.0,,4.0,69.13,506,135
19409,,,,6.0,,2.0,11.32,502,94
19410,,,,5.0,,5.0,94.82,600,205
19411,,,,8.0,,5.0,96.51,508,215
19412,,,,8.0,,4.0,46.48,507,130
19413,,,,6.0,,4.0,88.51,501,140
19414,,,,8.0,,4.0,70.79,504,135
19415,,,,8.0,,4.0,99.57,602,298
19416,,,,8.0,,3.0,97.79,500,165
19417,,,,8.0,,5.0,84.52,601,190
19418,,,,4.0,,4.0,12.85,600,135
19419,,,,2.0,,5.0,,509,151
19420,,,,6.0,,3.0,78.58,506,140
19421,,,,8.0,,4.0,,602,
19422,,,,8.0,,4.0,98.65,601,250
19423,,,,6.0,,5.0,87.99,511,180
19424,,,,5.0,,5.0,78.32,507,140
19425,,,,1.0,,6.0,60.52,507,138
19426,,,,8.0,,3.0,37.21,501,102
19427,,,,8.0,,2.0,62.96,503,120
19428,,,,6.0,,3.0,96.08,506,189
19429,,,,3.0,,5.0,87.19,501,135
19430,,,,5.0,,5.0,60.12,508,138
19431,,,,8.0,,,93.87,506,165
19432,,,,7.0,,3.0,67.0,505,130
19433,,,,6.0,,4.0,84.61,508,160
19434,,,,8.0,,4.0,30.7,505,120
19435,,,,5.0,,1.0,42.91,600,160
19436,,,,8.0,,3.0,,5,108
19437,,,,8.0,,5.0,11.44,601,137
19438,,,,6.0,,5.0,67.86,502,115
19439,,,,6.0,,5.0,69.88,507,140
19440,,,,6.0,,3.0,14.4,600,136
19441,,,,3.0,,4.0,56.04,505,132
19442,,,,6.0,,5.0,21.4,510,128
19443,,,,6.0,,4.0,,,
19444,,,,8.0,,6.0,65.52,504,126
19445,,,,6.0,,5.0,67.0,505,130
19446,,,,6.0,,5.0,74.86,503,124
19447,,,,6.0,,4.0,74.74,600,170
19448,,,,6.0,,5.0,,5,95
19449,,,,6.0,,4.0,,505,134
19450,,,,8.0,,4.0,33.24,504,114
19451,,,,8.0,,4.0,42.06,505,123
19452,,,,6.0,,4.0,10.3,507,115
19453,,,,6.0,,4.0,,508,
19454,,,,6.0,,4.0,97.26,509,202
19455,,,,1.0,,4.0,97.72,602,243
19456,,,,7.0,,4.0,62.71,601,175
19457,,,,6.0,,5.0,2.89,509,111
19458,,,,8.0,,2.0,98.35,600,235
19459,,,,7.0,,5.0,83.84,510,175
19460,,,,4.0,,5.0,,505,125
19461,,,,7.0,,4.0,53.97,504,120
19462,,,,8.0,,1.0,96.71,506,189
19463,,,,8.0,,5.0,99.08,511,240
19464,,,,8.0,,4.0,51.06,411,105
19465,,,,8.0,,4.0,85.29,505,150
19466,,,,6.0,,5.0,61.0,511,155
19467,,,,6.0,,4.0,99.68,603,317
19468,,,,6.0,,4.0,95.73,600,220
19469,,,,8.0,,1.0,40.55,503,110
19470,,,,6.0,,4.0,56.03,506,125
19471,,,,8.0,,6.0,59.77,509,145
19472,,,,4.0,,5.0,84.6,510,176
19473,,,,6.0,,6.0,,508,
19474,,,,6.0,,4.0,15.39,500,90
19475,,,,8.0,,3.0,68.73,504,131
19476,,,,5.0,,6.0,,,
19477,,,,7.0,,4.0,54.63,601,160
19478,,,,7.0,,4.0,46.75,502,115
19479,,,,1.0,,4.0,92.22,507,178
19480,,,,5.0,,3.0,87.27,506,155
19481,,,,8.0,,3.0,96.21,506,190
19482,,,,6.0,,3.0,,506,
19483,,,,8.0,,3.0,78.66,505,145
19484,,,,6.0,,4.0,95.63,510,193
19485,,,,6.0,,3.0,89.23,507,170
19486,,,,8.0,,5.0,32.66,508,125
19487,,,,8.0,,1.0,,600,175
19488,,,,1.0,,6.0,27.79,509,131
19489,,,,8.0,,3.0,49.55,504,118
19490,,,,6.0,,4.0,,508,
19491,,,,6.0,,2.0,90.84,506,170
19492,,,,2.0,,4.0,75.23,502,123
19493,,,,1.0,,4.0,84.61,503,143
19494,sixteen,,,7.0,,5.0,95.81,600,205
19495,,,,,,2.0,,,
19496,,,,3.0,,4.0,4.09,508,110
19497,,,,6.0,,3.0,87.35,510,180
19498,,,,6.0,,2.0,70.32,504,129
19499,,,,7.0,,2.0,84.46,509,160
19500,,,,7.0,,5.0,86.72,505,145
19501,,,Grade 10,5.0,,5.0,,503,110
19502,,,,6.0,,3.0,47.98,509,140
19503,,,,6.0,,3.0,,5,110
19504,,,,5.0,,4.0,74.22,509,145
19505,,,,,,,,,
19506,,,,8.0,,4.0,40.84,608,190
19507,,,,6.0,,4.0,87.6,504,150
19508,,,,6.0,,5.0,94.15,411,145
19509,,,,6.0,,3.0,,503,
19510,,,,8.0,,4.0,71.98,509,150
19511,,,,6.0,A,5.0,73.72,510,160
19512,,,,6.0,,4.0,6.27,510,120
19513,,,,8.0,,1.0,71.41,503,125
19514,,,,8.0,,3.0,,504,
19515,,,,5.0,,4.0,,503,
19516,,,,8.0,,5.0,59.83,506,130
19517,,,,7.0,,2.0,,510,
19518,,,,8.0,,,37.61,600,148
19519,,,,8.0,,3.0,1.21,506,100
19520,,,,8.0,,5.0,90.64,511,180
19521,,,,8.0,,3.0,90.09,504,147
19522,,,,5.0,,5.0,62.96,503,120
19523,,,,6.0,,5.0,26.49,509,125
19524,,,,5.0,,,69.13,511,170
19525,,,,7.0,,5.0,58.87,506,130
19526,,,,6.0,,4.0,,506,
19527,,,,1.0,,6.0,78.84,504,132
19528,,,,7.0,,4.0,82.96,504,140
19529,,,,6.0,,2.0,83.01,504,150
19530,,,,5.0,,4.0,82.17,601,170
19531,,,,5.0,,5.0,67.0,505,130
19532,,,,8.0,,5.0,57.45,506,135
19533,,,,6.0,,6.0,,507,
19534,,,,2.0,,5.0,11.76,508,120
19535,,,,5.0,,2.0,96.36,508,200
19536,,,,6.0,,4.0,93.27,500,135
19537,,,,6.0,,5.0,53.97,504,120
19538,,,,8.0,,3.0,82.39,502,135
19539,,,,1.0,,,,,
19540,,,,7.0,,3.0,99.19,411,203
19541,,,,4.0,,4.0,0.51,506,100
19542,,,,8.0,,1.0,2.4,505,98
19543,,,,8.0,,6.0,,503,
19544,,,,7.0,,2.0,,6,270
19545,,,,8.0,,5.0,47.58,504,120
19546,,,,8.0,,3.0,42.16,507,128
19547,,,,6.0,,5.0,28.16,502,106
19548,,,,6.0,,4.0,54.18,510,143
19549,,,,2.0,,1.0,33.24,504,114
19550,,,,6.0,,5.0,,500,
19551,,,,6.0,,,61.69,502,120
19552,,,,5.0,,3.0,50.22,503,110
19553,,,,6.0,,4.0,63.62,509,148
19554,,,,6.0,,,,505,
19555,,,,8.0,,4.0,,504,
19556,,,,1.0, always,4.0,76.16,511,155
19557,,,,5.0,,2.0,61.79,505,130
19558,,,,8.0,,3.0,67.7,507,142
19559,,,,7.0,,3.0,99.06,600,260
19560,,,,8.0,,3.0,94.45,503,170
19561,,,,8.0,,1.0,76.14,506,135
19562,,,,5.0,,3.0,,505,
19563,,,,8.0,,4.0,21.28,506,110
19564,,,,8.0,,,80.09,605,207
19565,,,,6.0,,4.0,46.48,508,127
19566,,,,8.0,,4.0,87.69,600,180
19567,,,,4.0,,4.0,0.54,503,85
19568,,,,6.0,,4.0,1.63,509,116
19569,,,,6.0,,3.0,11.9,501,98
19570,,,,6.0,,,8.42,501,90
19571,,,,6.0,,3.0,,506,
19572,,,,8.0,,4.0,54.47,505,123
19573,,,,6.0,,3.0,0.3,511,120
19574,,,,8.0,,5.0,66.39,500,110
19575,,,,8.0,,2.0,99.2,604,290
19576,,,,4.0,,3.0,99.24,501,220
19577,,,,8.0,,5.0,59.21,504,130
19578,,,,8.0,,6.0,98.4,503,200
19579,,,,8.0,,2.0,99.69,509,270
19580,,,,8.0,,4.0,96.66,511,204
19581,,,,8.0,,5.0,,506,115
19582,,,,8.0,,4.0,97.65,600,225
19583,,,,4.0,,5.0,,5,219
19584,,,,8.0,,2.0,5.07,602,140
19585,,,,6.0,,,,600,270
19586,,,,8.0,,4.0,98.94,508,225
19587,,,,6.0,,4.0,35.76,505,115
19588,,,,1.0, always,5.0,60.78,502,110
19589,,,,6.0,,4.0,,506,
19590,,,,6.0,,2.0,,506,
19591,,,,4.0,,2.0,51.81,504,119
19592,,,,8.0,,5.0,71.98,509,150
19593,,,,8.0,,,84.11,600,180
19594,,,,6.0,,4.0,96.73,510,200
19595,,,,1.0,,5.0,92.73,511,180
19596,,,,6.0,,2.0,,603,270
19597,,,,6.0,,2.0,48.82,506,125
19598,,,,7.0,,3.0,52.01,505,125
19599,,,,8.0,,4.0,98.07,505,212
19600,,,,7.0,,4.0,56.12,505,127
19601,,,,6.0,,4.0,58.07,510,145
19602,,,,8.0, always,5.0,0.34,504,88
19603,,,,8.0,,2.0,19.95,510,140
19604,,,,4.0,,5.0,,504,
19605,,,,8.0,,2.0,57.32,503,120
19606,,,,6.0,,3.0,96.66,505,187
19607,,,,6.0,,2.0,80.07,503,135
19608,,,,6.0,,4.0,,600,166
19609,,,,8.0,,,92.1,505,160
19610,,,,7.0,,5.0,93.56,508,176
19611,,,,5.0,,4.0,99.09,503,190
19612,,,,8.0,,1.0,54.39,504,120
19613,,,,5.0,,4.0,,600,
19614,,,,6.0,,3.0,88.18,601,179
19615,,,,7.0,,5.0,92.81,501,150
19616,,,,6.0,,5.0,87.11,504,155
19617,,,,8.0,,4.0,14.7,503,102
19618,,,,4.0,,1.0,98.8,601,250
19619,,,,2.0,,3.0,,411,
19620,,,,6.0,,1.0,70.79,504,135
19621,,,,6.0,,1.0,,504,
19622,,,,6.0,,2.0,85.28,507,152
19623,,,,7.0,,6.0,61.11,500,110
19624,,,,8.0,,4.0,19.94,501,98
19625,,,,5.0,,3.0,61.82,602,175
19626,,,,1.0,,5.0,59.83,506,130
19627,,,,4.0,,3.0,99.18,503,242
19628,,,,8.0,,2.0,92.81,505,170
19629,,,,6.0,,4.0,94.77,601,220
19630,,,,6.0,,4.0,53.66,501,115
19631,,,,8.0,,7.0,69.78,601,175
19632,,,,8.0,,3.0,86.88,503,140
19633,,,,6.0,,4.0,77.44,508,155
19634,,,,,,,52.96,511,160
19635,,,,,,,,508,130
19636,,,,,,,87.35,510,180
19637,,,,1.0,,,66.67,510,155
19638,,,,8.0,,2.0,46.88,504,124
19639,,,,,,,38.69,503,112
19640,,,,,,,,,
19641,,,,,,,66.39,500,110
19642,,,,,,,43.4,507,122
19643,,,,,,,,,
19644,,,,,,,54.39,504,120
19645,,,,,,ten,46.88,504,124
19646,,,,,,,,505,
19647,,,,,,,67.36,506,135
19648,,,,,,,,504,118
19649,,,,,,,69.16,511,155
19650,,,,,,,66.73,503,125
19651,,,,,,,69.91,508,145
19652,,,,8.0,,6.0,90.14,507,160
19653,,,,,,,98.85,509,225
19654,,,,8.0,,,62.96,503,120
19655,,,,7.0,,4.0,51.82,511,140
19656,,,,,,,61.7,509,156
19657,,,,,,,55.63,511,152
19658,,,,6.0,,4.0,62.32,501,115
19659,,,,,,,77.44,508,155
19660,,,,6.0,,2.0,,502,
19661,,,,,,,93.66,601,210
19662,,,,5.0,,4.0,64.49,601,155
19663,,,,8.0,,2.0,,503,
19664,,,,,,,95.79,503,165
19665,,,,6.0,,,94.92,509,178
19666,,,,8.0,,,99.66,605,340
19667,,,,6.0,,3.0,53.2,504,125
19668,,,,7.0,,4.0,15.53,506,110
19669,,,,8.0,,,98.01,506,190
19670,,,,,,,56.64,500,108
19671,,,,6.0,,,12.24,502,97
19672,,,,,,,74.89,509,165
19673,,,,8.0,,3.0,,503,
19674,,,,8.0,,4.0,,504,
19675,,,,8.0,,3.0,26.13,503,107
19676,,,,,,,8.96,506,104
19677,,,,5.0,,4.0,1.69,508,110
19678,,,,8.0,,4.0,8.57,507,110
19679,,,,8.0,,3.0,23.65,504,110
19680,,,,1.0,,,83.57,508,165
19681,,,,7.0,,5.0,83.84,510,175
19682,,,,8.0,,3.0,73.84,411,114
19683,,,,8.0,,,,503,130
19684,,,,,,,97.49,509,200
19685,,,,6.0,,3.0,,503,
19686,,,,6.0,,5.0,,,
19687,,,,5.0,,2.0,99.33,509,240
19688,,,,,,,,601,171
19689,,,,,,,95.65,504,175
19690,,,,,,,27.96,600,148
19691,,,,4.0,,3.0,15.99,503,100
19692,,,,7.0,,3.0,66.19,505,126
19693,,,,6.0,,1.0,91.76,505,163
19694,,,,4.0,,2.0,98.14,511,220
19695,,,,7.0,,5.0,,,
19696,,,,4.0,,3.0,98.74,510,230
19697,,,,8.0,,6.0,90.62,600,186
19698,,,,1.0,,5.0,74.31,501,116
19699,,,,,,,90.37,507,160
19700,,,,7.0,,2.0,99.18,510,250
19701,,,,6.0,,3.0,79.51,601,167
19702,,,,,,,19.07,509,131
19703,,,,6.0,,4.0,65.01,507,140
19704,,,,2.0,,4.0,83.49,505,150
19705,,,,3.0,,5.0,,502,2
19706,,,,1.0,,4.0,94.37,506,180
19707,,,,,,,,601,220
19708,,,,6.0,,5.0,31.73,501,100
19709,,,,,,,46.88,504,124
19710,,,,8.0,,2.0,45.17,601,155
19711,,,,6.0,,4.0,9.3,509,112
19712,,,,6.0,,,,509,
19713,,,,5.0,,,89.59,509,173
19714,,,,,,,,506,145
19715,,,,,,,96.79,502,175
19716,,,,7.0,,3.0,11.37,506,120
19717,,,,1.0,,5.0,2.31,510,125
19718,,,,6.0,,5.0,16.95,502,103
19719,,,,,,,99.75,509,280
19720,,,,7.0,,4.0,0.27,602,127
19721,,,,6.0,,2.0,97.54,508,200
19722,,,,5.0,,5.0,50.27,506,130
19723,,,,7.0,,2.0,83.81,505,146
19724,,,,3.0,,3.0,,508,
19725,,,,6.0,,1.0,12.92,506,110
19726,,,,8.0,,3.0,77.01,506,145
19727,,,,,,,83.87,510,170
19728,,,,6.0,,3.0,33.19,510,138
19729,,,,8.0,,2.0,97.08,411,158
19730,,,,8.0,,1.0,91.61,501,140
19731,,,,6.0,,4.0,57.76,509,140
19732,,,,8.0,,5.0,,504,
19733,,,,8.0,,1.0,23.9,505,110
19734,,,,6.0,,4.0,57.49,509,135
19735,,,,8.0,,3.0,97.76,504,176
19736,,,,6.0,,4.0,25.66,510,130
19737,,,,8.0,,4.0,75.93,508,148
19738,,,,8.0,,2.0,,507,130
19739,,,,1.0,,5.0,49.47,509,136
19740,,,,6.0,,4.0,98.34,503,192
19741,,,,6.0,,4.0,38.97,504,110
19742,,,,6.0,,3.0,0.0,604,110
19743,,,,4.0,,4.0,99.46,510,300
19744,,,,1.0,,4.0,87.3,509,164
19745,,,,6.0,,3.0,20.13,507,115
19746,,,,6.0,,5.0,91.72,507,164
19747,,,,8.0,,,23.42,509,120
19748,,,,6.0,,3.0,88.71,511,176
19749,,,,6.0,,5.0,76.96,600,172
19750,,,,1.0,,4.0,96.38,504,170
19751,,,,1.0,,3.0,79.14,502,120
19752,,,,6.0,,7.0,29.23,508,120
19753,,,,1.0,,1.0,86.48,506,150
19754,,,,4.0,,4.0,,605,165
19755,,,,6.0,,2.0,95.77,503,160
19756,,,,8.0,,1.0,,610,250
19757,,,,8.0,,3.0,89.07,504,145
19758,,,,5.0,,4.0,48.82,506,125
19759,,,,6.0,,4.0,77.75,505,136
19760,,,,6.0,,5.0,,507,
19761,,,,6.0,,3.0,66.72,509,140
19762,,,,6.0,,7.0,64.48,505,125
19763,,,,1.0,,6.0,96.43,505,170
19764,,,,8.0,,3.0,82.17,601,170
19765,,,,7.0,,5.0,57.76,509,140
19766,,,,6.0,,4.0,57.76,509,140
19767,,,,6.0,,,45.49,503,112
19768,,,,6.0,,4.0,63.46,503,117
19769,,,,8.0,,2.0,99.2,602,268
19770,,,,6.0,,2.0,39.53,501,100
19771,,,,7.0,,4.0,81.89,504,135
19772,,,,8.0,,3.0,96.22,506,175
19773,,,,5.0,,3.0,60.9,502,114
19774,,,,2.0,,3.0,76.14,506,135
19775,,,,6.0,,2.0,94.33,502,152
19776,,,,8.0,,5.0,,510,
19777,,,,5.0,,2.0,62.21,500,105
19778,,,,6.0,,3.0,91.61,504,145
19779,,,,6.0,,1.0,97.57,506,192
19780,,,,6.0,,3.0,,6,130
19781,,,,8.0,,4.0,52.94,507,130
19782,,,,6.0,,3.0,70.84,502,120
19783,,,,6.0,,4.0,68.81,503,120
19784,,,,6.0,,4.0,26.49,509,125
19785,,,,6.0,,4.0,71.8,504,130
19786,,,,8.0,,1.0,98.78,506,200
19787,,,,6.0,,5.0,82.96,600,173
19788,,,,8.0,,4.0,86.06,502,130
19789,,,,6.0,,3.0,,508,125
19790,,,,6.0,,3.0,,507,
19791,,,,8.0,,2.0,77.8,502,125
19792,,,,6.0,,2.0,51.59,511,145
19793,,,,6.0,,4.0,16.89,506,112
19794,,,,7.0,,3.0,68.23,603,172
19795,,,,4.0,,3.0,,508,
19796,,,,8.0,,3.0,63.79,504,125
19797,,,,2.0,,3.0,84.8,502,132
19798,,,,6.0,,4.0,,310,122
19799,,,,5.0,,3.0,,,1
19800,,,,1.0,,1.0,0.03,607,130
19801,,,,1.0,,,93.8,502,150
19802,,,,2.0,,4.0,,,
19803,,,,6.0,,4.0,86.88,503,140
19804,,,,8.0,,4.0,,502,
19805,,,,8.0,,3.0,73.91,504,130
19806,,,,6.0,,5.0,63.79,504,125
19807,,,,8.0,,,64.09,408,95
19808,,,,8.0,,3.0,78.11,504,135
19809,,,,8.0,,4.0,57.43,501,110
19810,,,,6.0,,5.0,30.14,511,135
19811,,,,6.0,,2.0,4.09,508,110
19812,,,,8.0,,5.0,52.56,503,115
19813,,,,6.0,,4.0,5.78,600,125
19814,,,,7.0,,4.0,52.02,510,137
19815,,,,8.0,,4.0,71.67,506,138
19816,,,,7.0,,5.0,60.2,500,107
19817,,,,5.0,,5.0,54.14,510,138
19818,,,,6.0,,,73.54,600,158
19819,,,,5.0,,5.0,85.87,501,130
19820,,,,5.0,,4.0,99.28,510,245
19821,,,,6.0,,4.0,85.27,601,180
19822,,,,6.0,,2.0,75.96,508,150
19823,,,,8.0,,1.0,37.58,506,120
19824,,,,5.0,,3.0,77.65,506,143
19825,,,,6.0,,1.0,81.14,502,128
19826,,,,5.0,,6.0,79.69,506,145
19827,,,,5.0,,5.0,0.02,506,90
19828,,,,6.0,,3.0,91.11,507,167
19829,,,,5.0,,3.0,26.58,511,138
19830,,,,6.0,,2.0,39.74,602,152
19831,,,,6.0,,6.0,30.83,508,125
19832,,,,8.0,,,55.18,601,155
19833,,,,6.0,,5.0,4.87,511,120
19834,,,,6.0,,3.0,55.02,506,128
19835,,,,6.0,,7.0,94.82,510,189
19836,,,,8.0,,4.0,32.79,502,103
19837,,,,1.0,,6.0,36.52,507,123
19838,,,,1.0,,6.0,23.7,511,132
19839,,,,6.0,,4.0,57.76,509,140
19840,,,,6.0,,4.0,14.41,504,103
19841,,,,8.0,,5.0,67.74,505,125
19842,,,,5.0,,4.0,72.89,502,120
19843,,,,8.0,,1.0,19.44,508,120
19844,,,,6.0,,4.0,33.65,506,115
19845,,,,6.0,,6.0,94.87,600,200
19846,,,,6.0,,3.0,55.88,601,150
19847,,,,6.0,,5.0,98.58,507,200
19848,,,,6.0,,1.0,95.31,506,179
19849,,,,6.0,,3.0,,506,175
19850,,,,1.0,,5.0,71.86,507,140
19851,,,,4.0,,2.0,50.95,502,110
19852,,,,8.0,,6.0,10.67,506,105
19853,,,,6.0,,4.0,54.82,505,120
19854,,,,1.0,,4.0,71.69,601,160
19855,,,,5.0,,5.0,,304,32
19856,,,,6.0,,6.0,57.92,502,110
19857,,,,7.0,,3.0,66.75,510,150
19858,,,,1.0,,2.0,58.07,510,145
19859,,,,1.0,,7.0,,310,200
19860,,,,6.0,,2.0,,505,
19861,,,,6.0,,2.0,99.56,503,256
19862,,,,7.0,,3.0,47.69,503,113
19863,,,,8.0,,5.0,30.83,508,125
19864,,,,8.0,,7.0,85.49,504,140
19865,,,,6.0,,5.0,99.1,506,210
19866,,,,6.0,,5.0,27.33,507,115
19867,,,,8.0,,5.0,,505,
19868,,,,8.0,,1.0,91.02,505,152
19869,,,,6.0,,5.0,78.01,503,130
19870,,,,6.0,,4.0,2.29,506,98
19871,,,,6.0,,5.0,9.14,504,100
19872,,,,7.0,,2.0,59.47,503,115
19873,,,,8.0,,4.0,47.96,510,140
19874,,,,8.0,,2.0,,504,109
19875,,,,6.0,,4.0,84.39,507,150
19876,,,,8.0,,4.0,37.93,502,102
19877,,,,7.0,,4.0,97.81,504,190
19878,,,,8.0,,2.0,38.07,509,131
19879,,,,6.0,,5.0,92.54,507,165
19880,,,,8.0,,5.0,57.76,509,140
19881,,,,4.0,,3.0,75.68,502,120
19882,,,,6.0,,4.0,,506,
19883,,,,1.0,,4.0,,706,
19884,,,,8.0,,5.0,57.43,501,110
19885,,,,8.0,,5.0,95.33,509,185
19886,,,,8.0,,5.0,12.1,600,130
19887,,,,1.0,,4.0,34.59,509,125
19888,,,,8.0,,5.0,98.99,410,178
19889,,,,8.0,,1.0,,600,285
19890,,,,6.0,,4.0,45.72,503,109
19891,,,,8.0,,5.0,,506,
19892,,,,7.0,,3.0,71.41,503,125
19893,,,,6.0,,4.0,29.0,505,113
19894,,,,8.0,,3.0,,504,
19895,,,,6.0,,4.0,81.17,500,120
19896,,,,6.0,,1.0,98.24,502,183
19897,,,,1.0,,1.0,0.0,501,70
19898,,,,1.0,,4.0,71.41,503,125
19899,,,,5.0,,3.0,59.82,507,130
19900,,,,,,,,504,120
19901,,,,4.0,,5.0,67.74,505,125
19902,,,,8.0,,4.0,76.17,602,175
19903,,,,8.0,,5.0,,508,155
19904,,,,8.0,,3.0,98.06,505,180
19905,,,,5.0,,5.0,67.95,504,124
19906,,,,6.0,,4.0,52.77,501,108
19907,,,,6.0,,5.0,35.49,503,105
19908,,,,6.0,,,18.77,508,115
19909,,,,6.0,,1.0,99.51,502,240
19910,,,,6.0,,,90.08,602,195
19911,,,,8.0,,4.0,87.81,504,143
19912,,,,8.0,,3.0,44.27,411,98
19913,,,,6.0,,3.0,94.42,602,203
19914,,,,1.0,,1.0,,711,399
19915,,,,6.0,,3.0,,702,200
19916,,,,6.0,,3.0,95.67,507,180
19917,,,,6.0,,1.0,60.09,511,150
19918,,,,8.0,,2.0,,504,
19919,,,,6.0,,4.0,80.06,508,150
19920,,,,6.0,,5.0,,,100
19921,,,,8.0,,4.0,61.71,600,150
19922,,,,6.0,,5.0,55.37,503,112
19923,,,,6.0,,3.0,,601,
19924,,,,6.0,,4.0,57.73,502,113
19925,,,,8.0,,1.0,,708,120
19926,,,,8.0,,1.0,47.81,504,114
19927,,,,4.0,,4.0,26.63,601,136
19928,,,,4.0,,4.0,36.89,505,116
19929,,,,1.0,,4.0,0.73,504,90
19930,,,,6.0,,4.0,94.71,507,180
19931,,,,5.0,,6.0,71.36,509,148
19932,,,,8.0,,3.0,,505,
19933,,,,6.0,,5.0,49.47,509,136
19934,,,,8.0,,6.0,76.82,511,161
19935,,,,6.0,,5.0,61.71,600,150
19936,,,,6.0,,3.0,65.19,501,113
19937,,,,7.0,,5.0,87.03,502,135
19938,,,,1.0,,5.0,52.0,600,150
19939,,,,1.0,,6.0,58.1,510,140
19940,,,,4.0,,3.0,85.6,503,135
19941,,,,6.0,,2.0,42.73,509,133
19942,,,,3.0,,2.0,12.46,509,115
19943,,,,6.0,,5.0,37.52,600,143
19944,,,,8.0,,4.0,46.73,507,127
19945,,,,6.0,,4.0,3.07,507,105
19946,,,,6.0,,5.0,30.83,508,125
19947,,,,8.0,,1.0,83.22,506,145
19948,,,,6.0,,4.0,36.2,510,130
19949,,,,6.0,,3.0,86.88,503,140
19950,,,,6.0,,2.0,3.5,601,125
19951,,,,8.0,,5.0,82.52,602,182
19952,,,,6.0,,4.0,56.1,504,121
19953,,,,always online,,5.0,52.0,600,150
19954,,,,8.0,,2.0,81.18,504,138
19955,,,,8.0,,3.0,96.73,510,200
19956,,,,6.0,,5.0,53.66,508,135
19957,,,,6.0,,4.0,87.3,509,164
19958,,,,8.0,,5.0,98.77,509,220
19959,,,,6.0,,4.0,91.85,511,183
19960,,,,6.0,,7.0,47.28,509,135
19961,,,,6.0,,4.0,95.52,604,220
19962,,,,6.0,,4.0,14.9,509,119
19963,,,,8.0,,4.0,88.09,509,160
19964,,,,8.0,,4.0,57.29,510,145
19965,,,,1.0,,3.0,97.52,511,207
19966,,,,5.0,,3.0,99.42,507,232
19967,,,,8.0,,3.0,86.48,506,150
19968,,,,4.0,,4.0,76.05,507,141
19969,,,,4.0,,,61.11,600,155
19970,,,,6.0,,5.0,69.91,508,145
19971,,,,1.0,,5.0,71.41,503,125
19972,,,,6.0,,5.0,92.4,600,185
19973,,,,8.0,,4.0,13.41,505,105
19974,,,,6.0,,5.0,70.75,510,150
19975,,,,5.0,,3.0,,504,
19976,,,,8.0,,3.0,26.02,506,115
19977,,,,7.0,,3.0,0.01,510,100
19978,,,,5.0,,5.0,80.53,508,147
19979,,,,8.0,,2.0,95.35,509,180
19980,,,,5.0,,,6.03,603,135
19981,,,,1.0,,4.0,39.6,601,142
19982,,,,8.0,,3.0,97.4,506,190
19983,,,,1.0,,5.0,96.73,510,200
19984,,,,6.0,,5.0,90.1,508,160
19985,,,,6.0,,4.0,62.96,503,120
19986,,,,7.0,,3.0,49.47,509,136
19987,,,,7.0,,4.0,34.15,509,125
19988,,,,1.0,,5.0,21.28,506,110
19989,,,,8.0,,,84.19,505,145
19990,,,,6.0,,5.0,10.86,505,105
19991,,,,7.0,,4.0,68.85,506,136
19992,,,,7.0,,2.0,46.51,602,150
19993,,,,1.0,,3.0,3.47,504,97
19994,,,,7.0,,,,601,160
19995,,,,8.0,,4.0,67.36,506,135
19996,,,,8.0,,1.0,87.56,505,150
19997,,,,8.0,,3.0,60.76,504,120
19998,,,,6.0,,4.0,13.45,501,90
19999,,,,5.0,,4.0,17.94,503,98
20000,,,,6.0,,6.0,79.69,506,145
20001,,,,8.0,,2.0,96.87,507,195
20002,,,,8.0,,3.0,56.1,504,121
20003,,,,6.0,,,,507,
20004,,,,6.0,,6.0,,6,165
20005,,,,6.0,,6.0,98.05,507,195
20006,,,,8.0,,4.0,15.36,600,132
20007,,,,8.0,,3.0,59.13,508,138
20008,,,,7.0,,5.0,38.61,511,134
20009,,,,6.0,,5.0,87.13,508,160
20010,,,,4.0,,3.0,,509,130
20011,,,,8.0,,2.0,,511,
20012,,,,8.0,,5.0,42.53,504,115
20013,,,,6.0,,3.0,90.18,503,137
20014,,,,7.0,,4.0,81.08,507,150
20015,,,,6.0,,4.0,,509,155
20016,,,,5.0,,5.0,89.51,508,164
20017,,,,8.0,,,95.99,500,150
20018,,,,6.0,,5.0,87.33,504,146
20019,,,,4.0,,3.0,0.15,502,80
20020,,,,2.0,,1.0,85.83,510,162
20021,,,,8.0,,1.0,93.43,501,145
20022,,,,6.0,,6.0,62.19,507,135
20023,,,,4.0,,3.0,93.57,509,178
20024,,,,5.0,,4.0,45.45,504,113
20025,,,,6.0,,4.0,31.55,505,110
20026,,,,6.0,,3.0,69.9,509,147
20027,,,,3.0,,1.0,39.7,502,106
20028,,,,8.0,,3.0,66.75,510,150
20029,,,,1.0,,5.0,98.54,508,210
20030,,,,6.0,,4.0,30.83,508,125
20031,,,,8.0,,4.0,,505,
20032,,,,3.0,,4.0,,706,108
20033,,,,6.0,,1.0,80.88,511,165
20034,,,,8.0,,5.0,8.35,504,101
20035,,,,6.0,,3.0,13.69,503,96
20036,,,,6.0,,4.0,98.26,506,210
20037,,,,6.0,,1.0,96.71,502,165
20038,,,,8.0,,2.0,4.87,511,120
20039,,,,6.0,,1.0,98.42,508,204
20040,,,,8.0,,2.0,99.2,504,230
20041,,,,6.0,,3.0,,503,
20042,,,,6.0,,3.0,42.24,501,101
20043,,,,7.0,,4.0,47.22,505,120
20044,,,,6.0,,6.0,10.86,505,105
20045,,,,6.0,,4.0,97.64,503,175
20046,,,,6.0,,4.0,98.81,506,225
20047,,,,6.0,,2.0,91.78,500,135
20048,,,,8.0,,2.0,19.87,509,123
20049,,,,6.0,,3.0,,601,
20050,,,,1.0,,5.0,80.19,504,137
20051,,,,5.0,,3.0,52.56,503,115
20052,,,,6.0,,1.0,99.36,510,250
20053,,,,8.0,,1.0,11.6,505,104
20054,,,,6.0,,2.0,99.13,506,240
20055,,,,6.0,,3.0,97.3,506,195
20056,,,,1.0,,5.0,,509,127
20057,,,,1.0,,,70.57,511,156
20058,,,,1.0,,3.0,,502,
20059,,,,8.0,,4.0,23.9,505,110
20060,,,,6.0,,4.0,72.14,508,150
20061,,,,6.0,,2.0,99.57,511,275
20062,,,,8.0,,,4.02,505,100
20063,,,,8.0,,4.0,90.58,601,190
20064,,,,8.0,,4.0,68.81,503,120
20065,,,,6.0,,5.0,75.93,600,160
20066,,,,5.0,,2.0,63.76,510,145
20067,,,,5.0,,7.0,92.88,504,148
20068,,,,6.0,,4.0,69.5,501,113
20069,,,,1.0,,1.0,76.95,504,134
20070,,,,5.0,,4.0,30.3,504,110
20071,,,,5.0,,5.0,,411,21
20072,,,,8.0,,2.0,58.87,506,130
20073,,,,8.0,,4.0,95.16,508,180
20074,,,,6.0,,2.0,,503,
20075,,,,5.0,,4.0,99.5,509,253
20076,,,,8.0,,1.0,94.83,503,160
20077,,,,7.0,,,38.02,508,128
20078,,,,6.0,,4.0,87.63,507,155
20079,,,,6.0,,5.0,89.55,506,155
20080,,,,1.0,,1.0,75.93,508,148
20081,,,,8.0,,5.0,,501,117
20082,,,,2.0,,4.0,68.81,503,120
20083,,,,8.0,,1.0,6.39,509,113
20084,,,,6.0,,2.0,99.42,510,255
20085,,,,1.0,,1.0,,507,
20086,,,,5.0,,3.0,94.19,509,175
20087,,,,8.0,,4.0,90.58,509,170
20088,,,,1.0,,4.0,,,147
20089,,,,2.0,,3.0,,405,10
20090,,,,6.0,,3.0,34.05,507,122
20091,,,,4.0,,3.0,15.99,503,100
20092,,,,4.0,,2.0,68.47,506,130
20093,,,,1.0,,3.0,93.13,501,140
20094,,,,8.0,,2.0,94.32,505,163
20095,,,,6.0,,2.0,15.38,508,118
20096,,,,6.0,,5.0,,508,150
20097,,,,6.0,,4.0,,509,
20098,,,,6.0,,5.0,,5,399
20099,,,,1.0,,3.0,93.13,501,140
20100,,,,8.0,,6.0,96.6,508,188
20101,,,,1.0,,5.0,97.62,511,213
20102,,,,8.0,,3.0,43.95,508,135
20103,,,,6.0,,1.0,94.79,501,150
1933,,,,6.0,1.0,4.0,9.23,509,125
17275,,,,,3.0,3.0,48.78,505,126
13710,,,,,2.0,3.0,27.97,503,110
1879,,,,6.0,2.0,4.0,83.82,507,155
15744,,,,,1.0,4.0,63.8,508,140
10024,,,,6.0,4.0,3.0,58.55,510,155
2871,,,,8.0,3.0,3.0,32.71,604,162
3303,,,,8.0,5.0,3.0,23.33,511,145
4038,,,,7.0,2.0,4.0,98.11,511,215
5533,,,,6.0,2.0,6.0,6.27,510,120
1647,,,,7.0,2.0,5.0,19.67,506,115
8145,,,,4.0,1.0,3.0,,509,N
5164,,,,6.0,4.0,5.0,96.12,600,212
7598,,,,7.0,5.0,2.0,26.03,502,103
12911,,,,6.0,1.0,,86.52,508,154
